Date,GLD,IWM,QQQ,SPY,TLT
2010-01-04,109.80000305175781,51.6304931640625,40.393577575683594,85.27922821044922,56.984092712402344
2010-01-05,109.69999694824219,51.452964782714844,40.393577575683594,85.50492858886719,57.35210418701172
2010-01-06,111.51000213623047,51.404544830322266,40.14991760253906,85.56512451171875,56.58433532714844
2010-01-07,110.81999969482422,51.783817291259766,40.176021575927734,85.92633819580078,56.67951965332031
2010-01-08,111.37000274658203,52.066253662109375,40.50669479370117,86.2122802734375,56.654178619384766
2010-01-11,112.8499984741211,51.85646438598633,40.34135055541992,86.33265686035156,56.34325408935547
2010-01-12,110.48999786376953,51.291568756103516,39.836639404296875,85.52752685546875,57.30769348144531
2010-01-13,111.54000091552734,51.95329284667969,40.33264923095703,86.24991607666016,56.64141845703125
2010-01-14,112.02999877929688,52.14695739746094,40.367454528808594,86.4831771850586,57.43452835083008
2010-01-15,110.86000061035156,51.388397216796875,39.8975715637207,85.51246643066406,57.789886474609375
2010-01-19,111.5199966430664,52.33256530761719,40.54149627685547,86.58099365234375,57.624908447265625
2010-01-20,108.94000244140625,51.574012756347656,39.95848083496094,85.70057678222656,58.20865249633789
2010-01-21,107.37000274658203,50.72667694091797,39.58431625366211,84.05264282226562,58.475154876708984
2010-01-22,107.16999816894531,49.81478500366211,38.426963806152344,82.17898559570312,58.37364196777344
2010-01-25,107.4800033569336,49.871280670166016,38.557491302490234,82.60035705566406,58.10712432861328
2010-01-26,107.55999755859375,49.379024505615234,38.59230422973633,82.25421142578125,58.126197814941406
2010-01-27,106.52999877929688,49.903560638427734,38.8968620300293,82.64551544189453,58.094444274902344
2010-01-28,106.4800033569336,49.04816436767578,37.89616012573242,81.69737243652344,58.06277084350586
2010-01-29,105.95999908447266,48.50748825073242,37.234825134277344,80.8094482421875,58.570335388183594
2010-02-01,108.3499984741211,49.080448150634766,37.64380645751953,82.06607055664062,58.03865051269531
2010-02-02,109.12999725341797,49.621116638183594,37.98317337036133,83.05936431884766,58.20420837402344
2010-02-03,108.69999694824219,49.2902717590332,38.192020416259766,82.64551544189453,57.52927780151367
2010-02-04,104.37000274658203,47.64402389526367,37.08689498901367,80.09456634521484,58.439823150634766
2010-02-05,104.68000030517578,47.82962417602539,37.40016174316406,80.2601318359375,58.567169189453125
2010-02-08,104.04000091552734,47.353511810302734,37.13040542602539,79.68070220947266,58.643516540527344
2010-02-09,105.41000366210938,48.007164001464844,37.513282775878906,80.6815185546875,58.05776596069336
2010-02-10,105.12000274658203,48.1201286315918,37.434967041015625,80.52349853515625,57.50375747680664
2010-02-11,107.12999725341797,48.88676834106445,38.000572204589844,81.36627960205078,57.191768646240234
2010-02-12,107.04000091552734,49.241851806640625,38.07890319824219,81.29855346679688,57.42735290527344
2010-02-16,109.62000274658203,50.07301712036133,38.566200256347656,82.57778930664062,57.535587310791016
2010-02-17,109.25,50.41196060180664,38.783748626708984,82.96908569335938,56.87977600097656
2010-02-18,109.9800033569336,50.823509216308594,39.02739334106445,83.45819854736328,56.65055465698242
2010-02-19,109.47000122070312,50.888084411621094,39.0099983215332,83.63125610351562,56.956199645996094
2010-02-22,109.06999969482422,51.041404724121094,38.931671142578125,83.64631652832031,56.720619201660156
2010-02-23,107.88999938964844,50.44422912597656,38.426963806152344,82.63045501708984,57.60563659667969
2010-02-24,107.36000061035156,50.8719482421875,38.81855392456055,83.39046478271484,57.745758056640625
2010-02-25,108.30999755859375,50.888084411621094,38.809844970703125,83.277587890625,58.0704345703125
2010-02-26,109.43000030517578,50.67826843261719,38.94907760620117,83.33026123046875,58.36975860595703
2010-03-01,109.43000030517578,51.85646438598633,39.51469802856445,84.19562530517578,58.344215393066406
2010-03-02,111.0199966430664,52.25186538696289,39.63650131225586,84.42889404296875,58.267547607421875
2010-03-03,111.62999725341797,52.55046463012695,39.68000793457031,84.50415802001953,58.12065505981445
2010-03-04,110.83000183105469,52.6876335144043,39.810546875,84.7599868774414,58.42719268798828
2010-03-05,110.80999755859375,53.76091003417969,40.41096878051758,85.97148895263672,57.66071319580078
2010-03-08,109.87999725341797,53.857757568359375,40.489280700683594,85.98651123046875,57.36049270629883
2010-03-09,109.72000122070312,54.05143737792969,40.71553421020508,86.1295166015625,57.3732795715332
2010-03-10,108.47000122070312,54.51139831542969,41.046207427978516,86.51329803466797,57.226375579833984
2010-03-11,108.5999984741211,54.67279815673828,41.20283508300781,86.87448120117188,57.43717575073242
2010-03-12,107.94999694824219,54.64859390258789,41.21153259277344,86.88200378417969,57.794883728027344
2010-03-15,108.36000061035156,54.46299362182617,41.10712814331055,86.90457916259766,57.718170166015625
2010-03-16,110.4000015258789,54.9310417175293,41.3681755065918,87.59685516357422,58.1781120300293
2010-03-17,109.58999633789062,55.25383377075195,41.48127746582031,88.1160659790039,58.42719268798828
2010-03-18,110.33999633789062,55.08436584472656,41.62053298950195,88.07090759277344,58.235626220703125
2010-03-19,108.27999877929688,54.39841842651367,41.3687744140625,87.62511444091797,58.293094635009766
2010-03-22,107.75,55.16505813598633,41.74332809448242,88.09358215332031,58.35700225830078
2010-03-23,108.31999969482422,55.86714172363281,42.03080368041992,88.71317291259766,58.08232116699219
2010-03-24,106.30000305175781,55.22963333129883,41.83043670654297,88.28250122070312,57.021915435791016
2010-03-25,106.77999877929688,54.88179397583008,41.76947784423828,88.138916015625,56.65788269042969
2010-03-26,108.58999633789062,54.857521057128906,41.81303787231445,88.0860824584961,56.81755447387695
2010-03-29,108.75,55.156856536865234,42.013389587402344,88.64517211914062,56.60035705566406
2010-03-30,107.97000122070312,55.32674789428711,42.15275573730469,88.70559692382812,56.77926254272461
2010-03-31,108.94999694824219,54.84943771362305,41.952392578125,88.40338897705078,57.168846130371094
2010-04-01,110.26000213623047,55.359092712402344,41.952392578125,89.00785064697266,57.029136657714844
2010-04-05,110.88999938964844,56.39458465576172,42.34439468383789,89.73321533203125,56.08020782470703
2010-04-06,111.02999877929688,56.72628402709961,42.466365814208984,89.94477081298828,56.16992950439453
2010-04-07,112.48999786376953,56.548301696777344,42.361839294433594,89.43097686767578,56.88808059692383
2010-04-08,112.6500015258789,56.49168395996094,42.457664489746094,89.74077606201172,56.913700103759766
2010-04-09,113.63999938964844,56.831443786621094,42.710262298583984,90.33011627197266,57.04836654663086
2010-04-12,113.01000213623047,57.06604766845703,42.745113372802734,90.47366333007812,57.349674224853516
2010-04-13,112.69000244140625,57.19549560546875,42.96288299560547,90.54165649414062,57.53561782836914
2010-04-14,113.02999877929688,58.41706466674805,43.4768180847168,91.56927490234375,57.13169479370117
2010-04-15,113.6500015258789,58.59503936767578,43.66847610473633,91.64485168457031,57.19581985473633
2010-04-16,111.23999786376953,57.810340881347656,43.14581298828125,90.18657684326172,57.612525939941406
2010-04-19,111.1500015258789,57.52715301513672,43.11970138549805,90.52655792236328,57.47151565551758
2010-04-20,111.45999908447266,58.311912536621094,43.337467193603516,91.33505249023438,57.67665481567383
2010-04-21,112.30999755859375,58.716373443603516,43.58137130737305,91.16883850097656,58.15113830566406
2010-04-22,111.83999633789062,59.33931350708008,43.825279235839844,91.44082641601562,57.977996826171875
2010-04-23,113.19000244140625,59.97031021118164,44.00821304321289,92.03773498535156,57.77284622192383
2010-04-26,112.75,59.743804931640625,43.91238784790039,91.69017791748047,57.836997985839844
2010-04-27,114.62999725341797,58.376617431640625,42.980308532714844,89.52165222167969,58.65116882324219
2010-04-28,114.30999755859375,58.473690032958984,43.00645065307617,90.2016830444336,58.15113830566406
2010-04-29,114.27999877929688,59.71147155761719,43.755592346191406,91.31995391845703,58.394718170166016
2010-04-30,115.36000061035156,57.96404266357422,42.893211364746094,89.77099609375,59.06796646118164
2010-05-03,115.7300033569336,59.266502380371094,43.4942741394043,90.93460845947266,58.990699768066406
2010-05-04,114.87000274658203,57.40583419799805,42.187599182128906,88.79630279541016,60.052303314208984
2010-05-05,115.08999633789062,56.564491271972656,41.96983337402344,88.2673568725586,60.40612030029297
2010-05-06,118.48999786376953,54.44493103027344,40.56735610961914,85.3357162475586,62.27191925048828
2010-05-07,118.2699966430664,52.875492095947266,39.55685043334961,84.06632232666016,61.493431091308594
2010-05-10,117.56999969482422,55.844482421875,41.6126594543457,87.7686996459961,60.21955490112305
2010-05-11,120.66000366210938,56.21661376953125,41.569122314453125,87.51936340332031,60.06515884399414
2010-05-12,121.4000015258789,57.939754486083984,42.353111267089844,88.74342346191406,59.608360290527344
2010-05-13,120.55999755859375,57.38157272338867,41.68236541748047,87.6402587890625,60.000816345214844
2010-05-14,120.37000274658203,56.27326965332031,40.88093948364258,86.05350494384766,61.04312515258789
2010-05-17,119.36000061035156,56.3784294128418,41.0116081237793,86.09884643554688,60.81791687011719
2010-05-18,119.48999786376953,55.29436492919922,40.445396423339844,84.92769622802734,61.75083541870117
2010-05-19,116.62999725341797,54.639076232910156,40.12308883666992,84.4441146850586,61.95669937133789
2010-05-20,115.83999633789062,51.872352600097656,38.63351058959961,81.25553894042969,63.26272964477539
2010-05-21,115.22000122070312,52.64090347290039,39.06033706665039,82.44183349609375,63.327022552490234
2010-05-24,116.83999633789062,51.93708038330078,38.903541564941406,81.38399505615234,63.108272552490234
2010-05-25,117.36000061035156,51.92897415161133,38.93839645385742,81.46711730957031,63.41714859008789
2010-05-26,118.47000122070312,52.05842208862305,38.502838134765625,80.9759750366211,63.23696517944336
2010-05-27,118.69000244140625,54.29124069213867,39.95756149291992,83.68856048583984,61.802249908447266
2010-05-28,118.87999725341797,53.59549331665039,39.72237777709961,82.63826751708984,62.08538055419922
2010-06-01,119.91000366210938,51.96942901611328,39.35649108886719,81.24797821044922,62.5217170715332
2010-06-02,119.77999877929688,53.44987869262695,40.28860092163086,83.36363220214844,61.927825927734375
2010-06-03,117.95999908447266,54.137516021728516,40.671875,83.65074157714844,61.4759635925293
2010-06-04,119.19000244140625,51.419315338134766,39.27811813354492,80.71153259277344,63.12855911254883
2010-06-07,121.48999786376953,50.092559814453125,38.56381607055664,79.70660400390625,63.612754821777344
2010-06-08,121.0,50.06831359863281,38.49413299560547,80.56039428710938,63.29639434814453
2010-06-09,120.55999755859375,50.10068130493164,38.17180633544922,80.12977600097656,63.22536849975586
2010-06-10,118.97000122070312,51.83190155029297,39.260677337646484,82.47205352783203,62.09568786621094
2010-06-11,120.01000213623047,52.53573226928711,39.63527297973633,82.87248229980469,62.88322448730469
2010-06-14,119.5999984741211,52.86739730834961,39.626564025878906,82.7440414428711,62.560482025146484
2010-06-15,120.98999786376953,54.19413757324219,40.689300537109375,84.62545013427734,62.30223846435547
2010-06-16,120.33000183105469,53.943355560302734,40.854820251464844,84.5952377319336,62.657318115234375
2010-06-17,121.9000015258789,54.00809097290039,40.9854850769043,84.73123168945312,63.16727066040039
2010-06-18,122.83000183105469,54.040443420410156,41.01951217651367,84.82310485839844,63.063995361328125
2010-06-21,120.38999938964844,53.48222351074219,40.67042541503906,84.58016967773438,62.88322448730469
2010-06-22,121.44999694824219,52.38200759887695,40.3562126159668,83.18325805664062,63.63208770751953
2010-06-23,120.94999694824219,52.236412048339844,40.190406799316406,82.92517852783203,64.06458282470703
2010-06-24,121.30000305175781,51.40314483642578,39.57948303222656,81.55104064941406,63.683712005615234
2010-06-25,122.76000213623047,52.28493118286133,39.587364196777344,81.89268493652344,63.941925048828125
2010-06-28,121.08999633789062,51.9856071472168,39.447410583496094,81.63455200195312,64.54232788085938
2010-06-29,121.2699966430664,50.019771575927734,37.925846099853516,79.11407470703125,65.24594116210938
2010-06-30,121.68000030517578,49.445396423339844,37.34868621826172,78.36248779296875,65.68495178222656
2010-07-01,117.04000091552734,49.08942413330078,37.2437629699707,78.01327514648438,65.78852844238281
2010-07-02,118.48999786376953,48.55292892456055,37.138816833496094,77.58811950683594,65.26402282714844
2010-07-06,116.51000213623047,47.91984176635742,37.252506256103516,78.09677124023438,65.80152130126953
2010-07-07,117.7300033569336,49.59183120727539,38.44178771972656,80.55653381347656,65.03093719482422
2010-07-08,117.20999908447266,50.306095123291016,38.65166473388672,81.3536376953125,64.61650848388672
2010-07-09,118.36000061035156,51.085269927978516,39.018943786621094,81.96102142333984,64.24742889404297
2010-07-12,117.33999633789062,50.509010314941406,39.13262176513672,82.0141372680664,64.22151184082031
2010-07-13,118.36000061035156,52.10795974731445,39.63982391357422,83.2516098022461,63.671138763427734
2010-07-14,118.30000305175781,51.921287536621094,39.840946197509766,83.24402618408203,64.3122329711914
2010-07-15,118.2300033569336,51.44240951538086,39.87591552734375,83.26679992675781,64.9532241821289
2010-07-16,116.66999816894531,49.567481994628906,38.77408218383789,80.97407531738281,65.27055358886719
2010-07-19,115.7300033569336,49.778533935546875,39.10638427734375,81.45235443115234,64.86905670166016
2010-07-20,116.6500015258789,50.61450958251953,39.57859802246094,82.35578918457031,64.96619415283203
2010-07-21,115.8499984741211,49.70549011230469,39.03642654418945,81.28531646728516,66.0669937133789
2010-07-22,116.86000061035156,51.47487258911133,40.02456283569336,83.0997543334961,65.30287170410156
2010-07-23,116.08999633789062,52.74106216430664,40.2781867980957,83.82098388671875,64.61000061035156
2010-07-26,115.5199966430664,53.942291259765625,40.610469818115234,84.69406127929688,64.49996948242188
2010-07-27,113.51000213623047,53.74748611450195,40.59299850463867,84.68643951416016,63.87834167480469
2010-07-28,113.77999877929688,52.879032135009766,40.26944351196289,84.13983917236328,64.08555603027344
2010-07-29,114.29000091552734,52.74106216430664,39.972103118896484,83.7298812866211,64.06610107421875
2010-07-30,115.48999786376953,52.77352523803711,40.05955123901367,83.71470642089844,65.06330871582031
2010-08-02,115.54000091552734,53.690673828125,40.81160354614258,85.60504913330078,64.14997100830078
2010-08-03,115.98999786376953,53.260494232177734,40.63671875,85.19510650634766,64.5202865600586
2010-08-04,116.72000122070312,53.820518493652344,41.047706604003906,85.76448059082031,64.0265121459961
2010-08-05,116.9800033569336,53.18745422363281,40.95150375366211,85.67340087890625,64.32537078857422
2010-08-06,117.83999633789062,52.87090301513672,40.89030075073242,85.32414245605469,65.02693939208984
2010-08-09,117.4000015258789,53.45529556274414,41.17013931274414,85.77967071533203,64.7865982055664
2010-08-10,117.7300033569336,52.44884490966797,40.81160354614258,85.31658172607422,64.9229965209961
2010-08-11,117.33999633789062,50.387264251708984,39.70103073120117,82.97830963134766,65.79348754882812
2010-08-12,118.7699966430664,50.13565444946289,39.38621520996094,82.46965789794922,65.6310806274414
2010-08-13,118.73999786376953,49.567481994628906,39.10638427734375,82.2267074584961,66.44961547851562
2010-08-16,119.7300033569336,49.9652099609375,39.176334381103516,82.1887435913086,68.11267852783203
2010-08-17,119.75,50.82554626464844,39.674774169921875,83.1984634399414,67.72285461425781
2010-08-18,120.22000122070312,50.97978210449219,39.83217239379883,83.35029602050781,67.90474700927734
2010-08-19,120.38999938964844,49.58371353149414,39.22880554199219,81.9002685546875,68.96360778808594
2010-08-20,119.97000122070312,49.63242721557617,39.28128433227539,81.63455200195312,68.88569641113281
2010-08-23,119.77999877929688,48.958763122558594,38.896514892578125,81.32330322265625,68.89863586425781
2010-08-24,120.36000061035156,48.398712158203125,38.17070770263672,80.1162109375,70.00305938720703
2010-08-25,121.36000061035156,49.129188537597656,38.53798294067383,80.4274673461914,69.77564239501953
2010-08-26,120.95999908447266,48.763954162597656,38.07451629638672,79.8884506225586,70.43177032470703
2010-08-27,121.01000213623047,50.03825378417969,38.53798294067383,81.12589263916016,68.43739318847656
2010-08-30,120.91000366210938,48.94252395629883,38.1357307434082,79.94916534423828,69.74967193603516
2010-08-31,122.08000183105469,48.84513854980469,38.004554748535156,79.94916534423828,70.52268981933594
2010-09-01,121.69000244140625,50.73626708984375,39.141361236572266,82.34060668945312,69.06458282470703
2010-09-02,122.29000091552734,51.29631042480469,39.57859802246094,83.10735321044922,68.3348159790039
2010-09-03,121.86000061035156,52.21348571777344,40.23445510864258,84.18540954589844,67.48779296875
2010-09-07,122.69999694824219,51.22325897216797,39.96336364746094,83.23643493652344,68.86909484863281
2010-09-08,122.70999908447266,51.52357482910156,40.444332122802734,83.82098388671875,68.32178497314453
2010-09-09,121.55999755859375,51.55603790283203,40.60171890258789,84.20816802978516,66.97306823730469
2010-09-10,121.7300033569336,51.71836853027344,40.750396728515625,84.63331604003906,66.6668472290039
2010-09-13,121.62000274658203,52.976409912109375,41.31878662109375,85.57469177246094,66.99260711669922
2010-09-14,124.0199966430664,52.749168395996094,41.49369430541992,85.52154541015625,67.63763427734375
2010-09-15,123.94000244140625,53.049468994140625,41.75603485107422,85.84799194335938,66.63426971435547
2010-09-16,124.62999725341797,52.708587646484375,41.922183990478516,85.8252182006836,65.97618865966797
2010-09-17,124.54000091552734,52.9277229309082,42.064170837402344,85.85728454589844,66.24333953857422
2010-09-20,124.87000274658203,54.396812438964844,42.80044937133789,87.17005920410156,66.6277847290039
2010-09-21,126.01000213623047,54.08028030395508,42.79169464111328,86.99452209472656,67.55294799804688
2010-09-22,126.19999694824219,53.43905258178711,42.6777458190918,86.56710052490234,68.15889739990234
2010-09-23,126.30000305175781,52.79218673706055,42.66020584106445,85.86491394042969,68.3543701171875
2010-09-24,126.69000244140625,54.509063720703125,43.5279655456543,87.63565826416016,67.43566131591797
2010-09-27,126.72000122070312,54.37071990966797,43.29131317138672,87.2158203125,68.60842895507812
2010-09-28,127.8499984741211,54.907798767089844,43.273780822753906,87.52112579345703,69.07758331298828
2010-09-29,127.94999694824219,55.06236267089844,43.20366287231445,87.36849212646484,68.79090881347656
2010-09-30,127.91000366210938,54.9240608215332,43.01081848144531,87.10900115966797,68.74531555175781
2010-10-01,128.91000366210938,55.21697235107422,42.95823287963867,87.47533416748047,68.41301727294922
2010-10-04,128.4600067138672,54.468387603759766,42.493675231933594,86.81896209716797,68.58964538574219
2010-10-05,130.99000549316406,56.01438522338867,43.5279655456543,88.56681060791016,68.17764282226562
2010-10-06,131.80999755859375,55.82723617553711,43.15106964111328,88.55918884277344,69.03435516357422
2010-10-07,130.3699951171875,55.66452407836914,43.308834075927734,88.45230865478516,68.45886993408203
2010-10-08,131.66000366210938,56.372398376464844,43.60686111450195,88.94842529296875,68.15800476074219
2010-10-11,132.2899932861328,56.421241760253906,43.6243896484375,89.0323715209961,68.17111206054688
2010-10-12,131.9600067138672,56.56769561767578,43.922401428222656,89.30717468261719,67.49752044677734
2010-10-13,134.07000732421875,57.43021011352539,44.28178405761719,90.0016860961914,67.39283752441406
2010-10-14,134.75,57.389503479003906,44.194114685058594,89.65059661865234,66.38573455810547
2010-10-15,133.67999267578125,57.194236755371094,45.13199996948242,89.83377075195312,65.57479095458984
2010-10-18,134.27999877929688,57.6743049621582,44.9654655456543,90.27645111083984,66.1044692993164
2010-10-19,130.11000061035156,56.55143737792969,44.54473114013672,89.09342956542969,66.50342559814453
2010-10-20,131.32000732421875,57.12915802001953,44.869056701660156,89.96353912353516,66.64733123779297
2010-10-21,129.47000122070312,56.852508544921875,44.95669174194336,90.16197967529297,65.85601043701172
2010-10-22,129.72999572753906,57.21866989135742,45.26348114013672,90.32991790771484,66.30072021484375
2010-10-25,130.85000610351562,57.560386657714844,45.48260498046875,90.59703826904297,66.49039459228516
2010-10-26,130.8800048828125,57.51971435546875,45.605323791503906,90.61227416992188,65.46357727050781
2010-10-27,129.52000427246094,57.37324905395508,45.74557113647461,90.352783203125,64.88814544677734
2010-10-28,131.24000549316406,57.02335739135742,45.84196472167969,90.3680648803711,65.06470489501953
2010-10-29,132.6199951171875,57.202392578125,45.736785888671875,90.43673706054688,65.67289733886719
2010-11-01,131.9199981689453,56.81181716918945,45.77185821533203,90.46727752685547,65.39012908935547
2010-11-02,132.49000549316406,57.991668701171875,46.26270294189453,91.18473815917969,66.24958038330078
2010-11-03,131.57000732421875,58.21950912475586,46.47306442260742,91.55107116699219,64.89807891845703
2010-11-04,136.02999877929688,59.692291259765625,47.04281234741211,93.31417083740234,65.40325164794922
2010-11-05,136.3800048828125,60.02590560913086,47.04281234741211,93.66524505615234,64.28138732910156
2010-11-08,137.77999877929688,59.97706985473633,47.10416793823242,93.48971557617188,64.56999206542969
2010-11-09,135.58999633789062,59.1796760559082,46.849971771240234,92.81803894042969,63.14635467529297
2010-11-10,137.24000549316406,59.838741302490234,47.086647033691406,93.19207000732422,63.23161315917969
2010-11-11,137.66000366210938,59.60275650024414,46.788612365722656,92.8409652709961,63.198848724365234
2010-11-12,133.69000244140625,58.61006546020508,46.02605056762695,91.74186706542969,62.85770797729492
2010-11-15,132.4199981689453,58.61820602416992,45.85074996948242,91.61213684082031,61.54556655883789
2010-11-16,130.97000122070312,57.479034423828125,45.096927642822266,90.18487548828125,63.074188232421875
2010-11-17,130.3800048828125,57.633628845214844,45.228416442871094,90.23066711425781,62.726505279541016
2010-11-18,132.08999633789062,58.75653839111328,45.955928802490234,91.5586929321289,62.982337951660156
2010-11-19,132.1999969482422,58.951820373535156,45.9909782409668,91.81057739257812,63.36943054199219
2010-11-22,133.47999572753906,59.236595153808594,46.37665557861328,91.73426818847656,63.638389587402344
2010-11-23,134.41000366210938,58.67514419555664,45.64039611816406,90.40619659423828,63.95329666137695
2010-11-24,134.17999267578125,59.99333572387695,46.560733795166016,91.74186706542969,62.81180953979492
2010-11-26,133.11000061035156,59.578330993652344,46.25394821166992,90.67334747314453,63.68431854248047
2010-11-29,133.50999450683594,59.667842864990234,46.218875885009766,90.94811248779297,64.22888946533203
2010-11-30,135.4199981689453,59.1959342956543,45.65790939331055,90.43673706054688,64.56346893310547
2010-12-01,135.3800048828125,60.52223205566406,46.62208557128906,92.36009216308594,63.12826156616211
2010-12-02,135.1999969482422,61.13248825073242,47.095394134521484,93.54314422607422,62.96369934082031
2010-12-03,138.07000732421875,61.571895599365234,47.218116760253906,93.79500579833984,62.469940185546875
2010-12-06,139.11000061035156,61.9543342590332,47.20058822631836,93.69580841064453,63.352149963378906
2010-12-07,136.5,62.31234359741211,47.22688293457031,93.74920654296875,61.99592971801758
2010-12-08,134.7899932861328,62.27167510986328,47.40218734741211,94.09270477294922,61.396846771240234
2010-12-09,135.3699951171875,62.48322677612305,47.44601821899414,94.45904541015625,61.699668884277344
2010-12-10,135.41000366210938,63.26437759399414,47.76155471801758,95.00856018066406,61.324432373046875
2010-12-13,136.0500030517578,62.93888473510742,47.59500503540039,95.06962585449219,61.55481719970703
2010-12-14,136.17999267578125,62.906314849853516,47.68266296386719,95.15359497070312,60.65949630737305
2010-12-15,134.6999969482422,62.71104049682617,47.47230911254883,94.71852111816406,59.869503021240234
2010-12-16,133.80999755859375,63.28876876831055,47.840450286865234,95.26806640625,60.28428649902344
2010-12-17,134.1999969482422,63.48405075073242,47.882606506347656,95.37013244628906,61.3836555480957
2010-12-20,135.11000061035156,63.73630142211914,47.917720794677734,95.60029602050781,61.31785583496094
2010-12-21,135.32000732421875,64.4442138671875,48.207576751708984,96.20642852783203,61.74580383300781
2010-12-22,135.0500030517578,64.42540740966797,48.19877243041992,96.5056381225586,61.30467987060547
2010-12-23,134.66000366210938,64.34367370605469,48.07582473754883,96.3675765991211,61.179622650146484
2010-12-27,135.02000427246094,64.53983306884766,48.1021728515625,96.40592193603516,61.72600555419922
2010-12-28,137.22000122070312,64.36004638671875,48.01433181762695,96.54400634765625,60.517112731933594
2010-12-29,137.7100067138672,64.49900817871094,48.1197395324707,96.61307525634766,61.54111099243164
2010-12-30,137.02999877929688,64.37637329101562,48.00556564331055,96.45960235595703,61.49482345581055
2010-12-31,138.72000122070312,63.951358795166016,47.82991409301758,96.48263549804688,62.175254821777344
2011-01-03,138.0,65.06297302246094,48.57643127441406,97.48007202148438,61.7061767578125
2011-01-04,134.75,64.09846496582031,48.541297912597656,97.42640686035156,61.77886199951172
2011-01-05,134.3699951171875,64.8504638671875,48.95408248901367,97.93276977539062,60.41802215576172
2011-01-06,133.8300018310547,64.54801940917969,49.11214828491211,97.7409439086914,60.68223571777344
2011-01-07,133.5800018310547,64.1801986694336,49.06825637817383,97.54911804199219,61.005977630615234
2011-01-10,134.1199951171875,64.54801940917969,49.25269317626953,97.42640686035156,61.33626174926758
2011-01-11,134.91000366210938,64.80958557128906,49.32294464111328,97.77166748046875,60.99275588989258
2011-01-12,135.4600067138672,65.36537170410156,49.67424774169922,98.65399932861328,60.517112731933594
2011-01-13,134.0500030517578,65.34088134765625,49.691802978515625,98.49286651611328,61.058815002441406
2011-01-14,132.69000244140625,65.83129119873047,50.060699462890625,99.20642852783203,60.66911315917969
2011-01-18,133.42999267578125,65.88032531738281,50.201194763183594,99.37518310546875,60.38499450683594
2011-01-19,133.72000122070312,64.18836212158203,49.63032913208008,98.4007797241211,60.82099533081055
2011-01-20,131.1999969482422,63.51813507080078,49.27904510498047,98.27033233642578,59.982017517089844
2011-01-21,131.02999877929688,63.09311294555664,48.90137481689453,98.49286651611328,60.45768737792969
2011-01-24,130.36000061035156,63.558982849121094,49.57764434814453,99.0529556274414,60.48409652709961
2011-01-25,130.10000610351562,63.6570930480957,49.64790344238281,99.10667419433594,61.058815002441406
2011-01-26,131.16000366210938,64.67064666748047,49.91136932373047,99.49031066894531,60.13399887084961
2011-01-27,127.93000030517578,64.8586196899414,50.2187614440918,99.7358169555664,60.40483474731445
2011-01-28,130.27999877929688,63.272884368896484,48.94528579711914,97.99415588378906,60.721893310546875
2011-01-31,129.8699951171875,63.71430206298828,49.18242263793945,98.73072814941406,60.25946807861328
2011-02-01,130.8000030517578,65.1855697631836,50.10458755493164,100.3112564086914,59.96120834350586
2011-02-02,130.4499969482422,64.94036102294922,50.02554702758789,100.11942291259766,59.97443771362305
2011-02-03,132.1999969482422,65.16922760009766,50.113365173339844,100.3419189453125,59.477272033691406
2011-02-04,131.66000366210938,65.28366088867188,50.39441680908203,100.62580871582031,58.87397766113281
2011-02-07,131.67999267578125,65.92940521240234,50.63154602050781,101.25497436523438,59.178932189941406
2011-02-08,133.13999938964844,66.3952865600586,50.965267181396484,101.71533203125,58.63535690307617
2011-02-09,133.07000732421875,66.10099792480469,50.877464294433594,101.48517608642578,59.14580154418945
2011-02-10,132.85000610351562,66.36259460449219,50.95649719238281,101.52352142333984,58.4630241394043
2011-02-11,132.32000732421875,67.08190155029297,51.325355529785156,102.12967681884766,59.30488967895508
2011-02-14,132.9499969482422,67.4251708984375,51.44832992553711,102.37516021728516,59.34463882446289
2011-02-15,133.97000122070312,67.041015625,51.378055572509766,102.05294036865234,59.609798431396484
2011-02-16,134.10000610351562,67.58049011230469,51.71181106567383,102.69744873046875,59.41762924194336
2011-02-17,135.0399932861328,68.05453491210938,51.694244384765625,103.00431060791016,59.510398864746094
2011-02-18,135.41000366210938,68.12812805175781,51.58005142211914,103.21917724609375,59.324745178222656
2011-02-22,136.2899932861328,66.37895965576172,50.087039947509766,101.1475601196289,60.21307373046875
2011-02-23,137.50999450683594,65.2345962524414,49.67424774169922,100.52606964111328,60.431880950927734
2011-02-24,136.47999572753906,65.6514663696289,49.93772506713867,100.4570541381836,60.81636428833008
2011-02-25,137.3800048828125,67.17180633544922,50.63154602050781,101.53120422363281,61.17434310913086
2011-02-28,137.66000366210938,67.24535369873047,50.7369384765625,102.16034698486328,61.25389099121094
2011-03-01,140.02999877929688,65.89669036865234,49.920143127441406,100.4570541381836,61.43144226074219
2011-03-02,139.9199981689453,66.17460632324219,50.18363952636719,100.67188262939453,60.4870719909668
2011-03-03,138.08999633789062,67.6785659790039,51.17606735229492,102.40587615966797,59.895145416259766
2011-03-04,139.35000610351562,67.38433074951172,50.91258239746094,101.63863372802734,60.39396286010742
2011-03-07,139.72000122070312,66.28087615966797,50.22753143310547,100.84065246582031,60.00822830200195
2011-03-08,139.36000061035156,67.35978698730469,50.42955780029297,101.72300720214844,59.642494201660156
2011-03-09,139.41000366210938,67.09003448486328,50.087039947509766,101.57725524902344,60.22101593017578
2011-03-10,137.77000427246094,65.36537170410156,49.30537796020508,99.69747924804688,61.23188781738281
2011-03-11,138.22000122070312,65.53705596923828,49.61277770996094,100.38798522949219,60.886085510253906
2011-03-14,138.86000061035156,65.1855697631836,49.43711853027344,99.7818374633789,60.859493255615234
2011-03-15,136.27000427246094,64.605224609375,48.73450469970703,98.6386489868164,61.77061462402344
2011-03-16,136.24000549316406,63.959510803222656,47.557640075683594,96.81256866455078,62.468910217285156
2011-03-17,136.97000122070312,64.09846496582031,47.99677658081055,98.09390258789062,61.990081787109375
2011-03-18,138.3699951171875,64.94853973388672,47.88860321044922,98.45065307617188,62.15636444091797
2011-03-21,139.13999938964844,66.45249938964844,48.81206512451172,99.9764404296875,61.790584564208984
2011-03-22,139.0500030517578,66.10099792480469,48.7241325378418,99.6296615600586,61.99675369262695
2011-03-23,140.33999633789062,66.30536651611328,48.99675750732422,99.91480255126953,61.91694259643555
2011-03-24,139.22000122070312,66.76323699951172,49.86747360229492,100.87033081054688,61.45138168334961
2011-03-25,139.25999450683594,67.3447494506836,49.990577697753906,101.17853546142578,61.298423767089844
2011-03-28,138.5399932861328,67.19734954833984,49.71794891357422,100.93193054199219,61.38489532470703
2011-03-29,138.2100067138672,67.82804107666016,50.20168685913086,101.61009979248047,60.91271209716797
2011-03-30,138.6699981689453,68.70445251464844,50.439144134521484,102.31130981445312,61.39821243286133
2011-03-31,139.86000061035156,68.94200134277344,50.509517669677734,102.172607421875,61.2718620300293
2011-04-01,139.1999969482422,69.24507141113281,50.53588104248047,102.6041488647461,61.5697135925293
2011-04-04,139.83999633789062,69.40068054199219,50.368778228759766,102.68891906738281,61.63648223876953
2011-04-05,142.0500030517578,69.77748107910156,50.23684310913086,102.67349243164062,61.38937759399414
2011-04-06,142.3800048828125,69.9330825805664,50.359989166259766,102.99716186523438,60.46775817871094
2011-04-07,142.50999450683594,69.51535034179688,50.3248176574707,102.73515319824219,60.3475227355957
2011-04-08,143.66000366210938,68.78636932373047,50.087337493896484,102.38067626953125,60.026981353759766
2011-04-11,142.63999938964844,68.17205047607422,49.92023849487305,102.07244873046875,60.08037185668945
2011-04-12,141.61000061035156,67.279296875,49.577239990234375,101.3095474243164,60.72822189331055
2011-04-13,141.89999389648438,67.36935424804688,49.99938201904297,101.30186462402344,61.108856201171875
2011-04-14,143.80999755859375,67.68060302734375,49.911434173583984,101.37889862060547,61.062110900878906
2011-04-15,145.0500030517578,68.40139770507812,49.823482513427734,101.74877166748047,61.89027786254883
2011-04-18,145.92999267578125,67.27106475830078,49.47169876098633,100.6082992553711,62.030540466308594
2011-04-19,145.92999267578125,67.28746032714844,49.77952194213867,101.18627166748047,62.297672271728516
2011-04-20,146.5,68.66349029541016,50.9052734375,102.56562042236328,61.89691925048828
2011-04-21,146.74000549316406,69.1713638305664,51.309844970703125,103.0896224975586,61.84354782104492
2011-04-25,146.8699951171875,69.08123016357422,51.441768646240234,102.98176574707031,62.0772819519043
2011-04-26,146.3800048828125,69.769287109375,51.731990814208984,103.86792755126953,62.67836380004883
2011-04-27,149.1999969482422,70.18698120117188,52.08379364013672,104.54602813720703,62.037200927734375
2011-04-28,149.82000732421875,70.50643920898438,52.00463104248047,104.88510131835938,62.5113410949707
2011-04-29,152.3699951171875,70.7603530883789,51.96066665649414,105.13170623779297,62.70504379272461
2011-05-02,150.41000366210938,69.9330825805664,51.86392593383789,104.96986389160156,62.805667877197266
2011-05-03,149.8800048828125,69.04847717285156,51.617671966552734,104.59228515625,63.1611328125
2011-05-04,147.72999572753906,68.15567779541016,51.53850173950195,103.89874267578125,63.442832946777344
2011-05-05,143.47000122070312,67.84445190429688,51.2570686340332,102.9586181640625,64.04646301269531
2011-05-06,145.3000030517578,68.204833984375,51.424163818359375,103.41326904296875,63.76482391357422
2011-05-09,147.3800048828125,68.99932098388672,51.617671966552734,103.81397247314453,63.697731018066406
2011-05-10,147.89999389648438,70.05595397949219,52.05741500854492,104.70015716552734,63.24159622192383
2011-05-11,146.5399932861328,68.76178741455078,51.679222106933594,103.59822082519531,63.60380935668945
2011-05-12,146.58999633789062,69.36790466308594,51.98705291748047,104.09136199951172,63.20137405395508
2011-05-13,145.6300048828125,68.40139770507812,51.37140655517578,103.28997802734375,63.7714729309082
2011-05-16,145.3699951171875,67.40210723876953,50.483116149902344,102.6349868774414,64.12699890136719
2011-05-17,144.74000549316406,67.1891860961914,50.62382888793945,102.61956024169922,64.78421783447266
2011-05-18,145.60000610351562,68.22122955322266,51.04600524902344,103.5365982055664,63.925758361816406
2011-05-19,145.64999389648438,68.36865997314453,51.195499420166016,103.78315734863281,63.89890670776367
2011-05-20,147.49000549316406,67.8690185546875,50.808528900146484,102.9586181640625,63.93250274658203
2011-05-23,147.8300018310547,66.64857482910156,50.06095504760742,101.76422119140625,64.24102020263672
2011-05-24,148.58999633789062,66.3291244506836,49.75312805175781,101.6794204711914,64.48243713378906
2011-05-25,148.5800018310547,67.16460418701172,49.946617126464844,102.01850891113281,64.18067169189453
2011-05-26,148.22000122070312,68.0492172241211,50.25444412231445,102.48856353759766,64.73054504394531
2011-05-27,149.6999969482422,68.51606750488281,50.509517669677734,102.88155364990234,64.70375061035156
2011-05-31,149.63999938964844,69.49078369140625,51.327430725097656,103.95266723632812,64.85135650634766
2011-06-01,149.91000366210938,67.25470733642578,50.210479736328125,101.6177978515625,65.72777557373047
2011-06-02,149.5,67.23015594482422,50.316001892089844,101.5099105834961,64.47573852539062
2011-06-03,150.22000122070312,66.24723815917969,49.55964279174805,100.50045013427734,64.845947265625
2011-06-06,150.47999572753906,65.15785217285156,49.15507125854492,99.43705749511719,64.35458374023438
2011-06-07,150.4199981689453,65.31348419189453,49.067115783691406,99.37537384033203,64.6507339477539
2011-06-08,149.80999755859375,64.58451080322266,48.715328216552734,98.95925903320312,65.15555572509766
2011-06-09,150.55999755859375,64.92847442626953,48.803279876708984,99.71443939208984,64.89313507080078
2011-06-10,149.24000549316406,63.88827133178711,48.05571365356445,98.327392578125,65.39115142822266
2011-06-13,147.77000427246094,63.70806884765625,48.05571365356445,98.40441131591797,65.06136322021484
2011-06-14,148.6699981689453,65.0759506225586,48.67136001586914,99.6528091430664,64.07855987548828
2011-06-15,149.1199951171875,63.91284942626953,47.747867584228516,97.88041687011719,65.24310302734375
2011-06-16,148.97000122070312,64.06027221679688,47.56318664550781,98.09622955322266,65.539306640625
2011-06-17,149.94000244140625,64.07665252685547,47.41420364379883,98.388916015625,65.22967529296875
2011-06-20,150.02999877929688,64.66638946533203,47.66102600097656,98.89227294921875,65.31040954589844
2011-06-21,150.75999450683594,66.06704711914062,48.683528900146484,100.24748992919922,65.02093505859375
2011-06-22,150.99000549316406,65.55919647216797,48.33095169067383,99.64348602294922,65.06136322021484
2011-06-23,148.33999633789062,65.8131103515625,48.78050231933594,99.3569564819336,65.55950164794922
2011-06-24,146.25999450683594,65.47727966308594,47.93428421020508,98.20306396484375,65.28351593017578
2011-06-27,145.72999572753906,65.98511505126953,48.701141357421875,99.0781478881836,64.38819885253906
2011-06-28,146.24000549316406,67.00896453857422,49.423973083496094,100.3714370727539,63.869876861572266
2011-06-29,147.17999267578125,67.3283920288086,49.62669372558594,101.23101043701172,63.44572830200195
2011-06-30,146.0,67.81985473632812,50.287803649902344,102.19902801513672,63.34482955932617
2011-07-01,144.92999267578125,68.87646484375,51.04587936401367,103.70911407470703,63.24345397949219
2011-07-05,147.6300048828125,69.04241943359375,51.301490783691406,103.62395477294922,63.38529586791992
2011-07-06,148.91000366210938,69.32173919677734,51.46896743774414,103.74784851074219,63.70954895019531
2011-07-07,149.14999389648438,70.3651351928711,52.17414093017578,104.82430267333984,63.520381927490234
2011-07-08,150.25,69.93793487548828,52.03310775756836,104.08084106445312,64.4188003540039
2011-07-11,151.58999633789062,68.45091247558594,51.08994674682617,102.19902801513672,65.38470458984375
2011-07-12,152.77000427246094,68.06480407714844,50.70209884643555,101.75762176513672,65.60759735107422
2011-07-13,154.13999938964844,68.67273712158203,50.913639068603516,102.09832763671875,65.78996276855469
2011-07-14,154.5399932861328,67.580078125,50.323081970214844,101.39363098144531,64.85106658935547
2011-07-15,155.1999969482422,68.03192138671875,50.99298095703125,101.98216247558594,64.95915985107422
2011-07-18,156.57000732421875,66.93925476074219,50.7197380065918,101.14582824707031,64.3309555053711
2011-07-19,154.66000366210938,68.45091247558594,51.87443923950195,102.7875747680664,65.66838073730469
2011-07-20,156.02000427246094,68.33590698242188,51.65409469604492,102.72559356689453,64.8916244506836
2011-07-21,154.8300018310547,68.96025848388672,51.99785614013672,104.15056610107422,64.39173126220703
2011-07-22,156.1199951171875,69.05062866210938,52.535545349121094,104.22024536132812,64.87809753417969
2011-07-25,157.33999633789062,68.23731994628906,52.42977523803711,103.6394271850586,64.16885375976562
2011-07-26,157.77000427246094,67.71973419189453,52.56199645996094,103.25222778320312,64.60790252685547
2011-07-27,157.19000244140625,65.69873809814453,51.20452880859375,101.13809967041016,64.6146469116211
2011-07-28,157.32000732421875,65.59193420410156,51.292667388916016,100.84380340576172,64.85780334472656
2011-07-29,158.2899932861328,65.50978088378906,51.12519073486328,100.15458679199219,66.14122772216797
2011-08-01,157.72000122070312,65.0826187133789,50.88720703125,99.72867584228516,66.80876922607422
2011-08-02,161.52000427246094,63.053401947021484,49.600250244140625,97.18084716796875,68.8147964477539
2011-08-03,161.49000549316406,63.47236633300781,50.07624816894531,97.70743560791016,68.95036315917969
2011-08-04,160.63999938964844,59.64396667480469,47.74917984008789,93.13067626953125,71.40362548828125
2011-08-05,161.75,58.60062789916992,47.4494743347168,92.99129486083984,69.3434066772461
2011-08-08,167.1199951171875,53.498844146728516,44.59352111816406,86.93540954589844,71.53242492675781
2011-08-09,168.61000061035156,57.06435012817383,46.744300842285156,90.97779846191406,71.74925231933594
2011-08-10,174.5800018310547,54.271080017089844,44.831520080566406,86.95862579345703,73.88402557373047
2011-08-11,170.75,56.98219299316406,46.806007385253906,90.86163330078125,70.15664672851562
2011-08-12,169.97000122070312,57.3354606628418,47.220298767089844,91.47344207763672,71.54594421386719
2011-08-15,171.8000030517578,58.95391082763672,47.91666793823242,93.40945434570312,70.8208236694336
2011-08-16,173.9199981689453,57.869441986083984,47.51118469238281,92.61182403564453,71.99320983886719
2011-08-17,174.4199981689453,57.8858642578125,47.22910690307617,92.67377471923828,73.2537841796875
2011-08-18,177.72000122070312,54.59148406982422,44.91083526611328,88.67780303955078,74.75831604003906
2011-08-19,179.9499969482422,53.630287170410156,44.09988784790039,87.22966003417969,75.36148071289062
2011-08-22,184.58999633789062,53.44134521484375,44.258548736572266,87.29936981201172,75.1717529296875
2011-08-23,177.6699981689453,56.0209846496582,46.08319091796875,90.17242431640625,74.1347885131836
2011-08-24,171.64999389648438,56.85071563720703,46.444602966308594,91.44247436523438,72.02708435058594
2011-08-25,172.36000061035156,55.45412063598633,45.68654251098633,90.04852294921875,72.80648803710938
2011-08-26,177.47000122070312,56.776763916015625,46.832462310791016,91.35726928710938,73.52487182617188
2011-08-29,173.88999938964844,59.46324920654297,48.13703155517578,93.98255157470703,72.50831604003906
2011-08-30,179.10000610351562,59.80829620361328,48.454345703125,94.23035430908203,73.67398071289062
2011-08-31,177.72000122070312,59.68505859375,48.53369140625,94.64852905273438,72.53541564941406
2011-09-01,177.8699951171875,58.403446197509766,48.09294128417969,93.65727996826172,74.07299041748047
2011-09-02,183.24000549316406,56.2427978515625,46.964656829833984,91.26434326171875,76.47938537597656
2011-09-06,182.89999389648438,56.08668899536133,46.973487854003906,90.59833526611328,77.27469635009766
2011-09-07,177.0800018310547,58.2062873840332,48.163475036621094,93.1539306640625,75.79957580566406
2011-09-08,181.80999755859375,57.138282775878906,47.94308090209961,92.18590545654297,76.47938537597656
2011-09-09,180.6999969482422,55.45412063598633,46.87651824951172,89.76972198486328,77.29503631591797
2011-09-12,176.6699981689453,55.930606842041016,47.475914001464844,90.35054779052734,77.37660217285156
2011-09-13,178.5399932861328,56.83428192138672,48.1105842590332,91.17916107177734,76.27544403076172
2011-09-14,177.2100067138672,57.8530158996582,48.79813003540039,92.44144439697266,76.92121124267578
2011-09-15,174.39999389648438,58.66633224487305,49.52093505859375,94.0367431640625,75.74520874023438
2011-09-16,176.02999877929688,58.75670623779297,49.974849700927734,94.59329223632812,76.29585266113281
2011-09-19,173.30999755859375,57.70513916015625,49.99250793457031,93.65141296386719,77.75050354003906
2011-09-20,175.77999877929688,56.80966567993164,49.77170944213867,93.54242706298828,78.07679748535156
2011-09-21,173.58999633789062,54.70649719238281,48.90629577636719,90.78682708740234,80.65985870361328
2011-09-22,169.0500030517578,53.17845153808594,47.31671142578125,87.85220336914062,83.6915283203125
2011-09-23,159.8000030517578,53.72277069091797,47.82007598876953,88.38153076171875,82.1349105834961
2011-09-26,157.5800018310547,54.73717498779297,48.37641525268555,90.48323822021484,80.81619262695312
2011-09-27,160.6300048828125,55.91652297973633,48.879798889160156,91.49518585205078,79.57906341552734
2011-09-28,156.22000122070312,53.772247314453125,48.15564727783203,89.62698364257812,79.5518798828125
2011-09-29,157.6999969482422,54.70418930053711,47.58163833618164,90.3353500366211,80.10248565673828
2011-09-30,158.05999755859375,53.029991149902344,46.3541145324707,88.07794189453125,82.11453247070312
2011-10-03,160.9600067138672,50.300140380859375,45.16193389892578,85.57142639160156,84.3743896484375
2011-10-04,157.63999938964844,53.43410873413086,46.089195251464844,87.44742584228516,83.30437469482422
2011-10-05,159.4600067138672,54.16810989379883,47.27253723144531,89.0665283203125,82.7046890258789
2011-10-06,160.49000549316406,55.372215270996094,48.06734085083008,90.67788696289062,81.17816162109375
2011-10-07,159.17999267578125,54.0196647644043,47.74941635131836,90.07072448730469,80.57844543457031
2011-10-10,163.27000427246094,56.386634826660156,49.400821685791016,93.08316802978516,79.4404067993164
2011-10-11,162.10000610351562,56.774261474609375,49.73642349243164,93.17657470703125,79.17464447021484
2011-10-12,163.25999450683594,57.58250045776367,49.98367691040039,93.9939193725586,78.0229263305664
2011-10-13,162.3000030517578,57.532989501953125,50.44289779663086,93.8071060180664,78.79981231689453
2011-10-14,163.39999389648438,58.67112350463867,51.378971099853516,95.41064453125,77.6549072265625
2011-10-17,162.6199951171875,56.889713287353516,50.58419418334961,93.58914947509766,78.9974594116211
2011-10-18,161.83999633789062,58.398983001708984,51.211177825927734,95.41841888427734,78.5067367553711
2011-10-19,159.8699951171875,57.26082992553711,50.22210693359375,94.28971862792969,78.47948455810547
2011-10-20,157.77000427246094,57.41755676269531,49.974849700927734,94.7022705078125,77.92070770263672
2011-10-21,159.52000427246094,58.66288375854492,50.601837158203125,96.50044250488281,77.09608459472656
2011-10-24,161.02000427246094,60.551517486572266,51.65273666381836,97.6836166381836,77.22564697265625
2011-10-25,165.58999633789062,58.852569580078125,50.63716506958008,95.78428649902344,79.188232421875
2011-10-26,167.39999389648438,59.86699295043945,50.575355529785156,96.75728607177734,77.80481719970703
2011-10-27,169.5500030517578,63.02569580078125,51.970672607421875,100.12785339355469,75.16751098632812
2011-10-28,169.6199951171875,62.704063415527344,52.05013656616211,100.10453033447266,75.95802307128906
2011-10-31,167.33999633789062,61.03809356689453,51.17586135864258,97.69141387939453,78.97020721435547
2011-11-01,167.3800048828125,58.87732696533203,49.842376708984375,94.96694946289062,81.6136474609375
2011-11-02,169.05999755859375,60.32883834838867,50.26626968383789,96.51598358154297,80.59559631347656
2011-11-03,171.72000122070312,61.829833984375,51.3083381652832,98.27521514892578,79.48872375488281
2011-11-04,170.85000610351562,61.524696350097656,51.04340362548828,97.67582702636719,79.58446502685547
2011-11-07,174.97999572753906,61.40100860595703,51.40547180175781,98.2829818725586,80.09001922607422
2011-11-08,173.52999877929688,62.299949645996094,51.99715042114258,99.54402160644531,79.06513977050781
2011-11-09,172.07000732421875,59.3309211730957,50.16912841796875,95.86991882324219,80.7049560546875
2011-11-10,171.13999938964844,59.76800537109375,50.14262008666992,96.77288818359375,79.50242614746094
2011-11-11,173.9600067138672,61.34324645996094,51.087547302246094,98.5943603515625,79.01730346679688
2011-11-14,173.1999969482422,60.460777282714844,50.7696418762207,97.66026306152344,80.28815460205078
2011-11-15,173.36000061035156,61.227779388427734,51.3348388671875,98.14286804199219,80.1788558959961
2011-11-16,171.50999450683594,60.23811721801758,50.48702621459961,96.58605194091797,80.90989685058594
2011-11-17,167.10000610351562,59.3803825378418,49.303672790527344,95.0525894165039,81.55901336669922
2011-11-18,167.6199951171875,59.36388397216797,48.92395782470703,94.95136260986328,81.53848266601562
2011-11-21,163.5,57.94536590576172,47.98787307739258,93.14544677734375,82.02363586425781
2011-11-22,165.30999755859375,57.45877456665039,48.146827697753906,92.77957916259766,82.93912506103516
2011-11-23,164.8300018310547,55.65263748168945,47.06059646606445,90.73234558105469,83.7522201538086
2011-11-25,163.39999389648438,54.943359375,46.69852828979492,90.56107330322266,82.53602600097656
2011-11-28,166.6300048828125,57.557762145996094,48.32345199584961,93.18437957763672,82.49505615234375
2011-11-29,166.8800048828125,57.45053482055664,48.02317810058594,93.44901275634766,81.81869506835938
2011-11-30,170.1300048828125,60.80718231201172,49.79821014404297,97.29442596435547,80.54096221923828
2011-12-01,169.6300048828125,60.370079040527344,50.14262008666992,97.27884674072266,80.1368408203125
2011-12-02,169.82000732421875,60.617488861083984,50.001346588134766,97.19318389892578,81.2601318359375
2011-12-05,167.32000732421875,61.65666198730469,50.54885482788086,98.25186920166016,81.09574127197266
2011-12-06,168.17999267578125,61.714378356933594,50.407569885253906,98.2829818725586,80.3218002319336
2011-12-07,169.39999389648438,61.59066390991211,50.407569885253906,98.64886474609375,80.6094741821289
2011-12-08,165.97999572753906,59.67729568481445,49.55977249145508,96.48487854003906,81.61630249023438
2011-12-09,166.39999389648438,61.475215911865234,50.35456848144531,98.11954498291016,79.938232421875
2011-12-12,161.99000549316406,60.592742919921875,49.789405822753906,96.68724060058594,80.82861328125
2011-12-13,158.4499969482422,59.3309211730957,49.24188232421875,95.78428649902344,81.58203125
2011-12-14,152.88999938964844,58.588661193847656,48.47355651855469,94.76455688476562,83.12312316894531
2011-12-15,152.3300018310547,59.13298416137695,48.34110641479492,95.10708618164062,82.81489562988281
2011-12-16,155.22999572753906,59.594825744628906,48.58999252319336,95.24803924560547,83.78067016601562
2011-12-19,154.8699951171875,58.563907623291016,48.11170196533203,94.22969055175781,84.8423080444336
2011-12-20,156.97999572753906,60.914405822753906,49.53770065307617,97.08109283447266,82.72589111328125
2011-12-21,157.16000366210938,61.16179275512695,48.82913589477539,97.26913452148438,81.57522583007812
2011-12-22,156.0399932861328,61.551326751708984,49.24540328979492,98.13077545166016,81.91770935058594
2011-12-23,156.30999755859375,61.78335952758789,49.67055892944336,99.0081558227539,81.0067138671875
2011-12-27,154.91000366210938,61.96571350097656,49.855831146240234,99.08648681640625,81.39146423339844
2011-12-28,151.02999877929688,60.83859634399414,49.27960968017578,97.7861099243164,82.89630126953125
2011-12-29,150.33999633789062,61.45186996459961,49.63420867919922,98.79666137695312,83.04751586914062
2011-12-30,151.99000549316406,61.12036895751953,49.492374420166016,98.31098937988281,83.31549072265625
2012-01-03,155.9199981689453,62.13145065307617,50.44091796875,99.877685546875,82.06490325927734
2012-01-04,156.7100067138672,61.791683197021484,50.653648376464844,100.03436279296875,81.08921813964844
2012-01-05,157.77999877929688,62.13975524902344,51.070316314697266,100.30069732666016,80.94490051269531
2012-01-06,157.1999969482422,61.98225784301758,51.24760818481445,100.04219055175781,81.5839614868164
2012-01-09,156.5,62.297210693359375,51.07917785644531,100.2850341796875,81.43958282470703
2012-01-10,158.63999938964844,63.20884704589844,51.45149230957031,101.15457153320312,81.30219268798828
2012-01-11,159.6699981689453,63.45744323730469,51.55787658691406,101.2093734741211,82.3603515625
2012-01-12,160.3800048828125,63.64807891845703,51.76176071166992,101.45220184326172,82.2435531616211
2012-01-13,159.25999450683594,63.30826187133789,51.57560729980469,100.92739868164062,83.061279296875
2012-01-17,160.5,63.28341293334961,52.04543685913086,101.31903076171875,83.44607543945312
2012-01-18,161.60000610351562,64.4104995727539,52.73689651489258,102.43927001953125,82.43597412109375
2012-01-19,161.22000122070312,64.80831146240234,53.06489562988281,102.97977447509766,81.30219268798828
2012-01-20,162.07000732421875,64.8497543334961,52.985111236572266,103.36361694335938,80.38141632080078
2012-01-23,163.16000366210938,64.76688385009766,53.00285339355469,103.09727478027344,79.87296295166016
2012-01-24,162.00999450683594,65.1397933959961,52.90532684326172,102.97977447509766,80.01722717285156
2012-01-25,166.4199981689453,65.69505310058594,53.57019805908203,103.84146118164062,79.82482147216797
2012-01-26,167.27000427246094,65.62049865722656,53.384033203125,103.30879974365234,80.88302612304688
2012-01-27,168.97000122070312,66.06802368164062,53.543601989746094,103.26176452636719,81.13724517822266
2012-01-30,168.02999877929688,65.55419158935547,53.587928771972656,102.90926361083984,82.09236907958984
2012-01-31,169.30999755859375,65.48786163330078,53.65883255004883,102.87012481689453,83.04064178466797
2012-02-01,169.55999755859375,66.89678955078125,54.09321212768555,103.77095794677734,82.08939361572266
2012-02-02,171.0500030517578,67.27798461914062,54.26164627075195,103.93547058105469,82.05500793457031
2012-02-03,167.63999938964844,68.74485778808594,55.00629806518555,105.39250946044922,80.29169464111328
2012-02-06,167.17999267578125,68.5210952758789,54.961971282958984,105.32196044921875,81.09066772460938
2012-02-07,169.6999969482422,68.47966766357422,55.077205657958984,105.58831787109375,80.08507537841797
2012-02-08,168.5,68.62885284423828,55.369747161865234,105.90170288085938,80.14701843261719
2012-02-09,168.02000427246094,68.2890396118164,55.768672943115234,106.03486633300781,79.54782104492188
2012-02-10,167.13999938964844,67.35260009765625,55.37861633300781,105.2514877319336,80.58097076416016
2012-02-13,167.50999450683594,68.22276306152344,55.89278030395508,106.03486633300781,80.68434143066406
2012-02-14,167.1199951171875,67.91612243652344,56.03461837768555,105.90170288085938,81.11138916015625
2012-02-15,168.11000061035156,67.35260009765625,55.644561767578125,105.40816497802734,80.96668243408203
2012-02-16,168.0,68.62056732177734,56.40694046020508,106.57535552978516,80.31928253173828
2012-02-17,167.35000610351562,68.61227416992188,56.229637145996094,106.85738372802734,80.29855346679688
2012-02-21,171.02000427246094,68.14817810058594,56.38920974731445,106.90438842773438,79.4100570678711
2012-02-22,172.94000244140625,67.6094741821289,56.13212203979492,106.5596923828125,80.4088363647461
2012-02-23,173.02000427246094,68.62056732177734,56.50446701049805,107.02971649169922,80.4088363647461
2012-02-24,172.22999572753906,68.48796081542969,56.6994743347168,107.26473236083984,80.9322280883789
2012-02-27,171.6999969482422,68.3719482421875,56.779266357421875,107.44491577148438,81.64857482910156
2012-02-28,173.49000549316406,68.18962860107422,57.3554801940918,107.75822448730469,81.37999725341797
2012-02-29,164.2899932861328,67.17024230957031,57.098392486572266,107.3352279663086,80.88407135009766
2012-03-01,166.61000061035156,67.5183334350586,57.55048751831055,107.89141082763672,80.12260437011719
2012-03-02,166.33999633789062,66.50724792480469,57.506195068359375,107.56241607666016,80.8751220703125
2012-03-05,165.64999389648438,66.58183288574219,56.9122314453125,107.12370300292969,80.23306274414062
2012-03-06,162.6999969482422,65.255859375,56.35375213623047,105.5570068359375,81.20642852783203
2012-03-07,163.6300048828125,65.86913299560547,56.78812789916992,106.29338073730469,80.70939636230469
2012-03-08,165.27999877929688,66.72271728515625,57.39980697631836,107.35086059570312,79.90169525146484
2012-03-09,166.3800048828125,67.62606811523438,57.639137268066406,107.76608276367188,80.0604476928711
2012-03-12,165.07000732421875,67.49346923828125,57.66573715209961,107.77392578125,80.04668426513672
2012-03-13,162.3000030517578,68.83602142333984,58.738399505615234,109.71662139892578,78.6383285522461
2012-03-14,159.57000732421875,68.27250671386719,58.94227981567383,109.59915924072266,76.65696716308594
2012-03-15,161.0800018310547,68.84435272216797,59.11070251464844,110.233642578125,76.77436065673828
2012-03-16,161.3000030517578,68.78630065917969,59.0689582824707,110.38623809814453,76.92623901367188
2012-03-19,161.58999633789062,69.3664321899414,59.486328125,110.81898498535156,76.008056640625
2012-03-20,160.1300048828125,68.74485778808594,59.5928840637207,110.49639892578125,76.31180572509766
2012-03-21,160.2100067138672,68.72827911376953,59.60178756713867,110.31546783447266,77.17475891113281
2012-03-22,159.57000732421875,68.0652847290039,59.47747039794922,109.52079772949219,77.42330169677734
2012-03-23,161.52999877929688,68.73117065429688,59.44192123413086,109.87483978271484,78.15506744384766
2012-03-26,164.39999389648438,70.16097259521484,60.48088836669922,111.41694641113281,77.75458526611328
2012-03-27,163.24000549316406,69.67051696777344,60.56968307495117,111.0707778930664,78.31385040283203
2012-03-28,161.50999450683594,69.26319122314453,60.32990646362305,110.52003479003906,78.20338439941406
2012-03-29,161.27999877929688,69.06367492675781,60.09902572631836,110.33118438720703,78.79022979736328
2012-03-30,162.1199951171875,68.83921813964844,59.9836311340332,110.78754425048828,77.45780181884766
2012-04-02,162.94000244140625,69.68716430664062,60.605201721191406,111.5979232788086,77.88694763183594
2012-04-03,159.88999938964844,69.22163391113281,60.58744430541992,111.14156341552734,76.53727722167969
2012-04-04,157.2100067138672,68.11600494384766,59.761627197265625,110.04004669189453,77.58934020996094
2012-04-05,158.30999755859375,67.81675720214844,60.13457107543945,109.9850082397461,78.14991760253906
2012-04-09,159.3699951171875,66.70281219482422,59.681663513183594,108.74974822998047,79.97723388671875
2012-04-10,161.10000610351562,65.13167572021484,58.72264862060547,106.92442321777344,80.88389587402344
2012-04-11,161.07000732421875,66.0544204711914,59.00680160522461,107.78987884521484,79.91492462158203
2012-04-12,162.6999969482422,67.00208282470703,59.681663513183594,109.19822692871094,79.58269500732422
2012-04-13,160.85000610351562,66.12091827392578,58.77593994140625,107.90001678466797,80.87007904052734
2012-04-16,160.4600067138672,66.22897338867188,58.11883544921875,107.8292236328125,80.75244140625
2012-04-17,160.25,67.18497467041016,59.29983901977539,109.42637634277344,80.7040023803711
2012-04-18,159.30999755859375,66.6778793334961,59.14889144897461,109.05661010742188,80.93933868408203
2012-04-19,159.42999267578125,66.29547882080078,58.4828987121582,108.35636138916016,81.01541900634766
2012-04-20,159.5399932861328,66.6778793334961,58.32305908203125,108.53729248046875,81.0292739868164
2012-04-23,159.07000732421875,65.75516510009766,57.790279388427734,107.62468719482422,81.61756896972656
2012-04-24,159.3000030517578,66.25387573242188,57.47947692871094,108.03377532958984,81.04315185546875
2012-04-25,159.6199951171875,67.28471374511719,59.00680160522461,109.51293182373047,80.62779235839844
2012-04-26,161.02999877929688,67.94978332519531,59.3531494140625,110.27615356445312,81.1123275756836
2012-04-27,161.3800048828125,68.48175811767578,59.70832061767578,110.45706939697266,81.18155670166016
2012-04-30,161.8800048828125,67.72531127929688,59.282100677490234,110.0479507446289,81.20228576660156
2012-05-01,161.32000732421875,67.79181671142578,59.379783630371094,110.73248291015625,80.78119659423828
2012-05-02,160.58999633789062,67.97469329833984,59.548500061035156,110.40202331542969,81.35005950927734
2012-05-03,158.97000122070312,67.0186996459961,58.91801452636719,109.56013488769531,81.32925415039062
2012-05-04,159.47000122070312,65.74681854248047,57.45284652709961,107.78987884521484,81.9676284790039
2012-05-07,159.0800018310547,65.9214096069336,57.50612258911133,107.86857604980469,81.98149108886719
2012-05-08,156.0,65.87985229492188,57.292999267578125,107.43582153320312,82.41852569580078
2012-05-09,154.47000122070312,65.50576782226562,57.11540222167969,106.79853820800781,82.47407531738281
2012-05-10,154.77000427246094,65.75516510009766,56.99998474121094,107.018798828125,82.23126983642578
2012-05-11,153.55999755859375,65.58891296386719,56.991085052490234,106.69625091552734,82.91117858886719
2012-05-14,151.3300018310547,64.71602630615234,56.458282470703125,105.51605224609375,84.06987762451172
2012-05-15,149.74000549316406,64.59966278076172,56.271820068359375,104.91020965576172,84.40982818603516
2012-05-16,149.4600067138672,64.1341323852539,55.88997268676758,104.50898742675781,84.65271759033203
2012-05-17,152.8000030517578,62.67937469482422,54.708961486816406,102.95901489257812,86.15129089355469
2012-05-18,154.5500030517578,62.08917236328125,53.998573303222656,102.07781219482422,86.17210388183594
2012-05-21,154.64999389648438,63.55222702026367,55.508140563964844,103.83232116699219,85.99170684814453
2012-05-22,152.0800018310547,63.16983413696289,55.445987701416016,104.01326751708984,85.0342788696289
2012-05-23,151.6199951171875,63.57715606689453,55.552555084228516,104.0683364868164,85.6240234375
2012-05-24,151.41000366210938,63.710166931152344,55.188472747802734,104.27294158935547,85.29795837402344
2012-05-25,152.67999267578125,63.668601989746094,55.117435455322266,103.93460083007812,85.61705780029297
2012-05-29,151.02000427246094,64.59133911132812,55.81895065307617,105.19346618652344,85.35343170166016
2012-05-30,151.91000366210938,63.35268783569336,55.34830856323242,103.66709899902344,87.51815032958984
2012-05-31,151.6199951171875,63.26958084106445,55.108558654785156,103.43894958496094,88.53113555908203
2012-06-01,157.5,61.36593246459961,53.64336013793945,100.83467864990234,90.63285827636719
2012-06-04,157.32000732421875,61.2245979309082,54.051841735839844,100.7874526977539,89.91678619384766
2012-06-05,157.13999938964844,62.01433181762695,54.27383804321289,101.5506362915039,88.7139663696289
2012-06-06,157.2100067138672,63.54391098022461,55.51702880859375,103.83232116699219,86.9410629272461
2012-06-07,154.5,63.1282958984375,55.29502487182617,103.895263671875,87.07320404052734
2012-06-08,154.72999572753906,63.98448944091797,55.82781982421875,104.72138977050781,87.05233764648438
2012-06-11,155.36000061035156,62.571292877197266,54.886566162109375,103.39173889160156,87.4486312866211
2012-06-12,156.4600067138672,63.361026763916016,55.552555084228516,104.57975769042969,86.64910125732422
2012-06-13,157.1199951171875,62.62947082519531,55.17070388793945,103.91101837158203,87.50423431396484
2012-06-14,157.75,63.34437942504883,55.374942779541016,105.01249694824219,87.39299011230469
2012-06-15,157.83999633789062,64.19230651855469,56.06295394897461,106.08649444580078,87.87966918945312
2012-06-18,157.92999267578125,64.26715087890625,56.58805847167969,106.29212188720703,88.35240936279297
2012-06-19,157.16000366210938,65.3810806274414,57.17546463012695,107.32025909423828,87.19831085205078
2012-06-20,155.97000122070312,65.28131103515625,57.21996307373047,107.14627838134766,87.62935638427734
2012-06-21,152.02000427246094,63.69353485107422,55.795928955078125,104.74203491210938,88.09517669677734
2012-06-22,152.63999938964844,64.41676330566406,56.38334274291992,105.5487289428711,86.92021179199219
2012-06-25,153.75999450683594,63.410888671875,55.29751968383789,103.85626983642578,88.18560028076172
2012-06-26,152.6199951171875,63.65900421142578,55.64462661743164,104.37821197509766,87.83796691894531
2012-06-27,152.8300018310547,64.69493865966797,55.98283767700195,105.31936645507812,87.97696685791016
2012-06-28,151.0500030517578,64.58633422851562,55.359825134277344,105.0188217163086,88.19251251220703
2012-06-29,155.19000244140625,66.46602630615234,57.10426712036133,107.63658142089844,87.04535675048828
2012-07-02,155.08999633789062,67.23462677001953,57.273380279541016,107.96089172363281,87.94349670410156
2012-07-03,157.4600067138672,68.1117935180664,57.753997802734375,108.67262268066406,87.26763153076172
2012-07-05,155.67999267578125,68.03661346435547,57.78958511352539,108.18231201171875,87.71356964111328
2012-07-06,153.7100067138672,67.2763671875,57.06868362426758,107.15419006347656,88.52873229980469
2012-07-09,154.0399932861328,67.01744079589844,56.96186065673828,107.01976013183594,89.30906677246094
2012-07-10,152.14999389648438,66.27386474609375,56.401153564453125,106.08649444580078,89.49029541015625
2012-07-11,152.99000549316406,66.04830169677734,56.08964157104492,106.10232543945312,89.60171508789062
2012-07-12,152.58999633789062,65.82276153564453,55.56452178955078,105.58827209472656,90.23577880859375
2012-07-13,154.13999938964844,66.64147186279297,56.4100456237793,107.35977935791016,89.99883270263672
2012-07-16,154.2100067138672,66.3741226196289,56.24984359741211,107.1067123413086,90.41691589355469
2012-07-17,153.47000122070312,66.60806274414062,56.543540954589844,107.84225463867188,89.70623779296875
2012-07-18,153.0500030517578,67.01744079589844,57.3089714050293,108.64102172851562,89.7550277709961
2012-07-19,153.3800048828125,66.79183197021484,57.940895080566406,108.92571258544922,89.52505493164062
2012-07-20,153.6699981689453,65.93972778320312,57.17546463012695,107.92919158935547,90.61898803710938
2012-07-23,153.02999877929688,64.88707733154297,56.48125076293945,106.83781433105469,91.12760162353516
2012-07-24,153.52000427246094,64.03497314453125,56.0362434387207,105.9203872680664,91.84525299072266
2012-07-25,155.6699981689453,64.17698669433594,55.66240692138672,105.94416809082031,92.08216857910156
2012-07-26,156.77000427246094,64.72836303710938,56.401153564453125,107.69200897216797,91.23905181884766
2012-07-27,157.5399932861328,66.26553344726562,57.7362060546875,109.67701721191406,89.51811218261719
2012-07-30,157.42999267578125,66.03997039794922,57.69169998168945,109.67701721191406,90.1869888305664
2012-07-31,156.49000549316406,65.4552001953125,57.67388153076172,108.90992736816406,90.3681411743164
2012-08-01,155.13999938964844,64.37747192382812,57.50477981567383,108.81499481201172,89.91642761230469
2012-08-02,154.1300048828125,64.1435546875,57.3000602722168,108.06369018554688,90.42608642578125
2012-08-03,155.5500030517578,65.67237091064453,58.385902404785156,110.20692443847656,88.96686553955078
2012-08-06,156.3000030517578,66.18199157714844,58.830936431884766,110.42044067382812,89.00174713134766
2012-08-07,156.27999877929688,66.78349304199219,59.32045364379883,110.97406005859375,87.856689453125
2012-08-08,156.47999572753906,66.68324279785156,59.293739318847656,111.10851287841797,87.38884735107422
2012-08-09,156.99000549316406,67.00069427490234,59.47174835205078,111.20338439941406,87.32601928710938
2012-08-10,157.17999267578125,66.76677703857422,59.50735855102539,111.38530731201172,87.76591491699219
2012-08-13,155.99000549316406,66.65817260742188,59.64975357055664,111.3299331665039,87.6192398071289
2012-08-14,155.1300048828125,66.49944305419922,59.67646789550781,111.34574127197266,86.43229675292969
2012-08-15,155.6300048828125,67.08425903320312,59.827762603759766,111.4723129272461,85.21739959716797
2012-08-16,156.55999755859375,67.78599548339844,60.539791107177734,112.29479217529297,84.49125671386719
2012-08-17,156.72000122070312,68.26220703125,60.806793212890625,112.44502258300781,84.90327453613281
2012-08-20,157.25999450683594,68.1117935180664,60.895790100097656,112.45298767089844,85.0777359008789
2012-08-21,158.8300018310547,68.0700454711914,60.655479431152344,112.11286926269531,85.45478820800781
2012-08-22,160.5399932861328,67.74422454833984,60.90470504760742,112.16033172607422,86.86520385742188
2012-08-23,161.88999938964844,67.2680435180664,60.406272888183594,111.2429428100586,87.22826385498047
2012-08-24,161.97000122070312,67.45183563232422,60.78010177612305,111.91519165039062,87.14445495605469
2012-08-27,161.36000061035156,67.65233612060547,60.877986907958984,111.9388656616211,87.65419006347656
2012-08-28,161.63999938964844,67.96143341064453,60.877986907958984,111.82817840576172,87.86366271972656
2012-08-29,160.58999633789062,68.17029571533203,60.877986907958984,111.91519165039062,87.47966766357422
2012-08-30,160.52000427246094,67.49361419677734,60.263885498046875,111.10851287841797,87.93351745605469
2012-08-31,164.22000122070312,67.76929473876953,60.66439437866211,111.63835906982422,89.17631530761719
2012-09-04,164.47999572753906,68.59632873535156,60.60207748413086,111.53553009033203,89.08673858642578
2012-09-05,164.30999755859375,68.6130599975586,60.539791107177734,111.440673828125,88.66687774658203
2012-09-06,164.88999938964844,69.87452697753906,61.883724212646484,113.70256042480469,87.19053649902344
2012-09-07,168.44000244140625,70.39249420166016,61.79472732543945,114.14540100097656,86.78466796875
2012-09-10,167.2899932861328,70.07501983642578,61.002593994140625,113.49687194824219,86.99463653564453
2012-09-11,167.89999389648438,70.22541809082031,60.90470504760742,113.813232421875,86.44884490966797
2012-09-12,167.9199981689453,70.58464813232422,61.082698822021484,114.19288635253906,85.3713150024414
2012-09-13,171.30999755859375,71.51195526123047,61.91041564941406,115.9327621459961,85.03541564941406
2012-09-14,171.8000030517578,72.18033599853516,62.46226501464844,116.44680786132812,82.77537536621094
2012-09-17,170.39999389648438,71.84614562988281,62.48893737792969,116.05139923095703,83.76895141601562
2012-09-18,171.72000122070312,71.61222839355469,62.54233169555664,115.95648956298828,84.18881225585938
2012-09-19,171.74000549316406,71.48688507080078,62.658058166503906,116.01976013183594,84.74153137207031
2012-09-20,171.47000122070312,71.16941833496094,62.595767974853516,116.02770233154297,84.95145416259766
2012-09-21,171.9600067138672,71.42841339111328,62.613590240478516,115.97915649414062,85.04940032958984
2012-09-24,171.0500030517578,71.19528198242188,62.24761962890625,115.80425262451172,85.71412658691406
2012-09-25,170.77000427246094,70.17208099365234,61.37293243408203,114.5718765258789,86.56076049804688
2012-09-26,169.80999755859375,69.72760772705078,60.873085021972656,113.92780303955078,87.49144744873047
2012-09-27,172.33999633789062,70.48238372802734,61.712100982666016,115.00123596191406,86.86868286132812
2012-09-28,171.88999938964844,69.97921752929688,61.203338623046875,114.46851348876953,86.91763305664062
2012-10-01,172.2899932861328,70.21403503417969,61.11409378051758,114.77066040039062,87.2402114868164
2012-10-02,172.10000610351562,70.34819030761719,61.2926025390625,114.88993835449219,87.12100219726562
2012-10-03,172.41000366210938,70.14692687988281,61.68532180786133,115.35900115966797,87.14905548095703
2012-10-04,173.61000061035156,70.62498474121094,61.89955520629883,116.1859130859375,86.06222534179688
2012-10-05,172.6199951171875,70.54109954833984,61.56929016113281,116.19384765625,84.9473876953125
2012-10-08,172.0500030517578,70.09660339355469,61.006988525390625,115.79627227783203,85.66252136230469
2012-10-09,170.99000549316406,69.27471923828125,60.03406524658203,114.65135192871094,85.50830841064453
2012-10-10,170.83999633789062,69.16566467285156,59.730594635009766,113.9198989868164,86.11131286621094
2012-10-11,171.32000732421875,69.41728210449219,59.543182373046875,113.98348236083984,86.70729064941406
2012-10-12,170.05999755859375,68.85536193847656,59.516395568847656,113.60981750488281,86.92469024658203
2012-10-15,168.35000610351562,69.3082504272461,59.95375442504883,114.55599975585938,86.72832489013672
2012-10-16,169.4199981689453,69.81986236572266,60.801700592041016,115.71678161621094,85.52928924560547
2012-10-17,169.5399932861328,70.4488754272461,60.765987396240234,116.2415771484375,84.73701477050781
2012-10-18,168.7899932861328,70.06306457519531,60.060848236083984,115.93939208984375,84.21810913085938
2012-10-19,166.97000122070312,68.64570617675781,58.62380599975586,114.00733184814453,85.36103057861328
2012-10-22,167.5800018310547,68.62893676757812,58.92729949951172,114.02326965332031,84.81409454345703
2012-10-23,165.42999267578125,68.28508758544922,58.364986419677734,112.44102478027344,86.02714538574219
2012-10-24,164.86000061035156,68.10054779052734,58.159698486328125,112.12303161621094,85.1787109375
2012-10-25,166.02000427246094,68.3773193359375,58.159698486328125,112.448974609375,84.74402618408203
2012-10-26,165.92999267578125,68.05024719238281,58.32928466796875,112.38540649414062,85.9920654296875
2012-10-31,166.8300018310547,68.46117401123047,57.97226333618164,112.38540649414062,86.49688720703125
2012-11-01,166.07000732421875,69.18246459960938,58.793426513671875,113.56214141845703,85.78875732421875
2012-11-02,162.60000610351562,68.09217071533203,58.16862869262695,112.5523910522461,85.72565460205078
2012-11-05,163.22999572753906,68.5450668334961,58.55240249633789,112.78292083740234,86.20946502685547
2012-11-06,166.3000030517578,69.056640625,58.65953063964844,113.66548156738281,85.3961181640625
2012-11-07,166.49000549316406,67.37928009033203,57.27605056762695,111.08939361572266,86.9456787109375
2012-11-08,167.99000549316406,66.43157958984375,56.37456130981445,109.75361633300781,88.23587799072266
2012-11-09,167.82000732421875,66.5741958618164,56.61554718017578,109.84904479980469,88.33402252197266
2012-11-12,167.4499969482422,66.38128662109375,56.60661697387695,109.9365234375,88.48127746582031
2012-11-13,167.10000610351562,66.00384521484375,56.21389389038086,109.55487823486328,88.77576446533203
2012-11-14,167.13999938964844,64.77937316894531,55.553382873535156,108.0760269165039,88.85993194580078
2012-11-15,166.08999633789062,64.44393920898438,55.36595916748047,107.89313507080078,88.68461608886719
2012-11-16,165.8800048828125,64.98067474365234,55.60694885253906,108.42581176757812,88.60746002197266
2012-11-19,167.8699951171875,66.35610961914062,56.927955627441406,110.62030029296875,88.10968780517578
2012-11-20,167.38999938964844,66.47354125976562,56.94580841064453,110.66799926757812,87.22618103027344
2012-11-21,167.55999755859375,66.82579040527344,57.06184005737305,110.87472534179688,87.1771011352539
2012-11-23,169.61000061035156,67.48834991455078,57.9276237487793,112.38540649414062,87.0929183959961
2012-11-26,169.42999267578125,67.70639038085938,58.177528381347656,112.14685821533203,87.50667572021484
2012-11-27,168.7100067138672,67.62249755859375,57.98115539550781,111.5744400024414,87.85022735595703
2012-11-28,166.5500030517578,68.19280242919922,58.48102951049805,112.47285461425781,87.72405242919922
2012-11-29,167.17999267578125,68.97278594970703,58.829124450683594,112.99758911132812,87.73802947998047
2012-11-30,166.0500030517578,68.83858489990234,58.730934143066406,113.0214614868164,87.49961853027344
2012-12-03,166.1300048828125,68.76309967041016,58.614898681640625,112.46489715576172,87.5804443359375
2012-12-04,164.4199981689453,68.84697723388672,58.579185485839844,112.30586242675781,88.08627319335938
2012-12-05,164.1199951171875,68.76309967041016,57.9276237487793,112.504638671875,88.04412841796875
2012-12-06,164.5,68.87212371826172,58.3025016784668,112.88627624511719,88.23377990722656
2012-12-07,165.16000366210938,68.92249298095703,57.95439910888672,113.22818756103516,87.41883087158203
2012-12-10,165.8000030517578,69.22441101074219,58.12398910522461,113.27587127685547,87.80523681640625
2012-12-11,165.64999389648438,69.95401000976562,58.8826789855957,114.04707336425781,87.1377944946289
2012-12-12,165.77000427246094,69.55986785888672,58.75770568847656,114.1027603149414,86.12608337402344
2012-12-13,164.3699951171875,69.1153564453125,58.29357147216797,113.4030990600586,86.18934631347656
2012-12-14,164.1300048828125,69.07341766357422,57.74018859863281,112.98168182373047,86.83568572998047
2012-12-17,164.44000244140625,70.04627990722656,58.50779724121094,114.30947875976562,85.53599548339844
2012-12-18,162.0800018310547,71.00235748291016,59.4003791809082,115.58164978027344,84.664794921875
2012-12-19,161.69000244140625,71.16056823730469,59.141536712646484,114.72293090820312,84.94581604003906
2012-12-20,159.72999572753906,71.51586151123047,59.141536712646484,115.38287353515625,84.95989227294922
2012-12-21,160.3300018310547,71.21978759765625,58.51950454711914,114.33547973632812,85.8873291015625
2012-12-24,160.6199951171875,70.87293243408203,58.402835845947266,113.98319244384766,85.73271942138672
2012-12-26,160.77999877929688,70.36539459228516,57.89124298095703,113.50276947021484,86.04108428955078
2012-12-27,161.16000366210938,70.31465911865234,57.80149841308594,113.35064697265625,86.32977294921875
2012-12-28,160.5399932861328,69.8155288696289,57.24502182006836,112.12552642822266,86.82266235351562
2012-12-31,162.02000427246094,71.32976531982422,58.456687927246094,114.03125,85.32288360595703
2013-01-02,163.1699981689453,73.42768859863281,60.31460189819336,116.9538803100586,84.1822738647461
2013-01-03,161.1999969482422,73.2585220336914,60.000465393066406,116.68965148925781,83.04164123535156
2013-01-04,160.44000244140625,73.7999038696289,59.803001403808594,117.2021255493164,83.36549377441406
2013-01-07,159.42999267578125,73.52075958251953,59.82095718383789,116.88182830810547,83.40072631835938
2013-01-08,160.55999755859375,73.46998596191406,59.704261779785156,116.54546356201172,83.94990539550781
2013-01-09,160.49000549316406,73.82526397705078,59.92866134643555,116.84178161621094,83.87246704101562
2013-01-10,161.97999572753906,73.99449920654297,60.28767776489258,117.77057647705078,83.64012145996094
2013-01-11,161.05999755859375,73.884521484375,60.368431091308594,117.76261901855469,84.38644409179688
2013-01-14,161.5399932861328,73.92681121826172,60.099159240722656,117.68254089355469,84.15409088134766
2013-01-15,162.55999755859375,74.24826049804688,59.803001403808594,117.76261901855469,84.54136657714844
2013-01-16,162.64999389648438,74.02830505371094,60.04535675048828,117.74661254882812,84.71741485595703
2013-01-17,163.35000610351562,74.71353149414062,60.33254623413086,118.5073013305664,83.87246704101562
2013-01-18,163.08999633789062,74.9250259399414,60.19790267944336,118.77151489257812,84.52020263671875
2013-01-22,163.6699981689453,75.46640014648438,60.29664611816406,119.41210174560547,84.68218994140625
2013-01-23,163.2100067138672,75.28878784179688,60.66463088989258,119.60423278808594,84.55545043945312
2013-01-24,161.4199981689453,75.53408813476562,59.829925537109375,119.63629150390625,84.25975799560547
2013-01-25,160.64999389648438,76.08395385742188,60.13510513305664,120.30896759033203,83.10498809814453
2013-01-28,160.2899932861328,76.13469696044922,60.269744873046875,120.1647720336914,82.80227661132812
2013-01-29,160.99000549316406,76.17699432373047,60.2786979675293,120.63726806640625,82.34456634521484
2013-01-30,162.19000244140625,75.26338958740234,60.153038024902344,120.1647720336914,82.20376586914062
2013-01-31,161.1999969482422,75.7794189453125,60.01841354370117,119.86857604980469,82.6050796508789
2013-02-01,161.4499969482422,76.44768524169922,60.72747802734375,121.10163879394531,81.53248596191406
2013-02-04,162.0,75.52560424804688,59.668373107910156,119.74043273925781,82.57684326171875
2013-02-05,161.9600067138672,76.202392578125,60.54798126220703,120.94947814941406,81.8429946899414
2013-02-06,162.38999938964844,76.52384948730469,60.35047912597656,121.03755950927734,82.51337432861328
2013-02-07,161.83999633789062,76.27008819580078,60.404354095458984,120.87744140625,82.32991790771484
2013-02-08,161.57000732421875,76.81145477294922,61.02367401123047,121.55006408691406,82.64741516113281
2013-02-11,159.6999969482422,76.72686004638672,61.0416145324707,121.52601623535156,82.58389282226562
2013-02-12,159.88999938964844,77.06523132324219,60.79029083251953,121.72624969482422,82.37931060791016
2013-02-13,159.0500030517578,77.38671875,61.00570297241211,121.83025360107422,81.70892333984375
2013-02-14,158.35000610351562,77.58126831054688,60.98775863647461,121.94239807128906,82.4498519897461
2013-02-15,155.75999450683594,77.60665893554688,60.80824279785156,121.79826354980469,82.20987701416016
2013-02-19,155.3300018310547,78.2918472290039,61.24803924560547,122.71111297607422,81.80059814453125
2013-02-20,151.44000244140625,76.83683013916016,60.30564880371094,121.18169403076172,82.04763793945312
2013-02-21,152.6199951171875,76.09241485595703,59.659385681152344,120.44499206542969,82.5274658203125
2013-02-22,152.97000122070312,77.00601959228516,60.2607536315918,121.62211608886719,82.58389282226562
2013-02-25,154.33999633789062,75.30567169189453,59.51578140258789,119.3079833984375,84.20697021484375
2013-02-26,156.22000122070312,75.60177612304688,59.74016571044922,120.12478637695312,83.72003936767578
2013-02-27,154.57000732421875,76.39694213867188,60.35047912597656,121.63814544677734,83.4730224609375
2013-02-28,153.0,76.54075622558594,60.224853515625,121.39791870117188,83.62832641601562
2013-03-01,152.44000244140625,76.8875961303711,60.47615432739258,121.79826354980469,84.08373260498047
2013-03-04,152.3000030517578,77.0905990600586,60.74541473388672,122.44679260253906,83.6382064819336
2013-03-05,152.3800048828125,77.98731231689453,61.6429557800293,123.54387664794922,83.39776611328125
2013-03-06,153.22999572753906,78.19036102294922,61.49036407470703,123.71199798583984,82.64112091064453
2013-03-07,152.69000244140625,78.56256103515625,61.65192794799805,123.93620300292969,82.00458526611328
2013-03-08,152.7100067138672,79.29006958007812,61.72371292114258,124.46466064453125,81.14891815185547
2013-03-11,152.99000549316406,79.26471710205078,61.903236389160156,124.93714904785156,81.22671508789062
2013-03-12,154.19000244140625,79.10395050048828,61.67885208129883,124.65687561035156,81.81370544433594
2013-03-13,153.66000366210938,79.40003967285156,61.598052978515625,124.8329849243164,81.72881317138672
2013-03-14,153.67999267578125,80.1951904296875,61.80450439453125,125.49760437011719,81.4813003540039
2013-03-15,154.0,80.1529312133789,61.63267135620117,125.33193969726562,81.8631820678711
2013-03-18,155.3800048828125,79.7130355834961,61.49773406982422,124.64025115966797,82.4854736328125
2013-03-19,156.0800018310547,79.3746566772461,61.38081359863281,124.35071563720703,83.0441665649414
2013-03-20,155.3699951171875,80.11060333251953,61.8126106262207,125.21932220458984,82.11779022216797
2013-03-21,156.25,79.40849304199219,61.110897064208984,124.149658203125,82.90972137451172
2013-03-22,155.5500030517578,79.65383911132812,61.70466232299805,125.14694213867188,82.97344207763672
2013-03-25,155.24000549316406,79.69961547851562,61.479766845703125,124.62415313720703,82.8956527709961
2013-03-26,154.72000122070312,79.95416259765625,61.8126106262207,125.62146759033203,82.99470520019531
2013-03-27,155.36000061035156,80.00502014160156,61.89358901977539,125.62146759033203,83.70182037353516
2013-03-28,154.4499969482422,80.10680389404297,62.04649353027344,126.00749969482422,83.27752685546875
2013-04-01,154.6699981689453,79.02947998046875,61.623695373535156,125.50888061523438,83.90471649169922
2013-04-02,152.42999267578125,78.53742218017578,62.10948944091797,126.1281509399414,83.5645751953125
2013-04-03,150.72999572753906,77.30734252929688,61.54271697998047,124.84938049316406,84.31578063964844
2013-04-04,150.2899932861328,77.96905517578125,61.56071853637695,125.35604095458984,85.32220458984375
2013-04-05,152.80999755859375,77.81635284423828,61.04791259765625,124.79306030273438,87.04437255859375
2013-04-08,152.16000366210938,78.46109008789062,61.37179946899414,125.63758850097656,86.37813568115234
2013-04-09,153.33999633789062,78.2320327758789,61.785621643066406,126.07183837890625,86.16553497314453
2013-04-10,150.75,79.64875030517578,62.991111755371094,127.61608123779297,84.98201751708984
2013-04-11,151.0500030517578,79.75899505615234,62.9640998840332,128.0343475341797,85.14501953125
2013-04-12,143.9499969482422,79.43665313720703,62.91913604736328,127.72066497802734,86.41357421875
2013-04-15,131.30999755859375,76.44208526611328,61.67766189575195,124.76084899902344,87.16487121582031
2013-04-16,132.8000030517578,77.7654800415039,62.49631118774414,126.60272979736328,86.44901275634766
2013-04-17,132.8699951171875,76.41665649414062,61.27284240722656,124.75286865234375,87.02308654785156
2013-04-18,134.3000030517578,75.99249267578125,60.42720031738281,123.97266387939453,87.2356948852539
2013-04-19,135.47000122070312,76.86627197265625,61.25484848022461,125.05044555664062,87.05139923095703
2013-04-22,137.89999389648438,77.08682250976562,61.88458251953125,125.60538482666016,87.1152114868164
2013-04-23,136.8800048828125,78.30839538574219,62.47831726074219,126.9002685546875,86.81050109863281
2013-04-24,138.3699951171875,78.71558380126953,62.451316833496094,126.98075103759766,87.0301742553711
2013-04-25,141.6300048828125,79.23307037353516,62.7841911315918,127.49547576904297,86.654541015625
2013-04-26,140.91000366210938,78.80889129638672,62.58625411987305,127.27027130126953,87.44830322265625
2013-04-29,142.3000030517578,79.37725830078125,63.16203308105469,128.122802734375,87.12938690185547
2013-04-30,142.77000427246094,79.82688903808594,63.62083435058594,128.42840576171875,87.17902374267578
2013-05-01,141.11000061035156,77.89271545410156,63.323951721191406,127.30243682861328,88.07463073730469
2013-05-02,141.9199981689453,79.13126373291016,64.12460327148438,128.48472595214844,87.96097564697266
2013-05-03,142.08999633789062,80.38677978515625,64.8802719116211,129.78768920898438,85.88715362548828
2013-05-06,142.14999389648438,80.9042739868164,65.13219451904297,130.11740112304688,85.67403411865234
2013-05-07,140.3800048828125,81.56593322753906,65.09622192382812,130.77696228027344,85.34027099609375
2013-05-08,142.4600067138672,81.80345916748047,65.4111099243164,131.37213134765625,85.47518920898438
2013-05-09,140.80999755859375,81.52352142333984,65.32111358642578,131.0021209716797,85.25508880615234
2013-05-10,139.60000610351562,82.1427993774414,65.71694946289062,131.42843627929688,84.33885955810547
2013-05-13,138.42999267578125,82.08341217041016,65.79789733886719,131.53297424316406,83.6925277709961
2013-05-14,137.80999755859375,83.13531494140625,66.13977813720703,132.89222717285156,82.78350067138672
2013-05-15,134.6300048828125,83.30499267578125,66.27471160888672,133.60800170898438,83.33740234375
2013-05-16,134.08999633789062,83.09290313720703,66.20274353027344,132.98069763183594,84.2038803100586
2013-05-17,131.07000732421875,84.02607727050781,66.84146881103516,134.2675323486328,83.13855743408203
2013-05-20,135.1199951171875,84.16177368164062,66.74250030517578,134.25946044921875,83.0391616821289
2013-05-21,132.8800048828125,84.17874908447266,66.81448364257812,134.45257568359375,83.6925277709961
2013-05-22,131.94000244140625,82.94869232177734,66.22970581054688,133.4552001953125,82.44964599609375
2013-05-23,134.61000061035156,83.0505142211914,66.07678985595703,133.0691375732422,82.84028625488281
2013-05-24,133.75999450683594,83.03351593017578,66.04080200195312,132.9565887451172,82.95394134521484
2013-05-28,133.49000549316406,84.11089324951172,66.47264862060547,133.7528076171875,80.85166931152344
2013-05-29,134.8300018310547,83.33045196533203,66.15776062011719,132.8841552734375,81.76077270507812
2013-05-30,136.6999969482422,83.89032745361328,66.50861358642578,133.374755859375,81.56185913085938
2013-05-31,133.9199981689453,82.9656753540039,65.89686584472656,131.46058654785156,81.28487396240234
2013-06-03,136.50999450683594,83.75459289550781,66.01382446289062,132.1844482421875,81.7155990600586
2013-06-04,135.22999572753906,82.86385345458984,65.67196655273438,131.549072265625,80.9609375
2013-06-05,135.52000427246094,81.80345916748047,64.81732177734375,129.7072296142578,82.07868957519531
2013-06-06,136.52999877929688,82.66877746582031,65.13219451904297,130.88148498535156,82.02884674072266
2013-06-07,133.27999877929688,83.30499267578125,66.02281951904297,132.54637145996094,80.56229400634766
2013-06-10,133.94000244140625,83.8139877319336,66.04978942871094,132.54637145996094,80.17782592773438
2013-06-11,133.25,82.90628051757812,65.39308166503906,131.1791229248047,81.13180541992188
2013-06-12,134.25,82.08341217041016,64.6374282836914,130.09335327148438,79.97137451171875
2013-06-13,133.74000549316406,83.53402709960938,65.45604705810547,132.07191467285156,81.22437286376953
2013-06-14,134.42999267578125,82.88929748535156,65.02421569824219,131.2434539794922,81.03215026855469
2013-06-17,133.77000427246094,83.4322509765625,65.65396881103516,132.2568817138672,80.60499572753906
2013-06-18,132.1300048828125,84.41629028320312,66.1937255859375,133.3023681640625,80.64767456054688
2013-06-19,130.58999633789062,83.38134765625,65.45604705810547,131.46058654785156,79.81475830078125
2013-06-20,123.5999984741211,81.17568969726562,63.89973831176758,128.2032470703125,78.50479888916016
2013-06-21,125.05000305175781,81.41323852539062,63.560401916503906,128.61477661132812,77.17346954345703
2013-06-24,123.93000030517578,80.34435272216797,62.92869567871094,126.98965454101562,77.49385833740234
2013-06-25,123.47000122070312,81.11634063720703,63.38892364501953,128.2104949951172,76.80323028564453
2013-06-26,118.27999877929688,81.4980697631836,63.95746612548828,129.47991943359375,77.3016128540039
2013-06-27,115.94000244140625,82.76207733154297,64.22821807861328,130.23997497558594,78.09185791015625
2013-06-28,119.11000061035156,82.2870101928711,64.31846618652344,129.70635986328125,78.62582397460938
2013-07-01,121.12999725341797,83.62734985351562,64.71553802490234,130.46632385253906,78.78422546386719
2013-07-02,120.05000305175781,83.56770324707031,64.74263000488281,130.34507751464844,78.73428344726562
2013-07-03,120.73999786376953,83.73810577392578,65.00432586669922,130.401611328125,78.4988021850586
2013-07-05,118.08999633789062,84.92243957519531,65.50067138671875,131.80856323242188,75.82298278808594
2013-07-08,119.51000213623047,85.26324462890625,65.5638427734375,132.56048583984375,76.55795288085938
2013-07-09,120.62000274658203,86.05564880371094,65.9609146118164,133.5145721435547,76.63642883300781
2013-07-10,120.94999694824219,86.29422760009766,66.33995056152344,133.56307983398438,76.03705596923828
2013-07-11,124.23999786376953,87.30816650390625,67.65757751464844,135.38232421875,76.92897033691406
2013-07-12,124.12999725341797,87.48707580566406,67.95537567138672,135.4388885498047,76.86474609375
2013-07-15,124.18000030517578,88.25390625,68.10880279541016,135.9563446044922,77.27147674560547
2013-07-16,124.88999938964844,87.81085205078125,68.01856231689453,135.44696044921875,77.53551483154297
2013-07-17,123.31999969482422,88.15166473388672,68.19001770019531,135.79464721679688,77.67821502685547
2013-07-18,124.01000213623047,88.73957061767578,68.01856231689453,136.53842163085938,76.70773315429688
2013-07-19,125.11000061035156,88.87590789794922,67.31462860107422,136.78106689453125,77.92080688476562
2013-07-22,128.83999633789062,89.06334686279297,67.51316833496094,137.04788208007812,78.03495025634766
2013-07-23,129.7100067138672,89.00370788574219,67.01680755615234,136.7567901611328,77.7067642211914
2013-07-24,127.4800033569336,88.2624282836914,67.23341369628906,136.2554473876953,76.7220687866211
2013-07-25,128.6699981689453,89.07183837890625,67.65757751464844,136.5869903564453,76.6934814453125
2013-07-26,128.77999877929688,88.71401977539062,68.01856231689453,136.73257446289062,77.16448974609375
2013-07-29,128.47000122070312,88.09201049804688,67.89222717285156,136.31210327148438,76.60071563720703
2013-07-30,128.1199951171875,88.16867065429688,68.253173828125,136.31210327148438,76.57218933105469
2013-07-31,127.95999908447266,88.32206726074219,68.37953186035156,136.40908813476562,76.85044860839844
2013-08-01,126.61000061035156,89.5234375,69.07445526123047,137.98582458496094,75.36969757080078
2013-08-02,126.36000061035156,89.60015106201172,69.4625015258789,138.22027587890625,76.19953918457031
2013-08-05,125.69999694824219,89.9068374633789,69.5075912475586,138.0181121826172,75.61287689208984
2013-08-06,123.97000122070312,89.00370788574219,69.09249877929688,137.23387145996094,75.83470916748047
2013-08-07,124.1500015258789,88.3731918334961,68.96613311767578,136.7891387939453,76.39979553222656
2013-08-08,126.86000061035156,88.73957061767578,69.30909729003906,137.2904052734375,76.60726928710938
2013-08-09,126.86000061035156,88.64586639404297,69.029296875,136.894287109375,76.72886657714844
2013-08-12,129.1300048828125,89.11446380615234,69.1917495727539,136.73257446289062,76.20664978027344
2013-08-13,127.73999786376953,88.99517822265625,69.57982635498047,137.13682556152344,75.10504150390625
2013-08-14,129.0,88.64586639404297,69.31809997558594,136.43338012695312,75.219482421875
2013-08-15,131.69000244140625,87.00143432617188,68.14490509033203,134.52528381347656,74.20368194580078
2013-08-16,132.5800018310547,86.63507080078125,68.11783599853516,134.08050537109375,73.94617462158203
2013-08-19,132.00999450683594,85.75743865966797,68.00049591064453,133.22349548339844,73.3023452758789
2013-08-20,132.4499969482422,86.99291229248047,68.29832458496094,133.8783721923828,73.86746215820312
2013-08-21,132.07000732421875,86.4646224975586,68.06367492675781,133.05368041992188,73.0591049194336
2013-08-22,132.80999755859375,87.68304443359375,68.73149108886719,134.2664337158203,73.80305480957031
2013-08-23,134.89999389648438,87.90454864501953,69.1917495727539,134.71926879882812,74.60425567626953
2013-08-26,135.4499969482422,87.91310119628906,69.22786712646484,134.2179412841797,74.9762191772461
2013-08-27,136.75,85.85115051269531,67.81096649169922,132.0591583251953,75.92053985595703
2013-08-28,136.7100067138672,86.0215835571289,68.07270812988281,132.52809143066406,75.3053207397461
2013-08-29,135.8699951171875,86.88211822509766,68.5510025024414,132.73834228515625,75.90621185302734
2013-08-30,134.6199951171875,85.52739715576172,68.10880279541016,132.3179473876953,75.82035064697266
2013-09-03,136.4199981689453,86.10675811767578,68.49687194824219,132.9162139892578,74.75096893310547
2013-09-04,134.66000366210938,86.86508178710938,69.22786712646484,134.01585388183594,74.58594512939453
2013-09-05,132.1999969482422,87.00143432617188,69.3451919555664,134.18565368652344,73.54596710205078
2013-09-06,134.14999389648438,87.23997497558594,69.42642211914062,134.25033569335938,73.91179656982422
2013-09-09,133.91000366210938,88.5606689453125,70.2386245727539,135.53587341308594,73.94764709472656
2013-09-10,131.74000549316406,89.42970275878906,70.58155822753906,136.53842163085938,73.4312744140625
2013-09-11,131.6999969482422,89.47232818603516,70.44619750976562,136.96701049804688,74.08390808105469
2013-09-12,127.66999816894531,88.8162612915039,70.40103912353516,136.6031951904297,73.98353576660156
2013-09-13,127.81999969482422,89.30188751220703,70.44619750976562,136.9104461669922,74.2703628540039
2013-09-16,126.44999694824219,89.49787139892578,70.25666046142578,137.70281982421875,73.77550506591797
2013-09-17,126.5,90.38400268554688,70.7259292602539,138.3173065185547,74.38512420654297
2013-09-18,132.00999450683594,91.24455261230469,71.57423400878906,139.918212890625,75.30321502685547
2013-09-19,131.75,91.15082550048828,71.7457275390625,139.68374633789062,74.85857391357422
2013-09-20,127.95999908447266,90.81851959228516,71.4994888305664,138.7071075439453,75.25301361083984
2013-09-23,127.55000305175781,90.8270492553711,71.35466766357422,138.0652313232422,75.80532836914062
2013-09-24,127.66000366210938,91.12861633300781,71.35466766357422,137.74026489257812,76.62298583984375
2013-09-25,128.7899932861328,90.9577407836914,71.11029815673828,137.34213256835938,76.78070831298828
2013-09-26,127.79000091552734,91.46182250976562,71.66242218017578,137.87026977539062,76.24283599853516
2013-09-27,128.97000122070312,91.0517578125,71.57194519042969,137.23654174804688,76.42930603027344
2013-09-30,128.17999267578125,91.07737731933594,71.39994049072266,136.50526428222656,76.3145751953125
2013-10-01,124.58999633789062,92.1366958618164,72.12410736083984,137.5858917236328,76.08299255371094
2013-10-02,127.05999755859375,91.76081085205078,72.09691619873047,137.45590209960938,76.19807434082031
2013-10-03,127.18000030517578,90.82107543945312,71.25511932373047,136.18844604492188,76.07581329345703
2013-10-04,126.52999877929688,91.42761993408203,71.87064361572266,137.22032165527344,76.01825714111328
2013-10-07,127.63999938964844,90.35973358154297,71.2732162475586,136.03407287597656,76.32747650146484
2013-10-08,127.4000015258789,88.89891052246094,69.89735412597656,134.44970703125,76.34904479980469
2013-10-09,126.11000061035156,88.54008483886719,69.68013000488281,134.5472412109375,75.73783111572266
2013-10-10,124.2699966430664,90.67583465576172,71.1555404663086,137.44778442382812,75.86009979248047
2013-10-11,122.5999984741211,91.991455078125,71.71676635742188,138.3333740234375,75.8384780883789
2013-10-14,122.83000183105469,92.45275115966797,72.2236328125,138.88589477539062,75.22724151611328
2013-10-15,123.7300033569336,91.54723358154297,71.94305419921875,137.87841796875,75.17694091796875
2013-10-16,123.54000091552734,92.68346405029297,72.75772094726562,139.8040008544922,76.118896484375
2013-10-17,127.41999816894531,93.49507904052734,73.17407989501953,140.73828125,76.80929565429688
2013-10-18,126.8499984741211,94.56294250488281,74.35985565185547,141.68893432617188,76.97467803955078
2013-10-21,126.9800033569336,94.37496185302734,74.52279663085938,141.6970977783203,76.73019409179688
2013-10-22,129.33999633789062,94.62272644042969,74.63138580322266,142.5177001953125,77.58595275878906
2013-10-23,128.69000244140625,94.306640625,74.17881774902344,141.83517456054688,77.88797760009766
2013-10-24,129.89999389648438,94.81070709228516,74.50466918945312,142.30642700195312,77.58595275878906
2013-10-25,130.4600067138672,94.89611053466797,75.0387191772461,142.95639038085938,77.87355041503906
2013-10-28,130.55999755859375,94.85337829589844,75.05682373046875,143.18386840820312,77.60752868652344
2013-10-29,129.77000427246094,95.12676239013672,75.1835708618164,143.94764709472656,77.70818328857422
2013-10-30,129.60000610351562,93.8282470703125,75.11114501953125,143.23263549804688,77.24077606201172
2013-10-31,127.73999786376953,93.28148651123047,74.93916320800781,142.8263702392578,77.40616607666016
2013-11-01,126.94999694824219,92.87994384765625,74.95726013183594,143.16766357421875,76.56830596923828
2013-11-04,126.80999755859375,93.94784545898438,75.0658950805664,143.67137145996094,76.64041137695312
2013-11-05,126.55999755859375,93.6231918334961,75.14734649658203,143.21641540527344,75.72466278076172
2013-11-06,127.19999694824219,93.2216796875,75.12924194335938,143.94764709472656,75.76078796386719
2013-11-07,126.16000366210938,91.64974212646484,73.7171859741211,142.12765502929688,76.40248107910156
2013-11-08,124.27999877929688,93.3156509399414,74.71285247802734,144.04515075683594,74.56382751464844
2013-11-11,123.87000274658203,93.44377136230469,74.59519958496094,144.06951904296875,74.28260040283203
2013-11-12,122.44999694824219,93.52067565917969,74.71285247802734,143.77700805664062,74.6286849975586
2013-11-13,122.8499984741211,94.41768646240234,75.61805725097656,144.93077087402344,74.9026870727539
2013-11-14,124.2699966430664,94.32369995117188,75.85340118408203,145.65382385253906,75.36419677734375
2013-11-15,124.31999969482422,94.68252563476562,75.99822998046875,146.28753662109375,75.51558685302734
2013-11-18,122.9000015258789,94.01617431640625,75.25598907470703,145.77574157714844,75.9698486328125
2013-11-19,122.94999694824219,93.43525695800781,75.0387191772461,145.4588623046875,75.39299774169922
2013-11-20,120.12000274658203,93.40105438232422,74.85771179199219,145.00387573242188,74.10953521728516
2013-11-21,119.94000244140625,95.08403015136719,75.61805725097656,146.173828125,74.2320785522461
2013-11-22,119.91999816894531,95.5539321899414,76.0253677368164,146.90505981445312,74.92433166503906
2013-11-25,120.45999908447266,95.67351531982422,76.20641326904297,146.75880432128906,75.14063262939453
2013-11-26,119.81999969482422,96.3825912475586,76.60469055175781,146.79945373535156,75.42182159423828
2013-11-27,119.45999908447266,96.9207992553711,77.13873291015625,147.15695190429688,75.29208374023438
2013-11-29,120.69999694824219,96.97207641601562,77.60037231445312,147.05947875976562,75.31370544433594
2013-12-02,117.58000183105469,95.9981689453125,77.37408447265625,146.67758178710938,74.72787475585938
2013-12-03,117.95999908447266,95.53681945800781,77.31072998046875,146.04383850097656,75.00270080566406
2013-12-04,119.95999908447266,95.280517578125,77.38312530517578,146.02760314941406,74.2867660522461
2013-12-05,118.30000305175781,95.3488998413086,77.28352355957031,145.38571166992188,74.07701873779297
2013-12-06,118.55000305175781,96.09214782714844,77.84477233886719,147.0106964111328,74.43135833740234
2013-12-09,119.72000122070312,96.0665283203125,78.16156768798828,147.3843994140625,74.60494232177734
2013-12-10,121.81999969482422,95.19511413574219,78.10724639892578,146.85633850097656,75.14009857177734
2013-12-11,120.86000061035156,93.63174438476562,77.10253143310547,145.20700073242188,74.56156158447266
2013-12-12,118.29000091552734,93.83677673339844,76.90341186523438,144.7276153564453,74.2795181274414
2013-12-13,119.37999725341797,94.1443099975586,76.80381774902344,144.71136474609375,74.64110565185547
2013-12-16,119.69000244140625,95.26347351074219,77.22926330566406,145.61326599121094,74.36629486083984
2013-12-17,118.6500015258789,95.12676239013672,77.07537841796875,145.15011596679688,74.6989974975586
2013-12-18,117.61000061035156,96.43385314941406,77.97148895263672,147.6282196044922,74.3228988647461
2013-12-19,114.81999969482422,95.71621704101562,77.7542495727539,147.45751953125,74.25057220458984
2013-12-20,115.94000244140625,97.33087158203125,78.54605865478516,148.3153076171875,75.3932113647461
2013-12-23,115.56999969482422,98.43458557128906,79.37239074707031,149.10768127441406,74.96658325195312
2013-12-24,116.0999984741211,98.81195831298828,79.4087142944336,149.43446350097656,74.36629486083984
2013-12-26,116.73999786376953,98.82051086425781,79.67204284667969,150.1941680908203,74.07970428466797
2013-12-27,117.12000274658203,98.76045989990234,79.4722900390625,150.1859893798828,73.86930847167969
2013-12-30,115.38999938964844,98.700439453125,79.35423278808594,150.1614990234375,74.37722778320312
2013-12-31,116.12000274658203,98.93201446533203,79.87181091308594,150.87216186523438,73.90558624267578
2014-01-02,118.0,97.8599853515625,79.2452392578125,149.42628479003906,74.1304702758789
2014-01-03,119.29000091552734,98.35741424560547,78.6731948852539,149.40179443359375,74.1304702758789
2014-01-06,119.5,97.55985260009766,78.38259887695312,148.9688262939453,74.44245147705078
2014-01-07,118.81999969482422,98.37455749511719,79.10906982421875,149.88375854492188,74.63111877441406
2014-01-08,118.12000274658203,98.50321197509766,79.2815933227539,149.9163818359375,74.42799377441406
2014-01-09,118.45999908447266,98.52892303466797,79.01822662353516,150.014404296875,74.8633041381836
2014-01-10,120.26000213623047,99.06920623779297,79.27252197265625,150.42291259765625,75.75575256347656
2014-01-13,121.0199966430664,97.7142105102539,78.10112762451172,148.42153930664062,76.13304901123047
2014-01-14,119.88999938964844,98.91485595703125,79.59031677246094,150.03892517089844,75.7847900390625
2014-01-15,119.66000366210938,99.65237426757812,80.24412536621094,150.84767150878906,75.70494079589844
2014-01-16,119.79000091552734,99.77243041992188,80.2531967163086,150.65159606933594,76.2128677368164
2014-01-17,120.93000030517578,99.42085266113281,79.79918670654297,150.014404296875,76.53207397460938
2014-01-21,119.69999694824219,100.0125732421875,80.40756225585938,150.45555114746094,76.59015655517578
2014-01-22,119.19000244140625,100.5185546875,80.61639404296875,150.55357360839844,76.40152740478516
2014-01-23,121.79000091552734,99.841064453125,80.34398651123047,149.32008361816406,77.4825668334961
2014-01-24,122.29000091552734,97.29399108886719,78.76399993896484,146.13417053222656,77.98321533203125
2014-01-27,120.95999908447266,95.8703842163086,78.0012435913086,145.41537475585938,77.43905639648438
2014-01-28,120.94999694824219,96.88236236572266,77.95582580566406,146.28128051757812,77.62772369384766
2014-01-29,122.47000122070312,95.48448181152344,77.12041473388672,144.87612915039062,78.26622009277344
2014-01-30,119.7699966430664,96.90807342529297,78.54605865478516,146.41195678710938,78.04124450683594
2014-01-31,120.08999633789062,96.18770599365234,78.33721923828125,145.55419921875,78.56368255615234
2014-02-03,121.31999969482422,93.17755126953125,76.53931427001953,142.2784881591797,79.52093505859375
2014-02-04,120.98999786376953,93.88079071044922,77.10227966308594,143.27503967285156,78.67715454101562
2014-02-05,121.29000091552734,93.17755126953125,76.90248107910156,143.09536743164062,77.94973754882812
2014-02-06,121.23999786376953,93.91504669189453,77.88317108154297,144.98240661621094,77.61511993408203
2014-02-07,122.16999816894531,94.97846984863281,79.27252197265625,146.7795867919922,77.68057250976562
2014-02-10,122.91999816894531,95.2271957397461,79.72653198242188,147.04913330078125,77.89879608154297
2014-02-11,124.36000061035156,96.07620239257812,80.63456726074219,148.65841674804688,77.44784545898438
2014-02-12,124.43000030517578,96.45355987548828,80.7889404296875,148.73193359375,77.0477066040039
2014-02-13,125.48999786376953,97.67989349365234,81.38825225830078,149.49978637695312,77.48416900634766
2014-02-14,127.1500015258789,97.81709289550781,81.55168914794922,150.3249053955078,77.52781677246094
2014-02-18,127.4000015258789,98.83763885498047,81.95124816894531,150.50457763671875,77.7024154663086
2014-02-19,126.2699966430664,97.8257064819336,81.38825225830078,149.50794982910156,77.37503051757812
2014-02-20,127.5999984741211,98.88055419921875,81.7696533203125,150.3902587890625,77.18592071533203
2014-02-21,127.58000183105469,99.18927764892578,81.66069030761719,150.21868896484375,77.59327697753906
2014-02-24,128.99000549316406,99.91825103759766,82.0965576171875,151.0518798828125,77.39686584472656
2014-02-25,129.2100067138672,100.02115631103516,82.0057144165039,150.99468994140625,78.08795166015625
2014-02-26,128.11000061035156,100.63861846923828,81.93310546875,151.0028839111328,78.50254821777344
2014-02-27,128.1999969482422,101.18748474121094,82.46464538574219,151.79527282714844,78.93171691894531
2014-02-28,127.62000274658203,100.78437042236328,82.3735122680664,152.17922973632812,78.97535705566406
2014-03-03,130.2899932861328,100.2441177368164,81.76258850097656,151.10906982421875,79.5025863647461
2014-03-04,128.67999267578125,102.76546478271484,82.80203247070312,153.2330322265625,78.30670928955078
2014-03-05,128.88999938964844,102.70541381835938,83.0300064086914,153.3719024658203,78.47444915771484
2014-03-06,130.1699981689453,102.68824005126953,82.95706939697266,153.72315979003906,77.70150756835938
2014-03-07,129.08999633789062,102.65393829345703,82.54674530029297,153.7884979248047,77.21295166015625
2014-03-10,129.1300048828125,102.31092071533203,82.61969757080078,153.70681762695312,77.32232666015625
2014-03-11,129.86000061035156,101.24752044677734,82.26405334472656,152.94712829589844,77.52654266357422
2014-03-12,131.75999450683594,101.55624389648438,82.5740966796875,152.98797607421875,78.06607055664062
2014-03-13,132.2100067138672,100.38134002685547,81.40696716308594,151.27244567871094,79.11613464355469
2014-03-14,133.10000610351562,100.80152893066406,80.85076904296875,150.84767150878906,79.13066101074219
2014-03-17,131.63999938964844,101.24752044677734,81.56197357177734,152.2118682861328,78.54009246826172
2014-03-18,130.6199951171875,102.72257232666016,82.54674530029297,153.29840087890625,78.82450103759766
2014-03-19,128.08999633789062,102.05364227294922,82.09996795654297,152.48147583007812,78.21194458007812
2014-03-20,127.86000061035156,102.19085693359375,82.32791137695312,153.3719024658203,78.0733871459961
2014-03-21,128.47000122070312,101.71917724609375,81.3372573852539,152.7769775390625,78.9192123413086
2014-03-24,126.18000030517578,100.56147003173828,80.6243896484375,152.14520263671875,79.4806900024414
2014-03-25,126.41000366210938,100.53736114501953,80.88941955566406,152.86729431152344,79.18167877197266
2014-03-26,125.41000366210938,98.61138153076172,79.84757232666016,151.76779174804688,79.8015365600586
2014-03-27,124.58999633789062,98.36205291748047,79.3997573852539,151.4478302001953,80.20255279541016
2014-03-28,124.55999755859375,98.2674789428711,79.55512237548828,152.19444274902344,79.75050354003906
2014-03-31,123.61000061035156,100.03005981445312,80.12174987792969,153.44158935546875,79.55364227294922
2014-04-01,123.38999938964844,101.34558868408203,81.52913665771484,154.45899963378906,78.87374114990234
2014-04-02,124.31999969482422,101.80122375488281,81.7393569946289,154.97596740722656,78.42048645019531
2014-04-03,123.91999816894531,100.7695083618164,81.09052276611328,154.77084350585938,78.76405334472656
2014-04-04,125.56999969482422,98.43941497802734,78.9336929321289,152.94113159179688,79.2904281616211
2014-04-07,124.91000366210938,97.00354766845703,78.18427276611328,151.25088500976562,79.76563262939453
2014-04-08,126.08999633789062,97.68279266357422,78.90623474121094,151.87449645996094,79.95573425292969
2014-04-09,126.31999969482422,99.0928726196289,80.25881958007812,153.50723266601562,79.56092071533203
2014-04-10,127.01000213623047,96.26410675048828,77.77302551269531,150.28265380859375,80.29931640625
2014-04-11,126.93000030517578,94.93141174316406,76.86823272705078,148.9288787841797,80.94989013671875
2014-04-14,127.8499984741211,95.19791412353516,77.471435546875,150.10218811035156,80.73795318603516
2014-04-15,125.48999786376953,95.56766510009766,77.72732543945312,151.13595581054688,81.2423095703125
2014-04-16,125.54000091552734,96.60801696777344,78.76004791259766,152.71957397460938,81.34468841552734
2014-04-17,124.75,97.08950805664062,78.77828216552734,152.9329376220703,80.4528579711914
2014-04-21,124.23999786376953,97.54521179199219,79.36323547363281,153.4662322998047,80.38701629638672
2014-04-22,123.77999877929688,98.55120086669922,79.99380493164062,154.16363525390625,80.65751647949219
2014-04-23,123.76000213623047,97.93214416503906,79.29010772705078,153.8026580810547,81.11811065673828
2014-04-24,124.55999755859375,97.68279266357422,80.04862976074219,154.1144561767578,81.27159118652344
2014-04-25,125.43000030517578,95.9631576538086,78.7691879272461,152.850830078125,81.38853454589844
2014-04-28,124.87999725341797,95.40428161621094,79.0250244140625,153.3349609375,80.99381256103516
2014-04-29,124.86000061035156,95.64503479003906,79.6556625366211,154.04879760742188,80.88414001464844
2014-04-30,124.22000122070312,96.28130340576172,79.86585998535156,154.5082550048828,81.22045135498047
2014-05-01,123.80000305175781,96.24691772460938,80.10346221923828,154.52464294433594,82.09178924560547
2014-05-02,125.05999755859375,96.32430267333984,79.95723724365234,154.30311584472656,82.597412109375
2014-05-05,126.22000122070312,96.20391845703125,80.37763977050781,154.59852600097656,82.09910583496094
2014-05-06,125.9800033569336,94.63907623291016,79.33578491210938,153.25289916992188,82.42887878417969
2014-05-07,124.16999816894531,94.69924926757812,79.1072998046875,154.15545654296875,82.1357650756836
2014-05-08,124.16999816894531,93.744873046875,79.03422546386719,153.9913330078125,81.78400421142578
2014-05-09,124.0999984741211,94.60469055175781,79.32665252685547,154.22108459472656,81.52017211914062
2014-05-12,124.94000244140625,96.75418090820312,80.63352966308594,155.72262573242188,81.19038391113281
2014-05-13,124.5999984741211,95.80839538574219,80.6883544921875,155.86212158203125,81.89392852783203
2014-05-14,125.80999755859375,94.25215148925781,80.26797485351562,155.12362670898438,82.7806396484375
2014-05-15,124.7699966430664,93.61591339111328,79.63738250732422,153.76165771484375,83.4401626586914
2014-05-16,124.5,94.20915985107422,80.15830993652344,154.29495239257812,83.20565795898438
2014-05-19,124.58000183105469,95.22372436523438,80.71578216552734,154.86106872558594,82.59009552001953
2014-05-20,124.69000244140625,93.77066802978516,80.42333221435547,153.88473510742188,82.7733154296875
2014-05-21,124.38999938964844,94.25215148925781,81.19100952148438,155.18109130859375,82.26765441894531
2014-05-22,124.66999816894531,95.23233795166016,81.54744720458984,155.55844116210938,82.1504135131836
2014-05-23,124.51000213623047,96.27268981933594,82.1414794921875,156.1820831298828,82.59009552001953
2014-05-27,121.8499984741211,97.65699768066406,83.1650390625,157.14207458496094,83.07378387451172
2014-05-28,121.19999694824219,97.1496810913086,82.90912628173828,157.0271759033203,84.09974670410156
2014-05-29,120.94000244140625,97.4764404296875,83.43920135498047,157.8395233154297,83.65271759033203
2014-05-30,120.43000030517578,97.03793334960938,83.44833374023438,158.09385681152344,83.6161117553711
2014-06-02,119.69999694824219,96.51346588134766,83.36610412597656,158.27430725097656,82.99449920654297
2014-06-03,120.01000213623047,96.28130340576172,83.32953643798828,158.19227600097656,81.97325134277344
2014-06-04,119.76000213623047,96.65959930419922,83.64025115966797,158.5123291015625,81.95117950439453
2014-06-05,120.66000366210938,98.68877410888672,84.34398651123047,159.546142578125,81.98790740966797
2014-06-06,120.61000061035156,99.6345443725586,84.82836151123047,160.30921936035156,81.98790740966797
2014-06-09,120.6500015258789,100.51155853271484,84.76435089111328,160.47329711914062,81.870361328125
2014-06-10,121.38999938964844,100.31378936767578,84.91060638427734,160.4897003173828,81.56910705566406
2014-06-11,121.41000366210938,99.82369232177734,84.89228057861328,159.9317169189453,81.71605682373047
2014-06-12,122.63999938964844,99.21324920654297,84.12461853027344,158.79945373535156,82.44344329833984
2014-06-13,122.95999908447266,99.38520812988281,84.37139129638672,159.28358459472656,82.39937591552734
2014-06-16,122.41999816894531,99.86666870117188,84.44451141357422,159.41485595703125,82.60505676269531
2014-06-17,122.27999877929688,100.57173919677734,84.49016571044922,159.85792541503906,81.95117950439453
2014-06-18,122.66999816894531,101.25100708007812,84.96541595458984,161.03121948242188,82.58307647705078
2014-06-19,126.94000244140625,101.33695983886719,84.91060638427734,161.21173095703125,81.5250244140625
2014-06-20,126.5,101.67229461669922,85.0104751586914,161.53903198242188,82.14221954345703
2014-06-23,126.8499984741211,101.47454833984375,85.02881622314453,161.4895782470703,81.88505554199219
2014-06-24,126.9800033569336,100.39117431640625,84.94632720947266,160.5167236328125,82.71531677246094
2014-06-25,126.98999786376953,101.24238586425781,85.4869613647461,161.2422332763672,82.92839813232422
2014-06-26,126.7300033569336,101.07044219970703,85.53279113769531,161.12686157226562,83.32514190673828
2014-06-27,126.66000366210938,101.74967956542969,85.90850830078125,161.44007873535156,83.2002182006836
2014-06-30,128.0399932861328,102.15377044677734,86.05510711669922,161.357666015625,83.40592193603516
2014-07-01,127.69999694824219,103.19414520263672,86.99895477294922,162.43765258789062,82.7076416015625
2014-07-02,127.69999694824219,102.79627227783203,87.14559173583984,162.60255432128906,81.82367706298828
2014-07-03,127.16000366210938,103.41769409179688,87.69538879394531,163.40225219726562,81.52902221679688
2014-07-07,127.0199966430664,101.64832305908203,87.42965698242188,162.8334197998047,82.12565612792969
2014-07-08,127.06999969482422,100.41407775878906,86.37583923339844,161.7863311767578,83.04646301269531
2014-07-09,127.83999633789062,100.54357147216797,87.01728057861328,162.5119171142578,83.11279296875
2014-07-10,128.5399932861328,99.47329711914062,86.74241638183594,161.8688507080078,83.13481903076172
2014-07-11,128.77999877929688,99.34383392333984,87.30138397216797,162.09146118164062,83.66521453857422
2014-07-14,125.72000122070312,99.85306549072266,87.82367706298828,162.90765380859375,83.30429077148438
2014-07-15,124.52999877929688,98.86915588378906,87.52130126953125,162.60255432128906,83.13481903076172
2014-07-16,124.97000122070312,98.60157012939453,87.86949157714844,163.20440673828125,83.57678985595703
2014-07-17,127.08999633789062,97.0824966430664,86.7057113647461,161.3494415283203,84.6302261352539
2014-07-18,126.12999725341797,98.59291076660156,88.08027648925781,162.99830627441406,84.3576431274414
2014-07-21,126.33999633789062,98.19588470458984,87.97030639648438,162.69322204589844,84.77751922607422
2014-07-22,125.73999786376953,99.02449035644531,88.52926635742188,163.40225219726562,84.95430755615234
2014-07-23,125.62000274658203,99.14531707763672,89.097412109375,163.76504516601562,84.84378814697266
2014-07-24,124.3499984741211,98.9468002319336,88.99663543701172,163.77325439453125,84.2103042602539
2014-07-25,125.79000091552734,98.0491714477539,88.64840698242188,163.00650024414062,85.20470428466797
2014-07-28,125.58000183105469,97.55719757080078,88.6758804321289,163.07247924804688,85.08690643310547
2014-07-29,125.19999694824219,97.82476806640625,88.5201187133789,162.3717041015625,85.39628601074219
2014-07-30,124.83000183105469,98.21317291259766,88.86832427978516,162.39646911621094,84.2103042602539
2014-07-31,123.38999938964844,95.96905517578125,87.072265625,159.18939208984375,83.95990753173828
2014-08-01,124.37999725341797,95.52887725830078,86.75155639648438,158.70303344726562,84.60978698730469
2014-08-04,123.98999786376953,96.37469482421875,87.34716033935547,159.84902954101562,84.38821411132812
2014-08-05,123.87000274658203,96.133056640625,86.67823028564453,158.2989959716797,84.6615219116211
2014-08-06,125.66999816894531,96.43514251708984,86.61409759521484,158.34852600097656,84.71324157714844
2014-08-07,126.18000030517578,95.96905517578125,86.33918762207031,157.49110412597656,85.50341033935547
2014-08-08,126.19000244140625,96.90122985839844,86.96231079101562,159.31307983398438,85.31881713867188
2014-08-11,125.95999908447266,97.82476806640625,87.4754867553711,159.77476501464844,85.31146240234375
2014-08-12,125.98999786376953,97.15151977539062,87.4388198852539,159.5522003173828,84.75752258300781
2014-08-13,126.19999694824219,97.91106414794922,88.36432647705078,160.6321563720703,85.31146240234375
2014-08-14,126.30999755859375,98.05781555175781,88.822509765625,161.390625,85.99830627441406
2014-08-15,125.4800033569336,97.86790466308594,89.25320434570312,161.357666015625,86.93626403808594
2014-08-18,124.95999908447266,99.29203033447266,89.94044494628906,162.70974731445312,86.0721435546875
2014-08-19,124.68000030517578,99.63726806640625,90.44449615478516,163.55886840820312,85.80628204345703
2014-08-20,124.22000122070312,99.21437072753906,90.44449615478516,163.99578857421875,85.66592407226562
2014-08-21,122.87999725341797,99.43013763427734,90.62775421142578,164.47406005859375,86.14598846435547
2014-08-22,123.19000244140625,99.43876647949219,90.76519775390625,164.21841430664062,86.62606811523438
2014-08-25,122.73999786376953,99.90483856201172,91.08589935302734,165.0511474609375,86.95104217529297
2014-08-26,123.3499984741211,100.81110382080078,91.17757415771484,165.1583251953125,86.67036437988281
2014-08-27,123.31999969482422,100.56082916259766,91.19588470458984,165.0923309326172,87.40897369384766
2014-08-28,124.0,100.04296112060547,91.09510040283203,165.00161743164062,87.86686706542969
2014-08-29,123.86000061035156,100.60395812988281,91.43415069580078,165.47161865234375,87.92594146728516
2014-09-02,121.6500015258789,101.1563949584961,91.69989013671875,165.3891143798828,86.4091796875
2014-09-03,122.1500015258789,100.51764678955078,91.15922546386719,165.2984161376953,86.89035034179688
2014-09-04,121.4800033569336,100.12926483154297,91.0767593383789,165.05935668945312,85.83177947998047
2014-09-05,122.05999755859375,100.4486083984375,91.5349349975586,165.80136108398438,85.66893005371094
2014-09-08,120.7300033569336,100.60395812988281,91.70906066894531,165.37265014648438,85.70598602294922
2014-09-09,120.87000274658203,99.41288757324219,90.94844818115234,164.3256378173828,85.63935089111328
2014-09-10,120.26000213623047,99.99978637695312,91.69989013671875,164.94395446777344,85.09893035888672
2014-09-11,119.47000122070312,100.6471176147461,91.62657165527344,165.13352966308594,84.81763458251953
2014-09-12,118.37999725341797,99.57685852050781,91.15922546386719,164.16897583007812,83.92938995361328
2014-09-15,118.63999938964844,98.48934936523438,90.27951049804688,164.0453338623047,84.05517578125
2014-09-16,118.83000183105469,98.76554107666016,91.06761169433594,165.28196716308594,83.71469116210938
2014-09-17,117.54000091552734,99.02449035644531,91.20503234863281,165.504638671875,83.50001525878906
2014-09-18,117.77999877929688,99.62863159179688,91.89230346679688,166.38671875,83.76653289794922
2014-09-19,117.08999633789062,98.3685302734375,91.83536529541016,166.23675537109375,84.83247375488281
2014-09-22,116.8499984741211,96.987548828125,90.98111724853516,164.9529266357422,84.93610382080078
2014-09-23,117.5999984741211,96.08125305175781,90.73313903808594,164.00869750976562,85.46165466308594
2014-09-24,117.05000305175781,96.95105743408203,91.70675659179688,165.2925567626953,84.98789978027344
2014-09-25,117.38999938964844,95.3153076171875,89.77783966064453,162.62545776367188,85.9946517944336
2014-09-26,117.05999755859375,96.17215728759766,90.73313903808594,163.91761779785156,85.8687973022461
2014-09-29,117.02999877929688,96.09427642822266,90.61370086669922,163.619384765625,86.55721282958984
2014-09-30,116.20999908447266,94.64025115966797,90.74229431152344,163.18873596191406,86.06865692138672
2014-10-01,116.7699966430664,93.29875183105469,89.29100799560547,160.97714233398438,87.73762512207031
2014-10-02,116.73999786376953,94.1902084350586,89.29100799560547,161.00204467773438,86.9732437133789
2014-10-03,114.61000061035156,94.89988708496094,90.17281341552734,162.77452087402344,87.34429168701172
2014-10-06,116.02999877929688,94.08634948730469,89.97991180419922,162.58404541015625,87.39630126953125
2014-10-07,116.36000061035156,92.53713989257812,88.70317077636719,160.07437133789062,88.57620239257812
2014-10-08,117.47000122070312,94.31134796142578,90.42997741699219,162.8739013671875,88.59846496582031
2014-10-09,117.63999938964844,91.76685333251953,88.96952819824219,159.64366149902344,88.21256256103516
2014-10-10,117.58999633789062,90.650390625,86.7466812133789,157.82138061523438,89.0882339477539
2014-10-13,118.5199966430664,90.28687286376953,85.38723754882812,155.22889709472656,89.62996673583984
2014-10-14,118.58999633789062,91.34278869628906,85.39640045166016,155.46908569335938,90.21622467041016
2014-10-15,118.98999786376953,92.26017761230469,84.84529876708984,154.4171142578125,90.92864990234375
2014-10-16,119.22000122070312,93.29875183105469,84.31255340576172,154.2846221923828,90.34976196289062
2014-10-17,118.98999786376953,93.02180480957031,85.42398834228516,156.10682678222656,89.84514617919922
2014-10-20,119.80000305175781,94.1123046875,86.70072937011719,157.62261962890625,90.17172241210938
2014-10-21,120.0199966430664,95.66152954101562,88.97875213623047,160.7452850341797,89.451904296875
2014-10-22,119.33999633789062,94.29408264160156,88.51945495605469,159.60226440429688,89.54833984375
2014-10-23,118.5199966430664,95.96446228027344,89.85132598876953,161.4575958251953,88.75433349609375
2014-10-24,118.3499984741211,96.12886810302734,90.58613586425781,162.70001220703125,88.8433837890625
2014-10-27,118.05999755859375,96.07695007324219,90.65043640136719,162.47637939453125,89.006591796875
2014-10-28,118.0999984741211,98.81187438964844,92.01907348632812,164.3399658203125,88.4500732421875
2014-10-29,116.41000366210938,98.57819366455078,91.67919921875,164.091552734375,88.65043640136719
2014-10-30,115.19000244140625,99.417724609375,91.87210845947266,165.14341735839844,88.724609375
2014-10-31,112.66000366210938,100.8803482055664,93.13969421386719,167.03196716308594,88.49454498291016
2014-11-03,112.1500015258789,100.70726776123047,93.41522216796875,167.123046875,88.49456787109375
2014-11-04,112.22000122070312,100.23991394042969,93.10293579101562,166.54324340820312,88.76982879638672
2014-11-05,109.79000091552734,100.4216537475586,93.11211395263672,167.5951690673828,88.64334106445312
2014-11-06,109.87999725341797,100.8543930053711,93.40605926513672,168.26608276367188,88.07054901123047
2014-11-07,112.97000122070312,101.01018524169922,93.3233871459961,168.4234619140625,89.08229064941406
2014-11-10,110.45999908447266,101.51215362548828,93.65406799316406,168.9535675048828,88.26396179199219
2014-11-11,112.04000091552734,101.58139038085938,93.94798278808594,169.1192169189453,88.32344818115234
2014-11-12,111.5,102.04010009765625,94.11335754394531,168.93698120117188,88.24913024902344
2014-11-13,111.66999816894531,101.17463684082031,94.51750183105469,169.12744140625,88.45741271972656
2014-11-14,114.47000122070312,100.99287414550781,94.81143188476562,169.1688995361328,88.8887939453125
2014-11-17,114.05000305175781,100.15335845947266,94.52667236328125,169.27659606933594,88.66567993164062
2014-11-18,115.05000305175781,100.7332534790039,95.23397827148438,170.25393676757812,88.91116333007812
2014-11-19,113.68000030517578,99.66002655029297,94.80223083496094,169.9806365966797,88.34576416015625
2014-11-20,114.86000061035156,100.77652740478516,95.22478485107422,170.27880859375,88.80702209472656
2014-11-21,115.38999938964844,100.89766693115234,95.40850830078125,171.18994140625,89.34262084960938
2014-11-24,115.11000061035156,102.10072326660156,96.15250396728516,171.6702880859375,89.41703033447266
2014-11-25,115.37999725341797,102.17857360839844,96.29947662353516,171.5460968017578,90.16091918945312
2014-11-26,115.16000366210938,102.51610565185547,96.92402648925781,171.98507690429688,90.40637969970703
2014-11-28,112.11000061035156,100.99287414550781,97.37413024902344,171.62062072753906,91.12055969238281
2014-12-01,116.58000183105469,99.417724609375,96.27188873291016,170.4279022216797,90.58895874023438
2014-12-02,115.13999938964844,100.61205291748047,96.65766906738281,171.52947998046875,89.70913696289062
2014-12-03,116.33000183105469,101.58139038085938,96.83221435546875,172.19215393066406,90.0595703125
2014-12-04,115.87999725341797,101.09673309326172,96.78628540039062,172.00164794921875,90.8126220703125
2014-12-05,114.43000030517578,101.85836029052734,96.79542541503906,172.28329467773438,90.28321075439453
2014-12-08,115.77999877929688,100.58609771728516,96.1065673828125,171.1319122314453,91.38673400878906
2014-12-09,118.19000244140625,102.2738037109375,96.40968322753906,171.0159454345703,91.8564224243164
2014-12-10,117.95999908447266,100.1014633178711,94.89411163330078,168.27439880371094,92.52750396728516
2014-12-11,117.69000244140625,100.4995346069336,95.34419250488281,169.12744140625,92.90772247314453
2014-12-12,117.41000366210938,99.27921295166016,94.30621337890625,166.39418029785156,94.16780090332031
2014-12-15,114.38999938964844,98.27526092529297,93.33258819580078,165.2511444091797,93.97390747070312
2014-12-16,114.94999694824219,98.13678741455078,91.83536529541016,163.92584228515625,95.13701629638672
2014-12-17,114.2699966430664,101.16598510742188,93.5071029663086,167.1395721435547,94.27959442138672
2014-12-18,115.1500015258789,102.67189025878906,95.75751495361328,171.27273559570312,92.60200500488281
2014-12-19,114.7699966430664,102.90560150146484,96.17884826660156,172.00149536132812,93.8471450805664
2014-12-22,112.55000305175781,103.60662078857422,96.41854095458984,172.792724609375,93.97390747070312
2014-12-23,112.73999786376953,103.73646545410156,96.07744598388672,173.02593994140625,92.10993957519531
2014-12-24,112.7699966430664,104.0361557006836,96.1604232788086,173.0425567626953,92.61126708984375
2014-12-26,114.83000183105469,104.71375274658203,96.84268951416016,173.60060119628906,92.95499420166016
2014-12-29,113.66999816894531,105.15680694580078,96.82420349121094,173.83375549316406,93.64985656738281
2014-12-30,115.19999694824219,104.53999328613281,96.17884826660156,172.9010009765625,93.90390014648438
2014-12-31,113.58000183105469,103.91453552246094,95.19233703613281,171.18531799316406,94.08319091796875
2015-01-02,114.08000183105469,103.31515502929688,94.90653991699219,171.09365844726562,95.12924194335938
2015-01-05,115.80000305175781,101.9338607788086,93.51436614990234,168.0038299560547,96.62358856201172
2015-01-06,117.12000274658203,100.1703872680664,92.26055908203125,166.42138671875,98.36446380615234
2015-01-07,116.43000030517578,101.4039535522461,93.44985961914062,168.4951629638672,98.17024230957031
2015-01-08,115.94000244140625,103.12400817871094,95.23844909667969,171.48521423339844,96.8701171875
2015-01-09,117.26000213623047,102.1336898803711,94.61154174804688,170.11090087890625,97.93107604980469
2015-01-12,118.55999755859375,101.79489135742188,93.62503051757812,168.77841186523438,98.49149322509766
2015-01-13,118.16000366210938,101.87308502197266,93.59733581542969,168.30360412597656,98.49149322509766
2015-01-14,117.97000122070312,101.46479034423828,93.08109283447266,167.28750610351562,99.23866271972656
2015-01-15,120.94000244140625,99.75343322753906,91.87328338623047,165.75509643554688,100.8001937866211
2015-01-16,122.5199966430664,101.37789154052734,92.95199584960938,167.92881774902344,99.51509094238281
2015-01-20,124.19999694824219,100.95223999023438,93.68955993652344,168.2869873046875,100.83755493164062
2015-01-21,124.2300033569336,100.6308364868164,94.16896057128906,169.13648986816406,99.6719970703125
2015-01-22,125.2300033569336,102.68098449707031,95.9114761352539,171.6516876220703,99.3133773803711
2015-01-23,124.2300033569336,102.6114730834961,96.12353515625,170.71054077148438,100.69563293457031
2015-01-26,122.98999786376953,103.60179901123047,96.01290130615234,171.11032104492188,100.38929748535156
2015-01-27,124.4000015258789,103.10665893554688,93.52361297607422,168.85330200195312,100.54618072509766
2015-01-28,123.41999816894531,101.36923217773438,93.04417419433594,166.6878662109375,102.18992614746094
2015-01-29,120.76000213623047,102.76782989501953,93.93849182128906,168.22865295410156,101.517578125
2015-01-30,123.44999694824219,100.50921630859375,93.21014404296875,166.11322021484375,103.31815338134766
2015-02-02,122.41999816894531,101.4300308227539,94.021484375,168.17039489746094,102.9281005859375
2015-02-03,121.05000305175781,103.2456283569336,94.92500305175781,170.60226440429688,100.7494888305664
2015-02-04,121.58000183105469,102.86338806152344,94.8420181274414,169.95263671875,100.92169189453125
2015-02-05,121.79000091552734,104.19253540039062,95.66256713867188,171.66836547851562,99.81362915039062
2015-02-06,118.63999938964844,104.07959747314453,95.08173370361328,171.19358825683594,98.04673767089844
2015-02-09,119.16999816894531,103.25433349609375,94.77748107910156,170.4274444580078,97.88955688476562
2015-02-10,118.47000122070312,103.91453552246094,96.25264739990234,172.24298095703125,97.11088562011719
2015-02-11,117.06999969482422,103.7668685913086,96.60293579101562,172.34295654296875,97.29058074951172
2015-02-12,117.33999633789062,104.94828796386719,97.72775268554688,174.0003662109375,96.9686279296875
2015-02-13,117.9800033569336,105.57374572753906,98.56670379638672,174.71658325195312,95.9729232788086
2015-02-17,116.01000213623047,105.90384674072266,98.6589126586914,174.99143981933594,94.5279541015625
2015-02-18,116.33999633789062,106.01679229736328,98.79721069335938,175.00814819335938,95.08946228027344
2015-02-19,115.94000244140625,106.02548217773438,99.28585815429688,174.88319396972656,94.4605941772461
2015-02-20,115.27999877929688,106.3121566772461,99.94966888427734,175.93263244628906,94.73757934570312
2015-02-23,115.43000030517578,106.41641235351562,100.05107116699219,175.9076385498047,95.82315826416016
2015-02-24,115.26000213623047,106.55541229248047,100.12484741210938,176.40731811523438,97.0809097290039
2015-02-25,115.69999694824219,106.67701721191406,99.87590789794922,176.25735473632812,97.500244140625
2015-02-26,116.06999969482422,107.06793212890625,100.38298034667969,176.04916381835938,96.16755676269531
2015-02-27,116.16000366210938,106.48590850830078,99.94046020507812,175.4495391845703,96.97614288330078
2015-03-02,115.68000030517578,107.259033203125,100.843994140625,176.5572509765625,95.1697998046875
2015-03-03,115.47000122070312,106.6248779296875,100.373779296875,175.83262634277344,94.82477569580078
2015-03-04,115.11000061035156,106.2947769165039,99.98656463623047,175.09140014648438,94.85472869873047
2015-03-05,115.0,106.60750579833984,100.16171264648438,175.28302001953125,94.73475646972656
2015-03-06,111.86000061035156,105.26102447509766,99.02770233154297,172.81777954101562,92.64185333251953
2015-03-09,111.97000122070312,105.721435546875,99.31352996826172,173.5339813232422,93.49699401855469
2015-03-10,111.41999816894531,104.50525665283203,97.46961212158203,170.7189483642578,94.72721099853516
2015-03-11,110.75,105.14810180664062,96.90718841552734,170.3191375732422,95.41738891601562
2015-03-12,110.72000122070312,106.89419555664062,97.54337310791016,172.4845733642578,95.34992218017578
2015-03-13,110.87999725341797,106.51197052001953,97.11924743652344,171.4268798828125,95.05726623535156
2015-03-16,110.80999755859375,107.13741302490234,98.37310028076172,173.71722412109375,95.97245788574219
2015-03-17,110.20999908447266,107.42411804199219,98.52984619140625,173.20082092285156,96.76758575439453
2015-03-18,112.37000274658203,108.28412628173828,99.49788665771484,175.28302001953125,98.63549041748047
2015-03-19,112.29000091552734,108.49263000488281,99.64545440673828,174.48341369628906,98.13285064697266
2015-03-20,113.56999969482422,109.44816589355469,100.29045104980469,176.0235595703125,98.65043640136719
2015-03-23,114.29000091552734,109.35263061523438,100.09636688232422,175.6805877685547,98.53046417236328
2015-03-24,114.56999969482422,109.32657623291016,99.73597717285156,174.69338989257812,99.48311614990234
2015-03-25,114.7300033569336,106.71513366699219,97.4534912109375,172.13348388671875,98.64291381835938
2015-03-26,115.4800033569336,106.58441162109375,97.12085723876953,171.72360229492188,97.10511016845703
2015-03-27,115.05999755859375,107.2640609741211,97.50894927978516,172.11679077148438,98.31285858154297
2015-03-30,113.75,108.71920776367188,98.6270980834961,174.216552734375,97.82524108886719
2015-03-31,113.66000366210938,108.37068939208984,97.5828628540039,172.69395446777344,98.03533935546875
2015-04-01,115.5999984741211,108.41424560546875,97.07463073730469,172.08331298828125,99.32301330566406
2015-04-02,115.27999877929688,108.61465454101562,97.13932800292969,172.7023162841797,98.27057647705078
2015-04-06,116.69000244140625,109.09391784667969,97.93403625488281,173.86517333984375,97.72186279296875
2015-04-07,116.11000061035156,108.39683532714844,97.76770782470703,173.4050750732422,98.54122924804688
2015-04-08,115.47000122070312,109.32915496826172,98.5439224243164,173.99066162109375,98.57129669189453
2015-04-09,114.66999816894531,108.93706512451172,99.16305541992188,174.7603302001953,97.2934341430664
2015-04-10,115.97000122070312,109.45987701416016,99.56964111328125,175.71401977539062,97.43616485595703
2015-04-13,115.13999938964844,109.52958679199219,99.32015228271484,174.91925048828125,97.57152557373047
2015-04-14,114.44000244140625,109.50344848632812,99.03367614746094,175.25393676757812,98.26313018798828
2015-04-15,115.43000030517578,110.27022552490234,99.65283203125,176.04031372070312,98.18040466308594
2015-04-16,115.02999877929688,110.20926666259766,99.51420593261719,175.99009704589844,97.6917953491211
2015-04-17,115.5999984741211,108.42298126220703,97.96173858642578,173.965576171875,98.81184387207031
2015-04-20,114.72000122070312,109.48603057861328,99.4310302734375,175.55506896972656,97.93983459472656
2015-04-21,115.37999725341797,109.37273406982422,99.85611724853516,175.34593200683594,97.49634552001953
2015-04-22,113.83000183105469,109.53831481933594,100.40132904052734,176.20758056640625,96.00794982910156
2015-04-23,114.66000366210938,110.03498840332031,100.78020477294922,176.65097045898438,96.42137908935547
2015-04-24,113.05000305175781,109.66902923583984,102.1478500366211,177.06094360351562,97.02279663085938
2015-04-27,115.33000183105469,108.45784759521484,101.88909912109375,176.32476806640625,97.02279663085938
2015-04-28,116.33000183105469,109.05906677246094,101.68577575683594,176.8851776123047,95.68473052978516
2015-04-29,115.51000213623047,107.87401580810547,101.04817199707031,176.1574249267578,94.5121078491211
2015-04-30,113.47000122070312,105.59103393554688,99.458740234375,174.3922576904297,94.67749786376953
2015-05-01,113.08000183105469,106.2794189453125,100.77098083496094,176.28289794921875,93.40293884277344
2015-05-04,114.0999984741211,106.66283416748047,100.93730163574219,176.78488159179688,92.52163696289062
2015-05-05,114.41999816894531,105.30350494384766,99.29241943359375,174.7603302001953,92.39358520507812
2015-05-06,114.36000061035156,105.66948699951172,98.60860443115234,174.04086303710938,90.81178283691406
2015-05-07,113.41999816894531,106.0703125,99.20002746582031,174.7352294921875,92.03207397460938
2015-05-08,113.97000122070312,106.86324310302734,100.43828582763672,177.03582763671875,92.28060150146484
2015-05-11,113.52999877929688,106.92424774169922,100.05015563964844,176.19090270996094,90.03592681884766
2015-05-12,114.5,106.73252868652344,99.59735870361328,175.6638946533203,90.2694091796875
2015-05-13,116.55000305175781,106.73252868652344,99.80067443847656,175.69728088378906,89.54632568359375
2015-05-14,117.18000030517578,107.8653335571289,101.26072692871094,177.52938842773438,89.78740692138672
2015-05-15,117.52999877929688,107.74329376220703,101.26072692871094,177.72178649902344,91.5876235961914
2015-05-18,117.5199966430664,108.96321868896484,101.70428466796875,178.27392578125,90.05097961425781
2015-05-19,115.88999938964844,108.81510925292969,101.5934066772461,178.21536254882812,89.2525405883789
2015-05-20,116.08000183105469,109.01547241210938,101.65806579589844,178.08987426757812,89.40322875976562
2015-05-21,115.69000244140625,108.89350128173828,102.184814453125,178.6085968017578,90.65360260009766
2015-05-22,115.5999984741211,108.42298126220703,102.08313751220703,178.1819305419922,90.69127655029297
2015-05-26,113.91000366210938,107.38607025146484,100.9095687866211,176.2661895751953,92.24296569824219
2015-05-27,113.88999938964844,108.7018051147461,102.53594970703125,177.9392547607422,92.45386505126953
2015-05-28,114.0199966430664,108.60594940185547,102.3049087524414,177.738525390625,92.22791290283203
2015-05-29,114.0999984741211,107.95242309570312,101.69501495361328,176.6342315673828,92.4312973022461
2015-06-01,114.0,108.29226684570312,102.03693389892578,176.99395751953125,91.43785858154297
2015-06-02,114.45999908447266,108.50138854980469,101.7135238647461,176.81834411621094,90.16211700439453
2015-06-03,113.63999938964844,109.5818862915039,102.0184555053711,177.2867889404297,88.71272277832031
2015-06-04,112.83999633789062,108.48397827148438,101.24222564697266,175.78932189941406,89.86771392822266
2015-06-05,112.23999786376953,109.26817321777344,101.0019760131836,175.48817443847656,88.77311706542969
2015-06-08,112.56999969482422,108.76278686523438,99.97624206542969,174.4089813232422,88.67501831054688
2015-06-09,112.81999969482422,108.43170166015625,99.80992889404297,174.38388061523438,87.9729995727539
2015-06-10,113.77999877929688,109.78226470947266,101.17755889892578,176.4752960205078,87.20298767089844
2015-06-11,113.26000213623047,110.06111145019531,101.3254165649414,177.04415893554688,89.03734588623047
2015-06-12,113.2300033569336,109.73002624511719,100.49370574951172,175.68890380859375,89.03734588623047
2015-06-15,113.7300033569336,109.38143920898438,99.9947280883789,174.93600463867188,89.18082427978516
2015-06-16,113.31999969482422,110.15697479248047,100.53992462158203,175.8897247314453,89.88282775878906
2015-06-17,113.8499984741211,109.99142456054688,100.81716918945312,176.17410278320312,89.18836212158203
2015-06-18,115.31999969482422,111.4640121459961,102.28643035888672,178.00624084472656,88.75052642822266
2015-06-19,115.12000274658203,111.41172790527344,101.7807388305664,177.21600341796875,89.89036560058594
2015-06-22,113.63999938964844,112.17849731445312,102.53095245361328,178.12393188476562,88.05601501464844
2015-06-23,112.88999938964844,112.41377258300781,102.61433410644531,178.2500457763672,87.5276107788086
2015-06-24,112.58999633789062,111.4640121459961,102.08638763427734,176.9554443359375,88.28246307373047
2015-06-25,112.44000244140625,111.40301513671875,101.88261413574219,176.4174346923828,87.9729995727539
2015-06-26,112.55999755859375,111.09803771972656,101.20648193359375,176.3838348388672,86.98408508300781
2015-06-29,113.06999969482422,108.29226684570312,98.81687927246094,172.68496704101562,89.2864761352539
2015-06-30,112.37000274658203,108.79764556884766,99.16885375976562,173.04644775390625,88.66747283935547
2015-07-01,111.9800033569336,109.12006378173828,99.95609283447266,174.4335174560547,87.47062683105469
2015-07-02,111.76000213623047,108.31410217285156,99.98392486572266,174.27377319335938,87.75810241699219
2015-07-06,112.05999755859375,108.27913665771484,99.7523193359375,173.77780151367188,89.38468170166016
2015-07-07,110.76000213623047,108.4016342163086,100.00242614746094,174.87062072753906,90.22442626953125
2015-07-08,111.08999633789062,106.7477798461914,98.26118469238281,171.93675231933594,91.00365447998047
2015-07-09,111.36000061035156,107.1328125,98.20559692382812,172.247802734375,89.21063232421875
2015-07-10,111.48999786376953,108.62039947509766,99.7060546875,174.41673278808594,87.7959213256836
2015-07-13,110.98999786376953,109.8454360961914,101.4565658569336,176.34173583984375,87.52357482910156
2015-07-14,110.73999786376953,110.4580078125,102.12344360351562,177.10671997070312,87.8110580444336
2015-07-15,110.16000366210938,109.87171936035156,102.23458099365234,177.0478973388672,88.74163818359375
2015-07-16,109.76000213623047,110.52799987792969,103.67945861816406,178.46859741210938,89.3543701171875
2015-07-17,108.6500015258789,110.04674530029297,105.20768737792969,178.61990356445312,89.81588745117188
2015-07-20,105.69999694824219,109.45173645019531,105.56892395019531,178.7123565673828,89.43762969970703
2015-07-21,105.37000274658203,108.93543243408203,105.50408935546875,178.00624084472656,89.92182159423828
2015-07-22,104.80000305175781,109.33795166015625,104.3093032836914,177.68682861328125,90.48164367675781
2015-07-23,104.33000183105469,108.13037109375,103.9202880859375,176.6864471435547,91.60890197753906
2015-07-24,105.3499984741211,106.3890151977539,102.90143585205078,174.8538360595703,91.83580780029297
2015-07-27,104.86000061035156,105.50521850585938,102.04934692382812,173.8366241455078,92.32760620117188
2015-07-28,105.0199966430664,106.40652465820312,102.92923736572266,175.97186279296875,91.65428924560547
2015-07-29,105.16999816894531,106.70404052734375,103.31824493408203,177.182373046875,91.31380462646484
2015-07-30,104.2699966430664,107.01032257080078,103.80913543701172,177.22442626953125,92.01742553710938
2015-07-31,104.93000030517578,107.5965805053711,103.68873596191406,176.9554443359375,92.69827270507812
2015-08-03,104.0999984741211,107.06279754638672,103.36456298828125,176.3585662841797,93.6740951538086
2015-08-04,104.30999755859375,106.80902099609375,103.17005157470703,176.01388549804688,92.93111419677734
2015-08-05,103.93000030517578,107.05403900146484,103.96656036376953,176.59397888183594,92.23352813720703
2015-08-06,104.38999938964844,105.61022186279297,102.29940795898438,175.1480255126953,93.0523681640625
2015-08-07,104.6500015258789,104.90141296386719,102.16972351074219,174.8118133544922,94.27306365966797
2015-08-10,105.72000122070312,106.10899353027344,103.3367691040039,177.0142822265625,93.1054458618164
2015-08-11,106.26000213623047,105.19896697998047,102.01227569580078,175.41709899902344,94.58390045166016
2015-08-12,107.75,104.99767303466797,102.36424255371094,175.6272430419922,94.06829071044922
2015-08-13,106.86000061035156,104.64765167236328,102.19751739501953,175.40866088867188,93.7651138305664
2015-08-14,106.8499984741211,105.32146453857422,102.35498809814453,176.0475616455078,93.98490905761719
2015-08-17,107.12999725341797,106.43277740478516,103.20706939697266,177.03109741210938,94.40956115722656
2015-08-18,107.11000061035156,105.58396911621094,102.67915344238281,176.518310546875,93.66650390625
2015-08-19,108.55000305175781,104.49012756347656,102.00303649902344,175.12283325195312,94.59148406982422
2015-08-20,110.44000244140625,101.84750366210938,99.1781005859375,171.46600341796875,95.54676818847656
2015-08-21,111.12999725341797,100.65740966796875,94.8434829711914,166.30445861816406,95.83492279052734
2015-08-24,110.52999877929688,96.72844696044922,91.19419860839844,159.3019256591797,95.80458068847656
2015-08-25,109.16000366210938,95.984619140625,90.85147094726562,157.42727661132812,94.26545715332031
2015-08-26,107.66999816894531,98.426025390625,95.42697143554688,163.47152709960938,92.44581604003906
2015-08-27,107.7300033569336,100.18487548828125,97.84437561035156,167.51495361328125,92.4989013671875
2015-08-28,108.69999694824219,101.17371368408203,97.82582092285156,167.5233917236328,92.77181243896484
2015-08-31,108.81999969482422,100.80620574951172,96.61251068115234,166.16995239257812,92.05914306640625
2015-09-01,109.19999694824219,97.91849517822266,93.59307098388672,161.2101287841797,92.7224349975586
2015-09-02,108.62000274658203,99.6773452758789,96.23278045654297,164.2701416015625,91.92467498779297
2015-09-03,107.83999633789062,99.51982879638672,95.76041412353516,164.38783264160156,92.37295532226562
2015-09-04,107.48999786376953,98.76727294921875,94.62117004394531,161.89950561523438,93.21637725830078
2015-09-08,107.5199966430664,101.02493286132812,97.28865814208984,165.96823120117188,91.84107971191406
2015-09-09,106.12999725341797,99.86111450195312,96.19572448730469,163.74893188476562,92.28176879882812
2015-09-10,106.37999725341797,100.31613159179688,97.24235534667969,164.63998413085938,91.65872192382812
2015-09-11,106.16000366210938,100.7886734008789,97.779541015625,165.38818359375,92.23616790771484
2015-09-14,106.22000122070312,100.32490539550781,97.48313903808594,164.77452087402344,92.38052368164062
2015-09-15,105.9000015258789,101.45372772216797,98.63164520263672,166.83409118652344,90.61013793945312
2015-09-16,107.30999755859375,102.3287582397461,99.1873550415039,168.27993774414062,90.26822662353516
2015-09-17,108.41000366210938,102.67877197265625,99.22442626953125,167.90174865722656,91.3699722290039
2015-09-18,109.20999908447266,101.2612075805664,97.81314849853516,165.15789794921875,92.77568054199219
2015-09-21,108.52999877929688,101.07746124267578,98.1195297241211,166.01141357421875,91.26355743408203
2015-09-22,107.79000091552734,99.54609680175781,96.65257263183594,163.85659790039062,92.5324935913086
2015-09-23,108.22000122070312,99.24858093261719,96.72687530517578,163.5946807861328,92.5249252319336
2015-09-24,110.48999786376953,99.08232116699219,96.37406921386719,163.00314331054688,93.15559387207031
2015-09-25,109.80999755859375,97.77826690673828,95.55701446533203,162.9609375,92.35014343261719
2015-09-28,108.41999816894531,95.04025268554688,92.83662414550781,158.87106323242188,93.93063354492188
2015-09-29,107.9800033569336,94.3645248413086,92.35383605957031,158.9640350341797,94.19654846191406
2015-09-30,106.86000061035156,95.8300552368164,94.4800033569336,161.9299774169922,93.86981964111328
2015-10-01,106.7300033569336,95.663330078125,94.90708923339844,162.35252380371094,94.27033996582031
2015-10-02,108.98999786376953,97.08496856689453,96.56902313232422,164.77767944335938,94.8414077758789
2015-10-05,108.7699966430664,99.40177917480469,97.95242309570312,167.70989990234375,93.5545654296875
2015-10-06,109.86000061035156,98.71724700927734,97.48820495605469,167.13523864746094,93.9581298828125
2015-10-07,109.69999694824219,100.46359252929688,98.07308959960938,168.50424194335938,93.64594268798828
2015-10-08,109.13999938964844,101.36749267578125,98.46307373046875,170.0252227783203,92.86167907714844
2015-10-09,110.87000274658203,101.56932830810547,98.90872955322266,170.12664794921875,93.10531616210938
2015-10-12,111.30999755859375,101.42015075683594,99.15015411376953,170.28712463378906,93.81346893310547
2015-10-13,111.86000061035156,100.03360748291016,98.50949096679688,169.2140350341797,93.9734115600586
2015-10-14,113.80999755859375,99.05071258544922,98.35165405273438,168.4027862548828,94.79568481445312
2015-10-15,113.29000091552734,101.42015075683594,99.9671859741211,170.98854064941406,94.33130645751953
2015-10-16,112.48999786376953,101.28850555419922,100.3849868774414,171.76596069335938,94.36167907714844
2015-10-19,112.0199966430664,101.48157501220703,100.96061706542969,171.85040283203125,94.10279846191406
2015-10-20,112.7300033569336,101.3411865234375,100.4406967163086,171.6307373046875,93.5241470336914
2015-10-21,111.7300033569336,99.7966537475586,99.8279037475586,170.56607055664062,94.4530258178711
2015-10-22,111.69000244140625,100.67423248291016,101.86124420166016,173.44747924804688,94.61296081542969
2015-10-23,111.5,101.66586303710938,104.71159362792969,175.34881591796875,93.80582427978516
2015-10-26,111.43000030517578,100.97259521484375,104.77660369873047,174.9178466796875,94.43020629882812
2015-10-27,111.68000030517578,99.8668441772461,104.99016571044922,174.57981872558594,94.666259765625
2015-10-28,110.77999877929688,102.78038024902344,105.86287689208984,176.56561279296875,94.28557586669922
2015-10-29,109.72000122070312,101.6834487915039,105.69576263427734,176.4642333984375,92.78556060791016
2015-10-30,109.30000305175781,101.21829986572266,105.22224426269531,175.70370483398438,93.48609924316406
2015-11-02,108.58999633789062,103.32447814941406,106.41070556640625,177.78240966796875,93.05645751953125
2015-11-03,106.9800033569336,103.85979461669922,106.78207397460938,178.29791259765625,92.29337310791016
2015-11-04,105.97000122070312,103.80713653564453,106.79135131835938,177.75709533691406,92.40019226074219
2015-11-05,105.63999938964844,103.8861083984375,106.5035400390625,177.57960510253906,92.15606689453125
2015-11-06,104.0999984741211,104.62326049804688,106.57780456542969,177.48670959472656,90.80536651611328
2015-11-09,104.4000015258789,103.39469146728516,105.4450912475586,175.83045959472656,90.2941665649414
2015-11-10,104.18000030517578,103.70181274414062,105.17587280273438,176.23606872558594,90.56121063232422
2015-11-11,103.83000183105469,102.79789733886719,105.04586029052734,175.54319763183594,90.37043762207031
2015-11-12,103.8499984741211,100.83219909667969,104.02456665039062,173.0925750732422,90.80536651611328
2015-11-13,103.55999755859375,100.10379791259766,101.9819107055664,171.14907836914062,91.32426452636719
2015-11-16,103.70999908447266,100.96382904052734,103.44888305664062,173.75173950195312,91.24037170410156
2015-11-17,102.33999633789062,100.57769012451172,103.513916015625,173.62498474121094,91.39295196533203
2015-11-18,102.43000030517578,102.2801513671875,105.50081634521484,176.37973022460938,91.58370208740234
2015-11-19,103.55999755859375,101.85016632080078,105.57508850097656,176.2275848388672,92.1941909790039
2015-11-20,103.08999633789062,102.50833892822266,106.28999328613281,176.86981201171875,91.91184997558594
2015-11-23,102.26000213623047,103.01730346679688,105.98358154296875,176.66702270507812,92.1941909790039
2015-11-24,102.94000244140625,103.77201080322266,105.89076232910156,176.90365600585938,92.18656921386719
2015-11-25,102.45999908447266,104.57937622070312,105.98358154296875,176.8782958984375,92.40019226074219
2015-11-27,101.25,104.97428894042969,106.13215637207031,177.0810546875,92.30866241455078
2015-11-30,101.91999816894531,104.51798248291016,105.86287689208984,176.3459014892578,92.67494201660156
2015-12-01,102.27999877929688,105.21121215820312,106.9213638305664,178.02743530273438,93.92674255371094
2015-12-02,100.69000244140625,104.07917785644531,106.26212310791016,176.21072387695312,93.95733642578125
2015-12-03,101.76000213623047,102.32404327392578,104.46092224121094,173.7432403564453,91.4032211303711
2015-12-04,104.0199966430664,103.35956573486328,106.90277099609375,177.1317596435547,92.20620727539062
2015-12-07,102.66999816894531,101.8062973022461,106.41999053955078,176.0586700439453,93.10084533691406
2015-12-08,102.83999633789062,101.24463653564453,106.42924499511719,174.8756103515625,93.146728515625
2015-12-09,102.63999938964844,100.11256408691406,104.81373596191406,173.5150909423828,93.04730224609375
2015-12-10,102.55000305175781,100.44608306884766,105.28724670410156,173.9630126953125,93.16966247558594
2015-12-11,103.11000061035156,98.20824432373047,102.86398315429688,170.59132385253906,94.63786315917969
2015-12-14,101.79000091552734,97.50621795654297,103.6438980102539,171.4532470703125,93.41436767578125
2015-12-15,101.5199966430664,98.91033172607422,104.27522277832031,173.25318908691406,92.86377716064453
2015-12-16,102.75,100.41975402832031,105.82577514648438,175.78819274902344,92.6649398803711
2015-12-17,100.5,99.3490982055664,104.28453826904297,173.10951232910156,93.71259307861328
2015-12-18,102.04000091552734,97.83092498779297,102.2840805053711,170.0255889892578,94.23258972167969
2015-12-21,103.1500015258789,98.56808471679688,103.42027282714844,171.42813110351562,94.20966339111328
2015-12-22,102.61000061035156,99.47193908691406,104.1001205444336,172.98370361328125,93.52908325195312
2015-12-23,102.30999755859375,100.72687530517578,104.87308502197266,175.12582397460938,92.82557678222656
2015-12-24,103.05000305175781,100.91726684570312,104.85447692871094,174.83677673339844,93.35738372802734
2015-12-28,102.2699966430664,100.45014190673828,104.79859924316406,174.43728637695312,93.63324737548828
2015-12-29,102.19999694824219,101.53422546386719,106.44699096679688,176.2989044189453,92.07765197753906
2015-12-30,101.41999816894531,100.5118179321289,105.48776245117188,175.04931640625,91.9857177734375
2015-12-31,101.45999908447266,99.26026153564453,104.17462158203125,173.29823303222656,92.39954376220703
2016-01-04,102.88999938964844,96.95989227294922,101.97677612304688,170.87562561035156,93.06620025634766
2016-01-05,103.18000030517578,97.17144775390625,101.79981231689453,171.1646270751953,92.69072723388672
2016-01-06,104.66999816894531,95.69068908691406,100.82195281982422,169.00552368164062,93.93973541259766
2016-01-07,106.1500015258789,93.13472747802734,97.66487121582031,164.95077514648438,94.10836029052734
2016-01-08,105.68000030517578,91.53062438964844,96.86396026611328,163.14019775390625,94.52980041503906
2016-01-11,104.73999786376953,91.13401794433594,97.1619644165039,163.3017120361328,93.4952621459961
2016-01-12,104.20999908447266,91.40721893310547,98.28883361816406,164.6192626953125,94.8439712524414
2016-01-13,104.72000122070312,88.47224426269531,94.89893341064453,160.5135498046875,95.77886962890625
2016-01-14,103.0199966430664,89.69734191894531,96.91983795166016,163.14869689941406,94.88230895996094
2016-01-15,104.08000183105469,88.24310302734375,93.91175079345703,159.64654541015625,96.36123657226562
2016-01-19,103.9800033569336,87.05323791503906,94.11663055419922,159.85902404785156,96.06234741210938
2016-01-20,105.37000274658203,87.41461944580078,93.82793426513672,157.81040954589844,97.07392883300781
2016-01-21,105.48999786376953,87.2118911743164,93.92105102539062,158.69451904296875,96.41488647460938
2016-01-22,105.0,89.34484100341797,96.64043426513672,161.95016479492188,96.04705047607422
2016-01-25,106.08000183105469,87.36172485351562,95.20626831054688,159.5019989013672,96.56816864013672
2016-01-26,107.29000091552734,89.1068344116211,96.06305694580078,161.67813110351562,96.61414337158203
2016-01-27,107.69000244140625,87.88172912597656,93.66961669921875,159.91854858398438,96.59114837646484
2016-01-28,106.54000091552734,87.86414337158203,94.9920654296875,160.75161743164062,96.72907257080078
2016-01-29,106.94999694824219,90.7461929321289,96.97571563720703,164.6702880859375,97.54900360107422
2016-02-01,108.05000305175781,90.3319320678711,97.23646545410156,164.6107635498047,97.25031280517578
2016-02-02,108.08999633789062,88.38414001464844,95.13175964355469,161.64414978027344,99.05452728271484
2016-02-03,109.25,88.49868774414062,94.67542266845703,162.61317443847656,98.23301696777344
2016-02-04,110.56999969482422,88.84249114990234,94.6661376953125,162.86817932128906,98.70903015136719
2016-02-05,112.31999969482422,86.40982055664062,91.37863159179688,159.7655029296875,98.82423400878906
2016-02-08,113.83000183105469,84.99085235595703,89.98169708251953,157.61495971679688,100.95091247558594
2016-02-09,113.58000183105469,84.41795349121094,89.70230102539062,157.62342834472656,101.05831909179688
2016-02-10,114.45999908447266,84.4620132446289,90.04688262939453,157.4874267578125,101.94892120361328
2016-02-11,119.05999755859375,83.5453872680664,89.91647338867188,155.43882751464844,102.66293334960938
2016-02-12,118.36000061035156,85.1318359375,91.28553009033203,158.64353942871094,100.95854949951172
2016-02-16,114.7699966430664,87.15020751953125,93.34366607666016,161.3211669921875,99.89137268066406
2016-02-17,115.4800033569336,88.51632690429688,95.45771789550781,163.9562530517578,99.27716064453125
2016-02-18,118.29000091552734,88.0932846069336,94.36811065673828,163.28468322753906,100.49789428710938
2016-02-19,117.58000183105469,88.53397369384766,94.64747619628906,163.2082061767578,100.58232879638672
2016-02-22,115.48999786376953,89.5210952758789,96.18412780761719,165.57131958007812,100.52861022949219
2016-02-23,117.22000122070312,88.7013931274414,94.60092163085938,163.48025512695312,100.9355239868164
2016-02-24,117.61000061035156,89.55635833740234,95.50428009033203,164.22825622558594,100.73590850830078
2016-02-25,117.91999816894531,90.37602996826172,96.44486999511719,166.2173614501953,101.09676361083984
2016-02-26,117.11000061035156,90.94892120361328,96.32380676269531,165.83486938476562,100.12167358398438
2016-02-29,118.63999938964844,90.54347229003906,95.45771789550781,164.53424072265625,100.55933380126953
2016-03-01,117.7699966430664,92.49134063720703,98.52165222167969,168.4019317626953,98.78858184814453
2016-03-02,118.68000030517578,93.44318389892578,98.55887603759766,169.1584930419922,99.19628143310547
2016-03-03,120.7300033569336,94.4215087890625,98.37263488769531,169.82151794433594,99.55782318115234
2016-03-04,120.54000091552734,94.9415512084961,98.4098892211914,170.3740692138672,98.91936492919922
2016-03-07,121.13999938964844,95.9727554321289,97.80455780029297,170.5100555419922,98.88867950439453
2016-03-08,120.58000183105469,93.65471649169922,96.99433898925781,168.64846801757812,99.98089599609375
2016-03-09,119.58000183105469,94.13067626953125,97.61829376220703,169.48150634765625,99.37324523925781
2016-03-10,121.5,93.36386108398438,97.46929168701172,169.61753845214844,98.96553802490234
2016-03-11,119.41000366210938,95.3646011352539,99.1735610961914,172.35470581054688,97.96558380126953
2016-03-14,117.87000274658203,95.11781311035156,99.3411865234375,172.1336212158203,98.27324676513672
2016-03-15,117.95999908447266,93.63710021972656,99.3039321899414,171.85313415527344,98.36554718017578
2016-03-16,120.58999633789062,94.29814147949219,100.18869018554688,172.8477020263672,98.65785217285156
2016-03-17,120.12999725341797,95.74359130859375,100.13279724121094,173.94427490234375,99.06555938720703
2016-03-18,119.80000305175781,96.60733032226562,100.28970336914062,174.6277618408203,99.27320861816406
2016-03-21,118.95999908447266,96.378173828125,100.68203735351562,174.8755645751953,98.51171112060547
2016-03-22,119.30999755859375,96.26361083984375,100.99026489257812,174.7816162109375,98.48860168457031
2016-03-23,116.61000061035156,94.48405456542969,100.15896606445312,173.6281280517578,99.6039810180664
2016-03-24,116.33000183105469,94.76695251464844,100.18698120117188,173.55120849609375,99.6424331665039
2016-03-28,116.5999984741211,94.88187408447266,100.04689025878906,173.6537628173828,99.77322387695312
2016-03-29,118.76000213623047,97.51627349853516,101.6534423828125,175.2600555419922,100.81935119628906
2016-03-30,117.0999984741211,97.52507781982422,102.14849090576172,176.02908325195312,99.75784301757812
2016-03-31,117.63999938964844,97.79913330078125,101.99905395507812,175.60186767578125,100.46549987792969
2016-04-01,116.93000030517578,98.23230743408203,103.08255004882812,176.7980194091797,100.7275390625
2016-04-04,116.1500015258789,97.41018676757812,102.69026184082031,176.2255859375,100.78921508789062
2016-04-05,117.66000366210938,96.30516052246094,101.70014190673828,174.46546936035156,101.8914566040039
2016-04-06,116.94000244140625,97.39250946044922,103.37210845947266,176.37083435058594,101.1514892578125
2016-04-07,118.61000061035156,96.07530975341797,101.88697814941406,174.2604217529297,102.40020751953125
2016-04-08,118.43000030517578,96.45542907714844,101.8122329711914,174.7303009033203,101.75269317626953
2016-04-11,120.02999877929688,96.15486907958984,101.43860626220703,174.32020568847656,101.62166595458984
2016-04-12,120.05000305175781,97.18917846679688,102.28860473632812,175.94361877441406,100.92022705078125
2016-04-13,118.7699966430664,99.28428649902344,103.5962905883789,177.72080993652344,101.2747802734375
2016-04-14,117.11000061035156,99.16053009033203,103.6056137084961,177.7293701171875,100.78921508789062
2016-04-15,117.91999816894531,99.40805053710938,103.34410858154297,177.5328369140625,101.6524887084961
2016-04-18,117.73999786376953,100.15946960449219,103.89518737792969,178.7803192138672,101.21315002441406
2016-04-19,119.58000183105469,100.23904418945312,103.26000213623047,179.3441925048828,100.89713287353516
2016-04-20,118.97000122070312,100.38931274414062,103.34410858154297,179.51510620117188,99.78713989257812
2016-04-21,119.41999816894531,99.88543701171875,103.35343933105469,178.54962158203125,99.19365692138672
2016-04-22,117.88999938964844,100.87551879882812,101.7935562133789,178.54962158203125,98.93925476074219
2016-04-25,118.2300033569336,100.15946960449219,101.7935562133789,178.24203491210938,98.53077697753906
2016-04-26,118.69999694824219,101.14073944091797,101.29849243164062,178.50689697265625,98.08377075195312
2016-04-27,119.04000091552734,101.49434661865234,100.48588562011719,178.87432861328125,99.06260681152344
2016-04-28,121.29000091552734,100.33627319335938,99.27161407470703,177.2508544921875,99.47115325927734
2016-04-29,123.6500015258789,99.4345932006836,98.74853515625,176.29393005371094,99.72553253173828
2016-05-02,123.23999786376953,100.31859588623047,99.68257904052734,177.6951904296875,98.72150421142578
2016-05-03,122.95999908447266,98.67433166503906,98.75785064697266,176.1486358642578,99.96495056152344
2016-05-04,122.20999908447266,97.86104583740234,98.1227035522461,175.16610717773438,100.5132827758789
2016-05-05,122.06999969482422,97.47205352783203,98.09468078613281,175.13192749023438,101.18521881103516
2016-05-06,123.18000030517578,98.04664611816406,98.61776733398438,175.772705078125,100.75272369384766
2016-05-09,120.6500015258789,98.3295669555664,98.89797973632812,175.91798400878906,101.06941986083984
2016-05-10,120.9800033569336,99.31964874267578,100.25235748291016,178.10531616210938,101.0771484375
2016-05-11,122.12000274658203,98.09086608886719,99.3463363647461,176.43914794921875,101.64864349365234
2016-05-12,121.16000366210938,97.56927490234375,98.90733337402344,176.49049377441406,101.18521881103516
2016-05-13,121.70999908447266,96.9239501953125,98.54305267333984,174.95248413085938,102.16614532470703
2016-05-16,121.80000305175781,98.15274047851562,99.77599334716797,176.67837524414062,101.2856216430664
2016-05-17,122.22000122070312,96.59687042236328,98.52435302734375,175.0293731689453,101.45555877685547
2016-05-18,120.0999984741211,97.10075378417969,98.87928771972656,175.08062744140625,100.01128387451172
2016-05-19,119.87000274658203,96.32282257080078,98.36557006835938,174.47401428222656,100.44380187988281
2016-05-20,119.70999908447266,97.94055938720703,99.44906616210938,175.57626342773438,100.52102661132812
2016-05-23,119.37000274658203,97.82566833496094,99.31830596923828,175.33702087402344,100.74497985839844
2016-05-24,117.30000305175781,99.84122467041016,101.30784606933594,177.60977172851562,100.29704284667969
2016-05-25,116.9800033569336,100.4247055053711,102.03641510009766,178.81446838378906,99.9185791015625
2016-05-26,116.58000183105469,100.30976104736328,102.3353042602539,178.8657684326172,100.43605041503906
2016-05-27,115.62000274658203,101.30870056152344,102.86772918701172,179.634765625,100.289306640625
2016-05-31,116.05999755859375,101.66230773925781,103.0638656616211,179.29296875,100.52873992919922
2016-06-01,115.94000244140625,102.35186004638672,103.07322692871094,179.66036987304688,100.93658447265625
2016-06-02,115.66999816894531,103.13864135742188,103.28804779052734,180.207275390625,101.66411590576172
2016-06-03,118.87999725341797,102.51981353759766,102.80233764648438,179.66891479492188,103.1113510131836
2016-06-06,118.91999816894531,103.62484741210938,103.17594909667969,180.58311462402344,102.34519958496094
2016-06-07,118.81999969482422,103.9254150390625,102.91443634033203,180.86509704589844,102.59282684326172
2016-06-08,120.58000183105469,104.69449615478516,103.09188079833984,181.4546661376953,103.14234924316406
2016-06-09,121.25,104.02265930175781,102.92375946044922,181.20687866210938,103.80794525146484
2016-06-10,121.73999786376953,102.60820770263672,101.75621032714844,179.48951721191406,104.31098937988281
2016-06-13,122.63999938964844,101.49434661865234,100.90621185302734,178.10531616210938,104.77532196044922
2016-06-14,122.7699966430664,101.20259857177734,100.90621185302734,177.75498962402344,104.69795989990234
2016-06-15,123.68000030517578,101.27334594726562,100.61663818359375,177.5072479248047,105.10041809082031
2016-06-16,122.37999725341797,101.26451110839844,100.91553497314453,178.03695678710938,105.61116790771484
2016-06-17,123.94999694824219,100.83133697509766,99.73267364501953,177.3739471435547,104.95337677001953
2016-06-20,123.20999908447266,101.927490234375,100.36016082763672,178.5162353515625,103.83108520507812
2016-06-21,120.83999633789062,101.7330322265625,100.67859649658203,179.02291870117188,103.35128784179688
2016-06-22,120.9000015258789,101.3352279663086,100.43510437011719,178.73089599609375,103.52154541015625
2016-06-23,120.11000061035156,103.27122497558594,101.86799621582031,181.05845642089844,102.33741760253906
2016-06-24,126.0,99.34617614746094,97.67228698730469,174.5568389892578,105.08489227294922
2016-06-27,126.68000030517578,96.08413696289062,95.73363494873047,171.43055725097656,107.70852661132812
2016-06-28,125.31999969482422,97.56927490234375,97.83151245117188,174.52247619628906,107.93296813964844
2016-06-29,125.83999633789062,99.78819274902344,99.56409454345703,177.494140625,107.10487365722656
2016-06-30,126.47000122070312,101.64462280273438,100.716064453125,179.9161376953125,107.49959564208984
2016-07-01,128.41000366210938,102.007080078125,101.22180938720703,180.29408264160156,108.99217224121094
2016-07-05,129.47000122070312,100.5042495727539,100.6036605834961,178.99717712402344,110.35675048828125
2016-07-06,130.22999572753906,101.23401641845703,101.42782592773438,180.07077026367188,110.53511047363281
2016-07-07,129.74000549316406,101.44733428955078,101.7275390625,179.9591064453125,110.52731323242188
2016-07-08,130.52000427246094,103.8117446899414,103.30094146728516,182.63880920410156,111.34149932861328
2016-07-11,129.2899932861328,105.01171875,103.89095306396484,183.28292846679688,110.36449432373047
2016-07-12,127.1500015258789,106.4161605834961,104.41541290283203,184.61422729492188,108.55021667480469
2016-07-13,128.32000732421875,105.99837493896484,104.16253662109375,184.58840942382812,109.82952880859375
2016-07-14,127.33000183105469,106.10504913330078,104.87432098388672,185.61904907226562,108.23237609863281
2016-07-15,126.83999633789062,106.39837646484375,104.70573425292969,185.37001037597656,107.30183410644531
2016-07-18,127.04000091552734,106.57614135742188,105.39876556396484,185.86813354492188,107.20106506347656
2016-07-19,127.20999908447266,106.0428237915039,105.0147933959961,185.67919921875,107.80584716796875
2016-07-20,125.38999938964844,106.73616790771484,106.24166870117188,186.45217895507812,107.2165756225586
2016-07-21,127.30000305175781,106.22948455810547,105.9981460571289,185.74790954589844,107.43363189697266
2016-07-22,126.3499984741211,107.02057647705078,106.43833923339844,186.58099365234375,107.61972045898438
2016-07-25,125.47000122070312,106.86058807373047,106.44768524169922,186.07424926757812,107.542236328125
2016-07-26,126.0,107.37613677978516,106.56948852539062,186.16015625,107.7127685546875
2016-07-27,128.02999877929688,107.6783447265625,107.3093490600586,185.9626007080078,109.05416107177734
2016-07-28,127.66000366210938,107.40282440185547,107.68394470214844,186.17730712890625,108.8525619506836
2016-07-29,128.97999572753906,107.61614227294922,107.91810607910156,186.47792053222656,109.75978088378906
2016-08-01,129.22000122070312,107.70503997802734,108.48938751220703,186.32334899902344,108.56969451904297
2016-08-02,130.27000427246094,106.20282745361328,107.66521453857422,185.12953186035156,107.451171875
2016-08-03,129.64999389648438,107.06501770019531,108.02108764648438,185.67063903808594,107.5132827758789
2016-08-04,129.8699951171875,107.16282653808594,108.33016204833984,185.86813354492188,108.32117462158203
2016-08-05,127.55000305175781,108.70943450927734,109.36973571777344,187.3883514404297,107.1948471069336
2016-08-08,127.44000244140625,108.65614318847656,109.24797821044922,187.27667236328125,107.39678955078125
2016-08-09,127.95999908447266,108.77167510986328,109.5008316040039,187.3883514404297,108.45319366455078
2016-08-10,128.55999755859375,107.98944854736328,109.21988677978516,186.92454528808594,108.87262725830078
2016-08-11,127.66999816894531,108.50501251220703,109.68816375732422,187.79197692871094,107.90171813964844
2016-08-12,127.4000015258789,108.6116714477539,109.76307678222656,187.62881469726562,108.810546875
2016-08-15,127.83999633789062,109.68721008300781,110.2313232421875,188.1699676513672,107.78514099121094
2016-08-16,128.47000122070312,108.79833984375,109.62260437011719,187.19940185546875,107.49776458740234
2016-08-17,128.5,108.47833251953125,109.81925964355469,187.55152893066406,108.14250946044922
2016-08-18,129.11000061035156,109.27832794189453,109.84735870361328,187.97238159179688,108.31336975097656
2016-08-19,127.97000122070312,109.27832794189453,109.81925964355469,187.69754028320312,107.74638366699219
2016-08-22,127.77999877929688,109.52720642089844,109.903564453125,187.68893432617188,108.6551513671875
2016-08-23,127.76000213623047,110.2916488647461,110.1002426147461,188.06686401367188,108.77172088623047
2016-08-24,126.33999633789062,109.3938980102539,109.38844299316406,187.1049346923828,108.51538848876953
2016-08-25,126.2300033569336,109.6072006225586,109.21050262451172,186.97605895996094,108.10369873046875
2016-08-26,126.05000305175781,109.38500213623047,109.36973571777344,186.6239776611328,107.47447204589844
2016-08-29,126.30000305175781,109.95387268066406,109.51957702636719,187.54290771484375,108.91152954101562
2016-08-30,125.02999877929688,110.1583480834961,109.1636962890625,187.2337188720703,108.49207305908203
2016-08-31,124.77999877929688,109.5361099243164,109.05131530761719,186.70127868652344,108.64739990234375
2016-09-01,125.29000091552734,109.61608123779297,109.332275390625,186.70985412597656,108.76725006103516
2016-09-02,126.56999969482422,110.67388153076172,109.68816375732422,187.55152893066406,107.8801040649414
2016-09-06,128.7100067138672,110.78053283691406,110.3718490600586,188.1183624267578,108.6660385131836
2016-09-07,128.27000427246094,111.47386169433594,110.4373779296875,188.1011962890625,108.5882339477539
2016-09-08,127.58999633789062,111.25162506103516,109.79118347167969,187.6717529296875,107.22647857666016
2016-09-09,126.75,107.7761459350586,107.0283432006836,183.1798553466797,105.45992279052734
2016-09-12,126.58999633789062,109.27832794189453,108.94829559326172,185.8079833984375,105.51445007324219
2016-09-13,125.75,107.18060302734375,107.97427368164062,183.13693237304688,104.31597900390625
2016-09-14,126.18000030517578,107.19835662841797,108.48938751220703,183.06820678710938,104.47171020507812
2016-09-15,125.37000274658203,108.47833251953125,110.1751480102539,184.89759826660156,104.0202865600586
2016-09-16,125.05999755859375,108.31834411621094,110.1225814819336,184.1829071044922,104.86073303222656
2016-09-19,125.31999969482422,109.03833770751953,109.64375305175781,184.21734619140625,104.51834106445312
2016-09-20,125.44000244140625,108.57612609863281,109.85028839111328,184.22596740722656,104.88406372070312
2016-09-21,127.2699966430664,110.14942932128906,110.93002319335938,186.29771423339844,105.7323226928711
2016-09-22,127.56999969482422,111.73162078857422,111.8125991821289,187.47174072265625,106.57279205322266
2016-09-23,127.6500015258789,110.94052124023438,111.09904479980469,186.44448852539062,106.47158813476562
2016-09-26,127.55000305175781,109.83883666992188,110.16954040527344,184.93386840820312,107.14860534667969
2016-09-27,126.62000274658203,110.28450012207031,111.2586669921875,186.08189392089844,107.93460845947266
2016-09-28,126.22000122070312,111.13125610351562,111.44640350341797,187.00558471679688,107.701171875
2016-09-29,126.06999969482422,109.50906372070312,110.63895416259766,185.31369018554688,107.97354125976562
2016-09-30,125.63999938964844,110.71232604980469,111.46520233154297,186.71205139160156,107.00859832763672
2016-10-03,125.31999969482422,110.36471557617188,111.30557250976562,186.26321411132812,106.65541076660156
2016-10-04,120.97000122070312,109.82100677490234,111.13658142089844,185.31369018554688,105.40802001953125
2016-10-05,120.77999877929688,110.48060607910156,111.53092193603516,186.13372802734375,104.91690063476562
2016-10-06,119.66000366210938,110.36471557617188,111.47460174560547,186.26321411132812,104.33226013183594
2016-10-07,119.73999786376953,109.48233032226562,111.23046875,185.62440490722656,104.40243530273438
2016-10-10,120.16000366210938,110.79256439208984,111.93464660644531,186.5912322998047,103.78651428222656
2016-10-11,119.55000305175781,108.76924896240234,110.3385238647461,184.2346649169922,103.55259704589844
2016-10-12,119.73999786376953,108.68008422851562,110.24463653564453,184.47634887695312,103.65396118164062
2016-10-13,120.02999877929688,107.77986907958984,109.85028839111328,183.87213134765625,104.04378509521484
2016-10-14,119.36000061035156,107.34312438964844,109.98176574707031,183.96705627441406,102.58594512939453
2016-10-17,119.68000030517578,107.21833801269531,109.6812973022461,183.3282928466797,103.2408447265625
2016-10-18,120.41999816894531,107.83332061767578,110.65774536132812,184.47634887695312,103.57606506347656
2016-10-19,121.11000061035156,108.28792572021484,110.64835357666016,184.96839904785156,103.66178894042969
2016-10-20,120.73999786376953,107.96707153320312,110.51692199707031,184.62310791015625,103.77092742919922
2016-10-21,120.83000183105469,107.91355895996094,110.93002319335938,184.7094268798828,103.92680358886719
2016-10-24,120.55999755859375,108.59988403320312,112.26324462890625,185.49496459960938,103.47470092773438
2016-10-25,121.47000122070312,107.78876495361328,111.90650177001953,184.8734130859375,103.74755859375
2016-10-26,120.79000091552734,106.71917724609375,111.14595794677734,184.50225830078125,103.04588317871094
2016-10-27,121.01000213623047,105.49805450439453,110.63895416259766,184.01023864746094,101.9233169555664
2016-10-28,121.58000183105469,105.20392608642578,109.94419860839844,183.46641540527344,101.69718170166016
2016-10-31,121.94000244140625,105.62283325195312,109.84093475341797,183.47506713867188,102.32090759277344
2016-11-01,122.7300033569336,104.33041381835938,109.0146713256836,182.1457061767578,102.32872009277344
2016-11-02,123.63999938964844,103.0023193359375,108.14153289794922,181.0493927001953,102.77389526367188
2016-11-03,124.30000305175781,102.50318908691406,107.08057403564453,180.22079467773438,101.98504638671875
2016-11-04,124.38999938964844,103.16278076171875,106.70501708984375,180.022216796875,102.8989028930664
2016-11-07,122.1500015258789,105.68525695800781,109.24003601074219,183.99295043945312,102.02405548095703
2016-11-08,121.63999938964844,105.96156311035156,109.95356750488281,184.8216552734375,101.61003875732422
2016-11-09,121.55999755859375,109.22384643554688,110.46056365966797,186.7811279296875,97.2985610961914
2016-11-10,119.75,110.9708480834961,108.67670440673828,187.2472686767578,95.86138916015625
2016-11-11,117.0999984741211,113.52003479003906,108.72362518310547,186.81565856933594,95.32243347167969
2016-11-14,116.11000061035156,115.11552429199219,107.6251449584961,186.96241760253906,94.75226593017578
2016-11-15,117.12000274658203,115.47206115722656,109.11797332763672,188.42124938964844,95.22091674804688
2016-11-16,116.7699966430664,115.46315002441406,109.76580047607422,188.06732177734375,96.08009338378906
2016-11-17,116.16999816894531,116.14054107666016,110.56388092041016,189.03411865234375,94.6663589477539
2016-11-18,115.1500015258789,116.75557708740234,110.15076446533203,188.61111450195312,94.3929672241211
2016-11-21,115.58000183105469,117.29930877685547,111.29620361328125,190.03546142578125,94.62728881835938
2016-11-22,115.54000091552734,118.368896484375,111.63420867919922,190.40663146972656,94.5960693359375
2016-11-23,113.25,119.10869598388672,111.18352508544922,190.51025390625,94.22894287109375
2016-11-25,112.61000061035156,119.50091552734375,111.540283203125,191.21807861328125,94.36954498291016
2016-11-28,113.80000305175781,117.94994354248047,111.28678894042969,190.32028198242188,95.06468200683594
2016-11-29,113.2699966430664,117.8875732421875,111.67174530029297,190.6914825439453,95.46309661865234
2016-11-30,111.75,117.30817413330078,110.31974029541016,190.23397827148438,93.91653442382812
2016-12-01,111.54000091552734,116.73776245117188,108.41380310058594,189.53477478027344,92.92491149902344
2016-12-02,112.13999938964844,116.67534637451172,108.62975311279297,189.62973022460938,93.6058120727539
2016-12-05,111.54000091552734,118.68084716796875,109.47474670410156,190.76918029785156,93.5040512084961
2016-12-06,111.43000030517578,119.96437072753906,109.73763275146484,191.37342834472656,93.43362426757812
2016-12-07,111.83000183105469,121.13199615478516,111.12718963623047,193.87669372558594,94.23192596435547
2016-12-08,111.56999969482422,123.03945922851562,111.32434844970703,194.3514862060547,93.12056732177734
2016-12-09,110.4000015258789,123.28012084960938,112.1975326538086,195.5254669189453,91.96221923828125
2016-12-12,110.81999969482422,121.97879791259766,111.6905517578125,195.30099487304688,92.1344223022461
2016-12-13,110.44999694824219,121.98768615722656,113.09886932373047,196.60440063476562,92.46312713623047
2016-12-14,108.83000183105469,120.46351623535156,112.86416625976562,194.9816436767578,91.43000793457031
2016-12-15,107.33999633789062,121.36375427246094,113.04254150390625,195.784423828125,91.89176177978516
2016-12-16,108.05000305175781,121.14089965820312,112.62349700927734,195.4015350341797,91.68045806884766
2016-12-19,108.58999633789062,121.93426513671875,113.08489990234375,195.82701110839844,92.66658020019531
2016-12-20,107.79000091552734,122.96820831298828,113.51807403564453,196.58236694335938,92.20484924316406
2016-12-21,107.8499984741211,122.16593170166016,113.4333267211914,196.03533935546875,92.61182403564453
2016-12-22,107.58999633789062,121.11255645751953,113.11319732666016,195.69671630859375,92.44623565673828
2016-12-23,107.93000030517578,121.75694274902344,113.18851470947266,195.9832763671875,92.63458251953125
2016-12-27,108.55999755859375,122.30286407470703,113.77230834960938,196.46949768066406,92.33637237548828
2016-12-28,108.86000061035156,121.04989624023438,112.88717651367188,194.8457794189453,93.01127624511719
2016-12-29,110.29000091552734,121.15730285644531,112.72709655761719,194.8024139404297,93.3408203125
2016-12-30,109.61000061035156,120.69190979003906,111.56884765625,194.0903778076172,93.48208618164062
2017-01-03,110.47000122070312,121.29154968261719,112.5669937133789,195.57513427734375,93.88230895996094
2017-01-04,110.86000061035156,123.31427001953125,113.17906188964844,196.7386932373047,94.24324035644531
2017-01-05,112.58000183105469,121.8912353515625,113.81940460205078,196.58236694335938,95.71844482421875
2017-01-06,111.75,121.44373321533203,114.81757354736328,197.2856903076172,94.8396224975586
2017-01-09,112.66999816894531,120.64710235595703,115.1942367553711,196.6344757080078,95.60078430175781
2017-01-10,113.1500015258789,121.80170440673828,115.44849395751953,196.6344757080078,95.53802490234375
2017-01-11,113.5,122.01647186279297,115.75923919677734,197.19021606445312,95.8597412109375
2017-01-12,113.91000366210938,121.07675170898438,115.58036041259766,196.69529724121094,95.64783477783203
2017-01-13,114.20999908447266,121.95390319824219,115.97582244873047,197.14678955078125,95.19274139404297
2017-01-17,115.8499984741211,120.29808044433594,115.6274185180664,196.4521484375,96.18934631347656
2017-01-18,114.87000274658203,120.69190979003906,115.86284637451172,196.8862762451172,94.95732116699219
2017-01-19,114.7699966430664,119.70736694335938,115.80634307861328,196.15687561035156,94.30601501464844
2017-01-20,115.05000305175781,120.32495880126953,116.06060791015625,196.87757873535156,94.11767578125
2017-01-23,115.79000091552734,119.82372283935547,116.15475463867188,196.3652801513672,95.05933380126953
2017-01-24,115.2699966430664,121.65849304199219,116.93634796142578,197.62432861328125,94.4080581665039
2017-01-25,114.31999969482422,122.80410766601562,118.11341857910156,199.33489990234375,93.22313690185547
2017-01-26,113.26000213623047,122.31182861328125,118.23583984375,199.1265106201172,93.53700256347656
2017-01-27,113.48999786376953,121.8912353515625,118.46184539794922,198.8139190673828,93.87443542480469
2017-01-30,113.97000122070312,120.19066619873047,117.53898620605469,197.58087158203125,93.59192657470703
2017-01-31,115.55000305175781,121.03199005126953,117.30357360839844,197.56350708007812,94.24324035644531
2017-02-01,115.19999694824219,120.96038818359375,118.11341857910156,197.6416473388672,93.66049194335938
2017-02-02,115.83999633789062,120.65609741210938,118.00982666015625,197.77197265625,93.62122344970703
2017-02-03,116.12999725341797,122.49974822998047,118.34883117675781,199.1351776123047,93.58186340332031
2017-02-06,117.69999694824219,121.57795715332031,118.49010467529297,198.77914428710938,94.14805603027344
2017-02-07,117.45999908447266,121.04094696044922,118.92327117919922,198.787841796875,94.84014129638672
2017-02-08,118.19000244140625,120.8261489868164,119.12100219726562,199.0483856201172,96.12983703613281
2017-02-09,117.29000091552734,122.52666473388672,119.55413818359375,200.22918701171875,95.02099609375
2017-02-10,117.5999984741211,123.45747375488281,119.9496841430664,201.01937866210938,94.96595001220703
2017-02-13,116.80000305175781,123.7796859741211,120.6276626586914,202.1134490966797,94.6671142578125
2017-02-14,116.93000030517578,124.19136047363281,121.03258514404297,202.92086791992188,93.9829330444336
2017-02-15,117.44999694824219,124.93421936035156,121.74826049804688,203.98031616210938,93.5504150390625
2017-02-16,118.08000183105469,124.58515167236328,121.71060180664062,203.80657958984375,94.06156158447266
2017-02-17,117.68000030517578,124.50462341308594,122.23793029785156,204.12786865234375,94.61995697021484
2017-02-21,117.75,125.48016357421875,122.84056854248047,205.34347534179688,94.45475006103516
2017-02-22,117.91000366210938,124.92527770996094,122.88771057128906,205.16111755371094,94.61209106445312
2017-02-23,118.94000244140625,124.18244171142578,122.42625427246094,205.3000946044922,94.89517211914062
2017-02-24,119.69999694824219,124.09294128417969,122.66167449951172,205.560546875,95.94893646240234
2017-02-27,119.12000274658203,125.30118560791016,122.81232452392578,205.88186645507812,95.38274383544922
2017-02-28,119.2300033569336,123.36796569824219,122.4356918334961,205.326171875,95.73664093017578
2017-03-01,119.05999755859375,125.62338256835938,123.77285766601562,208.20016479492188,94.13245391845703
2017-03-02,117.58000183105469,124.18244171142578,123.1513442993164,206.8890380859375,93.79359436035156
2017-03-03,117.51000213623047,124.09294128417969,123.37736511230469,207.01930236816406,94.03787231445312
2017-03-06,116.72000122070312,123.24264526367188,123.10426330566406,206.40283203125,93.5887451171875
2017-03-07,115.77999877929688,122.43717956542969,122.89710998535156,205.78628540039062,93.30506896972656
2017-03-08,115.05999755859375,121.63162994384766,123.11367797851562,205.40423583984375,92.80084991455078
2017-03-09,114.47000122070312,121.1483383178711,123.20783996582031,205.6647491455078,92.06022644042969
2017-03-10,114.72000122070312,121.68534851074219,123.72578430175781,206.38546752929688,92.38326263427734
2017-03-13,114.73999786376953,121.97177124023438,123.93290710449219,206.48965454101562,91.8001937866211
2017-03-14,114.12000274658203,121.38999938964844,123.63157653808594,205.69947814941406,92.2414321899414
2017-03-15,116.25,123.26947021484375,124.39434051513672,207.47950744628906,93.36814880371094
2017-03-16,116.7300033569336,123.43061828613281,124.30960083007812,207.07142639160156,92.89542388916016
2017-03-17,116.98999786376953,123.92283630371094,124.26618957519531,206.7077178955078,93.47840118408203
2017-03-20,117.51000213623047,123.38587188720703,124.37944030761719,206.48101806640625,93.88027954101562
2017-03-21,118.54000091552734,119.90425109863281,122.49217987060547,203.82994079589844,94.66031646728516
2017-03-22,118.83000183105469,119.93114471435547,123.32257843017578,204.3095703125,95.03854370117188
2017-03-23,118.66999816894531,120.62924194335938,123.01114654541016,204.09153747558594,94.90458679199219
2017-03-24,118.86000061035156,120.71629333496094,123.26593017578125,203.94326782226562,95.24334716796875
2017-03-27,119.52999877929688,120.94072723388672,123.46410369873047,203.7339630126953,95.67669677734375
2017-03-28,119.04000091552734,121.88316345214844,124.2190170288086,205.21653747558594,95.03854370117188
2017-03-29,119.33000183105469,122.27813720703125,124.79463195800781,205.40829467773438,95.60582733154297
2017-03-30,118.47000122070312,123.20262145996094,125.00226593017578,206.06239318847656,94.83368682861328
2017-03-31,118.72000122070312,123.40007019042969,124.91729736328125,205.582763671875,95.1093978881836
2017-04-03,119.3499984741211,122.09859466552734,124.84180450439453,205.22520446777344,96.06878662109375
2017-04-04,119.62000274658203,121.95494842529297,125.03995513916016,205.35601806640625,95.54764556884766
2017-04-05,119.62000274658203,120.57270050048828,124.53041076660156,204.7455596923828,95.83978271484375
2017-04-06,119.18000030517578,121.69462585449219,124.59645080566406,205.32118225097656,95.69768524169922
2017-04-07,119.45999908447266,121.64082336425781,124.53041076660156,205.11183166503906,95.31074523925781
2017-04-10,119.45999908447266,121.91011810302734,124.57762145996094,205.23391723632812,95.75293731689453
2017-04-11,121.19000244140625,122.8794937133789,124.03971099853516,204.98977661132812,96.66094970703125
2017-04-12,122.0199966430664,121.20995330810547,123.53956604003906,204.09153747558594,97.19000244140625
2017-04-13,122.5999984741211,120.02513122558594,123.04890441894531,202.76597595214844,97.49002838134766
2017-04-17,122.23999786376953,121.43438720703125,124.0680160522461,204.5624542236328,97.19000244140625
2017-04-18,122.81999969482422,121.46131896972656,123.87928771972656,203.9519500732422,98.46121978759766
2017-04-19,121.7300033569336,121.88316345214844,124.07747650146484,203.57696533203125,97.92432403564453
2017-04-20,121.95999908447266,123.4360122680664,125.11543273925781,205.23391723632812,97.54531860351562
2017-04-21,122.30999755859375,123.15773010253906,125.08715057373047,204.57986450195312,97.54531860351562
2017-04-24,121.4800033569336,124.692626953125,126.59691619873047,206.8298797607422,97.06366729736328
2017-04-25,120.25,125.90434265136719,127.51225280761719,208.0333251953125,95.89506530761719
2017-04-26,120.83999633789062,126.55064392089844,127.33300018310547,207.90245056152344,96.42410278320312
2017-04-27,120.38999938964844,126.51470184326172,128.09725952148438,208.07688903808594,96.39250946044922
2017-04-28,120.7699966430664,124.8182373046875,128.32379150390625,207.62342834472656,96.60570526123047
2017-05-01,119.66999816894531,125.53636169433594,129.46559143066406,208.1466522216797,95.80260467529297
2017-05-02,119.6500015258789,124.8990478515625,129.68260192871094,208.22512817382812,96.29316711425781
2017-05-03,117.9800033569336,124.12712860107422,129.26742553710938,207.97225952148438,96.35649871826172
2017-05-04,116.79000091552734,123.9565658569336,129.3145751953125,208.21644592285156,95.88170623779297
2017-05-05,117.01000213623047,124.75541687011719,129.78639221191406,209.03619384765625,95.96874237060547
2017-05-08,116.75,124.23485565185547,130.06948852539062,209.0012969970703,95.446533203125
2017-05-09,116.05000305175781,124.1810073852539,130.52243041992188,208.80943298339844,95.43865203857422
2017-05-10,116.04000091552734,124.95289611816406,130.59786987304688,209.18441772460938,95.3278579711914
2017-05-11,116.5,124.08228302001953,130.4940643310547,208.75706481933594,95.3278579711914
2017-05-12,116.83000183105469,123.42699432373047,130.7866668701172,208.40826416015625,96.04792022705078
2017-05-15,117.13999938964844,124.38741302490234,131.2018585205078,209.5594482421875,95.78678894042969
2017-05-16,117.6500015258789,124.43233489990234,131.74908447265625,209.36758422851562,96.1427993774414
2017-05-17,119.79000091552734,121.07530975341797,128.39927673339844,205.65255737304688,97.54326629638672
2017-05-18,118.80999755859375,121.51515197753906,129.522216796875,206.48101806640625,97.65409088134766
2017-05-19,119.4000015258789,122.09859466552734,130.06948852539062,207.82403564453125,97.88360595703125
2017-05-22,119.9000015258789,122.92431640625,131.16409301757812,208.87921142578125,97.614501953125
2017-05-23,119.13999938964844,123.32825469970703,131.29623413085938,209.3413848876953,96.95781707763672
2017-05-24,119.61000061035156,123.40906524658203,131.90013122558594,209.8297882080078,97.50373840332031
2017-05-25,119.4800033569336,123.48985290527344,133.02304077148438,210.83262634277344,97.53543090820312
2017-05-26,120.54000091552734,123.45390319824219,133.25901794433594,210.78900146484375,97.70154571533203
2017-05-30,120.13999938964844,122.48457336425781,133.3721466064453,210.6059112548828,98.1842041015625
2017-05-31,120.62000274658203,122.35887145996094,133.3249969482422,210.55360412597656,98.42948150634766
2017-06-01,120.72000122070312,124.71953582763672,133.843994140625,212.22792053222656,98.43977355957031
2017-06-02,121.61000061035156,125.5273666381836,135.3726806640625,212.93435668945312,99.60536193847656
2017-06-05,121.7300033569336,124.74649810791016,135.34432983398438,212.77737426757812,98.98690032958984
2017-06-06,123.0999984741211,124.6297607421875,134.8065185546875,212.09716796875,99.52607727050781
2017-06-07,122.44999694824219,124.74649810791016,135.3349151611328,212.48956298828125,99.05033874511719
2017-06-08,121.6500015258789,126.45189666748047,135.47645568847656,212.59420776367188,98.78868103027344
2017-06-09,120.54000091552734,127.10711669921875,132.08889770507812,212.2716064453125,98.6380386352539
2017-06-12,120.36000061035156,126.90067291259766,131.3811492919922,212.22792053222656,98.6063003540039
2017-06-13,120.4800033569336,127.54692840576172,132.4473876953125,213.26573181152344,98.62216186523438
2017-06-14,119.81999969482422,126.79295349121094,131.87184143066406,212.99539184570312,100.14456939697266
2017-06-15,119.31999969482422,126.14669036865234,131.28677368164062,212.5855255126953,99.98601531982422
2017-06-16,119.33999633789062,125.83256530761719,130.71717834472656,212.63197326660156,100.18417358398438
2017-06-19,118.43000030517578,126.76599884033203,132.90286254882812,214.40211486816406,100.0414810180664
2017-06-20,118.18000030517578,125.48248291015625,131.86204528808594,212.95619201660156,100.93746948242188
2017-06-21,118.5199966430664,125.16834259033203,133.16781616210938,212.90362548828125,101.14363861083984
2017-06-22,118.91999816894531,125.6440200805664,133.12989807128906,212.80723571777344,101.3656234741211
2017-06-23,119.43000030517578,126.47879028320312,133.64088439941406,213.0613555908203,101.31806182861328
2017-06-26,118.36000061035156,126.63140869140625,133.01646423339844,213.20159912109375,101.69865417480469
2017-06-27,118.80999755859375,125.51837158203125,130.6036376953125,211.48399353027344,100.61237335205078
2017-06-28,118.9000015258789,127.43921661376953,132.48658752441406,213.37684631347656,100.27936553955078
2017-06-29,118.31999969482422,126.68528747558594,130.18727111816406,211.50149536132812,99.43888854980469
2017-06-30,118.0199966430664,126.48775482177734,130.234619140625,211.8958740234375,99.20890808105469
2017-07-03,116.08999633789062,127.54692840576172,128.86257934570312,212.25514221191406,98.8895034790039
2017-07-05,116.5199966430664,127.0891342163086,130.1305694580078,212.7459259033203,98.91333770751953
2017-07-06,116.47000122070312,125.42957305908203,128.9571990966797,210.80044555664062,98.09492492675781
2017-07-07,115.27999877929688,126.64652252197266,130.34815979003906,212.16748046875,97.50699615478516
2017-07-10,115.47000122070312,126.09664154052734,131.19972229003906,212.39532470703125,97.65003204345703
2017-07-11,115.62000274658203,126.46623992919922,131.56874084472656,212.2375946044922,97.81690216064453
2017-07-12,116.02999877929688,127.4398422241211,133.12989807128906,213.8325653076172,98.4921646118164
2017-07-13,115.81999969482422,127.54795837402344,133.42327880859375,214.19183349609375,97.87246704101562
2017-07-14,116.7699966430664,127.76439666748047,134.4735870361328,215.19085693359375,97.9916763305664
2017-07-17,117.29000091552734,128.0618133544922,134.539794921875,215.16456604003906,98.2618408203125
2017-07-18,118.11000061035156,127.72827911376953,135.43870544433594,215.2784881591797,99.11992645263672
2017-07-19,118.08000183105469,128.99937438964844,136.23350524902344,216.44395446777344,99.15966033935547
2017-07-20,118.23999786376953,129.08949279785156,136.413330078125,216.54039001464844,99.44573974609375
2017-07-21,119.26000213623047,128.50357055664062,136.35653686523438,216.34759521484375,99.86681365966797
2017-07-24,119.30999755859375,128.68385314941406,136.98098754882812,216.29502868652344,99.47747802734375
2017-07-25,118.91999816894531,129.85572814941406,136.6309051513672,216.82078552246094,98.18235778808594
2017-07-26,119.87999725341797,129.13455200195312,137.07559204101562,216.82962036132812,98.34124755859375
2017-07-27,119.79000091552734,128.3142547607422,136.21456909179688,216.62803649902344,97.8565902709961
2017-07-28,120.69000244140625,127.97169494628906,136.1010284423828,216.37393188476562,98.43661499023438
2017-07-31,120.75,127.5660629272461,135.5238494873047,216.25120544433594,98.55582427978516
2017-08-01,120.6500015258789,127.80939483642578,135.83609008789062,216.73318481445312,99.24778747558594
2017-08-02,120.4000015258789,126.41217041015625,136.20510864257812,216.8383026123047,99.30350494384766
2017-08-03,120.58999633789062,125.78108978271484,135.6752166748047,216.4176788330078,100.33069610595703
2017-08-04,119.6500015258789,126.39415740966797,135.9212188720703,216.81204223632812,99.47868347167969
2017-08-07,119.51000213623047,126.60145568847656,136.7822723388672,217.2151641845703,99.5902099609375
2017-08-08,119.86000061035156,126.20481872558594,136.54574584960938,216.6805877685547,99.2318344116211
2017-08-09,121.30999755859375,125.11402893066406,136.36590576171875,216.6718292236328,99.77332305908203
2017-08-10,122.20999908447266,122.84237670898438,133.44223022460938,213.6134490966797,100.62529754638672
2017-08-11,122.79000091552734,123.02265930175781,134.4546356201172,213.92892456054688,100.67306518554688
2017-08-14,121.91999816894531,124.88871765136719,136.18618774414062,216.0496368408203,100.15552520751953
2017-08-15,120.9800033569336,123.86097717285156,136.28082275390625,216.02337646484375,99.7335205078125
2017-08-16,121.87000274658203,123.89705657958984,136.51734924316406,216.40016174316406,100.09976196289062
2017-08-17,122.48999786376953,121.63440704345703,133.72610473632812,213.0263214111328,100.84827423095703
2017-08-18,122.30000305175781,121.62539672851562,133.63143920898438,212.6933135986328,100.82442474365234
2017-08-21,122.76000213623047,121.54425811767578,133.4611053466797,212.8598175048828,101.07123565673828
2017-08-22,122.20999908447266,122.86038970947266,135.49545288085938,215.08566284179688,100.68106842041016
2017-08-23,122.66999816894531,122.6621322631836,135.01287841796875,214.3144989013672,101.36582946777344
2017-08-24,122.29000091552734,123.04071044921875,134.61549377441406,213.81504821777344,100.99158477783203
2017-08-25,122.73999786376953,123.39224243164062,134.3316192626953,214.3144989013672,101.38182830810547
2017-08-28,124.69000244140625,123.91512298583984,134.7480010986328,214.32327270507812,101.31807708740234
2017-08-29,124.41999816894531,123.94219207763672,135.27781677246094,214.5686798095703,101.64456939697266
2017-08-30,124.36000061035156,124.73542785644531,136.8673858642578,215.58518981933594,101.61272430419922
2017-08-31,125.81999969482422,125.9614028930664,138.33407592773438,216.88218688964844,101.9153060913086
2017-09-01,126.05999755859375,126.67357635498047,138.14483642578125,217.18887329101562,101.13570404052734
2017-09-05,127.45999908447266,125.45658111572266,136.90528869628906,215.62901306152344,102.73954772949219
2017-09-06,126.80999755859375,125.71803283691406,137.32162475585938,216.3651123046875,102.10919189453125
2017-09-07,128.1300048828125,125.40255737304688,137.64332580566406,216.3388214111328,103.15446472167969
2017-09-08,127.97000122070312,125.50167083740234,136.45111083984375,216.08468627929688,102.93104553222656
2017-09-11,126.19000244140625,126.81777954101562,138.0218048095703,218.38946533203125,101.70223999023438
2017-09-12,126.55999755859375,127.59307861328125,138.35293579101562,219.1255645751953,101.16764068603516
2017-09-13,125.61000061035156,127.97169494628906,138.54217529296875,219.23072814941406,100.76869201660156
2017-09-14,126.16000366210938,127.85450744628906,137.728515625,219.16061401367188,101.18362426757812
2017-09-15,125.52999877929688,128.3773193359375,138.20156860351562,219.45559692382812,101.22352600097656
2017-09-18,124.36000061035156,129.25177001953125,138.02049255371094,219.92242431640625,100.64099884033203
2017-09-19,124.62000274658203,129.25177001953125,138.25753784179688,220.14259338378906,100.3936538696289
2017-09-20,123.62000274658203,129.66644287109375,137.83082580566406,220.2218017578125,100.46548461914062
2017-09-21,122.68000030517578,129.53123474121094,136.98684692382812,219.63177490234375,100.40962982177734
2017-09-22,123.23999786376953,130.0811004638672,136.8540802001953,219.67584228515625,100.69688415527344
2017-09-25,124.52999877929688,130.2613983154297,135.41273498535156,219.22669982910156,101.32726287841797
2017-09-26,123.13999938964844,130.6761932373047,135.7635498046875,219.35874938964844,101.14373016357422
2017-09-27,121.9800033569336,133.23350524902344,136.98684692382812,220.21299743652344,99.61971282958984
2017-09-28,122.20999908447266,133.5859832763672,136.939453125,220.47723388671875,99.32445526123047
2017-09-29,121.58000183105469,133.90220642089844,137.92567443847656,221.2522430419922,99.54792022705078
2017-10-02,120.7699966430664,135.54685974121094,138.0488739013672,222.21214294433594,99.36558532714844
2017-10-03,120.83000183105469,135.8450469970703,138.34288024902344,222.6876983642578,99.46150207519531
2017-10-04,121.16999816894531,135.4113006591797,138.47561645507812,222.95196533203125,99.46952819824219
2017-10-05,120.5199966430664,135.7817840576172,139.83168029785156,224.27297973632812,99.09378051757812
2017-10-06,121.08999633789062,135.59201049804688,140.02133178710938,224.01754760742188,98.81393432617188
2017-10-09,122.08000183105469,135.03175354003906,139.86007690429688,223.64761352539062,99.12574768066406
2017-10-10,122.4000015258789,135.4203338623047,139.9644317626953,224.23768615722656,99.28565216064453
2017-10-11,122.79000091552734,135.32093811035156,140.38162231445312,224.58999633789062,99.47750854492188
2017-10-12,122.88999938964844,135.2215118408203,140.1256561279297,224.25531005859375,99.90125274658203
2017-10-13,123.81999969482422,134.9775390625,140.66610717773438,224.52835083007812,100.62083435058594
2017-10-16,122.97000122070312,134.86004638671875,141.14976501464844,224.82774353027344,100.54893493652344
2017-10-17,122.12999725341797,134.47152709960938,141.32994079589844,224.9862823486328,100.67683410644531
2017-10-18,121.66999816894531,135.11305236816406,141.15924072265625,225.20645141601562,100.01321411132812
2017-10-19,122.38999938964844,134.9052734375,140.63772583007812,225.26809692382812,100.1890869140625
2017-10-20,121.61000061035156,135.52874755859375,141.01699829101562,226.43060302734375,99.12574768066406
2017-10-23,121.80000305175781,134.51666259765625,140.0972137451172,225.54989624023438,99.30160522460938
2017-10-24,121.33000183105469,134.7967987060547,140.33424377441406,225.94622802734375,98.68599700927734
2017-10-25,121.3499984741211,134.1461639404297,139.80320739746094,224.82774353027344,98.2142562866211
2017-10-26,120.33000183105469,134.4263153076172,139.35752868652344,225.11837768554688,97.88644409179688
2017-10-27,120.9000015258789,135.35704040527344,143.41607666015625,226.95895385742188,98.5340576171875
2017-10-30,121.12999725341797,133.92933654785156,143.73854064941406,226.11355590820312,99.47750854492188
2017-10-31,120.66999816894531,134.8781280517578,144.27903747558594,226.46578979492188,99.50949096679688
2017-11-01,121.11000061035156,133.98350524902344,144.23162841796875,226.76522827148438,99.95258331298828
2017-11-02,121.19000244140625,134.38111877441406,143.9566192626953,226.8533172607422,100.39326477050781
2017-11-03,120.62000274658203,134.2907257080078,145.3411102294922,227.6106719970703,100.6656723022461
2017-11-06,121.6500015258789,134.4444122314453,145.8341522216797,227.9629669189453,101.04224395751953
2017-11-07,121.20999908447266,132.83590698242188,145.9195556640625,227.80445861816406,101.4668960571289
2017-11-08,121.62999725341797,133.01663208007812,146.5074920654297,228.19192504882812,101.2425537109375
2017-11-09,122.12999725341797,132.54678344726562,145.73939514160156,227.36412048339844,100.95411682128906
2017-11-10,121.12999725341797,132.44735717773438,145.72987365722656,227.29364013671875,99.43180084228516
2017-11-13,121.30999755859375,132.48348999023438,145.9100341796875,227.5050048828125,99.64014434814453
2017-11-14,121.55999755859375,132.12197875976562,145.37901306152344,226.9766387939453,100.31309509277344
2017-11-15,121.41000366210938,131.59793090820312,144.69627380371094,225.84056091308594,101.40281677246094
2017-11-16,121.4000015258789,133.5316925048828,146.54539489746094,227.7604217529297,100.52143859863281
2017-11-17,122.86000061035156,134.1461639404297,145.98594665527344,227.09104919433594,101.26658630371094
2017-11-20,121.30999755859375,135.12210083007812,145.87216186523438,227.47857666015625,101.22651672363281
2017-11-21,121.51000213623047,136.5318145751953,147.4557342529297,228.9669189453125,101.54703521728516
2017-11-22,122.62999725341797,136.35105895996094,147.6359405517578,228.764404296875,101.8755111694336
2017-11-24,122.31999969482422,136.4053192138672,148.1764373779297,229.29283142089844,101.5951156616211
2017-11-27,122.83000183105469,135.98960876464844,148.11004638671875,229.17832946777344,101.45084381103516
2017-11-28,122.80999755859375,138.13125610351562,148.4893341064453,231.50326538085938,101.5870590209961
2017-11-29,122.04000091552734,138.59213256835938,145.90054321289062,231.3623504638672,100.58552551269531
2017-11-30,121.0999984741211,138.8451385498047,147.12384033203125,233.38795471191406,100.2490463256836
2017-12-01,121.58999633789062,138.2758331298828,146.49798583984375,232.90354919433594,101.60184478759766
2017-12-04,121.18000030517578,137.76077270507812,144.81007385253906,232.62179565429688,101.65003204345703
2017-12-05,120.31999969482422,136.38726806640625,144.90489196777344,231.7851104736328,102.15576934814453
2017-12-06,120.06999969482422,135.7456817626953,145.55917358398438,231.8291015625,102.50910186767578
2017-12-07,118.48999786376953,136.69447326660156,146.05230712890625,232.56011962890625,101.70623016357422
2017-12-08,118.4800033569336,136.8209686279297,146.69712829589844,233.82830810546875,101.71427154541016
2017-12-11,118.01000213623047,136.7667694091797,147.83502197265625,234.5327911376953,101.5055160522461
2017-12-12,118.1500015258789,136.34205627441406,147.6359405517578,234.94674682617188,101.46536254882812
2017-12-13,119.16999816894531,137.15530395507812,147.92042541503906,234.92037963867188,102.22811126708984
2017-12-14,118.93000030517578,135.63723754882812,147.8160858154297,233.96038818359375,102.66163635253906
2017-12-15,119.18000030517578,137.57101440429688,149.49449157714844,235.90863037109375,103.04698181152344
2017-12-18,119.7300033569336,139.43252563476562,150.74790954589844,237.40455627441406,102.10767364501953
2017-12-19,119.81999969482422,138.3300323486328,149.85467529296875,236.49285888671875,100.78289794921875
2017-12-20,120.13999938964844,138.6011505126953,149.69309997558594,236.36895751953125,99.6669692993164
2017-12-21,120.30999755859375,139.2079620361328,149.7121124267578,236.85580444335938,100.24785614013672
2017-12-22,120.94000244140625,138.95401000976562,149.54107666015625,236.7938690185547,100.38465881347656
2017-12-26,121.7699966430664,139.03565979003906,148.73338317871094,236.51060485839844,100.68232727050781
2017-12-27,122.2300033569336,138.89956665039062,148.7523651123047,236.6256561279297,101.99373626708984
2017-12-28,122.8499984741211,139.44383239746094,148.9329071044922,237.1125030517578,101.90524291992188
2017-12-29,123.6500015258789,138.29185485839844,148.0111846923828,236.21849060058594,102.0661392211914
2018-01-02,125.1500015258789,139.5980224609375,150.6053466796875,237.90919494628906,100.96390533447266
2018-01-03,124.81999969482422,139.74314880371094,152.06875610351562,239.41392517089844,101.44664001464844
2018-01-04,125.45999908447266,140.11508178710938,152.33480834960938,240.42308044433594,101.43055725097656
2018-01-05,125.33000183105469,140.40530395507812,153.86468505859375,242.0252685546875,101.14093780517578
2018-01-08,125.30999755859375,140.62298583984375,154.46340942382812,242.46786499023438,101.07658386230469
2018-01-09,124.7300033569336,140.4324951171875,154.47288513183594,243.01661682128906,99.72489166259766
2018-01-10,125.02999877929688,140.45066833496094,154.11178588867188,242.64483642578125,99.60420989990234
2018-01-11,125.44000244140625,142.86349487304688,155.1665496826172,244.4152069091797,100.01451873779297
2018-01-12,126.95999908447266,143.46212768554688,156.30685424804688,246.0084686279297,100.18345642089844
2018-01-16,127.16999816894531,141.62985229492188,155.86026000976562,245.1675262451172,100.60189819335938
2018-01-17,126.13999938964844,142.97232055664062,157.54217529296875,247.50442504882812,100.46508026123047
2018-01-18,125.86000061035156,141.99267578125,157.5707244873047,247.0884552001953,99.53177642822266
2018-01-19,126.41999816894531,143.86126708984375,158.06478881835938,248.2126007080078,99.00884246826172
2018-01-22,126.6500015258789,144.6322479248047,159.75628662109375,250.23081970214844,99.10538482666016
2018-01-23,127.27999877929688,145.09490966796875,161.07711791992188,250.7618865966797,99.53177642822266
2018-01-24,128.8300018310547,144.19683837890625,160.0318603515625,250.66455078125,98.99279022216797
2018-01-25,127.97000122070312,144.25128173828125,159.97483825683594,250.77081298828125,99.80535888671875
2018-01-26,128.07000732421875,144.76832580566406,162.42645263671875,253.67416381835938,99.43524932861328
2018-01-29,127.3499984741211,143.95193481445312,161.63775634765625,251.99224853515625,98.74334716796875
2018-01-30,126.80000305175781,142.5731964111328,160.30743408203125,249.40762329101562,98.1640625
2018-01-31,127.6500015258789,141.8293914794922,160.9725799560547,249.531494140625,98.74334716796875
2018-02-01,128.07000732421875,142.2738800048828,159.60427856445312,249.2482147216797,97.31227111816406
2018-02-02,126.38999938964844,139.5345458984375,156.42088317871094,243.82212829589844,96.40927124023438
2018-02-05,126.70999908447266,134.17373657226562,150.25372314453125,233.62490844726562,97.32034301757812
2018-02-06,125.37999725341797,135.77920532226562,154.2353057861328,238.22784423828125,96.71563720703125
2018-02-07,124.79000091552734,135.9153594970703,152.2398223876953,236.9354705810547,95.79657745361328
2018-02-08,124.9800033569336,131.92420959472656,145.8160400390625,228.04824829101562,95.69176483154297
2018-02-09,124.7699966430664,133.13063049316406,148.33425903320312,231.47393798828125,95.08705139160156
2018-02-12,125.37000274658203,134.3914031982422,150.9664764404297,234.87301635742188,95.5063247680664
2018-02-13,126.08000183105469,134.6816864013672,151.74571228027344,235.457275390625,95.93363952636719
2018-02-14,128.22999572753906,137.10360717773438,154.58692932128906,238.6349639892578,94.869384765625
2018-02-15,128.3800048828125,138.60028076171875,157.45663452148438,241.67999267578125,95.19190216064453
2018-02-16,127.95999908447266,139.09010314941406,156.7534637451172,241.75076293945312,95.70784759521484
2018-02-20,126.23999786376953,137.9471435546875,157.06704711914062,240.23719787597656,95.28865051269531
2018-02-21,125.66000366210938,138.09230041503906,156.62045288085938,239.04209899902344,94.11959838867188
2018-02-22,126.30000305175781,137.8745880126953,156.6014862060547,239.35198974609375,94.40177917480469
2018-02-23,126.13999938964844,139.67056274414062,159.80374145507812,243.16709899902344,95.2402572631836
2018-02-26,126.44999694824219,140.5867156982422,161.9228515625,245.99078369140625,95.27252960205078
2018-02-27,125.12999725341797,138.5639190673828,159.9178009033203,242.91921997070312,95.13542938232422
2018-02-28,125.0,136.37789916992188,158.89157104492188,240.45855712890625,95.7401123046875
2018-03-01,124.72000122070312,136.0150604248047,156.29737854003906,236.9620361328125,96.39369201660156
2018-03-02,125.38999938964844,138.1920623779297,157.7322998046875,238.18360900878906,95.61003875732422
2018-03-05,125.18000030517578,139.4257049560547,159.48065185546875,240.93643188476562,95.35152435302734
2018-03-06,126.52999877929688,140.93142700195312,160.15536499023438,241.54722595214844,95.44042205810547
2018-03-07,125.72000122070312,142.1741485595703,160.52598571777344,241.458740234375,95.33538055419922
2018-03-08,125.41999816894531,141.8838348388672,161.40972900390625,242.62710571289062,95.88469696044922
2018-03-09,125.54000091552734,144.15151977539062,164.54551696777344,246.84933471679688,95.25456237792969
2018-03-12,125.54000091552734,144.40548706054688,165.4197998046875,246.53965759277344,95.803955078125
2018-03-13,125.77999877929688,143.73422241210938,163.1676788330078,244.94630432128906,96.28865814208984
2018-03-14,125.69999694824219,143.05393981933594,163.13916015625,243.6893768310547,97.13688659667969
2018-03-15,124.9000015258789,142.33740234375,162.9966278076172,243.42376708984375,97.13688659667969
2018-03-16,124.5999984741211,143.1356201171875,162.5120086669922,243.68777465820312,96.78951263427734
2018-03-19,124.87000274658203,141.75686645507812,159.04464721679688,240.39059448242188,96.48253631591797
2018-03-20,124.30999755859375,141.72055053710938,159.56813049316406,240.79945373535156,96.09473419189453
2018-03-21,126.4800033569336,142.54600524902344,158.87326049804688,240.3372802734375,96.19978332519531
2018-03-22,125.9800033569336,139.42030334472656,154.95191955566406,234.32955932617188,97.153076171875
2018-03-23,127.61000061035156,136.42005920410156,150.86871337890625,229.3348846435547,97.0803451538086
2018-03-26,128.27999877929688,139.40208435058594,156.47474670410156,235.60923767089844,96.70873260498047
2018-03-27,127.48999786376953,136.70193481445312,151.4112548828125,231.60113525390625,97.74281311035156
2018-03-28,125.7300033569336,136.6564178466797,149.66946411132812,230.9167938232422,98.00129699707031
2018-03-29,125.79000091552734,138.03839111328125,152.41065979003906,233.86732482910156,98.47794342041016
2018-04-02,127.26000213623047,134.67445373535156,148.01332092285156,228.81942749023438,98.6722412109375
2018-04-03,126.30000305175781,136.6018829345703,149.67901611328125,231.752197265625,97.91126251220703
2018-04-04,126.44999694824219,138.33840942382812,152.03945922851562,234.2317352294922,97.70884704589844
2018-04-05,125.80000305175781,139.48391723632812,152.90560913085938,236.08029174804688,96.98021697998047
2018-04-06,126.38999938964844,136.70193481445312,149.079345703125,230.8190155029297,98.04076385498047
2018-04-09,126.81999969482422,136.86550903320312,150.12631225585938,231.9566192626953,98.20269012451172
2018-04-10,127.12000274658203,139.4475860595703,153.43856811523438,235.64483642578125,98.02458190917969
2018-04-11,128.11000061035156,139.7476348876953,152.5533905029297,234.4094696044922,98.3727035522461
2018-04-12,126.62000274658203,140.7022247314453,154.390380859375,236.33802795410156,97.65217590332031
2018-04-13,127.44999694824219,139.9657745361328,153.5908660888672,235.64483642578125,97.87885284423828
2018-04-16,127.62999725341797,141.25685119628906,154.76158142089844,237.58218383789062,97.91126251220703
2018-04-17,127.75,142.79327392578125,158.09286499023438,240.12393188476562,98.17839050292969
2018-04-18,127.8499984741211,143.17514038085938,158.41647338867188,240.30172729492188,97.39308166503906
2018-04-19,127.5999984741211,142.18418884277344,156.96017456054688,238.96865844726562,96.59968566894531
2018-04-20,126.62999725341797,141.42044067382812,154.47601318359375,236.94232177734375,95.90347290039062
2018-04-23,125.62000274658203,141.2113800048828,154.0857696533203,236.9068603515625,95.92774963378906
2018-04-24,126.2300033569336,140.4021759033203,150.82113647460938,233.71629333496094,95.4905776977539
2018-04-25,125.41000366210938,140.19309997558594,151.00198364257812,234.2940216064453,94.85102844238281
2018-04-26,124.97000122070312,140.83856201171875,154.18096923828125,236.67572021484375,95.51486206054688
2018-04-27,125.5,140.6385498046875,154.27613830566406,236.8979034423828,96.2515869140625
2018-04-30,124.58999633789062,139.39305114746094,153.18157958984375,235.07603454589844,96.42158508300781
2018-05-01,123.70999908447266,140.07489013671875,154.93289184570312,235.49375915527344,96.07434844970703
2018-05-02,123.6500015258789,140.6022186279297,154.0191650390625,233.91180419921875,95.96885681152344
2018-05-03,124.27999877929688,139.83851623535156,154.00009155273438,233.39634704589844,96.39889526367188
2018-05-04,124.54000091552734,141.58413696289062,156.922119140625,236.4180145263672,96.54493713378906
2018-05-07,124.56999969482422,142.78421020507812,158.22605895996094,237.21792602539062,96.39077758789062
2018-05-08,124.58999633789062,143.4933319091797,158.06423950195312,237.21792602539062,96.3015365600586
2018-05-09,124.33000183105469,144.26612854003906,159.78700256347656,239.51075744628906,95.7254409790039
2018-05-10,125.18000030517578,145.0388946533203,161.443115234375,241.75033569335938,96.49625396728516
2018-05-11,125.0,145.3207244873047,161.29087829589844,242.48797607421875,96.7396469116211
2018-05-14,124.48999786376953,144.76617431640625,161.56689453125,242.6034698486328,96.22850036621094
2018-05-15,122.4800033569336,144.79348754882812,159.7774658203125,240.9327392578125,95.13316345214844
2018-05-16,122.29000091552734,146.30267333984375,160.83396911621094,241.94581604003906,94.7680435180664
2018-05-17,122.36000061035156,146.9754638671875,160.21530151367188,241.7415008544922,94.2893295288086
2018-05-18,122.41000366210938,147.1663818359375,159.3872833251953,241.1370849609375,95.10071563720703
2018-05-21,122.4800033569336,148.13919067382812,160.28195190429688,242.9500732421875,95.14935302734375
2018-05-22,122.41000366210938,147.06631469726562,160.07252502441406,242.27468872070312,95.00331115722656
2018-05-23,122.54000091552734,147.25730895996094,161.42410278320312,242.94119262695312,95.69297790527344
2018-05-24,123.58999633789062,147.31185913085938,161.3765106201172,242.44349670410156,96.45567321777344
2018-05-25,123.20999908447266,147.04820251464844,161.5382843017578,241.86587524414062,97.05608367919922
2018-05-29,123.19000244140625,146.84817504882812,160.824462890625,239.08412170410156,99.18189239501953
2018-05-30,123.37000274658203,149.17559814453125,161.9761199951172,242.27468872070312,98.5165786743164
2018-05-31,123.0999984741211,147.984619140625,161.87147521972656,240.79052734375,98.35427856445312
2018-06-01,122.48999786376953,148.95741271972656,164.41273498535156,243.15455627441406,97.8346176147461
2018-06-04,122.37000274658203,149.7484130859375,165.89756774902344,244.3098602294922,97.12708282470703
2018-06-05,122.8499984741211,150.6757049560547,166.41151428222656,244.4876251220703,97.35479736328125
2018-06-06,122.91999816894531,151.7667236328125,167.38232421875,246.53163146972656,96.5658950805664
2018-06-07,122.86000061035156,150.93943786621094,166.0212860107422,246.50502014160156,97.50117492675781
2018-06-08,123.01000213623047,151.39398193359375,166.03074645996094,247.23374938964844,97.2083969116211
2018-06-11,123.2300033569336,151.62124633789062,166.47813415527344,247.56256103515625,97.02947998046875
2018-06-12,122.81999969482422,152.31224060058594,167.35379028320312,247.88247680664062,97.05387878417969
2018-06-13,123.19000244140625,151.71218872070312,167.3443145751953,247.091552734375,97.00508880615234
2018-06-14,123.37999725341797,152.5213623046875,169.03843688964844,247.7136688232422,97.8102035522461
2018-06-15,121.33999633789062,152.56680297851562,168.44834899902344,247.39768981933594,97.89965057373047
2018-06-18,121.11000061035156,153.28506469726562,168.35105895996094,246.8887939453125,97.8102035522461
2018-06-19,120.80000305175781,153.2941436767578,167.8741455078125,245.9425506591797,98.3795166015625
2018-06-20,120.26000213623047,154.53062438964844,169.06643676757812,246.36216735839844,97.51741790771484
2018-06-21,120.05000305175781,153.0850067138672,167.5975341796875,244.81771850585938,98.02980041503906
2018-06-22,120.33999633789062,152.57591247558594,167.2255401611328,245.2639923095703,98.02166748046875
2018-06-25,119.88999938964844,150.0847930908203,163.45787048339844,241.92530822753906,98.24124145507812
2018-06-26,119.26000213623047,150.95755004882812,164.12559509277344,242.4609375,98.3795166015625
2018-06-27,118.58000183105469,148.5391845703125,161.89364624023438,240.45236206054688,99.30660247802734
2018-06-28,118.22000122070312,148.99378967285156,163.28619384765625,241.8271026611328,99.33101654052734
2018-06-29,118.6500015258789,148.89376831054688,163.7249298095703,242.17529296875,98.98944854736328
2018-07-02,117.45999908447266,149.92111206054688,164.82186889648438,242.69302368164062,98.9120101928711
2018-07-03,118.6500015258789,150.51882934570312,162.91419982910156,241.83607482910156,99.44183349609375
2018-07-05,119.05000305175781,152.23422241210938,164.93634033203125,243.80885314941406,99.72709655761719
2018-07-06,118.86000061035156,153.52073669433594,167.50213623046875,245.87107849121094,100.05311584472656
2018-07-09,119.1500015258789,154.48793029785156,169.0091552734375,248.08505249023438,99.40918731689453
2018-07-10,118.93000030517578,153.7853546142578,169.13316345214844,248.97776794433594,99.40104675292969
2018-07-11,117.63999938964844,152.48057556152344,168.2747344970703,247.15660095214844,99.78413391113281
2018-07-12,118.12999725341797,153.21963500976562,171.1743621826172,249.3973846435547,99.77598571777344
2018-07-13,117.61000061035156,152.76341247558594,171.31744384765625,249.5936737060547,100.02864837646484
2018-07-16,117.55000305175781,152.17034912109375,170.90733337402344,249.3705596923828,99.61298370361328
2018-07-17,116.27999877929688,152.84556579589844,171.947021484375,250.3793487548828,99.425537109375
2018-07-18,116.30999755859375,153.27444458007812,171.62266540527344,250.90602111816406,99.02610778808594
2018-07-19,115.80999755859375,154.3602294921875,170.76425170898438,249.95977783203125,99.65371704101562
2018-07-20,116.55999755859375,153.73062133789062,170.72605895996094,249.67405700683594,98.43109130859375
2018-07-23,116.0,153.9222412109375,171.26976013183594,250.1382598876953,97.21660614013672
2018-07-24,116.04000091552734,152.27980041503906,171.97555541992188,251.39698791503906,97.55078125
2018-07-25,116.68000030517578,152.83644104003906,174.37924194335938,253.53953552246094,97.39590454101562
2018-07-26,115.7699966430664,153.6576690673828,171.73716735839844,252.94139099121094,97.20844268798828
2018-07-27,115.83000183105469,150.79251098632812,169.4193115234375,251.22738647460938,97.37146759033203
2018-07-30,115.6500015258789,149.82533264160156,167.0252227783203,249.9150848388672,97.03730010986328
2018-07-31,115.98999786376953,151.34910583496094,168.3033447265625,251.14700317382812,97.56710052490234
2018-08-01,115.13999938964844,151.2487335205078,168.94241333007812,250.7275390625,96.7722396850586
2018-08-02,114.5199966430664,152.35284423828125,171.2411651611328,252.0933837890625,96.9111099243164
2018-08-03,114.91999816894531,151.82362365722656,171.76577758789062,253.1735382080078,97.39309692382812
2018-08-06,114.33000183105469,152.6721954345703,172.77679443359375,254.10189819335938,97.45027160644531
2018-08-07,114.58999633789062,153.0371856689453,173.4063720703125,254.94110107421875,96.94379425048828
2018-08-08,114.91000366210938,152.90032958984375,173.6162109375,254.833984375,97.04180145263672
2018-08-09,114.73999786376953,153.2926483154297,173.51126098632812,254.4857940673828,97.8587417602539
2018-08-10,114.69000244140625,152.86378479003906,172.1854248046875,252.7807159423828,98.56944274902344
2018-08-13,112.95999908447266,151.96961975097656,171.9946746826172,251.83445739746094,98.36520385742188
2018-08-14,113.06999969482422,153.47515869140625,173.072509765625,253.4412841796875,98.1446533203125
2018-08-15,111.19000244140625,151.54986572265625,170.95501708984375,251.54872131347656,98.71649932861328
2018-08-16,111.0999984741211,152.95510864257812,171.5177459716797,253.5841522216797,98.70836639404297
2018-08-17,112.12999725341797,153.61203002929688,171.55592346191406,254.47682189941406,98.83084106445312
2018-08-20,112.69000244140625,154.04086303710938,171.4033203125,255.0214080810547,99.49252319335938
2018-08-21,113.0199966430664,155.81106567382812,172.03282165527344,255.61952209472656,99.15760803222656
2018-08-22,113.2699966430664,156.19427490234375,172.70050048828125,255.46778869628906,99.54975891113281
2018-08-23,112.19999694824219,155.71981811523438,172.45249938964844,255.12857055664062,99.70498657226562
2018-08-24,114.16000366210938,156.56838989257812,174.05496215820312,256.6640319824219,99.90103912353516
2018-08-27,114.58999633789062,156.7964630126953,175.82908630371094,258.6905212402344,99.32917785644531
2018-08-28,113.68000030517578,156.94247436523438,176.0866241455078,258.8155517578125,98.7328109741211
2018-08-29,114.19999694824219,157.398681640625,178.11827087402344,260.2081298828125,98.86353302001953
2018-08-30,113.63999938964844,157.27099609375,177.80348205566406,259.1546936035156,99.07596588134766
2018-08-31,113.51000213623047,157.87319946289062,178.03245544433594,259.1636047363281,98.84718322753906
2018-09-04,112.93000030517578,157.1706085205078,177.2693634033203,258.71722412109375,98.27568054199219
2018-09-05,113.31999969482422,156.75086975097656,174.98016357421875,258.0209655761719,98.0136947631836
2018-09-06,113.54000091552734,155.69244384765625,173.41586303710938,257.2442932128906,98.37396240234375
2018-09-07,113.2300033569336,155.61029052734375,172.74818420410156,256.74444580078125,97.53883361816406
2018-09-10,113.1500015258789,155.8019256591797,173.3300018310547,257.1907043457031,97.89905548095703
2018-09-11,113.22000122070312,156.05738830566406,174.6653594970703,258.0387878417969,97.15401458740234
2018-09-12,114.16999816894531,155.68328857421875,174.15036010742188,258.1012878417969,97.38326263427734
2018-09-13,113.76000213623047,155.71981811523438,176.0102996826172,259.6277770996094,97.53063201904297
2018-09-14,113.0199966430664,156.3767547607422,175.4952392578125,259.6723937988281,97.06395721435547
2018-09-17,113.61000061035156,154.71609497070312,172.96754455566406,258.2976379394531,97.06395721435547
2018-09-18,113.44000244140625,155.36387634277344,174.39830017089844,259.6992492675781,96.04869079589844
2018-09-19,113.87999725341797,154.79820251464844,174.26473999023438,259.97601318359375,95.4755630493164
2018-09-20,114.2699966430664,156.2307891845703,176.1914825439453,262.0827941894531,95.91767883300781
2018-09-21,113.48999786376953,155.4825439453125,175.22821044921875,261.8433837890625,95.87673950195312
2018-09-24,113.47000122070312,154.90768432617188,175.71546936035156,260.9734802246094,95.6311264038086
2018-09-25,113.6500015258789,155.14500427246094,175.9543914794922,260.7313232421875,95.5328598022461
2018-09-26,113.05000305175781,153.72689819335938,176.07864379882812,259.95123291015625,96.20426177978516
2018-09-27,112.05000305175781,153.7360382080078,177.56919860839844,260.677490234375,96.26972961425781
2018-09-28,112.76000213623047,154.20260620117188,177.53102111816406,260.7043762207031,96.01593017578125
2018-10-01,112.56999969482422,152.1715850830078,177.8941192626953,261.6102294921875,95.31104278564453
2018-10-02,113.87000274658203,150.52479553222656,177.49281311035156,261.45782470703125,95.89366912841797
2018-10-03,113.41999816894531,151.84225463867188,177.6839141845703,261.601318359375,94.22789001464844
2018-10-04,113.4800033569336,149.71058654785156,174.27259826660156,259.5566101074219,93.56321716308594
2018-10-05,113.80000305175781,148.35653686523438,172.14173889160156,258.10394287109375,92.75901794433594
2018-10-08,112.54000091552734,148.04550170898438,171.0906219482422,258.10394287109375,92.44722747802734
2018-10-09,112.5999984741211,147.46913146972656,171.64488220214844,257.7272033691406,93.38270568847656
2018-10-10,112.87999725341797,143.2332305908203,164.09596252441406,249.56675720214844,93.12826538085938
2018-10-11,115.77999877929688,140.49778747558594,162.0607147216797,244.0696563720703,94.26071166992188
2018-10-12,115.2300033569336,140.5251922607422,166.57095336914062,247.45941162109375,93.93247985839844
2018-10-15,116.0,141.0466766357422,164.5546875,246.06942749023438,93.89141845703125
2018-10-16,115.80000305175781,145.1361846923828,169.34201049804688,251.4500274658203,94.10478210449219
2018-10-17,115.79000091552734,144.5140838623047,169.4088897705078,251.4947967529297,93.54680633544922
2018-10-18,115.91999816894531,141.8060302734375,165.4815673828125,247.86289978027344,93.51397705078125
2018-10-19,116.01000213623047,140.30563354492188,165.3286895751953,247.7284393310547,93.30879211425781
2018-10-22,115.70999908447266,140.0037078857422,166.17913818359375,246.61642456054688,93.18574523925781
2018-10-23,116.38999938964844,138.7503662109375,165.56756591796875,245.36097717285156,93.48113250732422
2018-10-24,116.66000366210938,133.52639770507812,157.9901123046875,237.9268798828125,94.18687438964844
2018-10-25,116.4000015258789,136.41737365722656,163.45579528808594,242.19540405273438,93.79296875
2018-10-26,116.7699966430664,134.92611694335938,159.25140380859375,237.93589782714844,94.35914611816406
2018-10-29,116.30999755859375,134.18505859375,155.97389221191406,236.61761474609375,94.14582061767578
2018-10-30,115.80000305175781,136.98464965820312,158.5443115234375,240.12393188476562,93.67808532714844
2018-10-31,115.1500015258789,137.2590789794922,162.27098083496094,242.68865966796875,93.20213317871094
2018-11-01,116.62999725341797,140.42454528808594,164.41136169433594,245.2713165283203,93.28852081298828
2018-11-02,116.6500015258789,140.89114379882812,161.85052490234375,243.8185577392578,92.12869262695312
2018-11-05,116.37000274658203,140.7813720703125,161.44918823242188,245.1637420654297,92.49061584472656
2018-11-06,116.04000091552734,141.4767303466797,162.6722869873047,246.71507263183594,92.43302917480469
2018-11-07,116.02999877929688,144.0108642578125,167.77488708496094,251.99703979492188,92.556396484375
2018-11-08,115.77999877929688,143.6266326904297,166.7046661376953,251.53964233398438,92.54818725585938
2018-11-09,114.4800033569336,140.9642791748047,163.89535522460938,249.0825958251953,93.2391357421875
2018-11-12,113.66000366210938,138.1739959716797,158.9361114501953,244.4283905029297,93.84783172607422
2018-11-13,113.69999694824219,137.73483276367188,159.06988525390625,243.97100830078125,93.79029846191406
2018-11-14,114.63999938964844,136.72845458984375,157.85630798339844,242.30308532714844,93.84783172607422
2018-11-15,114.7699966430664,138.6771240234375,160.61782836914062,244.8318634033203,93.80673217773438
2018-11-16,115.62000274658203,139.0065155029297,160.05409240722656,245.4685821533203,94.34961700439453
2018-11-19,115.66999816894531,136.1886444091797,154.85592651367188,241.31661987304688,94.61286163330078
2018-11-20,115.66999816894531,133.56297302246094,152.08480834960938,236.8507843017578,94.64575958251953
2018-11-21,115.86000061035156,135.42935180664062,153.24105834960938,237.65786743164062,94.61286163330078
2018-11-23,115.7699966430664,135.3012237548828,152.13262939453125,236.07058715820312,94.71157836914062
2018-11-26,115.63999938964844,137.0578155517578,155.64901733398438,239.8818359375,94.4977035522461
2018-11-27,114.94999694824219,135.92337036132812,156.1745147705078,240.68890380859375,94.60467529296875
2018-11-28,115.37999725341797,139.2809600830078,161.20071411132812,246.2308349609375,94.14398193359375
2018-11-29,115.73999786376953,138.90585327148438,160.6752166748047,245.69273376464844,94.51412963867188
2018-11-30,115.54000091552734,139.62860107421875,161.84092712402344,247.19033813476562,94.86785888671875
2018-12-03,116.41000366210938,140.9642791748047,164.6693878173828,250.4635467529297,95.54144287109375
2018-12-04,117.12000274658203,134.9627227783203,158.3532257080078,242.3478546142578,97.14093017578125
2018-12-06,117.13999938964844,134.66995239257812,159.47119140625,241.98028564453125,97.44602966308594
2018-12-07,118.08999633789062,131.76071166992188,154.2061309814453,236.35755920410156,97.6274185180664
2018-12-10,117.68000030517578,131.37644958496094,155.821044921875,236.8059539794922,98.03141021728516
2018-12-11,117.54000091552734,131.23919677734375,156.33697509765625,236.85972595214844,98.01493835449219
2018-12-12,117.79000091552734,132.49258422851562,157.71295166015625,238.0524444580078,97.57794189453125
2018-12-13,117.52999877929688,130.6170654296875,157.76075744628906,237.97174072265625,97.34711456298828
2018-12-14,117.05999755859375,128.64093017578125,153.91944885253906,233.5775909423828,97.68513488769531
2018-12-17,117.87000274658203,125.77603912353516,150.4316864013672,228.99522399902344,98.25403594970703
2018-12-18,118.1500015258789,125.62001037597656,151.37771606445312,228.74411010742188,98.84247589111328
2018-12-19,117.43000030517578,123.00387573242188,147.66064453125,225.3185272216797,100.14823913574219
2018-12-20,119.23999786376953,120.97523498535156,145.5202178955078,221.6508331298828,99.78459167480469
2018-12-21,118.72000122070312,117.83586120605469,141.01004028320312,217.10923767089844,99.76802062988281
2018-12-24,120.0199966430664,115.55020141601562,137.51329040527344,211.3726348876953,100.263916015625
2018-12-26,119.66000366210938,121.10370635986328,146.09945678710938,222.05218505859375,99.1895523071289
2018-12-27,120.56999969482422,121.6086196899414,146.66485595703125,223.7569580078125,99.20608520507812
2018-12-28,121.05999755859375,121.95745086669922,146.5882110595703,223.46832275390625,100.0407943725586
2018-12-31,121.25,122.91205596923828,147.82437133789062,225.42562866210938,100.42093658447266
2019-01-02,121.33000183105469,123.60970306396484,148.4185028076172,225.66015625,100.94992065429688
2019-01-03,122.43000030517578,121.39747619628906,143.56959533691406,220.27528381347656,102.09864044189453
2019-01-04,121.44000244140625,125.93209838867188,149.71218872070312,227.65353393554688,100.91681671142578
2019-01-07,121.86000061035156,128.13514709472656,151.49456787109375,229.44854736328125,100.61933135986328
2019-01-08,121.52999877929688,130.0995330810547,152.8649139404297,231.60427856445312,100.3548355102539
2019-01-09,122.30999755859375,131.1735382080078,154.1107177734375,232.68667602539062,100.19779205322266
2019-01-10,121.58999633789062,131.85284423828125,154.55145263671875,233.50747680664062,99.55315399169922
2019-01-11,121.80000305175781,131.8895721435547,153.98611450195312,233.5977325439453,99.9416275024414
2019-01-14,122.08999633789062,130.57687377929688,152.62533569335938,232.17254638671875,99.56970977783203
2019-01-15,121.87999725341797,131.6784210205078,155.60560607910156,234.8334197998047,99.20608520507812
2019-01-16,122.2699966430664,132.6605682373047,155.5768585205078,235.4016571044922,99.3052749633789
2019-01-17,122.11000061035156,133.8631134033203,156.80345153808594,237.18760681152344,99.33006286621094
2019-01-18,121.0199966430664,135.24005126953125,158.3558807373047,240.34458923339844,98.80939483642578
2019-01-22,121.44999694824219,133.10122680664062,155.18399047851562,237.097412109375,99.47879028320312
2019-01-23,121.27999877929688,132.7340545654297,155.38519287109375,237.59347534179688,99.43753051757812
2019-01-24,121.08999633789062,133.53268432617188,156.39141845703125,237.71975708007812,100.09038543701172
2019-01-25,122.86000061035156,135.24920654296875,158.26002502441406,239.73121643066406,99.61105346679688
2019-01-28,123.29000091552734,134.52403259277344,156.30514526367188,237.90921020507812,99.51184844970703
2019-01-29,123.9800033569336,134.2027587890625,154.82940673828125,237.59347534179688,100.01602172851562
2019-01-30,124.69000244140625,135.67141723632812,158.7679443359375,241.3547821044922,99.9416275024414
2019-01-31,124.75,136.82801818847656,161.14450073242188,243.4744873046875,100.80113220214844
2019-02-01,124.5,136.93817138671875,160.46401977539062,243.59170532226562,100.19230651855469
2019-02-04,123.95999908447266,138.5720977783203,162.457275390625,245.30551147460938,99.74502563476562
2019-02-05,124.27999877929688,138.71893310546875,163.8947296142578,246.33380126953125,100.2005844116211
2019-02-06,123.44000244140625,138.54461669921875,163.406005859375,246.00909423828125,100.25031280517578
2019-02-07,123.73999786376953,137.40635681152344,161.2115478515625,243.66392517089844,100.91295623779297
2019-02-08,124.20999908447266,137.55323791503906,161.5277862548828,243.96160888671875,101.34366607666016
2019-02-11,123.5999984741211,138.70066833496094,161.3743896484375,244.09686279296875,100.94609069824219
2019-02-12,123.86000061035156,140.43556213378906,163.76055908203125,247.2357940673828,100.68928527832031
2019-02-13,123.37000274658203,140.8302764892578,163.8755340576172,248.0384979248047,100.30831909179688
2019-02-14,124.05999755859375,141.1515350341797,164.07675170898438,247.48837280273438,100.8797836303711
2019-02-15,124.80000305175781,143.4004669189453,164.7667694091797,250.18531799316406,101.03719329833984
2019-02-19,126.69999694824219,143.79518127441406,165.0925750732422,250.61830139160156,101.29399108886719
2019-02-20,126.4800033569336,144.47445678710938,165.06382751464844,251.12339782714844,101.00408935546875
2019-02-21,125.05000305175781,143.92372131347656,164.4600830078125,250.23033142089844,100.10118865966797
2019-02-22,125.5,145.17210388183594,165.67710876464844,251.78179931640625,100.69757843017578
2019-02-25,125.37000274658203,145.2087860107422,166.28085327148438,252.12460327148438,100.39935302734375
2019-02-26,125.58000183105469,144.2082977294922,166.45335388183594,251.9442138671875,100.89636993408203
2019-02-27,124.69000244140625,144.4102325439453,166.34793090820312,251.83596801757812,99.75330352783203
2019-02-28,123.98999786376953,143.91452026367188,165.96463012695312,251.36688232421875,99.41368103027344
2019-03-01,121.87999725341797,145.2547149658203,167.11453247070312,252.9364013671875,98.49481964111328
2019-03-04,121.55999755859375,143.9420623779297,167.14328002929688,252.01638793945312,99.26673126220703
2019-03-05,121.72000122070312,143.27200317382812,167.2678680419922,251.67356872558594,99.47429656982422
2019-03-06,121.61000061035156,140.4630889892578,166.31919860839844,250.14918518066406,99.83954620361328
2019-03-07,121.51000213623047,139.23306274414062,164.2779998779297,248.05657958984375,100.4869613647461
2019-03-08,122.83999633789062,139.19631958007812,164.02886962890625,247.56044006347656,100.91030883789062
2019-03-11,122.23999786376953,141.6288604736328,167.4403533935547,251.15045166015625,100.61144256591797
2019-03-12,122.9800033569336,141.70225524902344,168.3603057861328,252.09751892089844,101.31703186035156
2019-03-13,123.83999633789062,142.26220703125,169.62525939941406,253.76622009277344,101.12612915039062
2019-03-14,122.41000366210938,141.68397521972656,169.33775329589844,253.60389709472656,100.39566040039062
2019-03-15,122.97000122070312,142.060302734375,170.90936279296875,254.85671997070312,101.05973052978516
2019-03-18,123.04000091552734,142.9690704345703,171.31637573242188,255.78089904785156,101.00161743164062
2019-03-19,123.37999725341797,142.24391174316406,171.89239501953125,255.84423828125,100.77750396728516
2019-03-20,124.18000030517578,141.0583953857422,172.57400512695312,255.07424926757812,101.83164978027344
2019-03-21,123.68000030517578,142.90841674804688,175.2716827392578,257.9552307128906,102.05579376220703
2019-03-22,123.97000122070312,137.7082061767578,171.42196655273438,252.9906005859375,103.64120483398438
2019-03-25,124.91999816894531,138.31570434570312,171.0955810546875,252.80030822753906,103.80721282958984
2019-03-26,124.30000305175781,139.7698974609375,171.89239501953125,254.68458557128906,103.73249816894531
2019-03-27,123.6500015258789,139.2268524169922,170.78839111328125,253.3529052734375,104.68708038330078
2019-03-28,121.9000015258789,140.4693603515625,171.1819610595703,254.31320190429688,105.05229187011719
2019-03-29,122.01000213623047,140.90196228027344,172.47804260253906,255.9167938232422,104.9526596069336
2019-04-01,121.52999877929688,142.4390106201172,174.7628631591797,258.9517822265625,103.46197509765625
2019-04-02,121.9800033569336,142.07086181640625,175.42530822753906,259.07867431640625,103.65324401855469
2019-04-03,121.80000305175781,142.8071746826172,176.433349609375,259.4862365722656,102.75484466552734
2019-04-04,122.11000061035156,143.5066375732422,176.36607360839844,260.1747741699219,103.04597473144531
2019-04-05,121.9800033569336,144.8503875732422,177.2781524658203,261.4341125488281,103.1790771484375
2019-04-08,122.51000213623047,144.6111297607422,177.7293243408203,261.6333923339844,102.81306457519531
2019-04-09,123.1500015258789,142.8439178466797,177.10533142089844,260.2926025390625,103.13751983642578
2019-04-10,123.52999877929688,144.78598022460938,178.05577087402344,261.18048095703125,103.38704681396484
2019-04-11,121.94999694824219,144.6019287109375,177.63330078125,261.10797119140625,102.77978515625
2019-04-12,121.83000183105469,145.1265106201172,178.4013214111328,262.8746337890625,102.0477066040039
2019-04-15,121.5999984741211,144.6571502685547,178.43017578125,262.70245361328125,102.30561828613281
2019-04-16,120.51000213623047,144.99766540527344,179.04458618164062,262.8746337890625,101.66503143310547
2019-04-17,120.27999877929688,143.67234802246094,179.66860961914062,262.2314147949219,101.70665740966797
2019-04-18,120.37000274658203,143.24893188476562,179.89901733398438,262.7477722167969,102.23907470703125
2019-04-22,120.37000274658203,142.87155151367188,180.40780639648438,262.9742736816406,101.74822235107422
2019-04-23,120.12000274658203,145.02529907226562,182.70228576660156,265.33880615234375,101.96456146240234
2019-04-24,120.47000122070312,145.476318359375,182.12625122070312,264.7499694824219,102.79644012451172
2019-04-25,120.56999969482422,144.2705841064453,182.8654327392578,264.5869445800781,102.64669799804688
2019-04-26,121.37000274658203,145.66954040527344,183.0286865234375,265.8189392089844,102.99608612060547
2019-04-29,120.83000183105469,146.3690643310547,183.38388061523438,266.2356872558594,102.3388671875
2019-04-30,121.19999694824219,145.68801879882812,181.96304321289062,266.3715515136719,102.86296844482422
2019-05-01,120.4000015258789,144.30738830566406,181.37744140625,264.3694763183594,103.28731536865234
2019-05-02,119.94000244140625,144.9792938232422,180.59024047851562,263.79864501953125,102.79544067382812
2019-05-03,120.6500015258789,147.7496337890625,183.47032165527344,266.380615234375,103.08721923828125
2019-05-06,120.80999755859375,147.91526794433594,182.34710693359375,265.2845153808594,103.37068176269531
2019-05-07,121.20999908447266,144.98851013183594,178.79495239257812,260.85430908203125,104.16260528564453
2019-05-08,120.91000366210938,144.27978515625,178.34376525878906,260.491943359375,103.71244049072266
2019-05-09,121.19999694824219,143.75514221191406,177.38372802734375,259.7037048339844,104.13763427734375
2019-05-10,121.43000030517578,144.1509246826172,177.60458374023438,261.0083312988281,103.99592590332031
2019-05-13,122.66999816894531,139.5581817626953,171.44117736816406,254.4490966796875,104.81285858154297
2019-05-14,122.45999908447266,141.31614685058594,173.32281494140625,256.750244140625,104.50440979003906
2019-05-15,122.38999938964844,141.77633666992188,175.7709197998047,258.25408935546875,105.14632415771484
2019-05-16,121.51000213623047,142.65989685058594,177.53733825683594,260.6459655761719,104.79618835449219
2019-05-17,120.6500015258789,140.67184448242188,175.722900390625,258.96087646484375,105.02962493896484
2019-05-20,120.63999938964844,139.6962432861328,172.7563934326172,257.24853515625,104.81285858154297
2019-05-21,120.36000061035156,141.57386779785156,174.56126403808594,259.56781005859375,104.64613342285156
2019-05-22,120.23999786376953,140.3865203857422,173.78366088867188,258.7705383300781,105.24635314941406
2019-05-23,121.16999816894531,137.49649047851562,171.1243896484375,255.60873413085938,106.43008422851562
2019-05-24,121.30000305175781,138.78506469726562,171.03794860839844,256.1885986328125,106.52179718017578
2019-05-28,120.83000183105469,137.68057250976562,170.394775390625,253.805908203125,107.28872680664062
2019-05-29,120.87000274658203,136.5301055908203,168.99313354492188,252.1026611328125,107.61386108398438
2019-05-30,121.69000244140625,136.15267944335938,169.70352172851562,252.79119873046875,108.53922271728516
2019-05-31,123.33000183105469,134.24757385253906,166.9962921142578,249.38478088378906,109.8980484008789
2019-06-03,125.11000061035156,134.7169189453125,163.3193359375,248.75064086914062,110.63313293457031
2019-06-04,125.1500015258789,138.20521545410156,167.91795349121094,254.1500701904297,109.37171173095703
2019-06-05,125.47000122070312,138.23287963867188,169.1659393310547,256.3516540527344,108.75357818603516
2019-06-06,125.87999725341797,137.87387084960938,170.50994873046875,258.01861572265625,109.10445404052734
2019-06-07,126.58999633789062,138.8494873046875,173.80288696289062,260.6005859375,110.04837799072266
2019-06-10,125.33000183105469,139.66864013671875,175.8284912109375,261.7965087890625,109.01258087158203
2019-06-11,125.18000030517578,139.2544708251953,176.06849670410156,261.7330322265625,109.07940673828125
2019-06-12,125.83000183105469,139.4109344482422,175.05084228515625,261.2709655761719,109.16287994384766
2019-06-13,126.5999984741211,140.88357543945312,176.08767700195312,262.34918212890625,109.53882598876953
2019-06-14,126.55999755859375,139.6502227783203,175.3388671875,262.0592346191406,109.8144760131836
2019-06-17,126.4800033569336,140.61355590820312,176.39491271972656,262.1588439941406,110.00666046142578
2019-06-18,127.12000274658203,142.24838256835938,178.95816040039062,264.9039611816406,110.55795288085938
2019-06-19,127.88999938964844,142.75636291503906,179.63023376464844,265.5018310546875,110.7166748046875
2019-06-20,131.11000061035156,143.43064880371094,181.30062866210938,268.03863525390625,111.00902557373047
2019-06-21,131.97999572753906,142.1929931640625,181.03179931640625,267.64886474609375,109.7894287109375
2019-06-24,133.94000244140625,140.4658203125,181.03761291503906,267.32110595703125,110.60806274414062
2019-06-25,134.1999969482422,139.60679626464844,177.92984008789062,264.6993408203125,110.95057678222656
2019-06-26,132.97000122070312,139.2835235595703,178.75735473632812,264.4353332519531,110.24049377441406
2019-06-27,132.83999633789062,141.8974151611328,179.44046020507812,265.37298583984375,111.017333984375
2019-06-28,133.1999969482422,143.62460327148438,179.67135620117188,266.73858642578125,110.94224548339844
2019-07-01,130.6199951171875,144.1787872314453,182.0959930419922,269.1601867675781,110.68273162841797
2019-07-02,133.41000366210938,143.30136108398438,182.81764221191406,269.8611145019531,111.53640747070312
2019-07-03,133.6300048828125,144.32655334472656,184.19345092773438,272.0186767578125,112.33159637451172
2019-07-05,132.13999938964844,144.7144775390625,183.8181915283203,271.7091979980469,110.84172821044922
2019-07-08,131.2899932861328,143.3382568359375,182.5289306640625,270.21624755859375,110.99242401123047
2019-07-09,131.75,143.53225708007812,183.44300842285156,270.5530700683594,110.9505386352539
2019-07-10,133.8300018310547,143.78163146972656,185.27110290527344,271.84576416015625,110.33961486816406
2019-07-11,132.6999969482422,143.0796661376953,185.13633728027344,272.4830322265625,108.86649322509766
2019-07-12,133.52999877929688,144.1880340576172,186.20436096191406,273.70294189453125,108.9920425415039
2019-07-15,133.52999877929688,143.43064880371094,186.80088806152344,273.7939147949219,109.61973571777344
2019-07-16,132.39999389648438,143.3844757080078,185.83868408203125,272.9109802246094,109.29335021972656
2019-07-17,134.5800018310547,142.35923767089844,184.9246826171875,271.0537109375,110.47350311279297
2019-07-18,136.47999572753906,142.8949737548828,185.13633728027344,272.04608154296875,110.48187255859375
2019-07-19,134.47000122070312,142.07290649414062,183.77976989746094,270.5348815917969,110.22240447998047
2019-07-22,134.4499969482422,141.943603515625,185.24217224121094,271.1994323730469,110.43167114257812
2019-07-23,133.69000244140625,142.8856964111328,186.45449829101562,273.1384582519531,109.82901000976562
2019-07-24,134.3699951171875,145.2501983642578,187.7629852294922,274.422119140625,110.30610656738281
2019-07-25,133.4199981689453,143.49526977539062,185.9830322265625,273.1111755371094,109.7787857055664
2019-07-26,133.63999938964844,145.19480895996094,187.8977508544922,274.9410400390625,110.03821563720703
2019-07-29,134.52999877929688,144.22491455078125,187.2530975341797,274.4402160644531,110.07173919677734
2019-07-30,134.97999572753906,145.78590393066406,186.4449005126953,273.76666259765625,110.33961486816406
2019-07-31,133.2100067138672,144.60365295410156,183.8663330078125,270.77154541015625,111.22676849365234
2019-08-01,136.41000366210938,142.5070037841797,182.95228576660156,268.4136047363281,113.43577575683594
2019-08-02,135.88999938964844,140.92759704589844,180.25823974609375,266.3926086425781,114.48406219482422
2019-08-05,137.7899932861328,136.6974334716797,173.88885498046875,258.38134765625,116.46331787109375
2019-08-06,138.91000366210938,137.9535675048828,176.32310485839844,262.0046081542969,117.39423370361328
2019-08-07,141.02000427246094,137.9165802001953,177.27560424804688,262.15948486328125,117.43616485595703
2019-08-08,141.72999572753906,140.89065551757812,181.13388061523438,267.3029479980469,117.68775177001953
2019-08-09,141.25999450683594,139.11724853515625,179.4308624267578,265.4822998046875,117.45295715332031
2019-08-12,142.6300048828125,137.31619262695312,177.37188720703125,262.25048828125,119.9017105102539
2019-08-13,141.77999877929688,138.7940216064453,181.25889587402344,266.3289794921875,119.49082946777344
2019-08-14,142.75,134.91476440429688,175.84197998046875,258.4541015625,122.18291473388672
2019-08-15,143.6999969482422,134.3790740966797,175.6399688720703,259.13702392578125,123.5415267944336
2019-08-16,142.77999877929688,137.27926635742188,178.45907592773438,262.9605407714844,122.5518569946289
2019-08-19,141.11000061035156,138.66473388671875,181.29739379882812,266.1285705566406,120.79911041259766
2019-08-20,142.2100067138672,137.75950622558594,179.8926544189453,264.08935546875,122.04871368408203
2019-08-21,141.75999450683594,138.89566040039062,181.4897918701172,266.2378234863281,121.23519897460938
2019-08-22,141.39999389648438,138.5723419189453,180.9029083251953,266.1559143066406,120.43013000488281
2019-08-23,144.1699981689453,134.32359313964844,175.17813110351562,259.3190002441406,122.40937805175781
2019-08-26,144.19000244140625,135.80142211914062,177.8240203857422,262.1866760253906,121.91455078125
2019-08-27,145.57000732421875,133.78797912597656,177.44882202148438,261.1579895019531,123.7931137084961
2019-08-28,145.16000366210938,135.34890747070312,178.08383178710938,262.99700927734375,123.95246887207031
2019-08-29,144.1199951171875,137.72262573242188,180.8066864013672,266.3562316894531,123.48280334472656
2019-08-30,143.75,137.47323608398438,180.37374877929688,266.2378234863281,123.516357421875
2019-09-03,145.75,135.45973205566406,178.62258911132812,264.6811218261719,123.67601013183594
2019-09-04,146.66000366210938,136.54957580566406,181.201171875,267.68536376953125,123.86082458496094
2019-09-05,143.13999938964844,139.08958435058594,184.52059936523438,271.1265563964844,121.61763000488281
2019-09-06,141.9199981689453,138.45228576660156,184.33775329589844,271.3359375,122.48298645019531
2019-09-09,141.38999938964844,140.30877685546875,183.95294189453125,271.4725646972656,120.30706787109375
2019-09-10,140.17999267578125,142.10064697265625,183.42373657226562,271.4088439941406,118.19837188720703
2019-09-11,141.02999877929688,145.0100860595703,185.14599609375,273.33880615234375,117.98823547363281
2019-09-12,141.32000732421875,145.0469970703125,185.9157257080078,274.2856140136719,117.21538543701172
2019-09-13,140.14999389648438,145.29638671875,185.2517852783203,274.1034851074219,114.71182250976562
2019-09-16,141.32000732421875,145.84130859375,184.42437744140625,273.2568664550781,116.17362213134766
2019-09-17,141.60000610351562,145.462646484375,185.30953979492188,273.9487609863281,116.80372619628906
2019-09-18,140.7100067138672,144.56674194335938,185.23257446289062,274.1126403808594,117.29937744140625
2019-09-19,141.27999877929688,143.86476135253906,185.54046630859375,274.09429931640625,117.6522216796875
2019-09-20,142.9499969482422,143.55992126464844,183.5776824951172,272.79937744140625,119.20649719238281
2019-09-23,143.75,143.4491424560547,183.65866088867188,272.73529052734375,119.18126678466797
2019-09-24,144.50999450683594,141.28395080566406,181.21951293945312,270.5951843261719,120.61790466308594
2019-09-25,141.8300018310547,142.83184814453125,183.2537384033203,272.1956787109375,118.85356140136719
2019-09-26,141.7899932861328,141.23760986328125,182.57891845703125,271.6286926269531,119.61821746826172
2019-09-27,141.05999755859375,140.1068115234375,180.31326293945312,270.1653747558594,119.9122085571289
2019-09-30,138.8699951171875,140.2736358642578,182.0293426513672,271.4182434082031,120.2061767578125
2019-10-01,139.6300048828125,137.5207977294922,180.54466247558594,268.18988037109375,120.56813049316406
2019-10-02,141.25999450683594,136.4827117919922,177.44027709960938,263.452392578125,120.8626480102539
2019-10-03,141.89999389648438,136.9368896484375,179.38778686523438,265.6107482910156,121.96516418457031
2019-10-04,141.89999389648438,138.23451232910156,182.0293426513672,269.20513916015625,122.86575317382812
2019-10-07,140.69000244140625,137.99351501464844,181.4798583984375,268.04345703125,121.84736633300781
2019-10-08,141.9199981689453,135.75048828125,178.7610626220703,263.8822326660156,122.17559814453125
2019-10-09,142.0500030517578,136.37149047851562,180.5060577392578,266.38818359375,121.48548889160156
2019-10-10,140.80999755859375,136.9183349609375,181.90403747558594,268.18988037109375,119.676025390625
2019-10-11,140.02999877929688,139.23550415039062,184.24676513671875,270.9702453613281,118.19475555419922
2019-10-14,140.58999633789062,138.7257537841797,184.2274627685547,270.6683349609375,119.05318450927734
2019-10-15,139.61000061035156,140.32000732421875,186.57020568847656,273.34808349609375,117.61405181884766
2019-10-16,140.41000366210938,140.46827697753906,186.107421875,272.9090881347656,117.7572250366211
2019-10-17,140.61000061035156,142.12738037109375,186.59910583496094,273.7139587402344,117.47103118896484
2019-10-18,140.4600067138672,141.4508056640625,184.80592346191406,272.5157775878906,117.47103118896484
2019-10-21,139.7899932861328,142.7761688232422,186.4449005126953,274.36328125,116.58735656738281
2019-10-22,140.1999969482422,142.9337615966797,184.96018981933594,273.467041015625,117.26903533935547
2019-10-23,140.52999877929688,143.10989379882812,185.3168487548828,274.2625732421875,117.38687896728516
2019-10-24,141.52999877929688,142.90597534179688,187.11972045898438,274.7108459472656,117.15122985839844
2019-10-25,141.86000061035156,143.666015625,188.614013671875,275.83575439453125,116.57889556884766
2019-10-28,140.63999938964844,144.9080047607422,190.47482299804688,277.3905029296875,115.51847839355469
2019-10-29,140.25,145.38075256347656,188.9997100830078,277.3081970214844,115.59427642822266
2019-10-30,141.02000427246094,144.89877319335938,189.91558837890625,278.1588134765625,117.28588104248047
2019-10-31,142.42999267578125,144.08309936523438,190.00234985351562,277.4178771972656,118.86810302734375
2019-11-01,142.55999755859375,146.539306640625,191.7280731201172,279.9878845214844,118.50214385986328
2019-11-04,142.14999389648438,147.32716369628906,192.9138946533203,281.11285400390625,116.94259643554688
2019-11-05,139.85000610351562,147.5125274658203,193.0199432373047,280.8018798828125,115.62728881835938
2019-11-06,140.4499969482422,146.65982055664062,192.5860595703125,280.8658752441406,116.32707214355469
2019-11-07,138.27000427246094,147.04908752441406,193.23204040527344,281.85357666015625,114.21939086914062
2019-11-08,137.38999938964844,147.4476318359375,194.00332641601562,282.5487060546875,113.73881530761719
2019-11-11,137.05999755859375,147.16961669921875,193.74301147460938,282.0090026855469,113.81470489501953
2019-11-12,137.42999267578125,147.21595764160156,194.3021697998047,282.6036071777344,114.33740234375
2019-11-13,137.97999572753906,146.58570861816406,194.35037231445312,282.695068359375,115.07929992675781
2019-11-14,138.55999755859375,146.539306640625,194.19613647460938,283.1065979003906,116.2680435180664
2019-11-15,138.2100067138672,147.29937744140625,195.62295532226562,285.1552429199219,116.14160919189453
2019-11-18,138.6199951171875,146.92860412597656,195.7772216796875,285.3655700683594,116.35237121582031
2019-11-19,138.69000244140625,147.47549438476562,196.0664520263672,285.2832946777344,117.32190704345703
2019-11-20,138.75999450683594,146.91937255859375,194.89028930664062,284.2223815917969,118.53592681884766
2019-11-21,138.0,146.19635009765625,194.4564208984375,283.7651062011719,117.79403686523438
2019-11-22,137.74000549316406,146.6505584716797,194.58175659179688,284.3961181640625,117.94575500488281
2019-11-25,137.0800018310547,149.764892578125,196.8859100341797,286.6003112792969,118.29141235351562
2019-11-26,137.74000549316406,149.86680603027344,197.26193237304688,287.2496032714844,118.98273468017578
2019-11-27,137.00999450683594,150.92344665527344,198.6405792236328,288.5300598144531,118.63706970214844
2019-11-29,137.86000061035156,149.94094848632812,197.73434448242188,287.4599914550781,118.38418579101562
2019-12-02,137.7899932861328,148.4765167236328,195.7097930908203,285.01806640625,116.80574798583984
2019-12-03,139.11000061035156,148.00376892089844,194.1768798828125,283.1065979003906,119.25482940673828
2019-12-04,138.9199981689453,149.0233917236328,195.16024780273438,284.85345458984375,118.06409454345703
2019-12-05,139.0,149.17164611816406,195.5458526611328,285.3655700683594,117.48979187011719
2019-12-06,137.6199951171875,150.9141845703125,197.6378936767578,287.9721374511719,116.83954620361328
2019-12-09,137.5800018310547,150.6268768310547,196.74134826660156,287.0666809082031,117.09290313720703
2019-12-10,137.97000122070312,150.71954345703125,196.57742309570312,286.7466125488281,117.1013412475586
2019-12-11,138.9199981689453,150.67323303222656,197.61865234375,287.5605773925781,118.02184295654297
2019-12-12,138.42999267578125,151.97085571289062,199.0937042236328,290.0390930175781,116.0794448852539
2019-12-13,139.0500030517578,151.38690185546875,199.74929809570312,290.2128601074219,117.42220306396484
2019-12-16,139.0399932861328,152.4539031982422,201.75454711914062,292.20654296875,116.36661529541016
2019-12-17,139.00999450683594,153.21676635742188,201.87025451660156,292.2705993652344,116.20614624023438
2019-12-18,139.02000427246094,153.5144805908203,202.0245361328125,292.28887939453125,115.25179290771484
2019-12-19,139.3800048828125,154.1749267578125,203.28746032714844,293.487060546875,115.43620300292969
2019-12-20,139.52000427246094,154.39820861816406,204.10699462890625,294.7737731933594,115.58844757080078
2019-12-23,139.9499969482422,154.7052459716797,204.6460418701172,295.22406005859375,115.41928100585938
2019-12-24,141.27000427246094,155.05868530273438,204.7523651123047,295.23321533203125,115.74922180175781
2019-12-26,142.3800048828125,155.05868530273438,206.55911254882812,296.80487060546875,116.0282974243164
2019-12-27,142.3300018310547,154.2958984375,206.3852081298828,296.73138427734375,116.15521240234375
2019-12-30,142.6300048828125,153.90518188476562,205.03257751464844,295.09539794921875,115.73229217529297
2019-12-31,142.89999389648438,154.119140625,205.41896057128906,295.8122863769531,114.59880065917969
2020-01-02,143.9499969482422,154.22145080566406,208.84896850585938,298.5787048339844,115.89303588867188
2020-01-03,145.86000061035156,153.6167755126953,206.93589782714844,296.3177795410156,117.6777572631836
2020-01-06,147.38999938964844,153.82142639160156,208.26925659179688,297.4482116699219,117.00956726074219
2020-01-07,147.97000122070312,153.309814453125,208.2403106689453,296.61187744140625,116.43437957763672
2020-01-08,146.86000061035156,153.78424072265625,209.8054656982422,298.19268798828125,115.66464233398438
2020-01-09,146.02999877929688,153.97032165527344,211.5832061767578,300.2145690917969,116.07064056396484
2020-01-10,146.91000366210938,153.39349365234375,211.04214477539062,299.35076904296875,117.10263061523438
2020-01-13,145.82000732421875,154.38890075683594,213.47698974609375,301.4094543457031,116.74732971191406
2020-01-14,145.69000244140625,154.95640563964844,212.63633728027344,300.9498596191406,117.34786987304688
2020-01-15,146.5399932861328,155.70062255859375,212.7233428955078,301.6298828125,118.12609100341797
2020-01-16,146.30999755859375,157.71002197265625,214.76194763183594,304.13909912109375,117.75390625
2020-01-17,146.5800018310547,157.28208923339844,215.82476806640625,305.0857238769531,116.74732971191406
2020-01-21,146.74000549316406,155.97967529296875,215.72813415527344,304.48834228515625,117.97384643554688
2020-01-22,146.7899932861328,155.87734985351562,216.29815673828125,304.5250244140625,118.38829803466797
2020-01-23,147.1199951171875,155.77503967285156,216.99383544921875,304.8742980957031,119.21724700927734
2020-01-24,147.97999572753906,153.858642578125,215.16775512695312,302.16302490234375,120.181640625
2020-01-27,148.99000549316406,152.10972595214844,210.7233123779297,297.31951904296875,122.05096435546875
2020-01-28,147.66000366210938,153.37490844726562,213.96005249023438,300.4352111816406,121.09513092041016
2020-01-29,148.4600067138672,152.5004425048828,214.30783081054688,300.1871032714844,122.27928924560547
2020-01-30,148.47000122070312,152.5004425048828,215.0711669921875,301.16131591796875,122.2962417602539
2020-01-31,149.3300018310547,149.3374786376953,211.6605224609375,295.69281005859375,123.41281127929688
2020-02-03,148.36000061035156,151.00271606445312,214.85855102539062,297.8893737792969,123.31278228759766
2020-02-04,146.42999267578125,153.2818603515625,219.77642822265625,302.4295654296875,121.65216827392578
2020-02-05,146.61000061035156,155.64479064941406,220.5010528564453,305.9220275878906,120.3218994140625
2020-02-06,147.39999389648438,155.29129028320312,222.4044647216797,306.9513854980469,120.8642349243164
2020-02-07,147.7899932861328,153.38417053222656,221.4479217529297,305.31549072265625,122.37230682373047
2020-02-10,148.1699981689453,154.24935913085938,224.12423706054688,307.59466552734375,122.7113265991211
2020-02-11,147.66000366210938,155.3192138671875,224.16282653808594,308.1277160644531,122.0927505493164
2020-02-12,147.5399932861328,156.3889923095703,226.34642028808594,310.11297607421875,121.47425079345703
2020-02-13,148.3800048828125,156.79832458496094,226.0565948486328,309.7820739746094,121.94023132324219
2020-02-14,149.0,156.19366455078125,226.7039337158203,310.2784423828125,122.47402954101562
2020-02-18,150.91000366210938,155.8587188720703,226.79086303710938,309.47882080078125,123.31278228759766
2020-02-19,151.7899932861328,156.6587677001953,228.96478271484375,310.95849609375,123.30435180664062
2020-02-20,152.41000366210938,157.04022216796875,226.83920288085938,309.6810302734375,124.27019500732422
2020-02-21,154.6999969482422,155.44943237304688,222.4817352294922,306.4918212890625,125.43102264404297
2020-02-24,156.08999633789062,150.77012634277344,213.90206909179688,296.3269958496094,127.3034896850586
2020-02-25,153.3000030517578,145.41172790527344,208.08566284179688,287.3476257324219,127.98138427734375
2020-02-26,153.97000122070312,143.7279052734375,209.1581268310547,286.2906494140625,127.3034896850586
2020-02-27,154.0,138.66722106933594,198.6847686767578,273.4329528808594,128.68460083007812
2020-02-28,148.3800048828125,136.12754821777344,198.83935546875,272.2840270996094,131.59075927734375
2020-03-02,149.1999969482422,140.49986267089844,209.1001434326172,284.07574462890625,130.62255859375
2020-03-03,153.88999938964844,137.63461303710938,202.39491271972656,275.94195556640625,132.65054321289062
2020-03-04,154.16000366210938,141.55111694335938,210.83929443359375,287.5406494140625,131.24191284179688
2020-03-05,157.49000549316406,137.0485382080078,204.43356323242188,277.9822998046875,134.50885009765625
2020-03-06,157.5500030517578,134.3320770263672,200.9842987060547,273.386962890625,141.5092010498047
2020-03-09,157.80999755859375,121.2710189819336,187.02304077148438,252.03688049316406,145.34454345703125
2020-03-10,154.47999572753906,125.05723571777344,197.20652770996094,265.0785217285156,137.89442443847656
2020-03-11,153.92999267578125,117.10335540771484,188.61720275878906,252.1564178466797,132.8202667236328
2020-03-12,147.7899932861328,104.1632080078125,171.32260131835938,228.0307159423828,133.64332580566406
2020-03-13,143.27999877929688,111.14029693603516,185.83462524414062,247.5242462158203,130.62255859375
2020-03-16,141.63999938964844,96.39539337158203,163.57391357421875,220.43922424316406,139.0823516845703
2020-03-17,143.55999755859375,100.814208984375,175.97958374023438,232.34121704101562,129.80799865722656
2020-03-18,140.6999969482422,92.99986267089844,170.62696838378906,220.57708740234375,122.48515319824219
2020-03-19,138.0399932861328,96.62797546386719,171.65113830566406,221.04579162597656,125.81995391845703
2020-03-20,140.11000061035156,94.3301773071289,164.926513671875,211.51998901367188,135.28091430664062
2020-03-23,146.3000030517578,92.93475341796875,165.0455780029297,206.11183166503906,140.8557891845703
2020-03-24,153.39999389648438,101.43750762939453,177.8263397216797,224.78623962402344,138.23387145996094
2020-03-25,151.3000030517578,102.69822692871094,176.50958251953125,228.15133666992188,137.91990661621094
2020-03-26,153.24000549316406,109.08592224121094,185.8045654296875,241.4730224609375,138.5987548828125
2020-03-27,152.25,105.116943359375,179.4142608642578,234.2805938720703,142.29830932617188
2020-03-30,152.9199981689453,107.43296813964844,185.9401397705078,241.8890380859375,141.12728881835938
2020-03-31,148.0500030517578,106.89131927490234,184.3522491455078,238.28358459472656,139.98182678222656
2020-04-01,149.4499969482422,99.60710906982422,176.51922607421875,227.5596466064453,141.9430389404297
2020-04-02,151.89999389648438,100.55030059814453,180.10171508789062,232.81068420410156,142.84381103515625
2020-04-03,152.64999389648438,97.70199584960938,177.5455322265625,229.44558715820312,143.18374633789062
2020-04-06,156.8800048828125,105.18232727050781,190.2391357421875,244.85659790039062,142.80978393554688
2020-04-07,156.0399932861328,105.45316314697266,190.16165161132812,245.10621643066406,141.31430053710938
2020-04-08,154.64999389648438,110.26262664794922,194.19918823242188,253.33404541015625,140.28599548339844
2020-04-09,158.69000244140625,115.53899383544922,194.4800567626953,257.1891174316406,140.54098510742188
2020-04-13,161.41000366210938,112.41053771972656,196.58103942871094,254.8409423828125,139.2578582763672
2020-04-14,162.67999267578125,114.68917083740234,205.13063049316406,262.35693359375,139.22381591796875
2020-04-15,161.85000610351562,110.01045989990234,202.77777099609375,256.7823791503906,142.91175842285156
2020-04-16,161.7100067138672,109.17930603027344,206.47645568847656,258.0211486816406,144.53477478027344
2020-04-17,158.57000732421875,113.98876190185547,208.45164489746094,264.9917297363281,142.5973663330078
2020-04-20,159.6999969482422,112.64399719238281,205.9826202392578,260.322998046875,143.7445068359375
2020-04-21,158.61000061035156,109.95443725585938,198.3820037841797,252.41883850097656,145.5545196533203
2020-04-22,161.72999572753906,111.2898941040039,204.2688446044922,258.0211486816406,144.0674591064453
2020-04-23,163.33999633789062,112.38249206542969,203.83316040039062,258.002685546875,144.8321990966797
2020-04-24,162.63999938964844,114.31562805175781,207.04769897460938,261.5989074707031,145.1721649169922
2020-04-27,161.55999755859375,118.84490966796875,208.71307373046875,265.3707275390625,142.46994018554688
2020-04-28,160.83999633789062,120.57260131835938,204.7820587158203,264.1504211425781,144.10995483398438
2020-04-29,161.72999572753906,126.502685546875,212.04380798339844,271.0654296875,143.3621368408203
2020-04-30,158.8000030517578,121.69324493408203,211.95668029785156,268.5416564941406,141.68804931640625
2020-05-01,159.77999877929688,116.8650894165039,205.9826202392578,261.43243408203125,142.90142822265625
2020-05-04,160.33999633789062,117.36939239501953,208.38385009765625,262.1535339355469,142.22926330566406
2020-05-05,161.02000427246094,118.27523803710938,210.74639892578125,264.57568359375,141.31887817382812
2020-05-06,158.9499969482422,117.4067611694336,212.04380798339844,262.7821350097656,139.03863525390625
2020-05-07,161.38999938964844,119.01302337646484,214.7742462158203,265.95318603515625,141.36146545410156
2020-05-08,160.4199981689453,123.607666015625,217.71766662597656,270.3536682128906,139.52359008789062
2020-05-11,159.4199981689453,122.99132537841797,219.663818359375,270.4091491699219,138.4344940185547
2020-05-12,160.0399932861328,118.57411193847656,215.06472778320312,265.0195007324219,139.8554229736328
2020-05-13,161.5800018310547,114.60511016845703,212.37301635742188,260.332275390625,140.8339385986328
2020-05-14,163.00999450683594,114.97867584228516,214.78396606445312,263.4478454589844,142.21226501464844
2020-05-15,163.92999267578125,116.80907440185547,216.17820739746094,264.6588439941406,141.8463897705078
2020-05-18,162.69000244140625,123.9065170288086,220.2060546875,272.7203674316406,138.7322235107422
2020-05-19,164.25999450683594,121.45977783203125,219.65414428710938,269.91912841796875,139.25131225585938
2020-05-20,164.64999389648438,125.13924407958984,224.04029846191406,274.5045471191406,139.66819763183594
2020-05-21,162.25,125.36337280273438,221.6002960205078,272.6093444824219,140.01705932617188
2020-05-22,163.2100067138672,125.97036743164062,222.36521911621094,273.1271057128906,140.85943603515625
2020-05-26,160.88999938964844,129.6031494140625,221.764892578125,276.4921569824219,138.9705352783203
2020-05-27,161.17999267578125,133.62814331054688,222.97520446777344,280.6060791015625,138.7152099609375
2020-05-28,161.72000122070312,130.46234130859375,222.68472290039062,280.08837890625,138.2047576904297
2020-05-29,162.91000366210938,129.71522521972656,225.94769287109375,281.33642578125,139.1916961669922
2020-06-01,163.66000366210938,130.95726013183594,226.6254425048828,282.4734802246094,138.25457763671875
2020-06-02,162.60000610351562,132.04058837890625,228.14556884765625,284.8123779296875,137.751953125
2020-06-03,159.60000610351562,135.22509765625,229.17190551757812,288.602783203125,135.9202423095703
2020-06-04,161.27999877929688,135.0289764404297,227.56466674804688,287.84478759765625,133.95216369628906
2020-06-05,158.00999450683594,140.24935913085938,232.07662963867188,295.2220764160156,132.99807739257812
2020-06-08,159.72000122070312,142.9668731689453,233.87753295898438,298.7905578613281,133.50924682617188
2020-06-09,161.25999450683594,140.3240203857422,235.5719451904297,296.56256103515625,135.0256805419922
2020-06-10,163.57000732421875,136.51382446289062,238.39923095703125,294.90771484375,137.02774047851562
2020-06-11,162.38999938964844,126.1010971069336,226.5867156982422,277.90655517578125,139.6177978515625
2020-06-12,162.6199951171875,129.1269073486328,228.3876495361328,281.2347717285156,138.2716522216797
2020-06-15,162.3300018310547,132.11227416992188,231.16650390625,283.8602294921875,138.34825134277344
2020-06-16,162.25,135.288818359375,235.13626098632812,289.3238830566406,136.22689819335938
2020-06-17,162.55999755859375,132.84317016601562,235.88177490234375,288.12213134765625,136.78929138183594
2020-06-18,162.24000549316406,132.7963104248047,236.5208282470703,288.23297119140625,138.23756408691406
2020-06-19,164.02999877929688,132.11227416992188,236.48207092285156,286.5858154296875,138.34825134277344
2020-06-22,165.08999633789062,133.43345642089844,239.3181610107422,288.4242248535156,138.3653564453125
2020-06-23,166.47999572753906,133.99569702148438,241.35498046875,289.7520751953125,137.41958618164062
2020-06-24,165.89999389648438,129.6478729248047,236.37930297851562,282.3609619140625,138.89352416992188
2020-06-25,165.8000030517578,131.60626220703125,238.62953186035156,285.38800048828125,139.29400634765625
2020-06-26,166.5399932861328,128.06427001953125,232.9943084716797,278.6095886230469,140.78492736816406
2020-06-29,166.6300048828125,132.25286865234375,235.5354766845703,282.7044372558594,140.3418731689453
2020-06-30,167.3699951171875,134.1643524169922,240.1522674560547,286.3258056640625,139.66033935546875
2020-07-01,166.6199951171875,132.88998413085938,242.95538330078125,288.3313903808594,139.38909912109375
2020-07-02,166.97999572753906,133.43345642089844,244.604248046875,289.9193115234375,139.5340118408203
2020-07-06,167.97999572753906,134.39862060546875,250.6177215576172,294.3948059082031,138.96261596679688
2020-07-07,169.0399932861328,132.0185546875,248.89125061035156,291.3585510253906,140.9158477783203
2020-07-08,170.08999633789062,133.00241088867188,252.16966247558594,293.58697509765625,140.3528594970703
2020-07-09,169.6300048828125,130.31321716308594,254.29373168945312,291.9156188964844,142.5876922607422
2020-07-10,169.19000244140625,132.41209411621094,256.02984619140625,294.896240234375,141.87110900878906
2020-07-13,169.39999389648438,130.73486328125,250.76321411132812,292.3427734375,142.34031677246094
2020-07-14,170.19000244140625,132.8993682861328,252.53817749023438,296.1312255859375,142.54502868652344
2020-07-15,170.33999633789062,137.77195739746094,253.05223083496094,298.85186767578125,141.8796844482422
2020-07-16,168.72999572753906,136.9567413330078,251.3257598876953,297.8675842285156,142.55349731445312
2020-07-17,170.1199951171875,137.35968017578125,251.6167449951172,298.73114013671875,142.2550506591797
2020-07-20,170.94000244140625,136.76931762695312,258.7552795410156,301.1453552246094,142.60459899902344
2020-07-21,173.0,138.70896911621094,256.05902099609375,301.7859802246094,142.68994140625
2020-07-22,175.6300048828125,138.78395080566406,256.96099853515625,303.5037841796875,143.11647033691406
2020-07-23,177.17999267578125,138.9245147705078,250.2491455078125,299.88250732421875,144.7882843017578
2020-07-24,178.6999969482422,136.88174438476562,247.872802734375,297.9512023925781,144.77969360351562
2020-07-27,182.22999572753906,138.3060760498047,252.29566955566406,300.1240234375,144.24237060546875
2020-07-28,183.75,136.9285888671875,249.08526611328125,298.220458984375,145.24029541015625
2020-07-29,185.1300048828125,139.94583129882812,251.95619201660156,301.88818359375,144.9929656982422
2020-07-30,183.75999450683594,139.3930206298828,253.2753143310547,300.8110656738281,145.94827270507812
2020-07-31,185.42999267578125,138.08116149902344,257.7951965332031,303.1881103515625,145.8544158935547
2020-08-03,185.63999938964844,140.3300323486328,261.27716064453125,305.29595947265625,145.12010192871094
2020-08-04,189.58999633789062,141.295166015625,262.2470397949219,306.4751892089844,146.50338745117188
2020-08-05,191.35000610351562,144.10626220703125,262.89691162109375,308.3786315917969,145.22254943847656
2020-08-06,193.88999938964844,144.05007934570312,266.37896728515625,310.44000244140625,146.03369140625
2020-08-07,190.80999755859375,146.33642578125,263.3043212890625,310.6629333496094,145.06027221679688
2020-08-10,190.14999389648438,147.8544158935547,262.1791687011719,311.5914001464844,144.41131591796875
2020-08-11,179.94000244140625,147.001708984375,257.2132263183594,309.0194091796875,142.69496154785156
2020-08-12,179.10000610351562,147.60140991210938,263.68255615234375,313.3278503417969,141.39707946777344
2020-08-13,183.3300018310547,147.29222106933594,264.283935546875,312.76141357421875,139.8856658935547
2020-08-14,182.5399932861328,147.19847106933594,263.9735107421875,312.77069091796875,139.33920288085938
2020-08-17,186.5,147.9574737548828,267.0384826660156,313.76422119140625,139.68931579589844
2020-08-18,188.17999267578125,146.5426025390625,269.6087341308594,314.44207763671875,140.68833923339844
2020-08-19,182.24000549316406,146.5519256591797,267.79498291015625,313.1328430175781,139.8088836669922
2020-08-20,183.5,145.95225524902344,271.5097961425781,314.1077880859375,141.07260131835938
2020-08-21,182.02999877929688,144.87464904785156,273.39141845703125,315.2220458984375,141.91793823242188
2020-08-24,181.0,146.39266967773438,275.0985412597656,318.416259765625,141.68740844726562
2020-08-25,181.22000122070312,146.5519256591797,277.2614440917969,319.5304870605469,140.6029815673828
2020-08-26,183.36000061035156,145.63365173339844,283.1778259277344,322.7339172363281,140.0649871826172
2020-08-27,181.24000549316406,145.98976135253906,282.2952880859375,323.43963623046875,137.6826171875
2020-08-28,184.38999938964844,147.22659301757812,283.7308349609375,325.5289001464844,137.58009338378906
2020-08-31,184.8300018310547,145.6430206298828,286.0101013183594,324.3496398925781,138.49375915527344
2020-09-01,185.0500030517578,147.3109130859375,290.8984680175781,327.404541015625,140.077880859375
2020-09-02,182.6199951171875,148.48223876953125,293.653076171875,332.14007568359375,141.41143798828125
2020-09-03,181.13999938964844,144.09693908691406,278.7648620605469,320.709716796875,141.8132781982422
2020-09-04,181.63999938964844,143.17861938476562,275.050048828125,318.0912170410156,139.1204071044922
2020-09-08,181.2899932861328,140.42376708984375,261.8300476074219,309.40008544921875,139.9752960205078
2020-09-09,183.0500030517578,142.55079650878906,269.521484375,315.5099182128906,139.5991973876953
2020-09-10,182.4600067138672,140.6955108642578,264.1481018066406,310.0315246582031,140.3087615966797
2020-09-11,182.4499969482422,139.75843811035156,262.31494140625,310.1893005371094,140.60787963867188
2020-09-14,183.88999938964844,143.44100952148438,266.88330078125,314.27490234375,140.5993194580078
2020-09-15,183.4499969482422,143.71275329589844,270.6659851074219,315.86273193359375,140.25741577148438
2020-09-16,183.97000122070312,145.07144165039062,266.34979248046875,314.6092529296875,139.8385009765625
2020-09-17,182.9600067138672,144.01258850097656,262.1888732910156,311.8421936035156,140.26589965820312
2020-09-18,183.1999969482422,143.6377716064453,258.8426818847656,308.2520751953125,139.82997131347656
2020-09-21,179.52000427246094,138.60592651367188,259.46337890625,304.8212585449219,140.53952026367188
2020-09-22,178.64999389648438,139.67413330078125,264.283935546875,307.9256896972656,140.4283905029297
2020-09-23,174.7899932861328,135.51290893554688,256.21417236328125,300.7846374511719,140.61639404296875
2020-09-24,175.44000244140625,135.51290893554688,257.4071960449219,301.5863037109375,141.1550750732422
2020-09-25,174.94000244140625,137.7139434814453,263.39154052734375,306.4620666503906,141.1550750732422
2020-09-28,176.6999969482422,141.10951232910156,268.8619079589844,311.55224609375,140.7532196044922
2020-09-29,178.19000244140625,140.46987915039062,267.64959716796875,309.85552978515625,140.91563415527344
2020-09-30,177.1199951171875,140.8931427001953,269.482666015625,312.204833984375,139.56494140625
2020-10-01,178.6999969482422,143.14117431640625,273.7600402832031,314.20916748046875,139.79518127441406
2020-10-02,178.5399932861328,143.7714080810547,266.0588684082031,311.22589111328125,139.2731475830078
2020-10-05,179.41000366210938,147.74073791503906,271.7329406738281,316.74493408203125,136.5518798828125
2020-10-06,177.3000030517578,147.31744384765625,266.88330078125,312.2420959472656,137.2877655029297
2020-10-07,177.22000122070312,150.53433227539062,271.50018310546875,317.6771545410156,136.2865753173828
2020-10-08,177.85000610351562,152.24623107910156,272.94525146484375,320.4925842285156,137.0225067138672
2020-10-09,181.0800018310547,153.036376953125,277.1159362792969,323.3546142578125,136.99691772460938
2020-10-12,180.55999755859375,154.06163024902344,285.6706237792969,328.556640625,137.4333038330078
2020-10-13,177.72000122070312,153.036376953125,285.6609191894531,326.4125061035156,138.4174346923828
2020-10-14,178.27000427246094,151.52198791503906,283.27490234375,324.3614807128906,138.73397827148438
2020-10-15,178.9199981689453,153.08338928222656,281.3739013671875,323.9605407714844,138.4944305419922
2020-10-16,178.3000030517578,152.70713806152344,279.8317565917969,323.76483154296875,138.1093292236328
2020-10-19,178.38999938964844,150.88233947753906,275.2633972167969,318.8424377441406,137.5873565673828
2020-10-20,179.25,151.21157836914062,275.85504150390625,320.1196594238281,136.27798461914062
2020-10-21,180.60000610351562,149.91354370117188,275.6417541503906,319.5137023925781,135.807373046875
2020-10-22,178.8300018310547,152.50022888183594,275.6319274902344,321.2663879394531,134.3953094482422
2020-10-23,178.63999938964844,153.38438415527344,276.175048828125,322.3570861816406,135.21688842773438
2020-10-26,178.5500030517578,150.07347106933594,272.0335998535156,316.4000244140625,136.4748077392578
2020-10-27,179.02000427246094,148.78480529785156,274.1576843261719,315.3092956542969,137.3905029296875
2020-10-28,176.1300048828125,144.20408630371094,263.4692077636719,304.5323181152344,137.5188751220703
2020-10-29,175.39999389648438,145.9253387451172,268.0763244628906,307.6274719238281,136.1838836669922
2020-10-30,176.1999969482422,143.9971160888672,261.27716064453125,304.42041015625,134.8403778076172
2020-11-02,177.91000366210938,146.5650177001953,261.8591613769531,307.8324890136719,135.85040283203125
2020-11-03,178.9199981689453,150.7224884033203,266.38861083984375,313.267578125,135.06224060058594
2020-11-04,178.82000732421875,150.8917694091797,278.27984619140625,320.26885986328125,137.9920654296875
2020-11-05,182.92999267578125,155.11508178710938,285.5348815917969,326.51495361328125,138.23191833496094
2020-11-06,183.19000244140625,153.90167236328125,285.74822998046875,326.4404296875,136.56138610839844
2020-11-09,175.0800018310547,159.4794921875,279.9093322753906,330.5422668457031,133.6915740966797
2020-11-10,175.66000366210938,162.44239807128906,274.8948059082031,330.0575866699219,132.9206085205078
2020-11-11,174.89999389648438,162.37657165527344,281.044189453125,332.50946044921875,133.4003448486328
2020-11-12,175.9600067138672,159.8839569091797,279.7250061035156,329.28375244140625,135.67050170898438
2020-11-13,177.16000366210938,163.19488525390625,282.1789245605469,333.84259033203125,135.49058532714844
2020-11-16,177.14999389648438,167.07962036132812,284.3805847167969,338.009765625,135.16506958007812
2020-11-17,176.5,167.86029052734375,283.4786682128906,336.19183349609375,136.0474090576172
2020-11-18,175.49000549316406,165.5087432861328,281.38360595703125,332.1458435058594,136.4415283203125
2020-11-19,175.16000366210938,166.7786102294922,283.5853576660156,333.54425048828125,137.14393615722656
2020-11-20,175.69000244140625,166.95729064941406,281.6454772949219,331.2601623535156,138.3604736328125
2020-11-23,172.22999572753906,170.0801239013672,281.6551208496094,333.2459716796875,137.72653198242188
2020-11-24,169.58999633789062,173.27818298339844,285.6124267578125,338.6158142089844,136.35577392578125
2020-11-25,169.50999450683594,172.68553161621094,287.36810302734375,338.0936584472656,135.93609619140625
2020-11-27,167.7899932861328,173.41925048828125,290.0158996582031,339.0353088378906,137.25527954101562
2020-11-30,166.6699981689453,170.2682342529297,290.60748291015625,337.5343017578125,137.083984375
2020-12-01,170.17999267578125,171.84844970703125,294.33209228515625,341.2261047363281,135.06275939941406
2020-12-02,171.4600067138672,172.02713012695312,294.7102966308594,341.9439392089844,133.99081420898438
2020-12-03,172.80999755859375,172.99598693847656,295.12738037109375,341.8506774902344,135.07135009765625
2020-12-04,172.32000732421875,177.02175903320312,296.3300476074219,344.7966613769531,133.09039306640625
2020-12-07,174.88999938964844,177.19105529785156,298.008056640625,344.088134765625,134.2909393310547
2020-12-08,175.5,179.4673614501953,299.0167236328125,345.094970703125,134.9255828857422
2020-12-09,172.5,178.159912109375,292.2467346191406,341.9998474121094,134.4796142578125
2020-12-10,172.1699981689453,179.88119506835938,293.4202575683594,341.8880615234375,135.67164611816406
2020-12-11,172.49000549316406,178.99703979492188,292.7705078125,341.4871826171875,136.15185546875
2020-12-14,171.5399932861328,179.20651245117188,294.8946228027344,339.95819091796875,135.77455139160156
2020-12-15,173.94000244140625,183.68833923339844,298.04681396484375,344.55419921875,135.3200225830078
2020-12-16,174.89999389648438,183.02784729003906,299.68597412109375,345.094970703125,134.9599151611328
2020-12-17,176.74000549316406,185.20741271972656,301.6452331542969,347.02471923828125,134.60276794433594
2020-12-18,176.44000244140625,184.31106567382812,300.7335205078125,345.6390686035156,134.19924926757812
2020-12-21,175.8800048828125,184.2166748046875,300.1708984375,344.4031982421875,134.7315216064453
2020-12-22,174.49000549316406,186.31134033203125,300.987060546875,343.82281494140625,135.4268035888672
2020-12-23,175.64999389648438,187.8965301513672,299.4712829589844,344.13177490234375,134.49111938476562
2020-12-24,176.35000610351562,187.7738037109375,300.7928161621094,345.4706115722656,135.0233917236328
2020-12-28,175.7100067138672,187.07562255859375,303.82440185546875,348.4385070800781,135.08348083496094
2020-12-29,176.35000610351562,183.45240783691406,304.096435546875,347.7737121582031,134.9117889404297
2020-12-30,177.6999969482422,185.32066345214844,304.1062316894531,348.2699279785156,135.20362854003906
2020-12-31,178.36000061035156,184.99041748046875,304.8543395996094,350.0393981933594,135.40109252929688
2021-01-04,182.3300018310547,182.57493591308594,300.5499267578125,345.27392578125,135.23794555664062
2021-01-05,182.8699951171875,185.39613342285156,303.0276184082031,347.65203857421875,134.2335662841797
2021-01-06,179.89999389648438,192.982177734375,298.8299865722656,349.7304382324219,131.4780731201172
2021-01-07,179.47999572753906,196.41668701171875,306.0592346191406,354.92657470703125,130.31922912597656
2021-01-08,173.33999633789062,195.99208068847656,309.9945983886719,356.9488220214844,129.8985595703125
2021-01-11,173.0,195.8221893310547,305.5151672363281,354.542724609375,129.6838836669922
2021-01-12,174.1199951171875,199.33218383789062,305.0292663574219,354.6175537109375,129.5808563232422
2021-01-13,173.3699951171875,197.90748596191406,307.0892639160156,355.5725402832031,131.0402069091797
2021-01-14,173.27999877929688,201.86090087890625,305.4471740722656,354.32745361328125,129.81265258789062
2021-01-15,171.1300048828125,198.8509979248047,303.0276184082031,351.7434387207031,130.3277587890625
2021-01-19,172.5800018310547,201.39854431152344,307.4488220214844,354.5052795410156,130.7483367919922
2021-01-20,175.38999938964844,202.28550720214844,314.60028076171875,359.4111633300781,130.8771209716797
2021-01-21,175.27999877929688,200.53050231933594,317.1169738769531,359.73883056640625,129.95860290527344
2021-01-22,173.89999389648438,202.8610382080078,316.20361328125,358.4655456542969,130.3792266845703
2021-01-25,174.0500030517578,202.66290283203125,318.8174743652344,359.8792419433594,131.91586303710938
2021-01-26,173.6199951171875,201.25704956054688,319.2838134765625,359.3175048828125,131.66693115234375
2021-01-27,172.52000427246094,197.5677947998047,310.3832702636719,350.5356140136719,132.001708984375
2021-01-28,172.67999267578125,196.93560791015625,312.21966552734375,353.5503234863281,131.27197265625
2021-01-29,172.61000061035156,193.9540252685547,305.65118408203125,346.4723815917969,130.4822998046875
2021-02-01,174.22999572753906,198.71893310546875,313.28857421875,352.23956298828125,130.63356018066406
2021-02-02,172.11000061035156,201.54953002929688,318.3995666503906,357.2203063964844,129.79132080078125
2021-02-03,171.85000610351562,202.1533966064453,317.1363830566406,357.501220703125,128.6395721435547
2021-02-04,168.14999389648438,206.27664184570312,320.8870849609375,361.56451416015625,128.29583740234375
2021-02-05,169.80999755859375,209.13560485839844,321.975341796875,362.987548828125,127.22154235839844
2021-02-08,171.52000427246094,214.47601318359375,324.1325378417969,365.60894775390625,127.78015899658203
2021-02-09,172.0800018310547,215.48561096191406,324.0645446777344,365.36553955078125,127.8747329711914
2021-02-10,172.7100067138672,214.07029724121094,323.3260192871094,365.2064208984375,128.72555541992188
2021-02-11,171.2100067138672,213.8249969482422,325.1041259765625,365.79620361328125,128.0208282470703
2021-02-12,170.69000244140625,214.4288330078125,326.9211730957031,367.60321044921875,126.43083953857422
2021-02-16,168.24000549316406,213.07962036132812,326.0369873046875,367.2847900390625,124.50578308105469
2021-02-17,166.3300018310547,211.40951538085938,324.4725646972656,367.3691711425781,125.29646301269531
2021-02-18,166.32000732421875,208.13543701171875,323.05389404296875,365.80560302734375,124.78935241699219
2021-02-19,167.00999450683594,212.47572326660156,321.64495849609375,365.15960693359375,123.13068389892578
2021-02-22,169.50999450683594,211.09814453125,313.3079833984375,362.35089111328125,122.19387817382812
2021-02-23,169.1199951171875,209.23936462402344,312.3752136230469,362.7908935546875,121.84156799316406
2021-02-24,169.0,214.18350219726562,314.9501647949219,366.7887268066406,121.04222106933594
2021-02-25,165.82000732421875,206.26719665527344,303.9701843261719,357.9505920410156,119.06556701660156
2021-02-26,161.80999755859375,205.98414611816406,305.24310302734375,356.106201171875,123.00180053710938
2021-03-01,161.52999877929688,213.3060302734375,314.4254455566406,364.73828125,121.37721252441406
2021-03-02,162.41000366210938,209.20164489746094,309.38238525390625,361.8921813964844,121.38581848144531
2021-03-03,160.6199951171875,206.93714904785156,300.404052734375,357.0987243652344,120.06932067871094
2021-03-04,159.0399932861328,201.1532440185547,295.4873962402344,352.6795959472656,119.2948989868164
2021-03-05,159.13999938964844,205.41807556152344,299.93768310546875,359.16766357421875,119.52725982666016
2021-03-08,157.49000549316406,206.389892578125,291.4453430175781,357.3794860839844,118.5978775024414
2021-03-09,160.83999633789062,210.73016357421875,302.9401550292969,362.48193359375,120.24143981933594
2021-03-10,161.66000366210938,214.39111328125,302.07537841796875,364.73828125,120.48234558105469
2021-03-11,161.52000427246094,219.1088104248047,309.0326232910156,368.43646240234375,119.6132583618164
2021-03-12,161.49000549316406,220.40147399902344,306.5256652832031,368.9326477050781,117.07487487792969
2021-03-15,162.1999969482422,221.18460083007812,309.80023193359375,371.13275146484375,117.76325988769531
2021-03-16,162.35000610351562,217.48594665527344,311.50067138671875,370.66473388671875,117.2900161743164
2021-03-17,163.50999450683594,219.1936798095703,312.7833557128906,371.9285583496094,116.41233825683594
2021-03-18,162.55999755859375,212.52291870117188,303.2025146484375,366.51715087890625,115.2334976196289
2021-03-19,163.24000549316406,214.126953125,304.2713928222656,365.83892822265625,115.94766998291016
2021-03-22,163.0,212.51344299316406,309.97747802734375,368.7601623535156,117.24700164794922
2021-03-23,161.80999755859375,204.80471801757812,308.6251525878906,365.8577880859375,118.3053207397461
2021-03-24,162.3699951171875,200.0681610107422,303.4200439453125,363.9979248046875,118.94210815429688
2021-03-25,161.77999877929688,204.811767578125,302.8946533203125,366.0456848144531,118.00419616699219
2021-03-26,162.24000549316406,208.54576110839844,307.4382019042969,371.9444885253906,117.59119415283203
2021-03-29,160.30999755859375,202.6753387451172,307.35064697265625,371.7565612792969,116.593017578125
2021-03-30,157.57000732421875,206.08792114257812,305.8037109375,370.7703857421875,117.2039794921875
2021-03-31,159.9600067138672,208.85768127441406,310.48345947265625,372.273193359375,116.5500259399414
2021-04-01,161.97999572753906,211.5045928955078,315.7759704589844,376.2933654785156,118.48435974121094
2021-04-05,161.9199981689453,212.66732788085938,322.0804748535156,381.6943359375,117.96741485595703
2021-04-06,163.22000122070312,212.04342651367188,321.856689453125,381.46893310546875,118.76872253417969
2021-04-07,162.75999450683594,208.62136840820312,322.635009765625,381.91046142578125,117.94153594970703
2021-04-08,164.50999450683594,210.38909912109375,326.0011901855469,383.7232360839844,118.9151840209961
2021-04-09,163.27000427246094,210.41748046875,327.9761962890625,386.5129699707031,118.48435974121094
2021-04-12,162.27999877929688,209.59503173828125,327.54815673828125,386.65386962890625,118.43266296386719
2021-04-13,163.42999267578125,209.0467529296875,331.37164306640625,387.7998046875,119.3201675415039
2021-04-14,162.72000122070312,211.1075439453125,327.3924255371094,386.47540283203125,118.94105529785156
2021-04-15,165.35000610351562,212.0244903564453,332.3542175292969,390.62713623046875,120.93147277832031
2021-04-16,166.35000610351562,212.36477661132812,332.7434387207031,391.9327697753906,119.99224853515625
2021-04-19,165.88999938964844,209.60447692871094,329.6982727050781,390.00726318359375,119.64762115478516
2021-04-20,166.47999572753906,205.31280517578125,327.295166015625,387.1517333984375,120.19905853271484
2021-04-21,168.1300048828125,210.33238220214844,330.09716796875,390.8149719238281,120.44031524658203
2021-04-22,167.0399932861328,209.4626922607422,326.1179504394531,387.24566650390625,120.9659194946289
2021-04-23,166.39999389648438,213.4141082763672,330.22369384765625,391.4443359375,120.68154907226562
2021-04-26,166.83999633789062,215.6356201171875,332.373779296875,392.2615051269531,120.50924682617188
2021-04-27,166.4199981689453,215.95701599121094,330.933837890625,392.1770324707031,119.45806121826172
2021-04-28,166.91000366210938,216.32566833496094,329.81500244140625,392.0642395019531,119.53558349609375
2021-04-29,166.22000122070312,215.5221710205078,331.0019836425781,394.5628356933594,119.18228912353516
2021-04-30,165.66000366210938,212.59173583984375,328.8323669433594,391.9703369140625,119.45806121826172
2021-05-03,167.80999755859375,213.6315460205078,327.0811462402344,392.8157043457031,119.52969360351562
2021-05-04,166.5800018310547,211.0791778564453,321.1950988769531,390.392333984375,120.3408203125
2021-05-05,167.27000427246094,210.2378387451172,320.1152648925781,390.514404296875,120.53927612304688
2021-05-06,170.05999755859375,210.41748046875,322.52801513671875,393.63287353515625,120.73772430419922
2021-05-07,171.58999633789062,213.06434631347656,325.14508056640625,396.49774169921875,120.14232635498047
2021-05-10,172.11000061035156,207.647705078125,316.93377685546875,392.5714416503906,118.92564392089844
2021-05-11,172.13999938964844,206.9860076904297,316.4960021972656,389.0677795410156,118.25257110595703
2021-05-12,170.42999267578125,200.26480102539062,308.3041076660156,380.8020935058594,117.0099868774414
2021-05-13,171.1300048828125,203.9515380859375,310.687744140625,385.3764343261719,117.19123077392578
2021-05-14,172.69000244140625,208.93333435058594,317.5466613769531,391.2939758300781,118.28709411621094
2021-05-17,174.6999969482422,209.2169189453125,315.620361328125,390.29833984375,118.03682708740234
2021-05-18,175.0399932861328,207.6287841796875,313.48968505859375,386.9356994628906,117.73486328125
2021-05-19,175.16000366210938,206.03121948242188,313.849609375,385.92120361328125,117.4500732421875
2021-05-20,175.9600067138672,207.4019012451172,319.9205627441406,390.07293701171875,118.4165267944336
2021-05-21,176.0399932861328,207.94076538085938,318.1498718261719,389.7535400390625,118.79621124267578
2021-05-24,176.35000610351562,209.2925567626953,323.5008850097656,393.7268371582031,119.23627471923828
2021-05-25,177.9499969482422,207.26954650878906,323.9483947753906,392.85321044921875,120.3408203125
2021-05-26,177.63999938964844,211.13589477539062,325.0769958496094,393.63287353515625,120.13365173339844
2021-05-27,177.7100067138672,213.31011962890625,323.8608093261719,393.83953857421875,119.65054321289062
2021-05-28,178.3800048828125,213.16835021972656,324.88238525390625,394.5440368652344,119.4605941772461
2021-06-01,177.89999389648438,215.5883026123047,323.802490234375,394.1965026855469,119.43383026123047
2021-06-02,178.77000427246094,215.8435821533203,324.43487548828125,394.8163757324219,119.71034240722656
2021-06-03,175.27000427246094,214.0380096435547,321.058837890625,393.35107421875,119.26097106933594
2021-06-04,177.16000366210938,214.96441650390625,326.50714111328125,396.9486389160156,120.89420318603516
2021-06-07,177.8699951171875,217.84764099121094,327.4800109863281,396.5634765625,120.52266693115234
2021-06-08,177.32000732421875,220.1541748046875,327.6357116699219,396.6480712890625,121.36955261230469
2021-06-09,176.97999572753906,218.68898010253906,327.7135314941406,396.0563049316406,122.44107055664062
2021-06-10,177.74000549316406,217.06716918945312,331.1284484863281,397.8973388671875,123.17562866210938
2021-06-11,175.74000549316406,219.35830688476562,331.9943542480469,398.5548095703125,122.9768295288086
2021-06-14,174.7100067138672,218.71453857421875,335.17572021484375,399.4471435546875,122.03489685058594
2021-06-15,174.0500030517578,218.08966064453125,332.9866638183594,398.7145690917969,121.88801574707031
2021-06-16,171.11000061035156,217.62579345703125,331.77056884765625,396.4884033203125,121.7843246459961
2021-06-17,165.85000610351562,215.18319702148438,335.9833068847656,396.35687255859375,123.60770416259766
2021-06-18,164.92999267578125,210.29806518554688,333.34661865234375,391.009765625,125.93222045898438
2021-06-21,166.9499969482422,214.79505920410156,335.41839599609375,396.6075134277344,123.82373809814453
2021-06-22,166.25,215.77020263671875,338.5451354980469,398.7279052734375,124.12619018554688
2021-06-23,166.13999938964844,216.4802703857422,338.71063232421875,398.24725341796875,123.80638885498047
2021-06-24,166.0399932861328,219.53819274902344,340.8048400878906,400.6031799316406,124.00519561767578
2021-06-25,166.58999633789062,219.90737915039062,340.3860168457031,402.0262451171875,122.71759796142578
2021-06-28,166.5800018310547,218.16543579101562,344.5256652832031,402.8366394042969,123.979248046875
2021-06-29,164.8300018310547,217.12400817871094,345.7724609375,403.05340576171875,124.18661499023438
2021-06-30,165.6300048828125,217.15243530273438,345.2268981933594,403.3926086425781,124.73970031738281
2021-07-01,166.1999969482422,219.0648193359375,345.36334228515625,405.6260070800781,124.74661254882812
2021-07-02,167.2899932861328,216.9820098876953,349.3276672363281,408.72650146484375,125.49939727783203
2021-07-06,168.1199951171875,213.8293914794922,350.83746337890625,407.9820251464844,126.97038269042969
2021-07-07,168.75999450683594,211.84124755859375,351.57769775390625,409.4238586425781,128.09527587890625
2021-07-08,168.64999389648438,209.89097595214844,349.45428466796875,406.0877685546875,128.59706115722656
2021-07-09,169.2100067138672,214.32168579101562,351.6360778808594,410.4227600097656,126.78865051269531
2021-07-12,169.0,214.50157165527344,353.00946044921875,411.89288330078125,126.62425994873047
2021-07-13,169.22000122070312,210.45901489257812,353.00946044921875,410.48870849609375,125.6551513671875
2021-07-14,171.0399932861328,207.2117156982422,353.642578125,411.1011962890625,127.08283233642578
2021-07-15,171.07000732421875,206.0377655029297,351.1588134765625,409.6971130371094,128.4845733642578
2021-07-16,169.41000366210938,203.50050354003906,348.3146667480469,406.4836120605469,128.2423095703125
2021-07-19,169.61000061035156,200.45201110839844,345.4607238769531,400.480712890625,131.05445861816406
2021-07-20,169.38999938964844,206.67210388183594,349.4737548828125,406.2197265625,129.79116821289062
2021-07-21,168.75999450683594,210.2317657470703,352.17181396484375,409.5086669921875,128.14710998535156
2021-07-22,169.08999633789062,206.88983154296875,354.49969482421875,410.3661804199219,129.35855102539062
2021-07-23,168.55999755859375,207.8555145263672,358.6394348144531,414.5879821777344,128.49322509765625
2021-07-26,168.16000366210938,208.46136474609375,358.9218444824219,415.6058349609375,128.11257934570312
2021-07-27,168.44000244140625,206.02830505371094,354.96728515625,413.71160888671875,129.47967529296875
2021-07-28,169.2899932861328,209.057861328125,356.3309326171875,413.54193115234375,129.48834228515625
2021-07-29,171.1699981689453,210.6672821044922,356.9640808105469,415.25714111328125,128.77020263671875
2021-07-30,169.82000732421875,209.2755889892578,355.10369873046875,413.2404479980469,129.3758544921875
2021-08-02,169.61000061035156,208.2341766357422,355.1328430175781,412.3734130859375,130.52981567382812
2021-08-03,169.49000549316406,209.09571838378906,357.28546142578125,415.72833251953125,130.59912109375
2021-08-04,169.52999877929688,206.49217224121094,357.80169677734375,413.683349609375,130.86769104003906
2021-08-05,168.86000061035156,210.20338439941406,360.07122802734375,416.3031311035156,130.2006378173828
2021-08-06,164.63999938964844,211.490966796875,358.4932861328125,416.9911193847656,128.0260772705078
2021-08-09,161.72000122070312,210.32644653320312,359.15570068359375,416.65179443359375,127.56696319580078
2021-08-10,161.77000427246094,210.74301147460938,357.3147888183594,417.170166015625,126.97786712646484
2021-08-11,164.0,211.77491760253906,356.7010803222656,418.206787109375,126.89986419677734
2021-08-12,164.0399932861328,211.27317810058594,357.98681640625,419.4601135253906,126.69198608398438
2021-08-13,166.38999938964844,209.35134887695312,359.2432861328125,420.2235107421875,128.69314575195312
2021-08-16,167.22000122070312,207.4010772705078,359.399169921875,421.2129821777344,129.00509643554688
2021-08-17,166.97000122070312,204.873291015625,356.23358154296875,418.4517822265625,128.95306396484375
2021-08-18,167.10000610351562,203.0839385986328,352.8049011230469,413.8717956542969,129.38626098632812
2021-08-19,166.61000061035156,200.65084838867188,354.5094909667969,414.51263427734375,130.33921813964844
2021-08-20,166.6999969482422,204.04013061523438,358.181640625,417.8109436035156,130.42584228515625
2021-08-23,168.72999572753906,207.9217529296875,363.5387268066406,421.4862365722656,130.33921813964844
2021-08-24,168.64999389648438,209.96670532226562,364.6492614746094,422.1552734375,129.32559204101562
2021-08-25,167.47999572753906,210.70513916015625,365.0680236816406,423.0411376953125,128.25140380859375
2021-08-26,167.6699981689453,208.47084045410156,362.7498474121094,420.54388427734375,128.60655212402344
2021-08-27,170.19000244140625,214.35008239746094,366.2758483886719,424.3039855957031,129.4815216064453
2021-08-30,169.35000610351562,213.46963500976562,370.38623046875,426.16986083984375,129.8194122314453
2021-08-31,169.69000244140625,213.88619995117188,370.0842590332031,425.5384216308594,128.93577575683594
2021-09-01,169.6999969482422,215.3252410888672,370.6979675292969,425.7646179199219,129.15171813964844
2021-09-02,169.25,216.821044921875,370.5226135253906,427.0744934082031,129.71551513671875
2021-09-03,171.05999755859375,215.81752014160156,371.662353515625,426.97088623046875,128.53587341308594
2021-09-07,167.7100067138672,214.3311309814453,372.18817138671875,425.4441833496094,127.45159149169922
2021-09-08,167.2899932861328,211.9927215576172,370.89276123046875,424.9259338378906,128.3190155029297
2021-09-09,168.02999877929688,211.88856506347656,369.6167297363281,423.107177734375,129.87168884277344
2021-09-10,167.17999267578125,209.81520080566406,366.8114929199219,419.7710876464844,128.72666931152344
2021-09-13,167.74000549316406,211.0081024169922,366.5583190917969,420.84539794921875,129.50741577148438
2021-09-14,168.82000732421875,208.3193817138672,365.5160827636719,418.5743103027344,131.07742309570312
2021-09-15,167.8300018310547,210.20338439941406,368.2336730957031,422.07049560546875,130.61767578125
2021-09-16,164.02999877929688,210.35488891601562,368.4869079589844,421.4013977050781,130.0191650390625
2021-09-17,163.77000427246094,210.62940979003906,364.1231994628906,417.29656982421875,129.39462280273438
2021-09-20,164.94000244140625,205.62123107910156,356.5992431640625,410.33843994140625,130.9994354248047
2021-09-21,166.0399932861328,205.93360900878906,357.0379943847656,409.9508056640625,130.88658142089844
2021-09-22,165.4199981689453,209.13356018066406,360.3729553222656,413.9498596191406,131.66726684570312
2021-09-23,163.50999450683594,212.8353271484375,363.6980895996094,418.979248046875,128.6919708251953
2021-09-24,163.3000030517578,211.80877685546875,364.0393371582031,419.66949462890625,127.43425750732422
2021-09-27,163.63999938964844,215.0279541015625,361.1334533691406,418.46881103515625,126.96575927734375
2021-09-28,162.0500030517578,210.13748168945312,350.9143371582031,410.0358581542969,124.98810577392578
2021-09-29,161.32000732421875,209.69117736816406,350.3389892578125,410.7259826660156,125.2049560546875
2021-09-30,164.22000122070312,207.72552490234375,349.0518493652344,405.7060241699219,125.1876449584961
2021-10-01,164.58999633789062,211.07762145996094,351.21661376953125,410.5274963378906,126.24108123779297
2021-10-04,165.36000061035156,209.15940856933594,343.8446960449219,405.2332763671875,125.91971588134766
2021-10-05,164.58999633789062,209.88111877441406,348.48626708984375,409.44976806640625,124.70384979248047
2021-10-06,165.02999877929688,208.7890625,350.71929931640625,411.1515197753906,125.40731811523438
2021-10-07,164.16000366210938,212.00819396972656,353.9371032714844,414.7061462402344,124.09587097167969
2021-10-08,164.22999572753906,210.41287231445312,352.1722412109375,413.9498596191406,123.22731018066406
2021-10-11,163.9199981689453,209.2069091796875,349.47113037109375,410.9529724121094,122.91464233398438
2021-10-12,164.66000366210938,210.35594177246094,348.2522888183594,409.9413146972656,125.01651763916016
2021-10-13,167.58999633789062,211.35301208496094,351.0411071777344,411.41619873046875,126.23246765136719
2021-10-14,168.0,214.48666381835938,357.5060729980469,418.33642578125,126.70144653320312
2021-10-15,165.3300018310547,213.8125,359.75860595703125,421.5223693847656,125.96317291259766
2021-10-18,164.9199981689453,213.68899536132812,363.3762512207031,422.7703857421875,126.55375671386719
2021-10-19,165.4499969482422,214.48666381835938,366.1260070800781,426.0319519042969,124.80803680419922
2021-10-20,166.89999389648438,215.9110870361328,365.6483154296875,427.7052917480469,123.9655990600586
2021-10-21,166.75,216.46185302734375,367.88140869140625,428.82086181640625,123.81793975830078
2021-10-22,167.77000427246094,215.94908142089844,364.7901611328125,428.3765563964844,125.18156433105469
2021-10-25,168.92999267578125,218.00018310546875,368.52490234375,430.673828125,124.9904556274414
2021-10-26,167.67999267578125,216.35736083984375,369.68524169921875,431.0614013671875,126.02397918701172
2021-10-27,168.1199951171875,212.3785400390625,370.5433349609375,429.1517333984375,128.3169708251953
2021-10-28,168.0800018310547,216.61380004882812,374.6582946777344,433.2926330566406,127.8826675415039
2021-10-29,166.64999389648438,216.5567626953125,376.50128173828125,434.17181396484375,128.27345275878906
2021-11-01,167.52000427246094,222.1689453125,377.7884826660156,434.91864013671875,127.34992980957031
2021-11-02,167.16000366210938,222.63427734375,379.3681335449219,436.6770935058594,127.91519927978516
2021-11-03,165.77000427246094,226.61306762695312,383.3953552246094,439.3431091308594,126.5933609008789
2021-11-04,167.64999389648438,226.5276336669922,388.3099060058594,441.41351318359375,127.92385864257812
2021-11-05,169.83999633789062,229.6233367919922,388.6805114746094,442.9449768066406,129.83706665039062
2021-11-08,170.4499969482422,230.33554077148438,388.1539001464844,443.3232116699219,129.5935821533203
2021-11-09,171.2899932861328,228.99658203125,385.48211669921875,441.8578186035156,131.28070068359375
2021-11-10,173.14999389648438,225.38809204101562,379.8166809082031,438.3031311035156,128.8804931640625
2021-11-11,174.1199951171875,227.20184326171875,380.8698425292969,438.4449462890625,128.68917846679688
2021-11-12,174.4499969482422,227.4297637939453,384.8775329589844,441.7538146972656,128.12391662597656
2021-11-15,174.17999267578125,226.5276336669922,384.7896728515625,441.90509033203125,126.5150375366211
2021-11-16,172.9199981689453,226.94546508789062,387.5298767089844,443.6540832519531,126.1933364868164
2021-11-17,174.5,223.9731903076172,387.73468017578125,442.5763244628906,127.19340515136719
2021-11-18,173.94000244140625,223.0236053466797,391.7521057128906,444.07952880859375,127.67166137695312
2021-11-19,172.61000061035156,220.99142456054688,393.9363708496094,443.2854309082031,129.01959228515625
2021-11-22,168.74000549316406,220.05136108398438,389.36309814453125,442.03741455078125,127.50643920898438
2021-11-23,167.27999877929688,219.67149353027344,387.5883483886719,442.62359619140625,125.66282653808594
2021-11-24,167.1199951171875,219.90892028808594,388.83648681640625,443.8053894042969,127.68038940429688
2021-11-26,166.85000610351562,211.61888122558594,381.464599609375,433.9070739746094,130.9067840576172
2021-11-29,166.6199951171875,211.48594665527344,389.7433776855469,439.2296447753906,129.85450744628906
2021-11-30,165.5,207.1747589111328,384.0194396972656,430.68328857421875,131.8285369873047
2021-12-01,166.16000366210938,202.51219177246094,377.4862060546875,425.89959716796875,132.6417694091797
2021-12-02,165.24000549316406,208.162353515625,380.20684814453125,432.4228515625,132.8072509765625
2021-12-03,166.6300048828125,203.8891143798828,373.5954895019531,428.66015625,134.3919219970703
2021-12-06,166.22000122070312,207.98193359375,376.5890808105469,433.73687744140625,132.5460205078125
2021-12-07,166.80999755859375,212.8058624267578,387.9296875,442.708740234375,131.4750518798828
2021-12-08,166.89999389648438,214.2587890625,389.6653747558594,443.8809509277344,129.20254516601562
2021-12-09,165.8800048828125,209.40631103515625,383.9316711425781,440.8841247558594,129.92518615722656
2021-12-10,166.5800018310547,208.8270721435547,388.1051940917969,445.0343933105469,129.6117706298828
2021-12-13,167.0,205.77525329589844,382.4982604980469,441.09210205078125,131.5272979736328
2021-12-14,165.44000244140625,204.003662109375,378.53924560546875,438.05731201171875,131.2138671875
2021-12-15,166.14999389648438,207.2421112060547,387.1690979003906,444.9020080566406,129.9513397216797
2021-12-16,168.16000366210938,203.0511474609375,377.2131652832031,440.9785461425781,130.00189208984375
2021-12-17,167.8000030517578,204.91802978515625,375.3311767578125,436.2853698730469,131.47503662109375
2021-12-20,167.08999633789062,202.04150390625,371.6903076171875,431.6461181640625,130.49000549316406
2021-12-21,167.02000427246094,207.81362915039062,380.0089416503906,439.31170654296875,129.9931640625
2021-12-22,168.58999633789062,209.81381225585938,384.6368103027344,443.7042541503906,130.59458923339844
2021-12-23,168.97000122070312,211.49021911621094,387.53662109375,446.4650573730469,129.46148681640625
2021-12-27,169.3699951171875,213.47132873535156,393.94158935546875,452.7834777832031,129.7752685546875
2021-12-28,168.63999938964844,212.1664581298828,392.1157531738281,452.4134521484375,129.26089477539062
2021-12-29,168.58999633789062,212.3950653076172,392.0571594238281,452.9922180175781,127.84883880615234
2021-12-30,169.8000030517578,212.337890625,390.88555908203125,451.7398681640625,128.92098999023438
2021-12-31,170.9600067138672,211.8807373046875,388.4446716308594,450.6014099121094,129.17381286621094
2022-01-03,168.3300018310547,214.61436462402344,392.18408203125,453.21038818359375,125.78300476074219
2022-01-04,169.57000732421875,214.2904815673828,387.09722900390625,453.0586242675781,125.25997161865234
2022-01-05,169.05999755859375,207.0325469970703,375.2052001953125,444.35888671875,124.58003997802734
2022-01-06,166.99000549316406,208.21368408203125,374.9416198730469,443.94146728515625,124.90261840820312
2022-01-07,167.75,205.80384826660156,370.87994384765625,442.1863098144531,124.00474548339844
2022-01-10,168.25999450683594,205.08949279785156,371.1240234375,441.6360778808594,124.3098373413086
2022-01-11,170.2899932861328,207.2707061767578,376.69903564453125,445.6585998535156,125.13790893554688
2022-01-12,170.74000549316406,205.72764587402344,378.1929016113281,446.8634948730469,124.65851593017578
2022-01-13,170.16000366210938,203.8417205810547,368.7319030761719,440.70635986328125,125.76548767089844
2022-01-14,169.6699981689453,204.12747192382812,371.0263977050781,440.8866271972656,123.86531829833984
2022-01-18,169.38999938964844,197.9553680419922,361.78997802734375,433.0787048339844,122.12193298339844
2022-01-19,172.0800018310547,194.73594665527344,357.8162841796875,428.58172607421875,122.96746063232422
2022-01-20,171.64999389648438,191.21173095703125,353.1687927246094,423.83819580078125,123.72584533691406
2022-01-21,171.08999633789062,187.63040161132812,343.37591552734375,415.51800537109375,125.19896697998047
2022-01-24,172.02999877929688,191.95468139648438,344.9478759765625,417.2825927734375,124.17034912109375
2022-01-25,172.5800018310547,189.39251708984375,336.951416015625,412.18798828125,123.96993255615234
2022-01-26,169.7899932861328,186.6588592529297,336.42425537109375,411.1539306640625,122.47061157226562
2022-01-27,167.60000610351562,182.42030334472656,333.0362854003906,409.1236572265625,124.71952056884766
2022-01-28,167.10000610351562,185.9730682373047,343.4832763671875,419.28436279296875,124.7630844116211
2022-01-31,168.08999633789062,191.678466796875,354.4673156738281,426.8361511230469,124.11807250976562
2022-02-01,168.22999572753906,193.69773864746094,356.87896728515625,429.7202453613281,123.70608520507812
2022-02-02,168.83999633789062,191.77371215820312,359.7787170410156,433.8946228027344,124.12509155273438
2022-02-03,168.60000610351562,188.1447296142578,345.1918640136719,423.6958923339844,123.1561279296875
2022-02-04,168.86000061035156,188.95433044433594,349.5465087890625,425.6882629394531,121.34053802490234
2022-02-07,170.11000061035156,189.8877716064453,346.7344970703125,424.32208251953125,121.41911315917969
2022-02-08,170.6300048828125,193.12623596191406,350.63018798828125,427.8132629394531,120.60731506347656
2022-02-09,171.2100067138672,196.7932891845703,358.06036376953125,434.0747985839844,120.8342514038086
2022-02-10,170.55999755859375,193.77394104003906,349.95654296875,426.2764587402344,118.91392517089844
2022-02-11,173.80999755859375,191.81182861328125,338.8553466796875,417.87078857421875,120.67706298828125
2022-02-14,174.74000549316406,191.1450653076172,339.2751770019531,416.5046691894531,119.17578887939453
2022-02-15,173.0800018310547,196.2694549560547,347.7109375,423.2215576171875,117.82281494140625
2022-02-16,174.86000061035156,196.6790313720703,347.6230773925781,423.6958923339844,118.5210952758789
2022-02-17,177.25,191.64039611816406,337.2834167480469,414.6451416015625,119.40270233154297
2022-02-18,177.1199951171875,189.99256896972656,333.4365539550781,411.96026611328125,120.65966033935547
2022-02-22,177.49000549316406,187.3160858154297,330.08770751953125,407.53924560546875,120.97388458251953
2022-02-23,178.2899932861328,183.81089782714844,321.63238525390625,400.31011962890625,119.30671691894531
2022-02-24,177.13999938964844,188.63050842285156,332.4406433105469,406.3343811035156,119.38529205322266
2022-02-25,176.5500030517578,192.8786163330078,337.59588623046875,415.29974365234375,119.47258758544922
2022-02-28,178.3800048828125,193.65965270996094,338.6014709472656,414.2372131347656,122.09126281738281
2022-03-01,181.6199951171875,190.0115966796875,333.4170837402344,407.9282531738281,123.50281524658203
2022-03-02,179.72999572753906,194.5359344482422,339.01153564453125,415.4325256347656,119.28116607666016
2022-03-03,180.8000030517578,192.2309112548828,334.16888427734375,413.3643493652344,120.49610900878906
2022-03-04,183.67999267578125,189.22103881835938,329.3260498046875,410.0059509277344,122.57636260986328
2022-03-07,186.41000366210938,184.51577758789062,317.18017578125,397.91937255859375,121.64112091064453
2022-03-08,191.50999450683594,185.534912109375,315.70587158203125,394.9023742675781,120.41744232177734
2022-03-09,185.82000732421875,190.76409912109375,327.0706787109375,405.4901123046875,119.23746490478516
2022-03-10,186.39999389648438,190.42115783691406,323.4386291503906,403.6590881347656,117.52433013916016
2022-03-11,185.08999633789062,187.38272094726562,316.73101806640625,398.52655029296875,117.91766357421875
2022-03-14,182.3000030517578,183.55374145507812,310.6483459472656,395.6139221191406,115.16441345214844
2022-03-15,178.88999938964844,186.4779052734375,320.3923645019531,404.3136291503906,114.9634017944336
2022-03-16,180.00999450683594,192.34519958496094,332.2746887207031,413.27899169921875,116.09091186523438
2022-03-17,180.88999938964844,195.3645782470703,336.2972717285156,418.449462890625,115.2255859375
2022-03-18,179.3000030517578,197.4219512939453,343.18060302734375,423.0326843261719,116.63276672363281
2022-03-21,180.6699981689453,195.67892456054688,342.2265319824219,422.90899658203125,113.93201446533203
2022-03-22,179.36000061035156,197.64105224609375,348.9521789550781,427.8576354980469,112.4723129272461
2022-03-23,181.80999755859375,194.2120819091797,343.937255859375,422.3475036621094,114.9371566772461
2022-03-24,183.1300048828125,196.44529724121094,351.5818786621094,428.7141418457031,114.03689575195312
2022-03-25,182.3800048828125,196.71249389648438,351.28857421875,430.8077697753906,112.4548568725586
2022-03-28,179.05999755859375,196.779296875,356.7238464355469,433.87213134765625,113.41629028320312
2022-03-29,179.13999938964844,202.04737854003906,362.8629150390625,439.2394714355469,114.27286529541016
2022-03-30,180.5800018310547,197.99134826660156,358.85498046875,436.5273132324219,115.16441345214844
2022-03-31,180.64999389648438,195.90130615234375,354.406982421875,429.80859375,115.44412231445312
2022-04-01,179.5,198.09632873535156,353.73248291015625,431.02667236328125,115.88356018066406
2022-04-04,180.3699951171875,198.4208221435547,361.015380859375,434.7190856933594,115.07820892333984
2022-04-05,179.24000549316406,193.7253875732422,352.9992980957031,429.2279968261719,112.47830963134766
2022-04-06,179.66000366210938,190.97679138183594,345.3351745605469,424.93597412109375,111.56787109375
2022-04-07,180.33999633789062,190.3564910888672,346.1564025878906,427.0772705078125,110.72752380371094
2022-04-08,181.47000122070312,188.83905029296875,341.3173828125,425.93524169921875,109.52825164794922
2022-04-11,182.3699951171875,187.56973266601562,333.2427062988281,418.65509033203125,107.79499053955078
2022-04-12,183.77000427246094,188.16143798828125,331.8349609375,417.10382080078125,107.64618682861328
2022-04-13,184.64999389648438,191.74032592773438,338.5802001953125,421.8811950683594,107.86502075195312
2022-04-14,184.0399932861328,189.87930297851562,330.8378601074219,416.6280517578125,105.70283508300781
2022-04-18,184.61000061035156,188.6004638671875,331.0920104980469,416.7992858886719,105.1775894165039
2022-04-19,181.82000732421875,192.36061096191406,338.4921875,423.5275573730469,104.38973236083984
2022-04-20,182.7100067138672,193.0955047607422,333.55548095703125,423.2135009765625,106.49068450927734
2022-04-21,182.05999755859375,188.772216796875,326.6539001464844,416.8849182128906,105.70283508300781
2022-04-22,180.2899932861328,183.88589477539062,318.1001892089844,405.4459533691406,105.03751373291016
2022-04-25,177.0500030517578,185.00254821777344,322.1864318847656,407.796630859375,106.08799743652344
2022-04-26,177.32000732421875,179.17140197753906,310.0255126953125,395.98651123046875,107.15594482421875
2022-04-27,175.97999572753906,178.42701721191406,309.65399169921875,397.09991455078125,105.78160858154297
2022-04-28,176.92999267578125,181.7576904296875,320.6517028808594,407.1304016113281,105.93917083740234
2022-04-29,176.91000366210938,176.50869750976562,306.22271728515625,392.0846862792969,104.5648193359375
2022-05-02,173.6300048828125,178.36016845703125,311.33544921875,394.44482421875,102.75230407714844
2022-05-03,174.08999633789062,179.8871612548828,311.6677551269531,396.2529296875,103.44503021240234
2022-05-04,175.8000030517578,184.6875762939453,322.2059020996094,408.32000732421875,104.01499938964844
2022-05-05,175.1300048828125,177.1958465576172,305.97833251953125,393.8071594238281,101.16516876220703
2022-05-06,175.4199981689453,174.24688720703125,302.3125,391.4566345214844,99.67448425292969
2022-05-09,172.8800048828125,166.91741943359375,290.48388671875,378.9232177734375,100.55136108398438
2022-05-10,171.4199981689453,166.96514892578125,294.0129089355469,379.7986755371094,101.46329498291016
2022-05-11,172.82000732421875,162.81369018554688,285.29302978515625,373.7651672363281,103.41874694824219
2022-05-12,170.1699981689453,164.722412109375,284.61846923828125,373.3749694824219,103.22579956054688
2022-05-13,168.7899932861328,169.94273376464844,295.1664733886719,382.3016357421875,101.70006561279297
2022-05-16,170.39999389648438,169.1315460205078,291.7449645996094,380.7503662109375,101.5948257446289
2022-05-17,169.3300018310547,174.30418395996094,299.3015441894531,388.5825500488281,100.3671875
2022-05-18,169.4199981689453,168.19622802734375,284.60882568359375,372.9181823730469,102.50679779052734
2022-05-19,171.91000366210938,168.47300720214844,283.083740234375,370.6341552734375,102.75230407714844
2022-05-20,172.02999877929688,168.04354858398438,282.20391845703125,370.7959899902344,103.91857147216797
2022-05-23,172.8300018310547,170.0763397216797,286.89630126953125,377.73358154296875,102.20864868164062
2022-05-24,174.1300048828125,167.5568389892578,280.7962646484375,374.8500671386719,104.22545623779297
2022-05-25,173.0800018310547,170.57260131835938,284.7260437011719,378.1618347167969,104.6375732421875
2022-05-26,172.75999450683594,174.38050842285156,292.6150207519531,385.7180480957031,104.1640853881836
2022-05-27,172.85000610351562,179.07595825195312,302.16583251953125,395.1871337890625,104.41837310791016
2022-05-31,171.13999938964844,176.852294921875,301.3642578125,392.9697265625,102.20864868164062
2022-06-01,172.22999572753906,175.85023498535156,299.1353759765625,389.79107666015625,102.09181213378906
2022-06-02,174.35000610351562,180.14480590820312,307.3274230957031,397.2141418457031,102.14453125
2022-06-03,172.5800018310547,178.5224151611328,299.33099365234375,390.6951904296875,101.92488098144531
2022-06-06,171.82000732421875,179.29544067382812,300.3279724121094,391.8848571777344,100.0450439453125
2022-06-07,172.94000244140625,182.18716430664062,302.9185485839844,395.6438903808594,101.12554931640625
2022-06-08,172.77999877929688,179.37176513671875,300.7386474609375,391.34234619140625,100.22952270507812
2022-06-09,172.22999572753906,175.65342712402344,292.6834716796875,382.0350646972656,100.56333923339844
2022-06-10,174.5399932861328,170.8881378173828,282.3603210449219,370.957763671875,99.93964385986328
2022-06-13,169.92999267578125,162.86001586914062,269.2316589355469,356.8731994628906,96.80360412597656
2022-06-14,168.57000732421875,162.0753631591797,269.7204284667969,355.7978210449219,95.58258056640625
2022-06-15,170.77000427246094,164.44842529296875,276.4558410644531,360.87017822265625,97.36582946777344
2022-06-16,172.69000244140625,156.83164978027344,265.3018493652344,348.9267883300781,98.13886260986328
2022-06-17,171.27000427246094,158.0564727783203,268.52777099609375,349.67889404296875,98.45509338378906
2022-06-21,170.6300048828125,160.8887939453125,275.3026123046875,358.4816589355469,96.78607177734375
2022-06-22,171.30999755859375,160.5826416015625,274.9010314941406,357.8317565917969,99.44770812988281
2022-06-23,170.25999450683594,162.50595092773438,278.9951477050781,361.3394470214844,100.26465606689453
2022-06-24,170.08999633789062,167.53909301757812,288.5545349121094,372.82781982421875,98.87673950195312
2022-06-27,169.89999389648438,168.1610565185547,286.43896484375,371.40374755859375,98.033447265625
2022-06-28,169.6199951171875,165.00335693359375,277.7120666503906,363.8147888183594,98.490234375
2022-06-29,169.49000549316406,163.32882690429688,277.9666748046875,363.51861572265625,100.02749633789062
2022-06-30,168.4600067138672,162.05621337890625,274.5190124511719,360.5652160644531,100.90592193603516
2022-07-01,168.32000732421875,164.017822265625,276.3310546875,364.3787536621094,101.94189453125
2022-07-05,164.75,165.3765869140625,281.06170654296875,365.06695556640625,102.74285125732422
2022-07-06,162.13999938964844,164.15174865722656,282.8639831542969,366.29986572265625,101.01769256591797
2022-07-07,162.22999572753906,168.0366668701172,288.91693115234375,371.78594970703125,100.12875366210938
2022-07-08,162.3000030517578,168.0175323486328,289.27935791015625,371.48016357421875,99.01972961425781
2022-07-11,161.42999267578125,164.63975524902344,283.0990295410156,367.2365417480469,100.72726440429688
2022-07-12,160.8300018310547,164.07522583007812,280.3565673828125,363.98687744140625,101.32575988769531
2022-07-13,161.60000610351562,163.93170166015625,279.7786865234375,362.0753173828125,102.48761749267578
2022-07-14,159.3300018310547,162.24758911132812,280.7777099609375,361.196044921875,101.65142822265625
2022-07-15,159.00999450683594,165.62535095214844,285.8708190917969,368.0967102050781,102.22354888916016
2022-07-18,159.16000366210938,165.156494140625,283.4516296386719,365.0574035644531,101.15853881835938
2022-07-19,159.5399932861328,170.98385620117188,292.16864013671875,374.9209289550781,100.61284637451172
2022-07-20,158.0399932861328,173.66311645507812,296.8014221191406,377.3103332519531,100.87689208984375
2022-07-21,160.27000427246094,174.552978515625,301.06207275390625,381.15264892578125,102.61959075927734
2022-07-22,160.6699981689453,171.76849365234375,295.7828063964844,377.6162414550781,104.34476470947266
2022-07-25,160.22999572753906,172.6583709716797,294.0981750488281,378.0750427246094,103.32376098632812
2022-07-26,160.0399932861328,171.5962677001953,288.3194885253906,373.6020202636719,103.40299224853516
2022-07-27,161.6699981689453,175.50030517578125,300.5036926269531,383.3030700683594,102.82205963134766
2022-07-28,163.63999938964844,177.91163635253906,303.4420471191406,388.110595703125,103.64063262939453
2022-07-29,164.10000610351562,179.17469787597656,308.9759826660156,393.7688293457031,103.35897064208984
2022-08-01,165.02999877929688,179.10769653320312,308.7898864746094,392.6026916503906,105.84820556640625
2022-08-02,164.0500030517578,178.93545532226562,307.8691711425781,390.01263427734375,103.60851287841797
2022-08-03,164.4499969482422,181.56689453125,316.25323486328125,396.1200866699219,105.23979949951172
2022-08-04,167.1699981689453,181.1841278076172,317.732177734375,395.8523254394531,105.20453643798828
2022-08-05,165.2899932861328,182.57159423828125,315.1366882324219,395.1833190917969,102.70030212402344
2022-08-08,166.69000244140625,184.5044708251953,314.1180419921875,394.7245788574219,104.35802459716797
2022-08-09,167.1999969482422,181.9878692626953,310.5626525878906,393.1570739746094,103.95240020751953
2022-08-10,166.77999877929688,187.1837158203125,319.23077392578125,401.4149475097656,103.27345275878906
2022-08-11,166.33999633789062,187.8822479248047,317.4187316894531,401.4149475097656,100.86619567871094
2022-08-12,167.8699951171875,191.71932983398438,323.59912109375,408.2105407714844,101.88905334472656
2022-08-15,165.7100067138672,192.39871215820312,326.2142028808594,409.89263916015625,101.80087280273438
2022-08-16,165.4199981689453,192.32215881347656,325.45025634765625,410.6955261230469,102.22410583496094
2022-08-17,164.35000610351562,189.08792114257812,321.7381286621094,407.7803649902344,101.15718078613281
2022-08-18,163.9199981689453,190.34141540527344,322.5118408203125,408.96563720703125,101.30708312988281
2022-08-19,162.72000122070312,186.2555694580078,316.2237854003906,403.46990966796875,99.6758041381836
2022-08-22,161.63999938964844,182.41848754882812,307.8985595703125,395.068603515625,99.34075164794922
2022-08-23,162.77000427246094,182.7151336669922,307.6439208984375,394.11285400390625,98.79400634765625
2022-08-24,163.25,184.11215209960938,308.5351867675781,395.3745422363281,98.07097625732422
2022-08-25,163.75,186.9731903076172,313.9906921386719,400.9562072753906,99.43771362304688
2022-08-26,161.75999450683594,180.83004760742188,301.12078857421875,387.38421630859375,100.18720245361328
2022-08-29,161.86000061035156,179.16513061523438,298.153076171875,384.82275390625,99.35836029052734
2022-08-30,160.50999450683594,176.65811157226562,294.8327331542969,380.5982360839844,99.60526275634766
2022-08-31,159.27000427246094,175.58639526367188,293.1187438964844,377.70220947265625,98.6529312133789
2022-09-01,157.8699951171875,173.67266845703125,293.24603271484375,378.8874206542969,96.84677124023438
2022-09-02,159.25999450683594,172.32347106933594,289.1030578613281,374.89227294921875,97.39464569091797
2022-09-06,158.3300018310547,170.6202392578125,287.0265808105469,373.4777526855469,94.98230743408203
2022-09-07,159.94000244140625,174.33290100097656,292.8248596191406,380.1872863769531,96.48452758789062
2022-09-08,158.97999572753906,175.787353515625,294.343017578125,382.6722717285156,95.49481964111328
2022-09-09,159.82000732421875,179.31820678710938,300.7779541015625,388.61712646484375,95.7069091796875
2022-09-12,160.6300048828125,181.49034118652344,304.35296630859375,392.7939453125,94.9204330444336
2022-09-13,158.5399932861328,174.3903350830078,287.66326904296875,375.7142028808594,95.14136505126953
2022-09-14,157.92999267578125,175.06968688964844,289.9452819824219,377.14794921875,95.46832275390625
2022-09-15,154.97999572753906,173.7970428466797,285.11663818359375,372.8660888671875,95.40644836425781
2022-09-16,155.83999633789062,171.2709197998047,283.3732604980469,370.0214538574219,94.61116790771484
2022-09-19,155.9600067138672,172.73495483398438,285.5799865722656,372.8910217285156,94.83208465576172
2022-09-20,155.07000732421875,170.38104248046875,283.3035583496094,368.6107482910156,93.88658905029297
2022-09-21,155.7899932861328,167.77833557128906,278.2307434082031,362.1808166503906,95.4594955444336
2022-09-22,155.6999969482422,163.99867248535156,274.80633544921875,359.1385192871094,93.02062225341797
2022-09-23,153.00999450683594,160.0946044921875,270.33203125,353.1212158203125,93.40059661865234
2022-09-26,151.22999572753906,157.902587890625,269.21343994140625,349.62786865234375,91.6156234741211
2022-09-27,151.5399932861328,158.4412384033203,269.3213806152344,348.7353515625,89.20331573486328
2022-09-28,154.69000244140625,163.45233154296875,274.67877197265625,355.5971984863281,92.19000244140625
2022-09-29,154.66000366210938,159.78781127929688,266.7604675292969,348.16912841796875,91.71283721923828
2022-09-30,154.6699981689453,158.62399291992188,262.23712158203125,342.78521728515625,90.52876281738281
2022-10-03,158.42999267578125,162.82713317871094,268.38922119140625,351.835205078125,91.96720886230469
2022-10-04,160.6999969482422,169.28099060058594,276.8275451660156,362.7373046875,91.71036529541016
2022-10-05,159.80999755859375,168.0306396484375,276.6804504394531,361.8928527832031,90.83344268798828
2022-10-06,159.6300048828125,167.0880584716797,274.50213623046875,358.1595764160156,90.32859802246094
2022-10-07,157.8800048828125,162.17312622070312,264.04254150390625,348.16912841796875,89.4516830444336
2022-10-10,155.47999572753906,161.26901245117188,261.40313720703125,345.5107421875,88.06108093261719
2022-10-11,155.16000366210938,161.31710815429688,257.81182861328125,343.3226623535156,88.4508056640625
2022-10-12,155.99000549316406,160.87466430664062,257.7235107421875,342.19024658203125,88.88481140136719
2022-10-13,154.91000366210938,164.85659790039062,263.767822265625,351.22100830078125,88.03447723388672
2022-10-14,152.97999572753906,160.44183349609375,255.83958435058594,343.2170715332031,87.30819702148438
2022-10-17,153.4199981689453,165.5587615966797,264.2878112792969,352.0367431640625,86.88301086425781
2022-10-18,153.75,167.52084350585938,266.3777770996094,356.17303466796875,87.08675384521484
2022-10-19,151.69000244140625,164.6738739013672,265.4063415527344,353.6490173339844,85.50126647949219
2022-10-20,151.4499969482422,162.57708740234375,264.05230712890625,350.6835021972656,84.03975677490234
2022-10-21,154.14999389648438,166.1069793701172,270.2437438964844,359.2057189941406,82.52513122558594
2022-10-24,153.64999389648438,166.81875610351562,273.216796875,363.60107421875,81.8431167602539
2022-10-25,154.0,171.36817932128906,278.8685302734375,369.4073181152344,84.22578430175781
2022-10-26,154.97999572753906,172.21456909179688,272.70654296875,366.6241149902344,85.43926239013672
2022-10-27,154.74000549316406,172.25303649902344,267.7417297363281,364.6663513183594,86.33387756347656
2022-10-28,153.16000366210938,176.16766357421875,275.9346618652344,373.3420104980469,85.74041748046875
2022-10-31,151.91000366210938,176.33116149902344,272.7261962890625,370.6452331542969,85.12924194335938
2022-11-01,153.4600067138672,176.5716094970703,269.9395446777344,369.02337646484375,85.9248275756836
2022-11-02,152.38999938964844,170.714111328125,260.6867980957031,359.7623291015625,85.55192565917969
2022-11-03,151.80999755859375,169.56954956054688,255.59425354003906,356.0578308105469,85.09020233154297
2022-11-04,156.47000122070312,171.85870361328125,259.7055358886719,361.1826171875,83.6606216430664
2022-11-07,155.85000610351562,172.63778686523438,262.5609436035156,364.6376037597656,82.82594299316406
2022-11-08,159.4499969482422,172.705078125,264.4742736816406,366.60498046875,83.73163604736328
2022-11-09,158.64999389648438,167.96328735351562,258.3711242675781,359.05218505859375,84.00691986083984
2022-11-10,163.47999572753906,178.30291748046875,277.4359130859375,378.78350830078125,87.23897552490234
2022-11-11,164.55999755859375,179.76487731933594,282.54803466796875,382.4496154785156,86.91931915283203
2022-11-14,164.9199981689453,177.75465393066406,280.0754089355469,379.1961975097656,86.70621490478516
2022-11-15,165.5,180.39007568359375,283.9511413574219,382.43035888671875,88.10913848876953
2022-11-16,165.1199951171875,177.216064453125,280.0754089355469,379.5129699707031,90.03593444824219
2022-11-17,163.9199981689453,175.57135009765625,279.457275390625,378.3516845703125,89.08584594726562
2022-11-18,162.7899932861328,176.70626831054688,279.467041015625,380.0694885253906,88.47319793701172
2022-11-21,161.8800048828125,175.78292846679688,276.5921630859375,378.6875305175781,88.8460922241211
2022-11-22,162.07000732421875,177.65850830078125,280.57586669921875,383.7835693359375,90.1069564819336
2022-11-23,163.0800018310547,178.1201629638672,283.3919372558594,386.2020263671875,91.67859649658203
2022-11-25,163.22000122070312,178.4952850341797,281.527587890625,386.1156311035156,91.36784362792969
2022-11-28,161.92999267578125,174.89805603027344,277.39666748046875,379.95440673828125,91.62532806396484
2022-11-29,162.72999572753906,175.40782165527344,275.2969665527344,379.3017883300781,90.55094146728516
2022-11-30,164.80999755859375,180.21693420410156,287.84661865234375,391.25,91.21686553955078
2022-12-01,167.83999633789062,179.82261657714844,288.19976806640625,390.96209716796875,94.13089752197266
2022-12-02,167.25999450683594,180.87100219726562,287.0517883300781,390.51104736328125,95.31464385986328
2022-12-05,164.38999938964844,175.8887176513672,282.23406982421875,383.486083984375,93.97957611083984
2022-12-06,164.83999633789062,173.1956329345703,276.38604736328125,377.95819091796875,95.19002532958984
2022-12-07,166.3300018310547,172.6858367919922,275.2576599121094,377.3151550292969,97.43295288085938
2022-12-08,166.47000122070312,173.93621826171875,278.5152893066406,380.2710266113281,97.16593170166016
2022-12-09,167.05999755859375,171.80099487304688,276.7393493652344,377.43035888671875,94.63819885253906
2022-12-12,165.67999267578125,173.82080078125,280.2127685546875,382.87176513671875,94.94083404541016
2022-12-13,168.50999450683594,175.26052856445312,283.2250671386719,385.7701721191406,95.85755157470703
2022-12-14,168.10000610351562,174.11068725585938,281.12530517578125,383.3037109375,96.2669906616211
2022-12-15,165.35000610351562,169.7528533935547,271.68609619140625,373.927490234375,96.64260864257812
2022-12-16,166.7899932861328,168.48704528808594,269.09576416015625,369.5128173828125,95.56303405761719
2022-12-19,166.32000732421875,166.2066192626953,265.3139343261719,366.37945556640625,93.95708465576172
2022-12-20,169.0800018310547,167.08595275878906,265.1074523925781,366.8808288574219,92.2886734008789
2022-12-21,168.8000030517578,169.96543884277344,268.953125,372.3665771484375,92.5206527709961
2022-12-22,166.75999450683594,167.7429962158203,262.3730773925781,367.0544128417969,92.5028076171875
2022-12-23,167.25999450683594,168.50633239746094,262.9632263183594,369.16571044921875,91.14669799804688
2022-12-27,168.6699981689453,167.37583923339844,259.2454528808594,367.70989990234375,89.34444427490234
2022-12-28,167.91000366210938,164.776611328125,255.8226318359375,363.1400451660156,88.81806182861328
2022-12-29,168.85000610351562,168.95086669921875,262.058349609375,369.6767578125,89.82622528076172
2022-12-30,169.63999938964844,168.47738647460938,261.9010009765625,368.7029724121094,88.82696533203125
2023-01-03,171.05999755859375,167.5497283935547,260.130615234375,367.1507568359375,90.52213287353516
2023-01-04,172.6699981689453,169.63690185546875,261.369873046875,369.98529052734375,91.7623062133789
2023-01-05,170.52000427246094,167.8203125,257.27825927734375,365.7624206542969,92.14590454101562
2023-01-06,173.7100067138672,171.58871459960938,264.3795471191406,374.1501770019531,93.84110260009766
2023-01-09,174.10000610351562,171.8786163330078,266.0909729003906,373.93804931640625,94.34072875976562
2023-01-10,174.74000549316406,174.4198760986328,268.3432922363281,376.5604248046875,92.7793960571289
2023-01-11,174.6199951171875,176.5939483642578,272.9856262207031,381.3231201171875,94.2872085571289
2023-01-12,176.63999938964844,179.56040954589844,274.46099853515625,382.71142578125,96.14297485351562
2023-01-13,178.75999450683594,180.73922729492188,276.3494567871094,384.19610595703125,95.2418441772461
2023-01-17,177.58999633789062,180.5170135498047,276.9100646972656,383.4923400878906,94.62622833251953
2023-01-18,177.0800018310547,177.59890747070312,273.3102722167969,377.4377746582031,96.91920471191406
2023-01-19,179.88999938964844,175.8982696533203,270.6251220703125,374.6900939941406,96.31248474121094
2023-01-20,179.2899932861328,178.79705810546875,278.0312805175781,381.67022705078125,94.75114440917969
2023-01-23,179.6300048828125,181.00979614257812,284.2080078125,386.24969482421875,94.30504608154297
2023-01-24,180.27999877929688,180.62327575683594,283.6277770996094,385.8351745605469,95.66117858886719
2023-01-25,181.11000061035156,181.12574768066406,282.9983215332031,385.979736328125,95.89315795898438
2023-01-26,179.47000122070312,182.1982879638672,288.5159912109375,390.2218017578125,95.44705200195312
2023-01-27,179.22000122070312,183.1838836669922,291.3879699707031,391.118408203125,95.2061767578125
2023-01-30,178.75999450683594,180.63294982910156,285.49652099609375,386.211181640625,94.85821533203125
2023-01-31,179.41000366210938,185.019775390625,289.77496337890625,391.8897399902344,95.6165771484375
2023-02-01,181.6699981689453,187.92823791503906,295.97137451171875,396.0546875,96.76599884033203
2023-02-02,177.89999389648438,191.62899780273438,306.59375,401.8199462890625,96.8912353515625
2023-02-03,173.4600067138672,190.34388732910156,301.14483642578125,397.54901123046875,95.4421615600586
2023-02-06,173.82000732421875,187.59002685546875,298.59747314453125,395.1194152832031,94.73551940917969
2023-02-07,173.97999572753906,188.98146057128906,304.7840270996094,400.2870788574219,93.97518157958984
2023-02-08,174.41000366210938,186.2179718017578,299.3645935058594,395.9100036621094,94.42244720458984
2023-02-09,173.02999877929688,183.5220184326172,296.7188415527344,392.4778137207031,93.52793884277344
2023-02-10,173.36000061035156,183.88925170898438,294.7714538574219,393.3937072753906,92.48139953613281
2023-02-13,172.47999572753906,186.1020050048828,299.4925231933594,398.0117492675781,93.25960540771484
2023-02-14,172.61000061035156,186.01502990722656,301.7054748535156,397.82861328125,93.04491424560547
2023-02-15,170.88999938964844,187.8992156982422,304.01690673828125,399.1205139160156,92.1772689819336
2023-02-16,170.75,186.1020050048828,298.312255859375,393.6250915527344,90.87129211425781
2023-02-17,171.25999450683594,186.61410522460938,296.2074279785156,392.6417541503906,91.57796478271484
2023-02-21,170.6199951171875,181.1063995361328,289.19464111328125,384.7650146484375,89.79788970947266
2023-02-22,169.66000366210938,181.59922790527344,289.4110412597656,384.2347412109375,90.62083435058594
2023-02-23,169.57000732421875,182.89398193359375,291.9388122558594,386.2786560058594,91.50639343261719
2023-02-24,168.35000610351562,181.18373107910156,287.0505676269531,382.15228271484375,90.31673431396484
2023-02-27,169.00999450683594,181.8214569091797,289.1061706542969,383.4537658691406,90.56716918945312
2023-02-28,169.77999877929688,181.83108520507812,288.732421875,382.03656005859375,90.97863006591797
2023-03-01,170.75999450683594,182.06301879882812,286.4112243652344,380.5711364746094,90.00126647949219
2023-03-02,170.66000366210938,182.497802734375,288.7815856933594,383.5308837890625,89.20318603515625
2023-03-03,172.49000549316406,185.03909301757812,294.7518310546875,389.6819152832031,91.36421966552734
2023-03-06,171.6199951171875,182.3335418701172,295.086181640625,389.951904296875,90.65582275390625
2023-03-07,168.6199951171875,180.21743774414062,291.4666748046875,383.9744567871094,91.2117919921875
2023-03-08,168.5399932861328,180.30441284179688,292.92236328125,384.6010437011719,91.30145263671875
2023-03-09,170.1999969482422,175.28952026367188,287.84722900390625,377.5052490234375,91.52559661865234
2023-03-10,173.8699951171875,170.23597717285156,283.8048095703125,372.05810546875,94.68199157714844
2023-03-13,177.86000061035156,167.46282958984375,285.9096374511719,371.5278015136719,94.89717864990234
2023-03-14,176.8300018310547,170.56451416015625,292.479736328125,377.6691589355469,93.33692932128906
2023-03-15,178.2100067138672,167.752685546875,294.0140686035156,375.3070983886719,95.1392822265625
2023-03-16,178.57000732421875,170.04270935058594,301.7644958496094,381.89190673828125,94.39505004882812
2023-03-17,183.77000427246094,165.45297241210938,300.33831787109375,377.42657470703125,95.81183624267578
2023-03-20,183.83999633789062,167.5980682373047,301.4041748046875,381.0557556152344,94.96896362304688
2023-03-21,180.3699951171875,170.69009399414062,305.7090148925781,386.0592346191406,94.15294647216797
2023-03-22,183.44000244140625,165.84915161132812,301.55194091796875,379.478271484375,95.40830993652344
2023-03-23,185.74000549316406,165.113037109375,305.1277770996094,380.5041809082031,95.40830993652344
2023-03-24,183.64999389648438,166.60658264160156,306.25079345703125,383.00103759765625,95.81183624267578
2023-03-27,181.9499969482422,168.45895385742188,304.1526184082031,383.7171630859375,93.56112670898438
2023-03-28,183.44000244140625,168.2164764404297,302.5370788574219,382.85589599609375,93.73150634765625
2023-03-29,182.52999877929688,170.12704467773438,308.0534973144531,388.4206237792969,93.54318237304688
2023-03-30,184.17999267578125,169.89427185058594,310.9692687988281,390.6949157714844,93.97360229492188
2023-03-31,183.22000122070312,173.01712036132812,316.1409606933594,396.2016296386719,95.38142395019531
2023-04-03,184.5399932861328,173.0947265625,315.3725891113281,397.7113952636719,95.83000183105469
2023-04-04,187.97999572753906,170.0591583251953,314.3086853027344,395.5048522949219,96.30647277832031
2023-04-05,187.8300018310547,168.3910675048828,311.2057189941406,394.46929931640625,97.31332397460938
2023-04-06,186.49000549316406,168.6431884765625,313.30389404296875,396.0080871582031,97.56498718261719
2023-04-10,185.11000061035156,170.4470977783203,313.1266174316406,396.4145202636719,95.9917984008789
2023-04-11,186.27999877929688,171.79515075683594,311.1170654296875,396.52105712890625,96.1895751953125
2023-04-12,187.19000244140625,170.53439331054688,308.36871337890625,394.9047546386719,96.09068298339844
2023-04-13,189.72000122070312,172.7940673828125,314.40728759765625,400.15020751953125,95.33558654785156
2023-04-14,186.36000061035156,171.18414306640625,313.81622314453125,399.1726989746094,94.46358489990234
2023-04-17,185.52999877929688,173.3856658935547,314.0821228027344,400.60504150390625,93.33987426757812
2023-04-18,186.25,172.6486053466797,314.1018371582031,400.8663330078125,93.67247772216797
2023-04-19,185.36000061035156,172.87164306640625,313.9540710449219,400.7986145019531,93.58256530761719
2023-04-20,186.08999633789062,171.9794158935547,311.56036376953125,398.6114501953125,94.38264465332031
2023-04-21,184.25,172.20249938964844,311.8853759765625,398.9211730957031,93.85225677490234
2023-04-24,184.80999755859375,172.08609008789062,311.2353210449219,399.33721923828125,94.7602310180664
2023-04-25,185.75,167.83824157714844,305.3642272949219,392.9982604980469,96.15361785888672
2023-04-26,184.74000549316406,166.2186737060547,307.2161560058594,391.3336486816406,95.1288070678711
2023-04-27,184.75,168.4395294189453,315.56964111328125,399.1243591308594,94.18486785888672
2023-04-28,184.8000030517578,169.9136962890625,317.7466735839844,402.53094482421875,95.70413970947266
2023-05-01,183.97000122070312,170.01068115234375,317.3822021484375,402.1244812011719,92.9445571899414
2023-05-02,187.52000427246094,166.51930236816406,314.6141357421875,397.6048889160156,95.2607421875
2023-05-03,189.11000061035156,167.13027954101562,312.5553283691406,394.8757629394531,95.79247283935547
2023-05-04,190.44000244140625,165.2584991455078,311.4520568847656,392.0788879394531,94.8461685180664
2023-05-05,187.4600067138672,169.18630981445312,318.0717468261719,399.33721923828125,94.53072357177734
2023-05-08,187.69000244140625,168.79840087890625,318.85980224609375,399.4437255859375,93.2059326171875
2023-05-09,189.02000427246094,168.29405212402344,316.8403625488281,397.6920166015625,92.8724594116211
2023-05-10,188.75,169.1475372314453,320.2881774902344,399.5501708984375,93.773681640625
2023-05-11,187.1300048828125,167.84796142578125,321.3323669433594,398.8533935546875,94.76505279541016
2023-05-12,186.80999755859375,167.50851440429688,320.17974853515625,398.33074951171875,93.97198486328125
2023-05-15,187.2100067138672,169.55484008789062,321.91351318359375,399.705078125,92.99864959716797
2023-05-16,184.8699951171875,167.08180236816406,322.2779846191406,397.033935546875,92.71925354003906
2023-05-17,184.22999572753906,170.80593872070312,326.1788330078125,401.853515625,92.44888305664062
2023-05-18,181.83999633789062,171.8436279296875,332.23712158203125,405.72467041015625,91.76393127441406
2023-05-19,183.63999938964844,170.7962188720703,331.48846435546875,405.1343078613281,91.11502838134766
2023-05-22,183.2100067138672,172.88134765625,332.60162353515625,405.2987976074219,90.79060363769531
2023-05-23,183.42999267578125,172.0666961669922,328.385498046875,400.7502136230469,91.05194854736328
2023-05-24,181.9499969482422,170.2434539794922,326.700927734375,397.8468322753906,90.60133361816406
2023-05-25,180.1999969482422,168.91477966308594,334.65057373046875,401.2921447753906,90.37602233886719
2023-05-26,180.9199981689453,170.8350067138672,343.2010498046875,406.4892272949219,91.10603332519531
2023-05-30,182.0399932861328,170.20462036132812,344.75750732421875,406.64398193359375,92.01630401611328
2023-05-31,182.32000732421875,168.52685546875,342.797119140625,404.3891296386719,92.8183822631836
2023-06-01,183.75999450683594,170.35009765625,346.7572326660156,408.23126220703125,93.18254852294922
2023-06-02,181.0500030517578,176.5279083251953,349.3577575683594,414.1347351074219,92.16144561767578
2023-06-05,182.13999938964844,174.1615447998047,349.60400390625,413.34112548828125,91.98975372314453
2023-06-06,182.33999633789062,178.7488250732422,349.544921875,414.24114990234375,92.53192901611328
2023-06-07,180.14999389648438,182.09329223632812,343.6148376464844,412.808837890625,91.15840148925781
2023-06-08,182.52999877929688,181.41253662109375,347.8801574707031,415.30572509765625,92.22471618652344
2023-06-09,182.0399932861328,179.9440460205078,349.2100524902344,416.0509033203125,92.09819793701172
2023-06-12,181.8800048828125,180.69287109375,355.1106262207031,419.82525634765625,92.36929321289062
2023-06-13,180.5399932861328,182.76429748535156,357.83935546875,422.5931091308594,91.45661926269531
2023-06-14,180.63999938964844,180.7998504638672,360.4399108886719,423.0964050292969,92.18855285644531
2023-06-15,181.91000366210938,182.28778076171875,364.73486328125,428.3418273925781,93.07410430908203
2023-06-16,181.6300048828125,180.8290252685547,362.4396057128906,426.8827209472656,92.71266174316406
2023-06-20,179.75,180.0413055419922,361.92071533203125,424.6680603027344,93.3542251586914
2023-06-21,179.49000549316406,179.62313842773438,356.9886169433594,422.49212646484375,93.58013916015625
2023-06-22,177.7100067138672,178.29075622558594,361.20068359375,424.0172424316406,92.45059204101562
2023-06-23,178.1999969482422,175.60662841796875,357.6199035644531,420.8116455078125,93.37230682373047
2023-06-26,178.50999450683594,175.7816619873047,352.8258361816406,419.09228515625,93.47168731689453
2023-06-27,177.69000244140625,178.3199462890625,358.8924560546875,423.6869201660156,93.22772979736328
2023-06-28,177.27999877929688,179.1951904296875,359.5928039550781,423.9006652832031,93.62535095214844
2023-06-29,177.08999633789062,181.2569122314453,358.8727111816406,425.5713806152344,91.935546875
2023-06-30,178.27000427246094,182.12245178222656,364.4065856933594,430.59344482421875,93.01990509033203
2023-07-03,178.47000122070312,182.4920196533203,365.2647705078125,431.0888366699219,92.49256896972656
2023-07-05,177.83999633789062,180.67343139648438,365.2548828125,430.4477844238281,91.61366271972656
2023-07-06,177.30999755859375,177.75588989257812,362.47314453125,427.0770263671875,90.3179702758789
2023-07-07,178.63999938964844,179.63284301757812,361.2696838378906,425.998779296875,89.77432250976562
2023-07-10,178.77999877929688,182.70596313476562,361.3880615234375,427.0770263671875,89.89210510253906
2023-07-11,179.4499969482422,184.58290100097656,363.17352294921875,429.7969055175781,90.35421752929688
2023-07-12,181.8800048828125,186.59600830078125,367.7604064941406,433.2549743652344,91.35995483398438
2023-07-13,182.00999450683594,188.10342407226562,374.0045166015625,436.6937255859375,92.32039642333984
2023-07-14,181.42999267578125,186.265380859375,373.9255676269531,436.4217224121094,91.77677154541016
2023-07-17,181.55999755859375,188.25900268554688,377.4175109863281,437.9370422363281,91.82206726074219
2023-07-18,183.63999938964844,190.5833282470703,380.50506591796875,441.191162109375,92.2388687133789
2023-07-19,183.6699981689453,191.39053344726562,380.4162902832031,442.17230224609375,93.28084564208984
2023-07-20,182.74000549316406,189.7178192138672,371.64697265625,439.23870849609375,92.14823150634766
2023-07-21,182.17999267578125,189.1148223876953,370.53228759765625,439.23870849609375,92.17542266845703
2023-07-24,181.39999389648438,189.58164978027344,371.1241760253906,441.2008972167969,91.84017944335938
2023-07-25,182.41000366210938,189.5621795654297,373.6394958496094,442.4054260253906,91.66803741455078
2023-07-26,183.3000030517578,191.0598602294922,372.3966369628906,442.47344970703125,91.75862884521484
2023-07-27,180.4199981689453,188.58970642089844,371.5088806152344,439.5398254394531,89.9736557006836
2023-07-28,181.86000061035156,191.0306854248047,378.2757568359375,443.8430480957031,90.4357681274414
2023-07-31,182.35000610351562,193.24801635742188,378.4730224609375,444.6882019042969,90.6532211303711
2023-08-01,180.4600067138672,192.36302185058594,377.5951232910156,443.4156494140625,89.16767883300781
2023-08-02,179.60000610351562,189.74696350097656,369.3091125488281,437.2474060058594,88.21366882324219
2023-08-03,179.5399932861328,189.21209716796875,368.71728515625,435.99432373046875,86.17848205566406
2023-08-04,180.19000244140625,188.8328094482422,366.990966796875,434.02239990234375,87.70488739013672
2023-08-07,179.77999877929688,188.959228515625,370.0982666015625,437.8107604980469,86.84175109863281
2023-08-08,178.63999938964844,187.7727508544922,366.9515075683594,435.9068298339844,87.85025787353516
2023-08-09,177.7899932861328,186.3042755126953,362.9170837402344,432.99273681640625,88.3045425415039
2023-08-10,177.60000610351562,185.47763061523438,363.58782958984375,433.148193359375,86.85082244873047
2023-08-11,177.60000610351562,185.740234375,361.2696838378906,432.8955993652344,86.65092468261719
2023-08-14,177.05999755859375,185.41929626464844,365.323974609375,435.28521728515625,86.46013641357422
2023-08-15,176.58999633789062,182.96856689453125,361.4472961425781,430.2146301269531,85.93318176269531
2023-08-16,175.57000732421875,180.7317657470703,357.6199035644531,427.0576171875,85.26082611083984
2023-08-17,175.3000030517578,178.60195922851562,353.71368408203125,423.80352783203125,84.89739227294922
2023-08-18,175.3300018310547,179.57447814941406,353.2698059082031,424.00750732421875,85.19721221923828
2023-08-21,175.80999755859375,179.31190490722656,358.96142578125,426.76617431640625,84.06147766113281
2023-08-22,176.10000610351562,178.7770233154297,358.4485168457031,425.6102294921875,84.70661163330078
2023-08-23,177.88999938964844,180.68316650390625,364.1007080078125,430.3505859375,86.80540466308594
2023-08-24,177.85000610351562,178.1837921142578,356.31787109375,424.3863220214844,86.2330093383789
2023-08-25,177.6199951171875,178.94235229492188,359.0798034667969,427.37823486328125,86.5146713256836
2023-08-28,178.1300048828125,180.5372772216797,361.78265380859375,430.0883483886719,86.60549926757812
2023-08-29,179.8699951171875,183.0560760498047,369.6839599609375,436.30517578125,87.5050048828125
2023-08-30,180.32000732421875,183.74655151367188,371.74554443359375,438.10223388671875,87.41413116455078
2023-08-31,180.02000427246094,183.42564392089844,372.8602294921875,437.46112060546875,87.8048324584961
2023-09-01,180.11000061035156,185.6040802001953,372.4656677246094,438.2770690917969,86.4369888305664
2023-09-05,178.63999938964844,181.69454956054688,372.9391174316406,436.3828125,85.22492980957031
2023-09-06,177.8300018310547,181.01380920410156,369.6543884277344,433.44927978515625,85.43453979492188
2023-09-07,178.02000427246094,179.26327514648438,367.01068115234375,432.1185302734375,85.67147064208984
2023-09-08,178.0800018310547,178.86456298828125,367.5236511230469,432.769287109375,85.99952697753906
2023-09-11,178.41000366210938,179.29246520996094,371.8541259765625,435.6155090332031,85.37985229492188
2023-09-12,177.49000549316406,179.11740112304688,367.7308349609375,433.22589111328125,85.8719711303711
2023-09-13,177.0800018310547,177.94065856933594,369.1315002441406,433.7309875488281,85.85375213623047
2023-09-14,177.1699981689453,180.44972229003906,372.1500244140625,437.4708251953125,85.23406219482422
2023-09-15,178.33999633789062,178.56307983398438,365.7776794433594,432.2000427246094,84.71459197998047
2023-09-18,179.38999938964844,177.37661743164062,366.1589660644531,432.4534606933594,85.19760131835938
2023-09-19,179.22000122070312,176.68609619140625,365.37860107421875,431.5566711425781,84.56880950927734
2023-09-20,179.35000610351562,174.9161376953125,360.11334228515625,427.5892028808594,84.83308410644531
2023-09-21,178.0500030517578,172.2028350830078,353.514404296875,420.5218200683594,82.65506744384766
2023-09-22,178.6199951171875,171.8138427734375,353.56378173828125,419.5763244628906,83.32032775878906
2023-09-25,177.6999969482422,172.58212280273438,355.2431335449219,421.3406982421875,81.2698745727539
2023-09-26,176.27999877929688,170.36317443847656,349.90875244140625,415.1506652832031,80.98736572265625
2023-09-27,174.10000610351562,171.95579528808594,350.72869873046875,415.3163757324219,80.56819152832031
2023-09-28,173.22999572753906,173.50933837890625,353.6626281738281,417.7241516113281,80.81422424316406
2023-09-29,171.4499969482422,172.68861389160156,353.91943359375,416.7103271484375,80.82333374023438
2023-10-02,169.64999389648438,170.079833984375,356.8731384277344,416.54461669921875,79.47035217285156
2023-10-03,169.16000366210938,167.2169647216797,350.610107421875,410.96875,77.76080322265625
2023-10-04,169.13999938964844,167.29513549804688,355.3815002441406,413.96136474609375,78.85786437988281
2023-10-05,168.8300018310547,167.42218017578125,354.3343811035156,413.8053894042969,78.46473693847656
2023-10-06,169.6999969482422,169.03431701660156,360.27142333984375,418.718505859375,77.51399230957031
2023-10-09,172.82000732421875,170.0114288330078,362.1087951660156,421.399169921875,79.33323669433594
2023-10-10,172.52999877929688,171.936279296875,364.1141357421875,423.5924987792969,79.2235107421875
2023-10-11,173.7899932861328,171.64315795898438,366.71221923828125,425.32763671875,80.87818145751953
2023-10-12,173.25999450683594,167.76416015625,365.4378967285156,422.734619140625,78.68415832519531
2023-10-13,178.8300018310547,166.366943359375,360.8443298339844,420.6290588378906,80.09201049804688
2023-10-16,177.9600067138672,169.0539093017578,364.9241943359375,425.0546875,78.80299377441406
2023-10-17,178.2899932861328,170.9396514892578,363.7289123535156,425.03515625,77.93451690673828
2023-10-18,180.8699951171875,167.42218017578125,358.9575500488281,419.37152099609375,77.24888610839844
2023-10-19,183.08999633789062,164.75474548339844,355.59881591796875,415.6867980957031,75.66734313964844
2023-10-20,183.58999633789062,162.62472534179688,350.29400634765625,410.57879638671875,76.09699249267578
2023-10-23,182.97000122070312,161.24703979492188,351.3510437011719,409.8671875,77.01119232177734
2023-10-24,182.9499969482422,162.65403747558594,354.76898193359375,412.95733642578125,78.02592468261719
2023-10-25,183.72000122070312,159.96707153320312,346.08575439453125,407.030517578125,76.28898620605469
2023-10-26,184.00999450683594,160.37742614746094,339.4869079589844,402.15643310546875,77.45914459228516
2023-10-27,186.14999389648438,158.49168395996094,341.11688232421875,400.3336181640625,77.13003540039062
2023-10-30,185.10000610351562,159.37103271484375,344.95965576171875,405.1199035644531,76.78266143798828
2023-10-31,184.08999633789062,160.7487335205078,346.6092834472656,407.6642150878906,76.40780639648438
2023-11-01,183.50999450683594,161.66717529296875,352.6253662109375,412.0118103027344,78.06452941894531
2023-11-02,184.1199951171875,165.97610473632812,359.0266418457031,419.9077453613281,79.84413146972656
2023-11-03,184.7899932861328,170.49017333984375,363.24481201171875,423.73870849609375,80.3853530883789
2023-11-06,183.35000610351562,168.3601531982422,364.7265930175781,424.7135009765625,79.60562896728516
2023-11-07,182.58999633789062,167.76416015625,368.17425537109375,425.9222106933594,80.7798080444336
2023-11-08,180.77000427246094,165.97610473632812,368.41131591796875,426.2342224121094,82.1557846069336
2023-11-09,181.49000549316406,163.40638732910156,365.5761413574219,422.9101257324219,80.26610565185547
2023-11-10,179.50999450683594,165.2335205078125,373.795166015625,429.5095520019531,80.71559143066406
2023-11-13,180.50999450683594,165.29212951660156,372.62945556640625,429.10015869140625,80.53214263916016
2023-11-14,182.1199951171875,174.36920166015625,380.6508483886719,437.4249572753906,82.35759735107422
2023-11-15,181.63999938964844,174.67208862304688,380.9372863769531,438.35107421875,81.20176696777344
2023-11-16,183.69000244140625,171.84832763671875,381.26336669921875,438.8872375488281,82.21083068847656
2023-11-17,183.6699981689453,174.2030792236328,381.35223388671875,439.43310546875,82.59611511230469
2023-11-20,183.3699951171875,175.21925354003906,385.9951477050781,442.815673828125,83.10063171386719
2023-11-21,185.35000610351562,172.96218872070312,383.7527770996094,441.8505859375,83.06394958496094
2023-11-22,184.55999755859375,174.0467529296875,385.32342529296875,443.5565185546875,83.35750579833984
2023-11-24,185.52000427246094,175.21925354003906,384.78009033203125,443.8294372558594,82.3759536743164
2023-11-27,186.77000427246094,174.63299560546875,384.4442138671875,443.0301208496094,83.75194549560547
2023-11-28,189.25999450683594,173.95880126953125,385.45184326171875,443.4687805175781,83.91706085205078
2023-11-29,189.5399932861328,174.87725830078125,385.0764465332031,443.1568603515625,84.97196960449219
2023-11-30,188.75,175.54168701171875,384.10833740234375,444.9017639160156,83.9904556274414
2023-12-01,192.00999450683594,180.67132568359375,385.2048034667969,447.53375244140625,85.57232666015625
2023-12-04,187.86000061035156,182.60592651367188,381.62884521484375,445.1844177246094,85.23185729980469
2023-12-05,187.14999389648438,180.16322326660156,382.58709716796875,445.0967102050781,87.06310272216797
2023-12-06,187.83999633789062,179.8408203125,380.37420654296875,443.3030700683594,88.22260284423828
2023-12-07,188.14999389648438,181.14035034179688,385.6889343261719,446.6856689453125,87.7164535522461
2023-12-08,185.63999938964844,182.5180206298828,387.4078063964844,448.60601806640625,86.99867248535156
2023-12-11,183.58999633789062,182.89907836914062,390.71710205078125,450.3509216308594,86.81464385986328
2023-12-12,183.49000549316406,182.71340942382812,393.8288269042969,452.40777587890625,87.07231140136719
2023-12-13,187.6300048828125,188.8983154296875,398.8373107910156,458.6465148925781,89.11520385742188
2023-12-14,188.72999572753906,194.15499877929688,398.4915466308594,460.1184997558594,91.43335723876953
2023-12-15,187.0,192.5232696533203,400.4178771972656,459.36090087890625,91.53491973876953
2023-12-18,187.85000610351562,192.5916748046875,402.9399719238281,461.94482421875,90.80558776855469
2023-12-19,189.1300048828125,196.32408142089844,404.9988098144531,464.75384521484375,91.29488372802734
2023-12-20,188.10000610351562,192.4838409423828,398.9805908203125,458.3136291503906,91.91342163085938
2023-12-21,189.42999267578125,195.75924682617188,403.6229248046875,462.65936279296875,91.33180236816406
2023-12-22,190.27000427246094,197.583251953125,404.22674560546875,463.58917236328125,90.91637420654297
2023-12-26,191.72000122070312,200.15261840820312,406.70135498046875,465.5466613769531,91.17485046386719
2023-12-27,192.58999633789062,200.8586883544922,407.52923583984375,466.388427734375,92.79048156738281
2023-12-28,191.47000122070312,200.09375,407.3311767578125,466.5645751953125,92.11652374267578
2023-12-29,191.1699981689453,196.82815551757812,405.5683898925781,465.2138977050781,91.2856674194336
2024-01-02,190.72000122070312,195.66119384765625,398.70526123046875,462.61041259765625,90.75941467285156
2024-01-03,189.1300048828125,190.444091796875,394.486328125,458.8323669433594,91.137939453125
2024-01-04,189.32000732421875,190.07142639160156,392.4561462402344,457.3544616699219,89.75314331054688
2024-01-05,189.35000610351562,189.512451171875,392.9216003417969,457.9808654785156,88.89457702636719
2024-01-08,187.8699951171875,192.92514038085938,401.0424499511719,464.5190124511719,89.7716064453125
2024-01-09,187.92999267578125,191.19918823242188,401.834716796875,463.8143005371094,89.19922637939453
2024-01-10,187.5,191.30706787109375,404.5582275390625,466.4373474121094,88.78377532958984
2024-01-11,187.8699951171875,189.80662536621094,405.4000549316406,466.2318420410156,89.28228759765625
2024-01-12,189.7100067138672,189.49281311035156,405.6080017089844,466.5547790527344,89.10690307617188
2024-01-16,187.91000366210938,187.1490478515625,405.5683898925781,464.8419494628906,87.5374526977539
2024-01-17,185.83999633789062,185.8153533935547,403.2806396484375,462.2580261230469,87.39899444580078
2024-01-18,187.3699951171875,186.91371154785156,409.0049133300781,466.3688049316406,86.5865707397461
2024-01-19,187.92999267578125,188.7082977294922,417.1158447265625,472.1826171875,86.86351776123047
2024-01-22,187.22000122070312,192.7388153076172,417.6605529785156,473.1809997558594,87.38054656982422
2024-01-23,187.9499969482422,192.17984008789062,419.39361572265625,474.5610656738281,86.68812561035156
2024-01-24,186.39999389648438,190.60096740722656,421.7209777832031,475.0798034667969,86.18037414550781
2024-01-25,187.13999938964844,192.17984008789062,422.2359619140625,477.6637268066406,86.7435302734375
2024-01-26,187.00999450683594,192.1896514892578,419.720458984375,477.0569152832031,86.57735443115234
2024-01-29,188.3300018310547,195.55331420898438,424.01861572265625,480.83489990234375,87.57438659667969
2024-01-30,188.58999633789062,193.88619995117188,421.19610595703125,480.4629821777344,88.36837005615234
2024-01-31,188.4499969482422,189.14959716796875,412.946533203125,472.62310791015625,89.23617553710938
2024-02-01,190.41000366210938,191.66009521484375,417.80914306640625,478.80889892578125,90.98660278320312
2024-02-02,188.61000061035156,190.64999389648438,424.87030029296875,483.8494873046875,88.97683715820312
2024-02-05,187.57000732421875,188.22781372070312,424.31573486328125,482.08770751953125,87.1800537109375
2024-02-06,188.5500030517578,189.92433166503906,423.4640197753906,483.4873352050781,88.03213500976562
2024-02-07,188.5,189.4830322265625,427.821533203125,487.519775390625,87.6061019897461
2024-02-08,188.3300018310547,192.35635375976562,428.6138000488281,487.73516845703125,87.09671020507812
2024-02-09,187.60000610351562,195.48464965820312,432.83270263671875,490.5539855957031,86.92073822021484
2024-02-12,187.11000061035156,199.03465270996094,431.1391906738281,490.3386535644531,87.02261352539062
2024-02-13,184.52999877929688,190.84613037109375,424.4147033691406,483.5851745605469,85.531494140625
2024-02-14,184.4199981689453,195.27874755859375,429.03973388671875,487.9798278808594,85.96678924560547
2024-02-15,185.66000366210938,200.4860382080078,430.3172302246094,491.3467712402344,86.41136169433594
2024-02-16,186.33999633789062,197.75978088378906,426.41522216796875,488.8998718261719,85.91121673583984
2024-02-20,187.47000122070312,195.0335693359375,423.1966247558594,486.208251953125,85.98529815673828
2024-02-21,187.47999572753906,194.11172485351562,421.5030822753906,486.6487121582031,85.3740463256836
2024-02-22,187.55999755859375,195.5827178955078,433.8428649902344,496.72015380859375,85.79081726074219
2024-02-23,188.6199951171875,196.0240020751953,432.5653381347656,497.062744140625,86.93924713134766
2024-02-26,188.1999969482422,197.2596435546875,432.3375244140625,495.2421875,86.679931640625
2024-02-27,188.0,200.05453491210938,433.3774108886719,496.1622314453125,86.06864929199219
2024-02-28,188.33999633789062,198.4070281982422,431.06988525390625,495.5065002441406,86.6150894165039
2024-02-29,189.30999755859375,199.78973388671875,434.7638854980469,497.2878112792969,87.22637176513672
2024-03-01,192.88999938964844,201.90798950195312,441.31011962890625,501.95648193359375,87.76990509033203
2024-03-04,196.00999450683594,201.7216339111328,439.7354431152344,501.418212890625,87.41681671142578
2024-03-05,197.19000244140625,199.78973388671875,431.8423156738281,496.40692138671875,88.66180419921875
2024-03-06,198.80999755859375,201.28033447265625,434.555908203125,498.92230224609375,89.18208312988281
2024-03-07,199.94000244140625,202.957275390625,441.1516418457031,503.8748779296875,89.09845733642578
2024-03-08,201.6300048828125,202.82980346679688,434.78369140625,500.8505554199219,88.94051361083984
2024-03-11,202.0,201.22154235839844,433.16949462890625,500.41986083984375,88.89407348632812
2024-03-12,199.7899932861328,200.94691467285156,439.37896728515625,505.80303955078125,88.15080261230469
2024-03-13,201.19000244140625,201.73147583007812,436.0018310546875,505.01019287109375,87.72344207763672
2024-03-14,200.35000610351562,198.1226348876953,434.902587890625,504.0118713378906,86.37627410888672
2024-03-15,199.7100067138672,198.4952850341797,429.73291015625,500.55108642578125,86.3484115600586
2024-03-18,200.02999877929688,197.3577423095703,433.83148193359375,503.5259094238281,86.0882568359375
2024-03-19,199.8000030517578,198.19126892089844,434.9123840332031,506.3240661621094,86.32982635498047
2024-03-20,202.17999267578125,202.1139373779297,440.0690002441406,511.0072021484375,86.30194854736328
2024-03-21,201.97000122070312,204.43614196777344,442.1514587402344,512.6959228515625,86.48773956298828
2024-03-22,200.35000610351562,201.61448669433594,442.6572570800781,511.72393798828125,87.31464385986328
2024-03-25,200.99000549316406,202.07656860351562,441.0507507324219,510.3101806640625,86.87799835205078
2024-03-26,201.63999938964844,201.7127685546875,439.6227722167969,509.3675842285156,87.11953735351562
2024-03-27,203.10000610351562,206.1074676513672,441.12017822265625,513.6482543945312,87.98355865478516
2024-03-28,205.72000122070312,206.75636291503906,440.3070068359375,513.5501708984375,87.90926361083984
2024-04-01,207.82000732421875,204.80970764160156,441.23919677734375,512.6566162109375,86.2705307006836
2024-04-02,210.88999938964844,201.0442657470703,437.4311828613281,509.39715576171875,85.79512786865234
2024-04-03,212.74000549316406,202.36167907714844,438.41290283203125,509.9566650390625,85.77647399902344
2024-04-04,211.52000427246094,200.33641052246094,431.70928955078125,503.7320861816406,86.39168548583984
2024-04-05,215.13999938964844,201.0049285888672,436.79656982421875,508.9945373535156,85.18924713134766
2024-04-08,216.47999572753906,202.10604858398438,436.9254455566406,509.2792663574219,85.1799087524414
2024-04-09,217.6699981689453,202.9024200439453,438.5418701171875,509.8683166503906,85.97222900390625
2024-04-10,215.61000061035156,197.54421997070312,434.7140808105469,504.76300048828125,84.09862518310547
2024-04-11,219.8000030517578,198.88133239746094,441.6556701660156,508.5723571777344,83.71642303466797
2024-04-12,216.88999938964844,195.34197998046875,434.6148376464844,501.552490234375,84.16387939453125
2024-04-15,220.9499969482422,192.4810333251953,427.46502685546875,495.26904296875,82.85884857177734
2024-04-16,221.22000122070312,191.77313232421875,427.50469970703125,494.36572265625,82.30888366699219
2024-04-17,219.58999633789062,189.74786376953125,422.2885437011719,491.43994140625,83.22237396240234
2024-04-18,220.33999633789062,189.59056091308594,419.8788146972656,490.4286804199219,82.80292510986328
2024-04-19,221.02999877929688,189.885498046875,411.1918640136719,486.1480712890625,83.10120391845703
2024-04-22,215.57000732421875,192.00909423828125,415.3270568847656,490.6250915527344,82.96139526367188
2024-04-23,215.0399932861328,195.22402954101562,421.52496337890625,496.4471435546875,82.98934936523438
2024-04-24,214.63999938964844,194.3489990234375,422.95294189453125,496.21148681640625,82.4021224975586
2024-04-25,215.9199981689453,193.16921997070312,420.9101257324219,494.326416015625,81.82415008544922
2024-04-26,216.6199951171875,195.01756286621094,427.4054870605469,499.0096435546875,82.25294494628906
2024-04-29,216.17999267578125,196.59060668945312,429.1408996582031,500.77685546875,82.94274139404297
2024-04-30,211.8699951171875,192.5989990234375,421.0489501953125,492.84393310546875,82.23432159423828
2024-05-01,213.7899932861328,193.00209045410156,418.0045166015625,491.2436218261719,82.84046936035156
2024-05-02,213.1300048828125,196.55123901367188,423.3396911621094,495.8384094238281,83.19593048095703
2024-05-03,212.9600067138672,198.49789428710938,431.8481750488281,501.9844970703125,84.03778839111328
2024-05-06,215.1999969482422,201.0639190673828,436.578369140625,507.1684265136719,84.36520385742188
2024-05-07,214.2100067138672,201.51614379882812,436.64776611328125,507.72808837890625,84.87966918945312
2024-05-08,213.5800018310547,200.34622192382812,436.3899841308594,507.777099609375,84.36520385742188
2024-05-09,216.9499969482422,202.3911590576172,437.3419494628906,510.70281982421875,84.77677917480469
2024-05-10,218.7100067138672,200.86729431152344,438.3732604980469,511.3606872558594,84.29971313476562
2024-05-13,216.25999450683594,201.29005432128906,439.384765625,511.4293518066406,84.51486206054688
2024-05-14,218.08999633789062,203.37432861328125,442.2109680175781,513.77587890625,84.9919204711914
2024-05-15,220.88999938964844,205.9108428955078,449.12286376953125,520.137939453125,86.15181732177734
2024-05-16,220.02999877929688,204.42626953125,448.2105407714844,519.0678100585938,86.06764221191406
2024-05-17,223.66000366210938,204.5737762451172,447.9923400878906,519.8139038085938,85.48770141601562
2024-05-20,224.55999755859375,205.02601623535156,451.1161193847656,520.4129638671875,85.23511505126953
2024-05-21,224.22999572753906,204.8293914794922,451.9986877441406,521.689208984375,85.67475128173828
2024-05-22,220.11000061035156,203.0990447998047,451.9093933105469,520.1871337890625,85.77765655517578
2024-05-23,215.72000122070312,199.7661590576172,449.8765563964844,516.3875122070312,85.22578430175781
2024-05-24,215.9199981689453,201.97824096679688,454.1307678222656,519.8042602539062,85.47832489013672
2024-05-28,218.19000244140625,201.70297241210938,455.8463439941406,520.16748046875,84.2529296875
2024-05-29,216.16000366210938,198.72402954101562,452.63336181640625,516.52490234375,83.23333740234375
2024-05-30,216.57000732421875,200.61167907714844,447.7840881347656,513.098388671875,84.03778839111328
2024-05-31,215.3000030517578,202.30270385742188,446.9511413574219,517.7718505859375,84.60841369628906
2024-06-03,217.22000122070312,201.1622314453125,449.3509521484375,518.1939697265625,85.97689056396484
2024-06-04,215.27000427246094,198.56671142578125,450.5805969238281,518.7733154296875,86.98121643066406
2024-06-05,217.82000732421875,201.6046600341797,459.6641845703125,524.9390258789062,87.61947631835938
2024-06-06,219.42999267578125,200.15940856933594,459.5055236816406,524.9291381835938,87.4880599975586
2024-06-07,211.60000610351562,197.80967712402344,459.0989685058594,524.291015625,85.883056640625
2024-06-10,213.5399932861328,198.48806762695312,460.953369140625,525.910888671875,85.31049346923828
2024-06-11,214.14999389648438,197.8097686767578,464.11676025390625,527.177490234375,86.19277954101562
2024-06-12,214.72000122070312,200.84634399414062,470.19561767578125,531.5072021484375,86.84040832519531
2024-06-13,212.97000122070312,199.0914306640625,472.7442321777344,532.5773315429688,88.11692810058594
2024-06-14,215.72999572753906,195.9267120361328,475.1936340332031,532.9014282226562,88.8584213256836
2024-06-17,214.61000061035156,197.57313537597656,481.0146179199219,537.1427001953125,87.97613525390625
2024-06-18,215.47000122070312,197.91822814941406,481.16339111328125,538.5073852539062,88.78335571289062
2024-06-20,218.16000366210938,197.08021545410156,477.45458984375,537.0445556640625,88.19200897216797
2024-06-21,214.77999877929688,197.52386474609375,476.17535400390625,536.3245239257812,88.19200897216797
2024-06-24,215.6300048828125,198.38157653808594,470.7542419433594,534.5811157226562,88.54869842529297
2024-06-25,214.55999755859375,197.7309112548828,476.1376037597656,536.6397705078125,88.6988754272461
2024-06-26,212.5800018310547,197.20838928222656,477.12091064453125,537.3095703125,87.4317626953125
2024-06-27,214.99000549316406,199.20973205566406,478.3525085449219,538.1566772460938,87.77902221679688
2024-06-28,215.00999450683594,200.0280303955078,475.8694152832031,536.0388793945312,86.14583587646484
2024-07-01,215.57000732421875,198.35203552246094,478.6604309082031,537.14208984375,84.6590576171875
2024-07-02,215.55999755859375,199.03228759765625,483.6862487792969,540.7569580078125,85.31818389892578
2024-07-03,217.99000549316406,198.9829864501953,487.71875,543.1701049804688,86.43869018554688
2024-07-05,220.92999267578125,198.03651428222656,492.80413818359375,546.3023071289062,87.15431213378906
2024-07-08,218.19000244140625,199.42665100097656,493.97613525390625,546.9326782226562,87.34262084960938
2024-07-09,218.55999755859375,198.55905151367188,494.4032287597656,547.4645385742188,86.95655059814453
2024-07-10,219.36000061035156,200.50128173828125,499.5581359863281,552.8818359375,87.22960662841797
2024-07-11,223.25,207.70816040039062,488.6027526855469,548.1145629882812,88.07706451416016
2024-07-12,223.11000061035156,210.13345336914062,491.47320556640625,551.5718994140625,88.45370483398438
2024-07-15,223.8300018310547,214.12631225585938,492.79412841796875,553.0887451171875,87.436767578125
2024-07-16,228.2899932861328,221.4318084716797,492.9828796386719,556.36865234375,88.67027282714844
2024-07-17,227.22999572753906,219.1149444580078,478.5114440917969,548.5677490234375,88.68912506103516
2024-07-18,225.77999877929688,214.87559509277344,476.2468566894531,544.35205078125,88.01115417480469
2024-07-19,221.72999572753906,213.78125,472.025634765625,540.7372436523438,87.49325561523438
2024-07-22,221.8000030517578,217.1825714111328,479.0577087402344,546.312255859375,87.23904418945312
2024-07-23,222.5800018310547,219.48959350585938,477.3692626953125,545.4552612304688,87.11663055419922
2024-07-24,221.8000030517578,214.77700805664062,460.245849609375,533.0938720703125,86.17501831054688
2024-07-25,218.3300018310547,217.45864868164062,455.1703796386719,530.3162231445312,86.8812255859375
2024-07-26,220.6300048828125,221.0571746826172,459.838623046875,536.2556762695312,87.55917358398438
2024-07-29,220.32000732421875,218.60227966308594,460.7623291015625,536.57080078125,88.02999114990234
2024-07-30,222.52000427246094,219.43043518066406,454.4354248046875,533.852294921875,88.36897277832031
2024-07-31,226.5500030517578,220.70223999023438,467.8838195800781,542.5298461914062,89.27287292480469
2024-08-01,225.77000427246094,213.52491760253906,456.5509948730469,534.8470458984375,90.04285430908203
2024-08-02,225.33999633789062,205.97299194335938,445.71478271484375,524.8890991210938,92.8487319946289
2024-08-05,222.47999572753906,199.34776306152344,432.42529296875,509.6024169921875,93.3399887084961
2024-08-06,220.6999969482422,201.5167236328125,436.5571594238281,514.30078125,91.25212097167969
2024-08-07,220.5500030517578,199.13087463378906,431.829345703125,510.86309814453125,90.60971069335938
2024-08-08,224.00999450683594,203.97158813476562,445.0393981933594,522.6729125976562,90.05229187011719
2024-08-09,224.55999755859375,203.5476837158203,447.3635559082031,524.977783203125,90.94034576416016
2024-08-12,228.41000366210938,201.7139129638672,448.3270263671875,525.2535400390625,91.2710189819336
2024-08-13,228.05999755859375,205.036376953125,459.45123291015625,533.8916625976562,91.90396881103516
2024-08-14,226.1999969482422,203.7645721435547,459.6001892089844,535.5759887695312,92.48027801513672
2024-08-15,226.91000366210938,209.0489501953125,471.211181640625,544.7557983398438,91.73393249511719
2024-08-16,231.99000549316406,209.60107421875,471.8170166015625,545.9772338867188,92.05513763427734
2024-08-19,231.61000061035156,212.1643829345703,478.01483154296875,551.1975708007812,92.48027801513672
2024-08-20,232.4600067138672,209.68978881835938,477.0116882324219,550.3012084960938,93.2171630859375
2024-08-21,232.14999389648438,212.4207305908203,479.2365417480469,552.1923828125,93.27384948730469
2024-08-22,229.3699951171875,210.5475311279297,471.6382751464844,547.8584594726562,92.3479995727539
2024-08-23,232.02000427246094,217.27133178710938,476.7533874511719,553.6796264648438,92.95265197753906
2024-08-26,232.75999450683594,217.34033203125,472.12493896484375,552.35986328125,92.71644592285156
2024-08-27,233.38999938964844,215.6544647216797,473.53533935546875,553.1182861328125,92.55585479736328
2024-08-28,231.75,214.19534301757812,468.16192626953125,549.9072265625,92.44248962402344
2024-08-29,232.9499969482422,215.7234649658203,467.47662353515625,549.9564208984375,92.14018249511719
2024-08-30,231.2899932861328,216.97557067871094,473.0486755371094,555.2064208984375,91.15763854980469
2024-09-03,230.2899932861328,210.3404998779297,458.6864318847656,543.7808837890625,92.64854431152344
2024-09-04,230.42999267578125,209.98558044433594,457.49456787109375,542.6677856445312,93.8427963256836
2024-09-05,232.35000610351562,208.94049072265625,457.92169189453125,541.347900390625,94.3735580444336
2024-09-06,230.6300048828125,204.9673614501953,445.6551818847656,532.2369384765625,94.36408996582031
2024-09-09,231.60000610351562,205.53919982910156,451.3861389160156,538.1959838867188,94.7716293334961
2024-09-10,232.6199951171875,205.37156677246094,455.5577697753906,540.5402221679688,95.43511962890625
2024-09-11,232.25,205.97299194335938,465.45037841796875,546.0855712890625,95.35929870605469
2024-09-12,236.3300018310547,208.62503051757812,470.0192565917969,550.6854248046875,94.91382598876953
2024-09-13,238.67999267578125,213.7714080810547,472.12493896484375,553.5614624023438,95.16973114013672
2024-09-16,238.66000366210938,214.54039001464844,470.0391540527344,554.3790283203125,96.04170227050781
2024-09-17,237.33999633789062,216.3150177001953,470.2874450683594,554.6055908203125,95.57727813720703
2024-09-18,235.50999450683594,216.35443115234375,468.2513122558594,552.9607543945312,94.39252471923828
2024-09-19,239.1699981689453,220.81068420410156,480.0906677246094,562.3966674804688,94.07974243164062
2024-09-20,242.2100067138672,218.4445343017578,479.1769104003906,561.4244995117188,93.71957397460938
2024-09-23,242.67999267578125,217.6459503173828,480.4470520019531,562.8273315429688,93.52052307128906
2024-09-24,246.07000732421875,218.01075744628906,482.7645263671875,564.4378051757812,93.5015869140625
2024-09-25,245.72999572753906,215.35162353515625,483.2121276855469,563.1929321289062,92.724365234375
2024-09-26,246.97999572753906,216.49916076660156,486.842529296875,565.4258422851562,92.9423599243164
2024-09-27,245.02000427246094,217.96328735351562,484.13714599609375,564.6057739257812,93.42576599121094
2024-09-30,243.05999755859375,218.5172576904297,485.4500427246094,566.8682861328125,92.98027801513672
2024-10-01,245.61000061035156,215.54946899414062,478.6865539550781,561.7901000976562,93.65160369873047
2024-10-02,245.66000366210938,215.252685546875,479.3629150390625,562.0271606445312,92.86236572265625
2024-10-03,245.49000549316406,213.8083953857422,479.0048522949219,560.9996337890625,91.98757934570312
2024-10-04,245.0,216.79592895507812,484.7040710449219,566.09765625,90.85602569580078
2024-10-07,244.1699981689453,215.0944061279297,479.5121154785156,560.9798583984375,90.17140197753906
2024-10-08,242.3699951171875,215.24281311035156,486.6734313964844,566.2853393554688,90.32353210449219
2024-10-09,241.0500030517578,215.7176513671875,490.5027770996094,570.207763671875,89.81007385253906
2024-10-10,242.82000732421875,214.52066040039062,489.9457702636719,569.2098388671875,89.45824432373047
2024-10-11,245.47000122070312,218.88327026367188,490.71160888671875,572.6183471679688,89.0969009399414
2024-10-14,245.07000732421875,220.4957733154297,494.8294372558594,577.3014526367188,89.16346740722656
2024-10-15,245.9199981689453,220.67384338378906,488.21514892578125,572.8160400390625,90.24747467041016
2024-10-16,247.14999389648438,224.30441284179688,488.2748107910156,575.3057250976562,90.6278076171875
2024-10-17,248.6300048828125,223.69107055664062,488.6130065917969,575.3550415039062,89.1920166015625
2024-10-18,251.27000427246094,223.2261199951172,491.8157043457031,577.5682373046875,89.25857543945312
2024-10-21,251.22000122070312,219.71426391601562,492.7606201171875,576.6197509765625,87.69913482666016
2024-10-22,253.92999267578125,218.88327026367188,493.2976989746094,576.3134765625,87.78470611572266
2024-10-23,250.8699951171875,216.88497924804688,485.73846435546875,571.0474853515625,87.5469970703125
2024-10-24,252.8000030517578,217.35980224609375,489.67724609375,572.282470703125,88.10802459716797
2024-10-25,253.32000732421875,216.53872680664062,492.6611633300781,572.0848388671875,87.6135482788086
2024-10-28,253.3300018310547,220.07040405273438,492.74072265625,573.8533935546875,87.37582397460938
2024-10-29,256.0899963378906,219.35812377929688,497.4751281738281,574.7820434570312,87.50894927978516
2024-10-30,257.5,219.06134033203125,493.7154541015625,573.043212890625,87.76569366455078
2024-10-31,253.50999450683594,215.4208526611328,481.2527160644531,561.8098754882812,87.90830993652344
2024-11-01,252.47000122070312,216.6277618408203,484.8134765625,564.180908203125,86.66897583007812
2024-11-04,252.8300018310547,217.72584533691406,483.401123046875,562.9656372070312,88.01422882080078
2024-11-05,253.39999389648438,221.8213653564453,489.56781005859375,569.7730102539062,88.48173522949219
2024-11-06,245.6999969482422,234.6718292236328,502.8660583496094,583.9407348632812,86.05834197998047
2024-11-07,249.64999389648438,233.8408660888672,510.7832946777344,588.455810546875,87.136474609375
2024-11-08,247.9600067138672,235.56214904785156,511.380126953125,591.0049438476562,88.24319458007812
2024-11-11,242.13999938964844,239.10372924804688,511.081787109375,591.5679931640625,87.8138656616211
2024-11-12,240.0500030517578,234.90927124023438,510.15667724609375,589.7304077148438,86.49724578857422
2024-11-13,237.6300048828125,232.58448791503906,509.5002746582031,590.0169067382812,85.67671203613281
2024-11-14,237.00999450683594,229.44854736328125,505.9593811035156,586.2229614257812,86.1728515625
2024-11-15,236.58999633789062,226.0257110595703,493.9044189453125,578.7142333984375,85.94387817382812
2024-11-18,241.08999633789062,226.4708709716797,497.3359375,581.08544921875,86.09650421142578
2024-11-19,243.25,228.1526336669922,500.7574462890625,583.2095947265625,86.53539276123047
2024-11-20,244.6199951171875,228.4493865966797,500.4690246582031,583.4072265625,86.25871276855469
2024-11-21,246.66000366210938,231.9217071533203,502.269287109375,586.5390625,86.19193267822266
2024-11-22,249.83999633789062,236.2052001953125,503.0749206542969,588.3571166992188,86.2396240234375
2024-11-25,242.47999572753906,239.79620361328125,503.87060546875,590.352783203125,88.47217559814453
2024-11-26,242.9499969482422,238.03530883789062,506.5760192871094,593.435302734375,88.12871551513672
2024-11-27,243.49000549316406,238.36178588867188,502.5875244140625,591.6371459960938,88.73933410644531
2024-11-29,245.58999633789062,239.27188110351562,507.00372314453125,595.3125,89.6552505493164
2024-12-02,243.44000244140625,239.15316772460938,512.52392578125,596.3795166015625,89.87067413330078
2024-12-03,243.92999267578125,237.45164489746094,514.0953979492188,596.6560668945312,89.09516906738281
2024-12-04,244.6699981689453,238.3024139404297,520.451171875,600.361083984375,90.05256652832031
2024-12-05,242.86000061035156,235.52259826660156,519.0089111328125,599.373046875,90.2344741821289
2024-12-06,242.9499969482422,236.36346435546875,523.65380859375,600.5093383789062,90.3685073852539
2024-12-09,245.36000061035156,235.17636108398438,519.575927734375,597.4168701171875,89.53557586669922
2024-12-10,248.58999633789062,234.1574249267578,517.8053588867188,595.5595092773438,89.11431121826172
2024-12-11,250.9600067138672,235.21592712402344,527.0755004882812,600.1635131835938,88.27181243896484
2024-12-12,247.27999877929688,232.15911865234375,523.6737670898438,597.0711059570312,87.19953155517578
2024-12-13,244.2899932861328,230.56642150878906,527.68212890625,596.9525756835938,86.30916595458984
2024-12-16,244.8800048828125,231.9217071533203,535.2811279296875,599.5015869140625,86.5676498413086
2024-12-17,243.94000244140625,229.26658630371094,532.9238891601562,597.0315551757812,86.77827453613281
2024-12-18,239.25999450683594,219.11643981933594,513.6976318359375,579.2379150390625,85.69318389892578
2024-12-19,239.60000610351562,218.14407348632812,511.409912109375,579.0599975585938,84.39567565917969
2024-12-20,242.10000610351562,220.18798828125,515.8758544921875,586.01513671875,84.876220703125
2024-12-23,240.9600067138672,219.68199157714844,520.90185546875,589.5244140625,84.09771728515625
2024-12-24,241.44000244140625,221.6465301513672,527.9652099609375,596.076904296875,84.45333862304688
2024-12-26,243.07000732421875,223.9186553955078,527.6065673828125,596.1166381835938,84.4052734375
2024-12-27,241.39999389648438,220.65432739257812,520.593017578125,589.841552734375,83.71327209472656
2024-12-30,240.6300048828125,218.95767211914062,513.6691284179688,583.1105346679688,84.38606262207031
2024-12-31,242.1300048828125,219.23548889160156,509.3056640625,580.9891357421875,83.93433380126953
