Date,GLD,TLT,XLE,XLF,XLK,XLP,XLV
2010-01-04,109.80000305175781,56.984092712402344,17.52925682067871,9.019768714904785,9.404682159423828,17.487051010131836,24.186006546020508
2010-01-05,109.69999694824219,57.35210418701172,17.672327041625977,9.185554504394531,9.392562866210938,17.49361228942871,23.94881248474121
2010-01-06,111.51000213623047,56.58433532714844,17.883949279785156,9.203971862792969,9.28747844696045,17.480493545532227,24.193660736083984
2010-01-07,110.81999969482422,56.67951965332031,17.857133865356445,9.400456428527832,9.251106262207031,17.480493545532227,24.27782440185547
2010-01-08,111.37000274658203,56.654178619384766,17.973371505737305,9.345194816589355,9.311729431152344,17.421483993530273,24.316078186035156
2010-01-11,112.8499984741211,56.34325408935547,17.94952964782715,9.351333618164062,9.275361061096191,17.46738052368164,24.45380210876465
2010-01-12,110.48999786376953,57.30769348144531,17.690210342407227,9.216251373291016,9.174317359924316,17.56572723388672,24.27782440185547
2010-01-13,111.54000091552734,56.64141845703125,17.75578498840332,9.320633888244629,9.263232231140137,17.69031524658203,24.599180221557617
2010-01-14,112.02999877929688,57.43452835083008,17.806455612182617,9.363617897033691,9.28747844696045,17.63786506652832,24.821073532104492
2010-01-15,110.86000061035156,57.789886474609375,17.663387298583984,9.173269271850586,9.158153533935547,17.5526180267334,24.652748107910156
2010-01-19,111.5199966430664,57.624908447265625,17.824342727661133,9.289937973022461,9.315776824951172,17.65753173828125,25.249544143676758
2010-01-20,108.94000244140625,58.20865249633789,17.547136306762695,9.265372276306152,9.166234970092773,17.52638816833496,25.035314559936523
2010-01-21,107.37000274658203,58.475154876708984,17.1894588470459,9.001352310180664,9.06924057006836,17.277238845825195,24.492061614990234
2010-01-22,107.16999816894531,58.37364196777344,16.781108856201172,8.706625938415527,8.753994941711426,17.237895965576172,24.224266052246094
2010-01-25,107.4800033569336,58.10712432861328,16.89139175415039,8.755745887756348,8.826746940612793,17.270679473876953,24.224266052246094
2010-01-26,107.55999755859375,58.126197814941406,16.784090042114258,8.602242469787598,8.802491188049316,17.251008987426758,24.086536407470703
2010-01-27,106.52999877929688,58.094444274902344,16.718509674072266,8.811009407043457,8.875244140625,17.29034996032715,24.254865646362305
2010-01-28,106.4800033569336,58.06277084350586,16.542652130126953,8.76802921295166,8.620622634887695,17.24444580078125,24.10184097290039
2010-01-29,105.95999908447266,58.570335388183594,16.24459457397461,8.706625938415527,8.471089363098145,17.178882598876953,23.933513641357422
2010-02-01,108.3499984741211,58.03865051269531,16.781108856201172,8.853986740112305,8.568085670471191,17.310014724731445,24.07123374938965
2010-02-02,109.12999725341797,58.20420837402344,17.001676559448242,8.939945220947266,8.652958869934082,17.559175491333008,24.568571090698242
2010-02-03,108.69999694824219,57.52927780151367,16.85562515258789,8.841707229614258,8.673164367675781,17.43459701538086,24.23957061767578
2010-02-04,104.37000274658203,58.439823150634766,16.164112091064453,8.46102237701416,8.430670738220215,17.080528259277344,23.62744903564453
2010-02-05,104.68000030517578,58.567169189453125,16.16708755493164,8.559264183044434,8.515544891357422,17.03462791442871,23.589200973510742
2010-02-08,104.04000091552734,58.643516540527344,16.018056869506836,8.387341499328613,8.479171752929688,17.01495933532715,23.47442626953125
2010-02-09,105.41000366210938,58.05776596069336,16.354875564575195,8.473304748535156,8.551921844482422,17.218219757080078,23.65805435180664
2010-02-10,105.12000274658203,57.50375747680664,16.286325454711914,8.540847778320312,8.527668952941895,17.198545455932617,23.512685775756836
2010-02-11,107.12999725341797,57.191768646240234,16.563518524169922,8.559264183044434,8.616582870483398,17.33624839782715,23.67336082458496
2010-02-12,107.04000091552734,57.42735290527344,16.569486618041992,8.56540298461914,8.6327486038208,17.33624839782715,23.619808197021484
2010-02-16,109.62000274658203,57.535587310791016,16.959941864013672,8.743463516235352,8.762080192565918,17.51327896118164,23.826387405395508
2010-02-17,109.25,56.87977600097656,16.936107635498047,8.774166107177734,8.786330223083496,17.63786506652832,24.01002311706543
2010-02-18,109.9800033569336,56.65055465698242,17.03148651123047,8.829428672790527,8.842912673950195,17.742767333984375,24.12479591369629
2010-02-19,109.47000122070312,56.956199645996094,17.097063064575195,8.878547668457031,8.818662643432617,17.782108306884766,24.12479591369629
2010-02-22,109.06999969482422,56.720619201660156,16.86158561706543,8.995209693908691,8.802491188049316,17.782108306884766,24.055938720703125
2010-02-23,107.88999938964844,57.60563659667969,16.58140754699707,8.829428672790527,8.693373680114746,17.683753967285156,23.826387405395508
2010-02-24,107.36000061035156,57.745758056640625,16.68572998046875,8.982930183410645,8.778246879577637,17.795217514038086,24.002370834350586
2010-02-25,108.30999755859375,58.0704345703125,16.69466781616211,8.958372116088867,8.753994941711426,17.808338165283203,24.017667770385742
2010-02-26,109.43000030517578,58.36975860595703,16.733417510986328,9.013630867004395,8.76612377166748,17.72309684753418,24.025325775146484
2010-03-01,109.43000030517578,58.344215393066406,16.888408660888672,9.038192749023438,8.879287719726562,17.84767723083496,24.254865646362305
2010-03-02,111.0199966430664,58.267547607421875,17.028505325317383,9.068891525268555,8.867159843444824,17.91324234008789,24.339031219482422
2010-03-03,111.62999725341797,58.12065505981445,17.10301971435547,9.075029373168945,8.87120246887207,17.9198055267334,24.23957061767578
2010-03-04,110.83000183105469,58.42719268798828,17.01360511779785,9.167139053344727,8.907577514648438,17.978809356689453,24.163047790527344
2010-03-05,110.80999755859375,57.66071319580078,17.332534790039062,9.345194816589355,9.01669979095459,18.09027671813965,24.49970817565918
2010-03-08,109.87999725341797,57.36049270629883,17.305706024169922,9.363617897033691,9.06519603729248,18.02471351623535,24.354331970214844
2010-03-09,109.72000122070312,57.3732795715332,17.305706024169922,9.39431381225586,9.105612754821777,17.998485565185547,24.339031219482422
2010-03-10,108.47000122070312,57.226375579833984,17.457717895507812,9.498698234558105,9.166234970092773,17.972257614135742,24.354331970214844
2010-03-11,108.5999984741211,57.43717575073242,17.42790985107422,9.57851791381836,9.202610969543457,18.00503921508789,24.545625686645508
2010-03-12,107.94999694824219,57.794883728027344,17.436851501464844,9.54167366027832,9.194527626037598,18.01815414428711,24.361984252929688
2010-03-15,108.36000061035156,57.718170166015625,17.258012771606445,9.54167366027832,9.186441421508789,18.155853271484375,24.522666931152344
2010-03-16,110.4000015258789,58.1781120300293,17.413013458251953,9.658337593078613,9.255149841308594,18.2410888671875,24.591524124145508
2010-03-17,109.58999633789062,58.42719268798828,17.603778839111328,9.774999618530273,9.283437728881836,18.319766998291016,24.599180221557617
2010-03-18,110.33999633789062,58.235626220703125,17.341472625732422,9.719738960266113,9.295564651489258,18.33944320678711,24.76751136779785
2010-03-19,108.27999877929688,58.293094635009766,17.132993698120117,9.655738830566406,9.240018844604492,18.285446166992188,24.75830078125
2010-03-22,107.75,58.35700225830078,17.08812713623047,9.704971313476562,9.30894660949707,18.377635955810547,24.919517517089844
2010-03-23,108.31999969482422,58.08232116699219,17.153940200805664,9.784975051879883,9.398140907287598,18.52248764038086,25.04233741760254
2010-03-24,106.30000305175781,57.021915435791016,17.055227279663086,9.791130065917969,9.35354232788086,18.39080047607422,24.773656845092773
2010-03-25,106.77999877929688,56.65788269042969,16.768081665039062,9.834203720092773,9.369760513305664,18.364463806152344,24.673852920532227
2010-03-26,108.58999633789062,56.81755447387695,16.774063110351562,9.846513748168945,9.325162887573242,18.377635955810547,24.489601135253906
2010-03-29,108.75,56.60035705566406,17.100093841552734,9.858819961547852,9.35354232788086,18.463228225708008,24.750619888305664
2010-03-30,107.97000122070312,56.77926254272461,17.127010345458984,9.797280311584473,9.394084930419922,18.49615478515625,24.750619888305664
2010-03-31,108.94999694824219,57.168846130371094,17.20477294921875,9.815739631652832,9.365705490112305,18.39080047607422,24.666173934936523
2010-04-01,110.26000213623047,57.029136657714844,17.509876251220703,9.895743370056152,9.3494873046875,18.509319305419922,24.804359436035156
2010-04-05,110.88999938964844,56.08020782470703,17.820947647094727,9.994209289550781,9.45895767211914,18.509319305419922,24.735273361206055
2010-04-06,111.02999877929688,56.16992950439453,17.820947647094727,10.09882926940918,9.46706485748291,18.450057983398438,24.719911575317383
2010-04-07,112.48999786376953,56.88808059692383,17.644472122192383,10.061908721923828,9.430580139160156,18.33153533935547,24.61244010925293
2010-04-08,112.6500015258789,56.913700103759766,17.70728302001953,10.141911506652832,9.446795463562012,18.364463806152344,24.520309448242188
2010-04-09,113.63999938964844,57.04836654663086,17.895723342895508,10.1788330078125,9.51977252960205,18.463228225708008,24.627796173095703
2010-04-12,113.01000213623047,57.349674224853516,17.937597274780273,10.221915245056152,9.540045738220215,18.52248764038086,24.55869483947754
2010-04-13,112.69000244140625,57.53561782836914,17.874788284301758,10.228065490722656,9.568427085876465,18.463228225708008,24.58172607421875
2010-04-14,113.02999877929688,57.13169479370117,18.045278549194336,10.492691993713379,9.706282615661621,18.48956871032715,24.497272491455078
2010-04-15,113.6500015258789,57.19581985473633,18.042285919189453,10.449613571166992,9.750876426696777,18.456655502319336,24.42818832397461
2010-04-16,111.23999786376953,57.612525939941406,17.737192153930664,10.068059921264648,9.621134757995605,18.377635955810547,24.28232192993164
2010-04-19,111.1500015258789,57.47151565551758,17.761123657226562,10.166525840759277,9.641407012939453,18.450057983398438,24.481922149658203
2010-04-20,111.45999908447266,57.67665481567383,18.10810089111328,10.30191421508789,9.694114685058594,18.502737045288086,24.53566551208496
2010-04-21,112.30999755859375,58.15113830566406,18.090139389038086,10.240375518798828,9.714385986328125,18.502737045288086,24.105756759643555
2010-04-22,111.83999633789062,57.977996826171875,18.135011672973633,10.295761108398438,9.738712310791016,18.502737045288086,23.82938003540039
2010-04-23,113.19000244140625,57.77284622192383,18.57170867919922,10.326530456542969,9.763036727905273,18.456655502319336,24.06736946105957
2010-04-26,112.75,57.836997985839844,18.50889778137207,10.166525840759277,9.750876426696777,18.41713523864746,23.81402587890625
2010-04-27,114.62999725341797,58.65116882324219,17.94058609008789,9.82189655303955,9.560318946838379,18.094491958618164,23.53765296936035
2010-04-28,114.30999755859375,58.15113830566406,18.123048782348633,9.963441848754883,9.588699340820312,18.23935890197754,23.69120216369629
2010-04-29,114.27999877929688,58.394718170166016,18.143983840942383,10.191141128540039,9.686006546020508,18.298616409301758,24.01363182067871
2010-04-30,115.36000061035156,59.06796646118164,17.91965675354004,9.944979667663574,9.483283042907715,18.19326400756836,23.706541061401367
2010-05-03,115.7300033569336,58.990699768066406,18.123048782348633,10.13575553894043,9.613024711608887,18.298616409301758,23.82171058654785
2010-05-04,114.87000274658203,60.052303314208984,17.63848876953125,9.858819961547852,9.337326049804688,18.11424446105957,23.683521270751953
2010-05-05,115.08999633789062,60.40612030029297,17.360319137573242,9.803435325622559,9.296780586242676,18.180091857910156,23.760290145874023
2010-05-06,118.48999786376953,62.27191925048828,16.768081665039062,9.39111042022705,9.017024040222168,17.725749969482422,23.123096466064453
2010-05-07,118.2699966430664,61.493431091308594,16.448036193847656,9.286492347717285,8.81835651397705,17.607221603393555,22.816022872924805
2010-05-10,117.56999969482422,60.21955490112305,17.15094566345215,9.803435325622559,9.223801612854004,18.120830535888672,23.430185317993164
2010-05-11,120.66000366210938,60.06515884399414,17.037277221679688,9.766510963439941,9.16298770904541,18.11424446105957,23.384111404418945
2010-05-12,121.4000015258789,59.608360290527344,17.273576736450195,9.87728500366211,9.40219783782959,18.23935890197754,23.576045989990234
2010-05-13,120.55999755859375,60.000816345214844,17.16290283203125,9.698814392089844,9.264345169067383,18.127412796020508,23.32269859313965
2010-05-14,120.37000274658203,61.04312515258789,16.821914672851562,9.446500778198242,9.085951805114746,17.956222534179688,23.00794219970703
2010-05-17,119.36000061035156,60.81791687011719,16.648435592651367,9.452654838562012,9.130556106567383,18.14716911315918,23.00794219970703
2010-05-18,119.48999786376953,61.75083541870117,16.51982307434082,9.181869506835938,8.99270248413086,18.04181480407715,22.82369613647461
2010-05-19,116.62999725341797,61.95669937133789,16.331377029418945,9.19417953491211,8.923773765563965,17.995729446411133,22.769956588745117
2010-05-20,115.83999633789062,63.26272964477539,15.601555824279785,8.769554138183594,8.639961242675781,17.46236801147461,22.05599594116211
2010-05-21,115.22000122070312,63.327022552490234,15.873746871948242,9.077253341674805,8.704832077026367,17.52821159362793,22.10973358154297
2010-05-24,116.83999633789062,63.108272552490234,15.511815071105957,8.818784713745117,8.664289474487305,17.40311050415039,22.05599594116211
2010-05-25,117.36000061035156,63.41714859008789,15.547719955444336,8.898784637451172,8.639961242675781,17.19899559020996,21.963871002197266
2010-05-26,118.47000122070312,63.23696517944336,15.514815330505371,8.837249755859375,8.554819107055664,17.087047576904297,21.8256893157959
2010-05-27,118.69000244140625,61.802249908447266,16.172853469848633,9.237258911132812,8.846742630004883,17.436033248901367,22.270946502685547
2010-05-28,118.87999725341797,62.08538055419922,15.867767333984375,9.03417682647705,8.773762702941895,17.35042953491211,22.163475036621094
2010-06-01,119.91000366210938,62.5217170715332,15.114006042480469,8.84339714050293,8.688619613647461,17.31093406677246,21.917808532714844
2010-06-02,119.77999877929688,61.927825927734375,15.769062995910645,9.120333671569824,8.883227348327637,17.607221603393555,22.393783569335938
2010-06-03,117.95999908447266,61.4759635925293,15.981420516967773,9.0711030960083,8.972431182861328,17.633573532104492,22.524293899536133
2010-06-04,119.19000244140625,63.12855911254883,15.419102668762207,8.708012580871582,8.684563636779785,17.166061401367188,21.86407470703125
2010-06-07,121.48999786376953,63.612754821777344,15.284492492675781,8.535696983337402,8.558876991271973,17.03436851501465,21.833358764648438
2010-06-08,121.0,63.29639434814453,15.538738250732422,8.714164733886719,8.575093269348145,17.31093406677246,21.887104034423828
2010-06-09,120.55999755859375,63.22536849975586,15.37722110748291,8.621850967407227,8.530497550964355,17.27800750732422,21.787303924560547
2010-06-10,118.97000122070312,62.09568786621094,16.1489200592041,8.904942512512207,8.737272262573242,17.574304580688477,22.20185661315918
2010-06-11,120.01000213623047,62.88322448730469,16.24763298034668,8.929553031921387,8.814305305480957,17.429443359375,22.386110305786133
2010-06-14,119.5999984741211,62.560482025146484,16.163883209228516,8.892631530761719,8.798088073730469,17.52821159362793,22.42449951171875
2010-06-15,120.98999786376953,62.30223846435547,16.636470794677734,9.1018705368042,9.029192924499512,17.706005096435547,22.80834197998047
2010-06-16,120.33000183105469,62.657318115234375,16.6245059967041,9.108023643493652,9.05351448059082,17.587480545043945,22.89278793334961
2010-06-17,121.9000015258789,63.16727066040039,16.606555938720703,9.095715522766113,9.085951805114746,17.745513916015625,22.92350196838379
2010-06-18,122.83000183105469,63.063995361328125,16.709325790405273,9.145671844482422,9.085545539855957,17.68052101135254,22.800811767578125
2010-06-21,120.38999938964844,62.88322448730469,16.673267364501953,9.133334159851074,9.020444869995117,17.63409423828125,22.76223373413086
2010-06-22,121.44999694824219,63.63208770751953,16.186500549316406,8.99149227142334,8.943136215209961,17.441768646240234,22.538469314575195
2010-06-23,120.94999694824219,64.06458282470703,16.063304901123047,8.948322296142578,8.926865577697754,17.554508209228516,22.445878982543945
2010-06-24,121.30000305175781,63.683712005615234,15.72677993774414,8.787984848022461,8.747838973999023,17.34229278564453,22.283836364746094
2010-06-25,122.76000213623047,63.941925048828125,15.771844863891602,9.028493881225586,8.73969554901123,17.163225173950195,22.3841495513916
2010-06-28,121.08999633789062,64.54232788085938,15.558504104614258,8.942161560058594,8.755975723266602,17.30913543701172,22.34556770324707
2010-06-29,121.2699966430664,65.24594116210938,15.044697761535645,8.621474266052246,8.430471420288086,17.030593872070312,21.93662452697754
2010-06-30,121.68000030517578,65.68495178222656,14.927520751953125,8.516634941101074,8.300272941589355,16.911226272583008,21.7591552734375
2010-07-01,117.04000091552734,65.78852844238281,14.873427391052246,8.436467170715332,8.26772403717041,16.944377899169922,21.573965072631836
2010-07-02,118.48999786376953,65.26402282714844,14.837371826171875,8.337788581848145,8.25551986694336,16.878063201904297,21.62797737121582
2010-07-06,116.51000213623047,65.80152130126953,14.981596946716309,8.387127876281738,8.336891174316406,16.9775447845459,21.73600196838379
2010-07-07,117.7300033569336,65.03093719482422,15.510430335998535,8.757152557373047,8.60543441772461,17.302499771118164,22.160383224487305
2010-07-08,117.20999908447266,64.61650848388672,15.729783058166504,8.82498550415039,8.658326148986816,17.56114387512207,22.34556770324707
2010-07-09,118.36000061035156,64.24742889404297,15.810905456542969,8.948322296142578,8.703078269958496,17.56114387512207,22.39957618713379
2010-07-12,117.33999633789062,64.22151184082031,15.768841743469238,8.960657119750977,8.743764877319336,17.620826721191406,22.361000061035156
2010-07-13,118.36000061035156,63.671138763427734,15.95814323425293,9.182669639587402,8.869902610778809,17.779993057250977,22.530752182006836
2010-07-14,118.30000305175781,64.3122329711914,15.940117835998535,9.114832878112793,8.9227933883667,17.786630630493164,22.530752182006836
2010-07-15,118.2300033569336,64.9532241821289,15.922088623046875,9.096332550048828,8.951275825500488,17.83968162536621,22.600202560424805
2010-07-16,116.66999816894531,65.27055358886719,15.54348373413086,8.713983535766602,8.694944381713867,17.587671279907227,22.129518508911133
2010-07-19,115.7300033569336,64.86905670166016,15.642644882202148,8.707809448242188,8.780388832092285,17.620826721191406,22.22983169555664
2010-07-20,116.6500015258789,64.96619415283203,16.00020980834961,8.800315856933594,8.837347030639648,17.833051681518555,22.16809844970703
2010-07-21,115.8499984741211,66.0669937133789,15.738795280456543,8.658475875854492,8.731560707092285,17.640724182128906,21.80544662475586
2010-07-22,116.86000061035156,65.30287170410156,16.08733558654785,8.911322593688965,8.96755313873291,17.83968162536621,21.944332122802734
2010-07-23,116.08999633789062,64.61000061035156,16.15945053100586,8.979156494140625,9.028580665588379,18.005483627319336,21.93662452697754
2010-07-26,115.5199966430664,64.49996948242188,16.30067253112793,9.102499961853027,9.085545539855957,18.09832191467285,22.252973556518555
2010-07-27,113.51000213623047,63.87834167480469,16.22256088256836,9.127168655395508,9.109956741333008,18.164636611938477,22.276126861572266
2010-07-28,113.77999877929688,64.08555603027344,16.186500549316406,9.046998977661133,9.036720275878906,18.06516456604004,21.975200653076172
2010-07-29,114.29000091552734,64.06610107421875,16.210542678833008,9.077836036682129,8.955342292785645,17.8463077545166,21.959762573242188
2010-07-30,115.48999786376953,65.06330871582031,16.17748260498047,9.07166576385498,8.918725967407227,17.892730712890625,22.044635772705078
2010-08-02,115.54000091552734,64.14997100830078,16.74237632751465,9.299843788146973,9.105887413024902,18.09832191467285,22.461313247680664
2010-08-03,115.98999786376953,64.5202865600586,16.736360549926758,9.19500732421875,9.057062149047852,17.93916130065918,22.64649772644043
2010-08-04,116.72000122070312,64.0265121459961,16.865571975708008,9.23200798034668,9.130301475524902,18.005483627319336,22.870256423950195
2010-08-05,116.9800033569336,64.32537078857422,16.919658660888672,9.19500732421875,9.08961009979248,17.925886154174805,22.877965927124023
2010-08-06,117.83999633789062,65.02693939208984,16.718341827392578,9.114832878112793,9.065200805664062,17.96568489074707,22.92426109313965
2010-08-09,117.4000015258789,64.7865982055664,16.78744888305664,9.164173126220703,9.126237869262695,18.058536529541016,22.985994338989258
2010-08-10,117.7300033569336,64.9229965209961,16.649232864379883,9.08399772644043,9.0326509475708,18.09832191467285,23.040008544921875
2010-08-11,117.33999633789062,65.79348754882812,16.153446197509766,8.763317108154297,8.817007064819336,17.799896240234375,22.445878982543945
2010-08-12,118.7699966430664,65.6310806274414,16.057300567626953,8.701648712158203,8.694944381713867,17.779993057250977,22.538469314575195
2010-08-13,118.73999786376953,66.44961547851562,16.03025245666504,8.676976203918457,8.654253959655762,17.773361206054688,22.45359230041504
2010-08-16,119.7300033569336,68.11267852783203,16.02724266052246,8.652312278747559,8.670527458190918,17.753461837768555,22.337852478027344
2010-08-17,119.75,67.72285461425781,16.294668197631836,8.720148086547852,8.76411247253418,17.925886154174805,22.64649772644043
2010-08-18,120.22000122070312,67.90474700927734,16.138427734375,8.757152557373047,8.812939643859863,17.93916130065918,22.615625381469727
2010-08-19,120.38999938964844,68.96360778808594,15.877012252807617,8.553638458251953,8.707147598266602,17.726932525634766,22.198965072631836
2010-08-20,119.97000122070312,68.88569641113281,15.681707382202148,8.52896785736084,8.686807632446289,17.726932525634766,22.121803283691406
2010-08-23,119.77999877929688,68.89863586425781,15.687711715698242,8.47346305847168,8.609498977661133,17.766727447509766,22.22211456298828
2010-08-24,120.36000061035156,70.00305938720703,15.44433307647705,8.331624031066895,8.491504669189453,17.68052101135254,21.74371910095215
2010-08-25,121.36000061035156,69.77564239501953,15.396258354187012,8.356291770935059,8.544402122497559,17.720306396484375,21.959762573242188
2010-08-26,120.95999908447266,70.43177032470703,15.258037567138672,8.288456916809082,8.458952903747559,17.587671279907227,21.82087516784668
2010-08-27,121.01000213623047,68.43739318847656,15.654656410217285,8.46729850769043,8.560675621032715,17.700410842895508,22.044635772705078
2010-08-30,120.91000366210938,69.74967193603516,15.426301956176758,8.288456916809082,8.446751594543457,17.547880172729492,21.766870498657227
2010-08-31,122.08000183105469,70.52268981933594,15.384234428405762,8.362460136413574,8.418270111083984,17.56114387512207,21.681995391845703
2010-09-01,121.69000244140625,69.06458282470703,15.95814323425293,8.683140754699707,8.63391399383545,17.872833251953125,22.183530807495117
2010-09-02,122.29000091552734,68.3348159790039,16.090341567993164,8.769482612609863,8.71121883392334,17.985584259033203,22.299270629882812
2010-09-03,121.86000061035156,67.48779296875,16.285659790039062,8.95449447631836,8.84141731262207,18.09832191467285,22.507598876953125
2010-09-07,122.69999694824219,68.86909484863281,16.042274475097656,8.750985145568848,8.768183708190918,18.025367736816406,22.376434326171875
2010-09-08,122.70999908447266,68.32178497314453,16.180492401123047,8.837315559387207,8.817007064819336,18.10495376586914,22.499887466430664
2010-09-09,121.55999755859375,66.97306823730469,16.213537216186523,8.948322296142578,8.84141731262207,18.164636611938477,22.73908042907715
2010-09-10,121.7300033569336,66.6668472290039,16.381811141967773,8.960657119750977,8.845490455627441,18.2508544921875,22.970558166503906
2010-09-13,121.62000274658203,66.99260711669922,16.514022827148438,9.151838302612305,9.004168510437012,18.270755767822266,23.02457618713379
2010-09-14,124.0199966430664,67.63763427734375,16.45693016052246,9.07166576385498,9.040786743164062,18.30391502380371,23.101730346679688
2010-09-15,123.94000244140625,66.63426971435547,16.423877716064453,9.102499961853027,9.09775447845459,18.429920196533203,23.317787170410156
2010-09-16,124.62999725341797,65.97618865966797,16.3487548828125,9.077836036682129,9.15064525604248,18.449811935424805,23.225189208984375
2010-09-17,124.54000091552734,66.24333953857422,16.26695442199707,9.030241012573242,9.200051307678223,18.40105628967285,23.220531463623047
2010-09-20,124.87000274658203,66.6277847290039,16.54163932800293,9.203302383422852,9.334806442260742,18.60142707824707,23.53076171875
2010-09-21,126.01000213623047,67.55294799804688,16.553714752197266,9.116769790649414,9.318475723266602,18.568029403686523,23.546276092529297
2010-09-22,126.19999694824219,68.15889739990234,16.432973861694336,8.968427658081055,9.273557662963867,18.60142707824707,23.585054397583008
2010-09-23,126.30000305175781,68.3543701171875,16.330339431762695,8.795365333557129,9.261307716369629,18.481204986572266,23.460962295532227
2010-09-24,126.69000244140625,67.43566131591797,16.683517456054688,9.030241012573242,9.440978050231934,18.728336334228516,23.778953552246094
2010-09-27,126.72000122070312,68.60842895507812,16.6201229095459,8.931344985961914,9.445061683654785,18.621471405029297,23.600568771362305
2010-09-28,127.8499984741211,69.07758331298828,16.73784637451172,8.949888229370117,9.45730972290039,18.741689682006836,23.794466018676758
2010-09-29,127.94999694824219,68.79090881347656,16.91594886779785,8.881896018981934,9.436893463134766,18.68825340270996,23.709152221679688
2010-09-30,127.91000366210938,68.74531555175781,16.92197036743164,8.869538307189941,9.40014934539795,18.621471405029297,23.647104263305664
2010-10-01,128.91000366210938,68.41301727294922,17.148365020751953,8.962252616882324,9.404224395751953,18.65486717224121,23.647104263305664
2010-10-04,128.4600067138672,68.58964538574219,16.934049606323242,8.900439262390137,9.326642036437988,18.60142707824707,23.414432525634766
2010-10-05,130.99000549316406,68.17764282226562,17.332500457763672,9.10440731048584,9.510398864746094,18.77508544921875,23.848758697509766
2010-10-06,131.80999755859375,69.03435516357422,17.48643684387207,9.098231315612793,9.465478897094727,18.855234146118164,23.755678176879883
2010-10-07,130.3699951171875,68.45886993408203,17.39891242980957,9.06114387512207,9.465478897094727,18.78844451904297,23.80221939086914
2010-10-08,131.66000366210938,68.15800476074219,17.616247177124023,9.085866928100586,9.518564224243164,18.82852554321289,23.864255905151367
2010-10-11,132.2899932861328,68.17111206054688,17.66454315185547,9.073508262634277,9.534896850585938,18.848552703857422,23.879776000976562
2010-10-12,131.9600067138672,67.49752044677734,17.637371063232422,9.178579330444336,9.592068672180176,18.89531135559082,23.934064865112305
2010-10-13,134.07000732421875,67.39283752441406,17.85169219970703,9.184762954711914,9.66965389251709,19.05561065673828,24.10468292236328
2010-10-14,134.75,66.38573455810547,17.824522018432617,9.02405834197998,9.673734664916992,19.06228256225586,24.058151245117188
2010-10-15,133.67999267578125,65.57479095458984,17.872821807861328,8.869538307189941,9.837075233459473,19.109037399291992,24.158979415893555
2010-10-18,134.27999877929688,66.1044692993164,17.921117782592773,9.067326545715332,9.902411460876465,19.17583465576172,24.383895874023438
2010-10-19,130.11000061035156,66.50342559814453,17.564931869506836,8.943706512451172,9.726820945739746,18.942060470581055,23.92630958557129
2010-10-20,131.32000732421875,66.64733123779297,17.79132080078125,9.030241012573242,9.808490753173828,19.109037399291992,24.15121841430664
2010-10-21,129.47000122070312,65.85601043701172,17.782270431518555,9.030241012573242,9.816659927368164,19.17583465576172,24.213272094726562
2010-10-22,129.72999572753906,66.30072021484375,17.899988174438477,9.02405834197998,9.845243453979492,19.24262809753418,24.221027374267578
2010-10-25,130.85000610351562,66.49039459228516,17.948286056518555,8.993152618408203,9.873827934265137,19.289379119873047,24.352867126464844
2010-10-26,130.8800048828125,65.46357727050781,17.98451042175293,9.005515098571777,9.898326873779297,19.18251609802246,24.283056259155273
2010-10-27,129.52000427246094,64.88814544677734,17.909048080444336,9.01169490814209,9.926910400390625,19.082326889038086,24.135711669921875
2010-10-28,131.24000549316406,65.06470489501953,17.869796752929688,9.01169490814209,9.926910400390625,19.149120330810547,24.275312423706055
2010-10-29,132.6199951171875,65.67289733886719,17.88187599182129,8.9993314743042,9.943244934082031,19.215911865234375,24.17449188232422
2010-11-01,131.9199981689453,65.39012908935547,17.90300941467285,8.9993314743042,9.951412200927734,19.13576316833496,24.17449188232422
2010-11-02,132.49000549316406,66.24958038330078,18.09920883178711,9.02405834197998,10.049417495727539,19.249300003051758,24.40715789794922
2010-11-03,131.57000732421875,64.89807891845703,18.13844871520996,9.110590934753418,10.106583595275879,19.309412002563477,24.422666549682617
2010-11-04,136.02999877929688,65.40325164794922,18.714994430541992,9.413451194763184,10.257671356201172,19.543190002441406,24.539016723632812
2010-11-05,136.3800048828125,64.28138732910156,18.808565139770508,9.629782676696777,10.249505043029785,19.44300079345703,24.391647338867188
2010-11-08,137.77999877929688,64.56999206542969,18.865924835205078,9.555611610412598,10.257671356201172,19.409603118896484,24.329605102539062
2010-11-09,135.58999633789062,63.14635467529297,18.829696655273438,9.37636947631836,10.229090690612793,19.309412002563477,24.22878074645996
2010-11-10,137.24000549316406,63.23161315917969,19.071184158325195,9.48144245147705,10.23725414276123,19.249300003051758,24.221027374267578
2010-11-11,137.66000366210938,63.198848724365234,19.282482147216797,9.388726234436035,10.082082748413086,19.269344329833984,24.29082679748535
2010-11-12,133.69000244140625,62.85770797729492,18.998743057250977,9.234210014343262,9.939164161682129,19.17583465576172,23.98835563659668
2010-11-15,132.4199981689453,61.54556655883789,18.902151107788086,9.27747631072998,9.910578727722168,19.18251609802246,23.996103286743164
2010-11-16,130.97000122070312,63.074188232421875,18.54897689819336,9.12295150756836,9.730908393859863,18.968780517578125,23.647104263305664
2010-11-17,130.3800048828125,62.726505279541016,18.62443733215332,9.06114387512207,9.734991073608398,18.975461959838867,23.685880661010742
2010-11-18,132.08999633789062,62.982337951660156,19.03496551513672,9.184762954711914,9.898326873779297,19.229267120361328,24.019372940063477
2010-11-19,132.1999969482422,63.36943054199219,19.194948196411133,9.184762954711914,9.926910400390625,19.24262809753418,24.04264259338379
2010-11-22,133.47999572753906,63.638389587402344,19.13457679748535,9.048779487609863,9.984082221984863,19.24262809753418,24.050397872924805
2010-11-23,134.41000366210938,63.95329666137695,18.76027488708496,8.906618118286133,9.837075233459473,19.015531539916992,23.701393127441406
2010-11-24,134.17999267578125,62.81180953979492,19.09835433959961,9.042601585388184,10.000412940979004,19.1624813079834,23.92630958557129
2010-11-26,133.11000061035156,63.68431854248047,18.868942260742188,8.912800788879395,9.902411460876465,19.03557586669922,23.716899871826172
2010-11-29,133.50999450683594,64.22888946533203,18.995718002319336,8.98697566986084,9.877909660339355,19.002182006835938,23.693634033203125
2010-11-30,135.4199981689453,64.56346893310547,18.929311752319336,8.937525749206543,9.779905319213867,18.915348052978516,23.47647476196289
2010-12-01,135.3800048828125,63.12826156616211,19.490760803222656,9.116769790649414,9.98816204071045,19.22258758544922,23.92630958557129
2010-12-02,135.1999969482422,62.96369934082031,19.78053855895996,9.351645469665527,10.106583595275879,19.235946655273438,24.112442016601562
2010-12-03,138.07000732421875,62.469940185546875,19.868074417114258,9.382546424865723,10.131085395812988,19.24262809753418,24.112442016601562
2010-12-06,139.11000061035156,63.352149963378906,19.934484481811523,9.370186805725098,10.131085395812988,19.195873260498047,23.95733070373535
2010-12-07,136.5,61.99592971801758,19.859027862548828,9.382546424865723,10.143336296081543,19.302738189697266,23.97283935546875
2010-12-08,134.7899932861328,61.396846771240234,19.76544761657715,9.537069320678711,10.229090690612793,19.37620735168457,23.996103286743164
2010-12-09,135.3699951171875,61.699668884277344,19.81072998046875,9.654508590698242,10.23725414276123,19.429643630981445,24.03488540649414
2010-12-10,135.41000366210938,61.324432373046875,19.892230987548828,9.741039276123047,10.28625774383545,19.463043212890625,24.267553329467773
2010-12-13,136.0500030517578,61.55481719970703,20.06126594543457,9.734855651855469,10.265837669372559,19.463043212890625,24.306339263916016
2010-12-14,136.17999267578125,60.65949630737305,19.967700958251953,9.648326873779297,10.282175064086914,19.556550979614258,24.55451774597168
2010-12-15,134.6999969482422,59.869503021240234,19.859027862548828,9.567974090576172,10.241338729858398,19.576581954956055,24.476964950561523
2010-12-16,133.80999755859375,60.28428649902344,19.970703125,9.580336570739746,10.257671356201172,19.75023651123047,24.647586822509766
2010-12-17,134.1999969482422,61.3836555480957,19.977685928344727,9.633686065673828,10.278162956237793,19.781230926513672,24.689685821533203
2010-12-20,135.11000061035156,61.31785583496094,20.108055114746094,9.639883995056152,10.286357879638672,19.76102638244629,24.681886672973633
2010-12-21,135.32000732421875,61.74580383300781,20.311203002929688,9.807377815246582,10.347829818725586,19.713850021362305,24.619522094726562
2010-12-22,135.0500030517578,61.30467987060547,20.380945205688477,9.919034957885742,10.33553695678711,19.801443099975586,24.689685821533203
2010-12-23,134.66000366210938,61.179622650146484,20.438549041748047,9.844594955444336,10.331438064575195,19.808181762695312,24.674089431762695
2010-12-27,135.02000427246094,61.72600555419922,20.36578369140625,9.931441307067871,10.351932525634766,19.713850021362305,24.627321243286133
2010-12-28,137.22000122070312,60.517112731933594,20.441585540771484,9.931441307067871,10.33963394165039,19.767751693725586,24.642908096313477
2010-12-29,137.7100067138672,61.54111099243164,20.644716262817383,9.912826538085938,10.360123634338379,19.77449607849121,24.65070915222168
2010-12-30,137.02999877929688,61.49482345581055,20.662906646728516,9.881817817687988,10.33553695678711,19.740812301635742,24.56494903564453
2010-12-31,138.72000122070312,62.175254821777344,20.693225860595703,9.894219398498535,10.323243141174316,19.747547149658203,24.557153701782227
2011-01-03,138.0,61.7061767578125,20.847856521606445,10.11133861541748,10.43799114227295,19.77449607849121,24.783241271972656
2011-01-04,134.75,61.77886199951172,20.668973922729492,10.098929405212402,10.478970527648926,19.720600128173828,24.861190795898438
2011-01-05,134.3699951171875,60.41802215576172,20.750839233398438,10.216792106628418,10.540444374084473,19.727333068847656,24.915761947631836
2011-01-06,133.8300018310547,60.68223571777344,20.553762435913086,10.148554801940918,10.60191822052002,19.659961700439453,25.01711082458496
2011-01-07,133.5800018310547,61.005977630615234,20.702329635620117,10.061707496643066,10.552738189697266,19.55889892578125,25.00152587890625
2011-01-10,134.1199951171875,61.33626174926758,20.620466232299805,10.03689956665039,10.560937881469727,19.572370529174805,24.931358337402344
2011-01-11,134.91000366210938,60.99275588989258,20.963077545166016,10.074114799499512,10.544541358947754,19.55889892578125,25.05609130859375
2011-01-12,135.4600067138672,60.517112731933594,21.251117706298828,10.241604804992676,10.638797760009766,19.720600128173828,25.188627243041992
2011-01-13,134.0500030517578,61.058815002441406,21.190471649169922,10.210590362548828,10.630600929260254,19.76102638244629,25.05609130859375
2011-01-14,132.69000244140625,60.66911315917969,21.420907974243164,10.371871948242188,10.724858283996582,19.76102638244629,25.087278366088867
2011-01-18,133.42999267578125,60.38499450683594,21.554309844970703,10.309842109680176,10.73715877532959,19.77449607849121,25.180818557739258
2011-01-19,133.72000122070312,60.82099533081055,21.293561935424805,10.080320358276367,10.659293174743652,19.734067916870117,25.009321212768555
2011-01-20,131.1999969482422,59.982017517089844,21.14196014404297,10.1299467086792,10.60191822052002,19.835132598876953,25.071685791015625
2011-01-21,131.02999877929688,60.45768737792969,21.254146575927734,10.210590362548828,10.540444374084473,19.868825912475586,25.095069885253906
2011-01-24,130.36000061035156,60.48409652709961,21.332984924316406,10.19818115234375,10.68797779083252,19.902503967285156,25.06388282775879
2011-01-25,130.10000610351562,61.058815002441406,21.2723331451416,10.179571151733398,10.73715877532959,19.969877243041992,25.06388282775879
2011-01-26,131.16000366210938,60.13399887084961,21.78171157836914,10.173373222351074,10.798625946044922,19.915987014770508,25.032705307006836
2011-01-27,127.93000030517578,60.40483474731445,21.65436553955078,10.260217666625977,10.8355131149292,19.713850021362305,25.095069885253906
2011-01-28,130.27999877929688,60.721893310546875,21.56037712097168,10.080320358276367,10.585522651672363,19.525205612182617,24.642908096313477
2011-01-31,129.8699951171875,60.25946807861328,22.17890167236328,10.173373222351074,10.651095390319824,19.45783233642578,24.697479248046875
2011-02-01,130.8000030517578,59.96120834350586,22.539701461791992,10.384279251098633,10.831412315368652,19.599319458007812,25.141845703125
2011-02-02,130.4499969482422,59.97443771362305,22.521514892578125,10.303638458251953,10.85190200805664,19.525205612182617,25.05609130859375
2011-02-03,132.1999969482422,59.477272033691406,22.533641815185547,10.309842109680176,10.868298530578613,19.62627410888672,25.087278366088867
2011-02-04,131.66000366210938,58.87397766113281,22.476032257080078,10.303638458251953,10.937965393066406,19.740812301635742,25.20421028137207
2011-02-07,131.67999267578125,59.178932189941406,22.606409072875977,10.452516555786133,10.991240501403809,19.767751693725586,25.16522979736328
2011-02-08,133.13999938964844,58.63535690307617,22.530601501464844,10.526957511901855,11.036322593688965,19.862079620361328,25.235403060913086
2011-02-09,133.07000732421875,59.14580154418945,22.24560546875,10.452516555786133,11.015832901000977,19.895771026611328,25.180818557739258
2011-02-10,132.85000610351562,58.4630241394043,22.472999572753906,10.452516555786133,10.966652870178223,19.8216552734375,25.188627243041992
2011-02-11,132.32000732421875,59.30488967895508,22.4699649810791,10.595189094543457,11.024029731750488,19.929460525512695,25.243194580078125
2011-02-14,132.9499969482422,59.34463882446289,22.964176177978516,10.60139274597168,11.040421485900879,19.841873168945312,25.32894515991211
2011-02-15,133.97000122070312,59.609798431396484,22.72465705871582,10.588987350463867,10.999436378479004,19.835132598876953,25.274377822875977
2011-02-16,134.10000610351562,59.41762924194336,23.027856826782227,10.644818305969238,11.060911178588867,19.8890380859375,25.40690803527832
2011-02-17,135.0399932861328,59.510398864746094,23.255250930786133,10.632411003112793,11.081399917602539,20.023780822753906,25.51605224609375
2011-02-18,135.41000366210938,59.324745178222656,23.35227394104004,10.65722370147705,11.065011024475098,20.07767677307129,25.578426361083984
2011-02-22,136.2899932861328,60.21307373046875,23.124876022338867,10.328449249267578,10.794530868530273,19.936193466186523,25.188627243041992
2011-02-23,137.50999450683594,60.431880950927734,23.594833374023438,10.285032272338867,10.667486190795898,19.8890380859375,24.946950912475586
2011-02-24,136.47999572753906,60.81636428833008,23.261308670043945,10.260217666625977,10.704373359680176,19.808181762695312,25.032705307006836
2011-02-25,137.3800048828125,61.17434310913086,23.631216049194336,10.402891159057617,10.83961009979248,19.909242630004883,25.188627243041992
2011-02-28,137.66000366210938,61.25389099121094,23.813138961791992,10.452516555786133,10.884690284729004,20.023780822753906,25.46927833557129
2011-03-01,140.02999877929688,61.43144226074219,23.367433547973633,10.229198455810547,10.675683975219727,19.868825912475586,25.266586303710938
2011-03-02,139.9199981689453,60.4870719909668,23.500839233398438,10.167165756225586,10.741254806518555,19.814916610717773,25.34454345703125
2011-03-03,138.08999633789062,59.895145416259766,23.904083251953125,10.37807846069336,10.913378715515137,20.017045974731445,25.866872787475586
2011-03-04,139.35000610351562,60.39396286010742,23.752498626708984,10.247806549072266,10.827315330505371,19.929460525512695,25.82788848876953
2011-03-07,139.72000122070312,60.00822830200195,23.585742950439453,10.179571151733398,10.68797779083252,19.875564575195312,25.63298988342285
2011-03-08,139.36000061035156,59.642494201660156,23.391695022583008,10.402891159057617,10.778135299682617,20.05072593688965,25.77332305908203
2011-03-09,139.41000366210938,60.22101593017578,23.230993270874023,10.402891159057617,10.733059883117676,20.15178871154785,25.812299728393555
2011-03-10,137.77000427246094,61.23188781738281,22.385074615478516,10.191978454589844,10.532248497009277,20.017045974731445,25.40690803527832
2011-03-11,138.22000122070312,60.886085510253906,22.77317237854004,10.260217666625977,10.573230743408203,20.0305233001709,25.49266242980957
2011-03-14,138.86000061035156,60.859493255615234,22.89747428894043,10.167165756225586,10.524054527282715,19.8890380859375,25.367921829223633
2011-03-15,136.27000427246094,61.77061462402344,22.72465705871582,10.049302101135254,10.36832332611084,19.713850021362305,25.071685791015625
2011-03-16,136.24000549316406,62.468910217285156,22.360816955566406,9.863203048706055,10.114237785339355,19.43088722229004,24.63511085510254
2011-03-17,136.97000122070312,61.990081787109375,23.043001174926758,9.981069564819336,10.220791816711426,19.525205612182617,24.92355728149414
2011-03-18,138.3699951171875,62.15636444091797,22.935022354125977,10.11913776397705,10.238883018493652,19.68376350402832,25.037120819091797
2011-03-21,139.13999938964844,61.790584564208984,23.631677627563477,10.168899536132812,10.411581993103027,19.92768669128418,25.248565673828125
2011-03-22,139.0500030517578,61.99675369262695,23.579959869384766,10.11291790008545,10.395135879516602,19.900588989257812,25.2329044342041
2011-03-23,140.33999633789062,61.91694259643555,23.64080238342285,10.08803939819336,10.452704429626465,19.934471130371094,25.217233657836914
2011-03-24,139.22000122070312,61.45138168334961,23.72597885131836,10.137800216674805,10.617191314697266,20.117416381835938,25.514833450317383
2011-03-25,139.25999450683594,61.298423767089844,23.938940048217773,10.162676811218262,10.641860008239746,20.117416381835938,25.585315704345703
2011-03-28,138.5399932861328,61.38489532470703,23.88112449645996,10.13157844543457,10.617191314697266,20.110641479492188,25.57748031616211
2011-03-29,138.2100067138672,60.91271209716797,24.173179626464844,10.150235176086426,10.691204071044922,20.20549774169922,25.726289749145508
2011-03-30,138.6699981689453,61.39821243286133,24.34051513671875,10.231090545654297,10.736432075500488,20.313919067382812,25.914243698120117
2011-03-31,139.86000061035156,61.2718620300293,24.26140594482422,10.193775177001953,10.715873718261719,20.27326011657715,25.929899215698242
2011-04-01,139.1999969482422,61.5697135925293,24.334423065185547,10.280845642089844,10.695316314697266,20.374897003173828,26.063034057617188
2011-04-04,139.83999633789062,61.63648223876953,24.349626541137695,10.268413543701172,10.658306121826172,20.415550231933594,26.21965980529785
2011-04-05,142.0500030517578,61.38937759399414,24.422636032104492,10.262188911437988,10.641860008239746,20.435874938964844,26.102191925048828
2011-04-06,142.3800048828125,60.46775817871094,24.1671085357666,10.380359649658203,10.719986915588379,20.530738830566406,26.15701675415039
2011-04-07,142.50999450683594,60.3475227355957,24.1671085357666,10.330602645874023,10.72409439086914,20.557842254638672,26.110023498535156
2011-04-08,143.66000366210938,60.026981353759766,24.252283096313477,10.237314224243164,10.6624174118042,20.49686050415039,26.094356536865234
2011-04-11,142.63999938964844,60.08037185668945,23.774654388427734,10.237314224243164,10.645967483520508,20.60527801513672,26.243152618408203
2011-04-12,141.61000061035156,60.72822189331055,23.0384464263916,10.199995040893555,10.559619903564453,20.67302894592285,26.211830139160156
2011-04-13,141.89999389648438,61.108856201171875,23.13275146484375,10.125361442565918,10.625410079956055,20.68659019470215,26.188344955444336
2011-04-14,143.80999755859375,61.062110900878906,23.29094123840332,10.032065391540527,10.604848861694336,20.80855369567871,26.32930564880371
2011-04-15,145.0500030517578,61.89027786254883,23.482603073120117,10.038288116455078,10.584288597106934,20.896635055541992,26.564247131347656
2011-04-18,145.92999267578125,62.030540466308594,23.13275146484375,9.901456832885742,10.489715576171875,20.78144073486328,26.266653060913086
2011-04-19,145.92999267578125,62.297672271728516,23.367006301879883,9.932557106018066,10.5184965133667,20.822105407714844,26.48593521118164
2011-04-20,146.5,61.89691925048828,23.91764259338379,9.957432746887207,10.740548133850098,20.930513381958008,26.7443790435791
2011-04-21,146.74000549316406,61.84354782104492,24.027158737182617,10.013409614562988,10.835123062133789,20.93729019165039,26.82268714904785
2011-04-25,146.8699951171875,62.0772819519043,23.902427673339844,10.000967025756836,10.84334659576416,20.88309097290039,26.854013442993164
2011-04-26,146.3800048828125,62.67836380004883,24.139720916748047,10.0631685256958,10.933808326721191,21.025371551513672,27.167261123657227
2011-04-27,149.1999969482422,62.037200927734375,24.127546310424805,10.125361442565918,10.999602317810059,21.1608943939209,27.47269630432129
2011-04-28,149.82000732421875,62.5113410949707,24.124515533447266,10.206212043762207,11.003711700439453,21.29641342163086,27.61366081237793
2011-04-29,152.3699951171875,62.70504379272461,24.483495712280273,10.187556266784668,10.995491027832031,21.357393264770508,27.598007202148438
2011-05-02,150.41000366210938,62.805667877197266,24.157974243164062,10.144020080566406,10.954370498657227,21.38449478149414,27.879924774169922
2011-05-03,149.8800048828125,63.1611328125,23.552583694458008,10.187556266784668,10.958479881286621,21.438701629638672,27.80944061279297
2011-05-04,147.72999572753906,63.442832946777344,23.13579750061035,10.100481986999512,10.925585746765137,21.411598205566406,27.785953521728516
2011-05-05,143.47000122070312,64.04646301269531,22.655139923095703,9.969869613647461,10.868016242980957,21.24898338317871,27.60582733154297
2011-05-06,145.3000030517578,63.76482391357422,22.755525588989258,10.01962947845459,10.888577461242676,21.303184509277344,27.801618576049805
2011-05-09,147.3800048828125,63.697731018066406,23.15404510498047,9.994750022888184,10.933808326721191,21.377716064453125,27.958242416381836
2011-05-10,147.89999389648438,63.24159622192383,23.263572692871094,10.08803939819336,11.032498359680176,21.50645637512207,28.130537033081055
2011-05-11,146.5399932861328,63.60380935668945,22.591251373291016,9.951214790344238,10.933808326721191,21.465808868408203,28.08354377746582
2011-05-12,146.58999633789062,63.20137405395508,22.557783126831055,9.951214790344238,11.01605224609375,21.784273147583008,28.341981887817383
2011-05-13,145.6300048828125,63.7714729309082,22.448272705078125,9.808167457580566,10.880356788635254,21.757165908813477,28.255834579467773
2011-05-16,145.3699951171875,64.12699890136719,22.27789878845215,9.79572868347168,10.72409439086914,21.76394271850586,28.302833557128906
2011-05-17,144.74000549316406,64.78421783447266,22.27789878845215,9.870361328125,10.72409439086914,21.811372756958008,28.302833557128906
2011-05-18,145.60000610351562,63.925758361816406,22.728139877319336,9.913896560668945,10.802227020263672,21.84525489807129,28.522096633911133
2011-05-19,145.64999389648438,63.89890670776367,22.73118782043457,9.913896560668945,10.82278823852539,21.967212677001953,28.459463119506836
2011-05-20,147.49000549316406,63.93250274658203,22.703805923461914,9.777070999145508,10.76110553741455,21.89946174621582,28.224510192871094
2011-05-23,147.8300018310547,64.24102020263672,22.350910186767578,9.640240669250488,10.608965873718262,21.750389099121094,27.934749603271484
2011-05-24,148.58999633789062,64.48243713378906,22.66729736328125,9.627802848815918,10.576066017150879,21.730060577392578,27.856433868408203
2011-05-25,148.5800018310547,64.18067169189453,23.050622940063477,9.63402271270752,10.608965873718262,21.5877742767334,27.895578384399414
2011-05-26,148.22000122070312,64.73054504394531,23.166227340698242,9.683775901794434,10.678865432739258,21.62164306640625,27.934749603271484
2011-05-27,149.6999969482422,64.70375061035156,23.224023818969727,9.752189636230469,10.732322692871094,21.709735870361328,27.950410842895508
2011-05-31,149.63999938964844,64.85135650634766,23.458276748657227,9.851700782775879,10.880356788635254,21.89267921447754,28.279325485229492
2011-06-01,149.91000366210938,65.72777557373047,22.898513793945312,9.52206802368164,10.654194831848145,21.66908073425293,27.88776397705078
2011-06-02,149.5,64.47573852539062,22.889375686645508,9.528291702270508,10.6624174118042,21.418376922607422,27.825115203857422
2011-06-03,150.22000122070312,64.845947265625,22.89547348022461,9.466092109680176,10.50205135345459,21.215097427368164,27.558835983276367
2011-06-06,150.47999572753906,64.35458374023438,22.378293991088867,9.285727500915527,10.423921585083008,21.106687545776367,27.39437484741211
2011-06-07,150.4199981689453,64.6507339477539,22.378293991088867,9.267067909240723,10.39102840423584,21.05925178527832,27.44919204711914
2011-06-08,149.80999755859375,65.15555572509766,22.44522476196289,9.179993629455566,10.321120262145996,21.07280731201172,27.48052215576172
2011-06-09,150.55999755859375,64.89313507080078,22.749435424804688,9.285727500915527,10.32934856414795,21.187992095947266,27.77029037475586
2011-06-10,149.24000549316406,65.39115142822266,22.308326721191406,9.223532676696777,10.185429573059082,20.944067001342773,27.261240005493164
2011-06-13,147.77000427246094,65.06136322021484,21.955434799194336,9.316822052001953,10.19365119934082,21.03892707824707,27.39437484741211
2011-06-14,148.6699981689453,64.07855987548828,22.42392349243164,9.366582870483398,10.321120262145996,21.262529373168945,27.62932014465332
2011-06-15,149.1199951171875,65.24310302734375,21.90979766845703,9.161334037780762,10.12785816192627,20.944067001342773,27.253416061401367
2011-06-16,148.97000122070312,65.539306640625,21.943267822265625,9.211090087890625,10.10318660736084,21.11345672607422,27.300399780273438
2011-06-17,149.94000244140625,65.22967529296875,21.886770248413086,9.294109344482422,10.094100952148438,21.247873306274414,27.363367080688477
2011-06-20,150.02999877929688,65.31040954589844,21.947843551635742,9.28786849975586,10.131261825561523,21.404813766479492,27.638813018798828
2011-06-21,150.75999450683594,65.02093505859375,22.38448143005371,9.418943405151367,10.312911987304688,21.38434410095215,27.81194496154785
2011-06-22,150.99000549316406,65.06136322021484,22.320356369018555,9.362768173217773,10.238600730895996,21.247873306274414,27.64667320251465
2011-06-23,148.33999633789062,65.55950164794922,22.076091766357422,9.269140243530273,10.308780670166016,21.05682945251465,27.615198135375977
2011-06-24,146.25999450683594,65.28351593017578,21.65777015686035,9.212963104248047,10.131261825561523,20.886249542236328,27.292539596557617
2011-06-27,145.72999572753906,64.38819885253906,21.773799896240234,9.306591033935547,10.26750373840332,20.981769561767578,27.43419075012207
2011-06-28,146.24000549316406,63.869876861572266,22.408899307250977,9.350284576416016,10.395483016967773,21.022708892822266,27.81982421875
2011-06-29,147.17999267578125,63.44572830200195,22.67149543762207,9.543782234191895,10.478049278259277,21.145536422729492,27.874897003173828
2011-06-30,146.0,63.34482955932617,23.007366180419922,9.581232070922852,10.6101655960083,21.309293746948242,27.961467742919922
2011-07-01,144.92999267578125,63.24345397949219,23.22416114807129,9.756002426147461,10.783557891845703,21.473051071166992,28.29986572265625
2011-07-05,147.6300048828125,63.38529586791992,23.367673873901367,9.668620109558105,10.80007266998291,21.466232299804688,28.22117042541504
2011-07-06,148.91000366210938,63.70954895019531,23.32493019104004,9.618685722351074,10.849613189697266,21.58222198486328,28.29986572265625
2011-07-07,149.14999389648438,63.520381927490234,23.676069259643555,9.774728775024414,10.981728553771973,21.732336044311523,28.284128189086914
2011-07-08,150.25,64.4188003540039,23.47759437561035,9.649890899658203,10.928053855895996,21.65727996826172,28.158205032348633
2011-07-11,151.58999633789062,65.38470458984375,22.9218807220459,9.387737274169922,10.746400833129883,21.50034523010254,27.772594451904297
2011-07-12,152.77000427246094,65.60759735107422,22.83637809753418,9.350284576416016,10.651447296142578,21.432117462158203,27.772594451904297
2011-07-13,154.13999938964844,65.78996276855469,23.007366180419922,9.356524467468262,10.676220893859863,21.432117462158203,27.882781982421875
2011-07-14,154.5399932861328,64.85106658935547,22.854703903198242,9.28786849975586,10.585391998291016,21.336578369140625,27.835556030273438
2011-07-15,155.1999969482422,64.95915985107422,23.46843910217285,9.269140243530273,10.700986862182617,21.397993087768555,27.693889617919922
2011-07-18,156.57000732421875,64.3309555053711,23.38904571533203,9.144304275512695,10.663833618164062,21.261524200439453,27.48927879333496
2011-07-19,154.66000366210938,65.66838073730469,23.816526412963867,9.256657600402832,10.919797897338867,21.554929733276367,27.733247756958008
2011-07-20,156.02000427246094,64.8916244506836,23.755460739135742,9.362768173217773,10.886770248413086,21.520816802978516,27.638813018798828
2011-07-21,154.8300018310547,64.39173126220703,24.222631454467773,9.587475776672363,10.936307907104492,21.698223114013672,28.055912017822266
2011-07-22,156.1199951171875,64.87809753417969,24.344762802124023,9.562509536743164,11.031271934509277,21.65727996826172,28.008682250976562
2011-07-25,157.33999633789062,64.16885375976562,24.247053146362305,9.493846893310547,11.002365112304688,21.45940589904785,27.71750259399414
2011-07-26,157.77000427246094,64.60790252685547,24.131017684936523,9.48136043548584,11.051910400390625,21.404813766479492,27.49715805053711
2011-07-27,157.19000244140625,64.6146469116211,23.676069259643555,9.256657600402832,10.75878620147705,21.172822952270508,27.017091751098633
2011-07-28,157.32000732421875,64.85780334472656,23.57836151123047,9.262900352478027,10.74227237701416,21.172822952270508,26.99348258972168
2011-07-29,158.2899932861328,66.14122772216797,23.343244552612305,9.237935066223145,10.6555757522583,21.036354064941406,26.851825714111328
2011-08-01,157.72000122070312,66.80876922607422,23.309654235839844,9.2067232131958,10.647317886352539,20.9613037109375,26.39537811279297
2011-08-02,161.52000427246094,68.8147964477539,22.659284591674805,8.957045555114746,10.4243803024292,20.68836784362793,25.828750610351562
2011-08-03,161.49000549316406,68.95036315917969,22.531049728393555,9.000741004943848,10.531721115112305,20.770248413085938,25.875967025756836
2011-08-04,160.63999938964844,71.40362548828125,20.986021041870117,8.545086860656738,10.106486320495605,20.12203025817871,24.84502410888672
2011-08-05,161.75,69.3434066772461,20.784500122070312,8.382798194885254,10.044564247131348,20.408611297607422,25.033893585205078
2011-08-08,167.1199951171875,71.53242492675781,19.016576766967773,7.590085983276367,9.478961944580078,19.6375732421875,23.751115798950195
2011-08-09,168.61000061035156,71.74925231933594,19.984506607055664,8.176814079284668,9.912449836730957,20.115203857421875,24.61680030822754
2011-08-10,174.5800018310547,73.88402557373047,19.2944393157959,7.608806133270264,9.524374008178711,19.344165802001953,23.577983856201172
2011-08-11,170.75,70.15664672851562,20.295948028564453,8.033254623413086,9.887679100036621,19.917325973510742,24.656147003173828
2011-08-12,169.97000122070312,71.54594421386719,20.44556999206543,7.977077007293701,9.957863807678223,20.15614128112793,24.90011978149414
2011-08-15,171.8000030517578,70.8208236694336,21.135637283325195,8.23299789428711,10.135387420654297,20.442726135253906,25.317209243774414
2011-08-16,173.9199981689453,71.99320983886719,20.784500122070312,8.070709228515625,10.061075210571289,20.49049186706543,25.293596267700195
2011-08-17,174.4199981689453,73.2537841796875,20.866943359375,8.120643615722656,10.015666007995605,20.626955032348633,25.317209243774414
2011-08-18,177.72000122070312,74.75831604003906,19.657794952392578,7.727402687072754,9.5285005569458,20.25849723815918,24.483009338378906
2011-08-19,179.9499969482422,75.36148071289062,19.309707641601562,7.571357727050781,9.297310829162598,20.162967681884766,24.42005157470703
2011-08-22,184.58999633789062,75.1717529296875,19.153982162475586,7.477732181549072,9.34685230255127,20.22437858581543,24.404312133789062
2011-08-23,177.6699981689453,74.1347885131836,20.01809310913086,7.721167087554932,9.6895112991333,20.640600204467773,25.19916343688965
2011-08-24,171.64999389648438,72.02708435058594,20.13718032836914,7.927144527435303,9.776212692260742,20.72930908203125,25.490341186523438
2011-08-25,172.36000061035156,72.80648803710938,19.712749481201172,7.902174949645996,9.63584041595459,20.415437698364258,25.057510375976562
2011-08-26,177.47000122070312,73.52487182617188,20.094432830810547,7.970836639404297,9.825754165649414,20.58602523803711,25.372297286987305
2011-08-29,173.88999938964844,72.50831604003906,20.680679321289062,8.301654815673828,10.073460578918457,20.954477310180664,26.017627716064453
2011-08-30,179.10000610351562,73.67398071289062,20.802812576293945,8.245473861694336,10.11474609375,21.009063720703125,26.104190826416016
2011-08-31,177.72000122070312,72.53541564941406,20.958545684814453,8.351588249206543,10.089977264404297,21.077299118041992,26.285200119018555
2011-09-01,177.8699951171875,74.07299041748047,20.799762725830078,8.164334297180176,9.978503227233887,21.002243041992188,26.1120662689209
2011-09-02,183.24000549316406,76.47938537597656,20.219621658325195,7.827270030975342,9.751442909240723,20.702011108398438,25.537565231323242
2011-09-06,182.89999389648438,77.27469635009766,19.999773025512695,7.689953327178955,9.706028938293457,20.620136260986328,25.60051918029785
2011-09-07,177.0800018310547,75.79957580566406,20.732585906982422,8.058220863342285,9.957863807678223,20.98859405517578,26.214374542236328
2011-09-08,181.80999755859375,76.47938537597656,20.49137306213379,7.883450508117676,9.908319473266602,20.93400764465332,25.93106460571289
2011-09-09,180.6999969482422,77.29503631591797,19.813518524169922,7.6337738037109375,9.697772026062012,20.470016479492188,25.15981101989746
2011-09-12,176.6699981689453,77.37660217285156,19.908170700073242,7.721167087554932,9.813365936279297,20.49049186706543,25.24639129638672
2011-09-13,178.5399932861328,76.27544403076172,19.963134765625,7.771096706390381,9.928963661193848,20.565549850463867,25.506086349487305
2011-09-14,177.2100067138672,76.92121124267578,20.21045684814453,7.8647260665893555,10.07758903503418,20.81118392944336,25.750049591064453
2011-09-15,174.39999389648438,75.74520874023438,20.610456466674805,8.06446361541748,10.238600730895996,21.05682945251465,25.98615264892578
2011-09-16,176.02999877929688,76.29585266113281,20.565696716308594,8.089530944824219,10.352150917053223,21.19358253479004,26.126197814941406
2011-09-19,173.30999755859375,77.75050354003906,20.240766525268555,7.870211601257324,10.327285766601562,21.014907836914062,25.88091278076172
2011-09-20,175.77999877929688,78.07679748535156,20.115089416503906,7.845150947570801,10.302420616149902,21.056140899658203,26.118276596069336
2011-09-21,173.58999633789062,80.65985870361328,19.278234481811523,7.4566545486450195,10.149084091186523,20.623193740844727,25.41408920288086
2011-09-22,169.0500030517578,83.6915283203125,18.190019607543945,7.2436041831970215,9.834128379821777,20.231487274169922,24.89979362487793
2011-09-23,159.8000030517578,82.1349105834961,17.993837356567383,7.318802833557129,9.946020126342773,20.272720336914062,24.907712936401367
2011-09-26,157.5800018310547,80.81619262695312,18.649837493896484,7.644637107849121,10.070347785949707,20.664432525634766,25.319143295288086
2011-09-27,160.6300048828125,79.57906341552734,18.922643661499023,7.6822333335876465,10.19881534576416,20.788127899169922,25.70684051513672
2011-09-28,156.22000122070312,79.5518798828125,18.303447723388672,7.462919235229492,10.053772926330566,20.39641761779785,25.263761520385742
2011-09-29,157.6999969482422,80.10248565673828,18.47817039489746,7.669702053070068,10.033049583435059,20.59571075439453,25.429908752441406
2011-09-30,158.05999755859375,82.11453247070312,17.935598373413086,7.4002556800842285,9.78024959564209,20.38267707824707,25.105512619018555
2011-10-03,160.9600067138672,84.3743896484375,17.325586318969727,7.0681586265563965,9.560611724853516,20.087177276611328,24.306371688842773
2011-10-04,157.63999938964844,83.30437469482422,17.89267921447754,7.350129127502441,9.755389213562012,20.279584884643555,24.567476272583008
2011-10-05,159.4600067138672,82.7046890258789,18.55173683166504,7.4566545486450195,9.958455085754395,20.307079315185547,24.96308708190918
2011-10-06,160.49000549316406,81.17816162109375,18.901187896728516,7.688497066497803,10.10764217376709,20.5476016998291,25.263761520385742
2011-10-07,159.17999267578125,80.57844543457031,18.6682186126709,7.4127888679504395,10.070347785949707,20.664432525634766,25.240020751953125
2011-10-10,163.27000427246094,79.4404067993164,19.51426887512207,7.795019626617432,10.381159782409668,20.9874210357666,25.817615509033203
2011-10-11,162.10000610351562,79.17464447021484,19.554121017456055,7.788756370544434,10.42674732208252,20.946186065673828,25.77804946899414
2011-10-12,163.25999450683594,78.0229263305664,19.658344268798828,7.989274024963379,10.472329139709473,21.111116409301758,25.79387855529785
2011-10-13,162.3000030517578,78.79981231689453,19.630760192871094,7.801288604736328,10.58836841583252,21.049266815185547,25.770139694213867
2011-10-14,163.39999389648438,77.6549072265625,20.41549301147461,7.895279884338379,10.774859428405762,21.214197158813477,26.015413284301758
2011-10-17,162.6199951171875,78.9974594116211,20.044580459594727,7.650903224945068,10.604945182800293,21.069883346557617,25.564424514770508
2011-10-18,161.83999633789062,78.5067367553711,20.688312530517578,8.014338493347168,10.700262069702148,21.227943420410156,25.754314422607422
2011-10-19,159.8699951171875,78.47948455810547,20.473737716674805,7.901546001434326,10.493048667907715,21.166095733642578,25.70684051513672
2011-10-20,157.77000427246094,77.92070770263672,20.633136749267578,8.020599365234375,10.447463035583496,21.282922744750977,25.683107376098633
2011-10-21,159.52000427246094,77.09608459472656,21.013242721557617,8.22737979888916,10.58008098602295,21.626527786254883,26.19740867614746
2011-10-24,161.02000427246094,77.22564697265625,21.28913688659668,8.409098625183105,10.745847702026367,21.475343704223633,26.59300994873047
2011-10-25,165.58999633789062,79.188232421875,20.84464454650879,8.15845775604248,10.575934410095215,21.2210693359375,26.054983139038086
2011-10-26,167.39999389648438,77.80481719970703,21.29526138305664,8.302576065063477,10.621521949768066,21.434114456176758,26.403118133544922
2011-10-27,169.5500030517578,75.16751098632812,22.239398956298828,8.797599792480469,10.936479568481445,21.708986282348633,27.04401206970215
2011-10-28,169.6199951171875,75.95802307128906,22.389610290527344,8.803864479064941,10.97377872467041,21.654014587402344,27.0677433013916
2011-10-31,167.33999633789062,78.97020721435547,21.368833541870117,8.459228515625,10.77900218963623,21.331022262573242,26.553449630737305
2011-11-01,167.3800048828125,81.6136474609375,20.679119110107422,8.058197975158691,10.480619430541992,20.959928512573242,26.047067642211914
2011-11-02,169.05999755859375,80.59559631347656,21.301395416259766,8.296313285827637,10.609088897705078,21.159225463867188,26.22113800048828
2011-11-03,171.72000122070312,79.48872375488281,21.862354278564453,8.44042682647705,10.861886978149414,21.420364379882812,26.50597381591797
2011-11-04,170.85000610351562,79.58446502685547,21.843969345092773,8.32763957977295,10.795576095581055,21.296667098999023,26.260696411132812
2011-11-07,174.97999572753906,80.09001922607422,21.963518142700195,8.371503829956055,10.861886978149414,21.475343704223633,26.569272994995117
2011-11-08,173.52999877929688,79.06513977050781,22.322172164916992,8.528158187866211,10.986209869384766,21.68837547302246,26.8936767578125
2011-11-09,172.07000732421875,80.7049560546875,21.335113525390625,8.06446361541748,10.604945182800293,21.179845809936523,26.118276596069336
2011-11-10,171.13999938964844,79.50242614746094,21.706024169921875,8.10206127166748,10.638096809387207,21.38599967956543,26.490150451660156
2011-11-11,173.9600067138672,79.01730346679688,22.15049934387207,8.296313285827637,10.84116268157959,21.63339614868164,26.956979751586914
2011-11-14,173.1999969482422,80.28815460205078,21.859298706054688,8.127124786376953,10.758277893066406,21.44784927368164,26.77499008178711
2011-11-15,173.36000061035156,80.1788558959961,21.83477783203125,8.164725303649902,10.903326034545898,21.550928115844727,26.838289260864258
2011-11-16,171.50999450683594,80.90989685058594,21.506772994995117,7.964209079742432,10.741703033447266,21.358509063720703,26.323997497558594
2011-11-17,167.10000610351562,81.55901336669922,21.01630973815918,7.807555675506592,10.534494400024414,21.282922744750977,26.047067642211914
2011-11-18,167.6199951171875,81.53848266601562,20.8906307220459,7.832619667053223,10.447463035583496,21.34476661682129,25.991682052612305
2011-11-21,163.5,82.02363586425781,20.516653060913086,7.638368606567383,10.265121459960938,21.00116729736328,25.49321174621582
2011-11-22,165.30999755859375,82.93912506103516,20.323537826538086,7.569443702697754,10.248546600341797,21.021780014038086,25.55651092529297
2011-11-23,164.8300018310547,83.7522201538086,19.70738983154297,7.3626627922058105,10.004039764404297,20.795000076293945,25.18463134765625
2011-11-25,163.39999389648438,82.53602600097656,19.566383361816406,7.3814592361450195,9.950166702270508,20.8705997467041,25.08968734741211
2011-11-28,166.6300048828125,82.49505615234375,20.299009323120117,7.60077428817749,10.277554512023926,21.20045280456543,25.762229919433594
2011-11-29,166.8800048828125,81.81869506835938,20.59022331237793,7.56317663192749,10.223678588867188,21.420364379882812,25.872997283935547
2011-11-30,170.1300048828125,80.54096221923828,21.724414825439453,8.026869773864746,10.617376327514648,21.922033309936523,26.806644439697266
2011-12-01,169.6300048828125,80.1368408203125,21.604867935180664,7.983005523681641,10.675395965576172,21.887664794921875,26.846200942993164
2011-12-02,169.82000732421875,81.2601318359375,21.586469650268555,8.089530944824219,10.66711139678955,21.81207275390625,26.51389503479004
2011-12-05,167.32000732421875,81.09574127197266,21.853158950805664,8.252447128295898,10.787288665771484,21.942638397216797,26.561359405517578
2011-12-06,168.17999267578125,80.3218002319336,21.850093841552734,8.258711814880371,10.7831449508667,21.970129013061523,26.67214012145996
2011-12-07,169.39999389648438,80.6094741821289,21.641651153564453,8.358968734741211,10.795576095581055,22.02510643005371,26.86994171142578
2011-12-08,165.97999572753906,81.61630249023438,21.037769317626953,8.033132553100586,10.625665664672852,21.770843505859375,26.37146759033203
2011-12-09,166.39999389648438,79.938232421875,21.515974044799805,8.208582878112793,10.791434288024902,21.99761962890625,26.759164810180664
2011-12-12,161.99000549316406,80.82861328125,21.013242721557617,8.014338493347168,10.65467643737793,21.79833221435547,26.44268035888672
2011-12-13,158.4499969482422,81.58203125,20.817054748535156,7.901546001434326,10.555215835571289,21.75022315979004,26.39520263671875
2011-12-14,152.88999938964844,83.12312316894531,20.2315731048584,7.870211601257324,10.393590927124023,21.6402645111084,26.379375457763672
2011-12-15,152.3300018310547,82.81489562988281,20.145734786987305,7.876482009887695,10.368724822998047,21.86017608642578,26.67214012145996
2011-12-16,155.22999572753906,83.78067016601562,20.36029624938965,7.90801477432251,10.397445678710938,21.835908889770508,26.5830135345459
2011-12-19,154.8699951171875,84.8423080444336,20.003210067749023,7.731438636779785,10.297552108764648,21.74576187133789,26.5830135345459
2011-12-20,156.97999572753906,82.72589111328125,20.825132369995117,8.021525382995605,10.588912963867188,22.196487426757812,27.139982223510742
2011-12-21,157.16000366210938,81.57522583007812,21.056011199951172,8.065670013427734,10.414095878601074,22.432252883911133,27.315031051635742
2011-12-22,156.0399932861328,81.91770935058594,21.302278518676758,8.235939025878906,10.534805297851562,22.425312042236328,27.51393699645996
2011-12-23,156.30999755859375,81.0067138671875,21.425416946411133,8.292692184448242,10.638860702514648,22.584806442260742,27.688980102539062
2011-12-27,154.91000366210938,81.39146423339844,21.48082160949707,8.248550415039062,10.655508995056152,22.626415252685547,27.75264549255371
2011-12-28,151.02999877929688,82.89630126953125,21.0714054107666,8.116119384765625,10.547290802001953,22.515466690063477,27.450294494628906
2011-12-29,150.33999633789062,83.04751586914062,21.289966583251953,8.242246627807617,10.62637710571289,22.63334846496582,27.649200439453125
2011-12-30,151.99000549316406,83.31549072265625,21.280733108520508,8.198102951049805,10.5930757522583,22.529340744018555,27.60146713256836
2012-01-03,155.9199981689453,82.06490325927734,21.871780395507812,8.412514686584473,10.742920875549316,22.50853157043457,27.95951271057129
2012-01-04,156.7100067138672,81.08921813964844,21.917943954467773,8.387286186218262,10.772055625915527,22.459985733032227,27.824249267578125
2012-01-05,157.77999877929688,80.94490051269531,21.813295364379883,8.500802040100098,10.805351257324219,22.446123123168945,27.9038143157959
2012-01-06,157.1999969482422,81.5839614868164,21.684001922607422,8.450347900390625,10.809511184692383,22.30049705505371,27.951562881469727
2012-01-09,156.5,81.43958282470703,21.788667678833008,8.494490623474121,10.792863845825195,22.335176467895508,27.999298095703125
2012-01-10,158.63999938964844,81.30219268798828,21.98260498046875,8.645844459533691,10.830327987670898,22.411455154418945,28.206161499023438
2012-01-11,159.6699981689453,82.3603515625,21.687076568603516,8.74674129486084,10.863621711730957,22.314367294311523,28.23003578186035
2012-01-12,160.3800048828125,82.2435531616211,21.483905792236328,8.778275489807129,10.917736053466797,22.307432174682617,28.31756019592285
2012-01-13,159.25999450683594,83.061279296875,21.37616729736328,8.715210914611816,10.85529899597168,22.286630630493164,28.19025230407715
2012-01-17,160.5,83.44607543945312,21.527008056640625,8.645844459533691,10.90524959564209,22.369842529296875,28.36530113220215
2012-01-18,161.60000610351562,82.43597412109375,21.881019592285156,8.778275489807129,11.063417434692383,22.41838836669922,28.52442169189453
2012-01-19,161.22000122070312,81.30219268798828,21.97028160095215,8.860252380371094,11.142499923706055,22.459985733032227,28.52442169189453
2012-01-20,162.07000732421875,80.38141632080078,21.97336196899414,8.917006492614746,11.154989242553711,22.466920852661133,28.52442169189453
2012-01-23,163.16000366210938,79.87296295166016,22.148834228515625,8.948539733886719,11.192445755004883,22.446123123168945,28.397125244140625
2012-01-24,162.00999450683594,80.01722717285156,22.084192276000977,8.935930252075195,11.184123992919922,22.32129669189453,28.40509033203125
2012-01-25,166.4199981689453,79.82482147216797,22.355083465576172,8.954851150512695,11.271529197692871,22.577869415283203,28.611948013305664
2012-01-26,167.27000427246094,80.88302612304688,22.050325393676758,8.879172325134277,11.196614265441895,22.494661331176758,28.48464584350586
2012-01-27,168.97000122070312,81.13724517822266,22.004150390625,8.91070556640625,11.196614265441895,22.34210205078125,28.500568389892578
2012-01-30,168.02999877929688,82.09236907958984,21.89948272705078,8.828723907470703,11.229910850524902,22.196487426757812,28.460777282714844
2012-01-31,169.30999755859375,83.04064178466797,21.760957717895508,8.866560935974121,11.250720977783203,22.21035385131836,28.48464584350586
2012-02-01,169.55999755859375,82.08939361572266,21.847156524658203,9.005293846130371,11.3631010055542,22.369842529296875,28.763132095336914
2012-02-02,171.0500030517578,82.05500793457031,22.01338005065918,9.049437522888184,11.392236709594727,22.45305824279785,28.651729583740234
2012-02-03,167.63999938964844,80.29169464111328,22.401254653930664,9.295387268066406,11.537918090820312,22.522397994995117,28.818830490112305
2012-02-06,167.17999267578125,81.09066772460938,22.669071197509766,9.251241683959961,11.542080879211426,22.50853157043457,28.659687042236328
2012-02-07,169.6999969482422,80.08507537841797,22.786046981811523,9.244932174682617,11.571218490600586,22.529340744018555,28.763132095336914
2012-02-08,168.5,80.14701843261719,22.709096908569336,9.314297676086426,11.641975402832031,22.53626823425293,28.763132095336914
2012-02-09,168.02000427246094,79.54782104492188,22.712177276611328,9.276464462280273,11.75435733795166,22.661083221435547,28.611948013305664
2012-02-10,167.13999938964844,80.58097076416016,22.484373092651367,9.188177108764648,11.666952133178711,22.6125431060791,28.492612838745117
2012-02-13,167.50999450683594,80.68434143066406,22.662918090820312,9.270156860351562,11.741869926452637,22.70961570739746,28.707441329956055
2012-02-14,167.1199951171875,81.11138916015625,22.702938079833984,9.181873321533203,11.762686729431152,22.765100479125977,28.826793670654297
2012-02-15,168.11000061035156,80.96668243408203,22.665998458862305,9.125112533569336,11.700248718261719,22.758161544799805,28.771080017089844
2012-02-16,168.0,80.31928253173828,22.96152114868164,9.270156860351562,11.870903015136719,22.903783798217773,28.930213928222656
2012-02-17,167.35000610351562,80.29855346679688,23.047718048095703,9.32691478729248,11.870903015136719,22.92458724975586,28.834745407104492
2012-02-21,171.02000427246094,79.4100570678711,23.2047119140625,9.32060718536377,11.920851707458496,22.792835235595703,28.62787437438965
2012-02-22,172.94000244140625,80.4088363647461,23.257051467895508,9.20079231262207,11.879229545593262,22.730422973632812,28.62787437438965
2012-02-23,173.02000427246094,80.4088363647461,23.374011993408203,9.282770156860352,11.925016403198242,22.848299026489258,28.651729583740234
2012-02-24,172.22999572753906,80.9322280883789,23.46637535095215,9.251241683959961,11.995772361755371,22.92458724975586,28.794952392578125
2012-02-27,171.6999969482422,81.64857482910156,23.39249038696289,9.32060718536377,12.016583442687988,22.92458724975586,28.850648880004883
2012-02-28,173.49000549316406,81.37999725341797,23.315526962280273,9.345832824707031,12.103996276855469,23.0008544921875,28.96204376220703
2012-02-29,164.2899932861328,80.88407135009766,23.050792694091797,9.307995796203613,12.049882888793945,23.042470932006836,28.786989212036133
2012-03-01,166.61000061035156,80.12260437011719,23.272441864013672,9.408896446228027,12.12064266204834,23.00779914855957,28.93817138671875
2012-03-02,166.33999633789062,80.8751220703125,23.007694244384766,9.377364158630371,12.103996276855469,23.028589248657227,28.89044189453125
2012-03-05,165.64999389648438,80.23306274414062,22.859928131103516,9.339527130126953,11.9999361038208,23.132612228393555,28.826793670654297
2012-03-06,162.6999969482422,81.20642852783203,22.487449645996094,9.112504959106445,11.883389472961426,22.938451766967773,28.45281982421875
2012-03-07,163.6300048828125,80.70939636230469,22.675233840942383,9.226015090942383,11.97080135345459,22.973127365112305,28.580123901367188
2012-03-08,165.27999877929688,79.90169525146484,22.859928131103516,9.314297676086426,12.091501235961914,23.132612228393555,28.898393630981445
2012-03-09,166.3800048828125,80.0604476928711,22.8383846282959,9.389973640441895,12.14561653137207,23.208887100219727,29.017742156982422
2012-03-12,165.07000732421875,80.04668426513672,22.712177276611328,9.364750862121582,12.16226577758789,23.292091369628906,29.017742156982422
2012-03-13,162.3000030517578,78.6383285522461,22.98615074157715,9.724203109741211,12.403681755065918,23.465456008911133,29.43148422241211
2012-03-14,159.57000732421875,76.65696716308594,22.76449966430664,9.73681926727295,12.449464797973633,23.396102905273438,29.42353057861328
2012-03-15,161.0800018310547,76.77436065673828,22.801456451416016,9.907089233398438,12.482766151428223,23.437721252441406,29.471282958984375
2012-03-16,161.3000030517578,76.92623901367188,23.1151065826416,9.945049285888672,12.47691822052002,23.422382354736328,29.46806526184082
2012-03-19,161.58999633789062,76.008056640625,23.220176696777344,9.995654106140137,12.568782806396484,23.436317443847656,29.4600772857666
2012-03-20,160.1300048828125,76.31180572509766,22.870975494384766,10.046268463134766,12.556255340576172,23.422382354736328,29.30813217163086
2012-03-21,160.2100067138672,77.17475891113281,22.599031448364258,10.001983642578125,12.552077293395996,23.457233428955078,29.292139053344727
2012-03-22,159.57000732421875,77.42330169677734,22.08914566040039,9.869126319885254,12.522850036621094,23.478151321411133,29.196176528930664
2012-03-23,161.52999877929688,78.15506744384766,22.330181121826172,9.951372146606445,12.522850036621094,23.533910751342773,29.284133911132812
2012-03-26,164.39999389648438,77.75458526611328,22.497051239013672,10.10953140258789,12.706579208374023,23.694259643554688,29.79592514038086
2012-03-27,163.24000549316406,78.31385040283203,22.271465301513672,10.014634132385254,12.702404022216797,23.680299758911133,29.851909637451172
2012-03-28,161.50999450683594,78.20338439941406,21.993350982666016,10.039944648742676,12.65647029876709,23.624544143676758,29.787944793701172
2012-03-29,161.27999877929688,78.79022979736328,21.993350982666016,9.938720703125,12.631420135498047,23.617570877075195,29.851909637451172
2012-03-30,162.1199951171875,77.45780181884766,22.17257308959961,9.995654106140137,12.59383487701416,23.756986618041992,30.075815200805664
2012-04-02,162.94000244140625,77.88694763183594,22.38890266418457,10.071571350097656,12.727456092834473,23.94519805908203,30.179786682128906
2012-04-03,159.88999938964844,76.53727722167969,22.194210052490234,10.014634132385254,12.719107627868652,23.8127498626709,30.163787841796875
2012-04-04,157.2100067138672,77.58934020996094,21.9099063873291,9.856478691101074,12.568782806396484,23.73607063293457,30.00383949279785
2012-04-05,158.30999755859375,78.14991760253906,21.78629493713379,9.831170082092285,12.59801197052002,23.73607063293457,29.995853424072266
2012-04-09,159.3699951171875,79.97723388671875,21.51126480102539,9.679339408874512,12.510321617126465,23.519973754882812,29.62002182006836
2012-04-10,161.10000610351562,80.88389587402344,21.087902069091797,9.470568656921387,12.334945678710938,23.310850143432617,29.284133911132812
2012-04-11,161.07000732421875,79.91492462158203,21.09407615661621,9.622404098510742,12.405926704406738,23.429346084594727,29.388107299804688
2012-04-12,162.6999969482422,79.58269500732422,21.554529190063477,9.799541473388672,12.560431480407715,23.44329261779785,29.548032760620117
2012-04-13,160.85000610351562,80.87007904052734,21.230051040649414,9.57179069519043,12.364174842834473,23.44329261779785,29.252151489257812
2012-04-16,160.4600067138672,80.75244140625,21.087902069091797,9.641379356384277,12.234726905822754,23.54088020324707,29.260149002075195
2012-04-17,160.25,80.7040023803711,21.430910110473633,9.76790714263916,12.501971244812012,23.777902603149414,29.691978454589844
2012-04-18,159.30999755859375,80.93933868408203,21.38765525817871,9.704647064208984,12.410106658935547,23.777902603149414,29.612003326416016
2012-04-19,159.42999267578125,81.01541900634766,21.359844207763672,9.660358428955078,12.272311210632324,23.701217651367188,29.659988403320312
2012-04-20,159.5399932861328,81.0292739868164,21.310400009155273,9.609749794006348,12.226374626159668,23.917320251464844,29.819929122924805
2012-04-23,159.07000732421875,81.61756896972656,21.28877067565918,9.540160179138184,12.130332946777344,23.547855377197266,29.5880184173584
2012-04-24,159.3000030517578,81.04315185546875,21.446365356445312,9.647705078125,12.105283737182617,23.55483055114746,29.691978454589844
2012-04-25,159.6199951171875,80.62779235839844,21.659603118896484,9.729950904846191,12.447685241699219,23.708194732666016,30.00383949279785
2012-04-26,161.02999877929688,81.1123275756836,21.88827133178711,9.8121919631958,12.543729782104492,23.924291610717773,29.995853424072266
2012-04-27,161.3800048828125,81.18155670166016,21.879011154174805,9.818522453308105,12.53955078125,23.889442443847656,30.0118465423584
2012-04-30,161.8800048828125,81.20228576660156,22.014972686767578,9.761579513549805,12.451860427856445,23.826696395874023,29.995853424072266
2012-05-01,161.32000732421875,80.78119659423828,22.330181121826172,9.862804412841797,12.493621826171875,23.889442443847656,30.107803344726562
2012-05-02,160.58999633789062,81.35005950927734,21.965530395507812,9.78688907623291,12.501971244812012,23.910343170166016,30.051828384399414
2012-05-03,158.97000122070312,81.32925415039062,21.60088539123535,9.704647064208984,12.39758014678955,23.94519805908203,29.93988037109375
2012-05-04,159.47000122070312,81.9676284790039,21.1064395904541,9.552809715270996,12.138688087463379,23.756986618041992,29.548032760620117
2012-05-07,159.0800018310547,81.98149108886719,21.044631958007812,9.609749794006348,12.105283737182617,23.791837692260742,29.612003326416016
2012-05-08,156.0,82.41852569580078,20.976648330688477,9.546486854553223,12.063525199890137,23.73607063293457,29.62002182006836
2012-05-09,154.47000122070312,82.47407531738281,20.874679565429688,9.438936233520508,12.063525199890137,23.617570877075195,29.420085906982422
2012-05-10,154.77000427246094,82.23126983642578,20.964290618896484,9.47689437866211,11.971659660339355,23.784873962402344,29.62799835205078
2012-05-11,153.55999755859375,82.91117858886719,20.80977439880371,9.36934757232666,11.980012893676758,23.72212791442871,29.596006393432617
2012-05-14,151.3300018310547,84.06987762451172,20.463668823242188,9.17955493927002,11.875621795654297,23.624544143676758,29.50005531311035
2012-05-15,149.74000549316406,84.40982818603516,20.123741149902344,9.128944396972656,11.842212677001953,23.596647262573242,29.32411003112793
2012-05-16,149.4600067138672,84.65271759033203,20.009401321411133,8.996092796325684,11.746177673339844,23.6733341217041,29.372112274169922
2012-05-17,152.8000030517578,86.15129089355469,19.882699966430664,8.812625885009766,11.579144477844238,23.50603675842285,29.100217819213867
2012-05-18,154.5500030517578,86.17210388183594,19.759090423583984,8.711404800415039,11.4705810546875,23.366609573364258,28.844324111938477
2012-05-21,154.64999389648438,85.99170684814453,20.21335792541504,8.793646812438965,11.754528999328613,23.457233428955078,29.124208450317383
2012-05-22,152.0800018310547,85.0342788696289,20.163911819458008,8.863242149353027,11.716947555541992,23.48512077331543,29.04424285888672
2012-05-23,151.6199951171875,85.6240234375,20.23808479309082,8.894867897033691,11.729472160339355,23.422382354736328,28.916284561157227
2012-05-24,151.41000366210938,85.29795837402344,20.222625732421875,8.901196479797363,11.662657737731934,23.64545249938965,29.196176528930664
2012-05-25,152.67999267578125,85.61705780029297,20.126827239990234,8.869565963745117,11.637609481811523,23.624544143676758,29.124208450317383
2012-05-29,151.02000427246094,85.35343170166016,20.463668823242188,8.996092796325684,11.792105674743652,23.791837692260742,29.220169067382812
2012-05-30,151.91000366210938,87.51815032958984,19.836349487304688,8.787321090698242,11.716947555541992,23.596647262573242,29.0522403717041
2012-05-31,151.6199951171875,88.53113555908203,19.663297653198242,8.863242149353027,11.662657737731934,23.547855377197266,28.908300399780273
2012-06-01,157.5,90.63285827636719,19.17194175720215,8.534266471862793,11.357834815979004,23.11565399169922,28.396507263183594
2012-06-04,157.32000732421875,89.91678619384766,19.156492233276367,8.452022552490234,11.424646377563477,23.192338943481445,28.460474014282227
2012-06-05,157.13999938964844,88.7139663696289,19.320274353027344,8.591203689575195,11.495634078979492,23.164457321166992,28.620426177978516
2012-06-06,157.2100067138672,86.9410629272461,19.916696548461914,8.844256401062012,11.758702278137207,23.478151321411133,29.0682315826416
2012-06-07,154.5,87.07320404052734,19.929052352905273,8.837933540344238,11.700241088867188,23.561805725097656,29.084224700927734
2012-06-08,154.72999572753906,87.05233764648438,19.93214225769043,8.945477485656738,11.829684257507324,23.763954162597656,29.260149002075195
2012-06-11,155.36000061035156,87.4486312866211,19.66020393371582,8.78099536895752,11.662657737731934,23.65242576599121,29.004243850708008
2012-06-12,156.4600067138672,86.64910125732422,19.938318252563477,8.913846969604492,11.779577255249023,23.763954162597656,29.276140213012695
2012-06-13,157.1199951171875,87.50423431396484,19.684925079345703,8.882214546203613,11.70859432220459,23.729097366333008,29.244157791137695
2012-06-14,157.75,87.39299011230469,19.993947982788086,8.989763259887695,11.767049789428711,24.056732177734375,29.683979034423828
2012-06-15,157.83999633789062,87.87966918945312,20.37619400024414,9.115631103515625,11.892391204833984,24.096046447753906,29.795738220214844
2012-06-18,157.92999267578125,88.35240936279297,20.192991256713867,9.064773559570312,11.980420112609863,24.159221649169922,29.996736526489258
2012-06-19,157.16000366210938,87.19831085205078,20.484880447387695,9.217340469360352,12.07264232635498,24.138160705566406,30.27008056640625
2012-06-20,155.97000122070312,87.62935638427734,20.404146194458008,9.236408233642578,12.093600273132324,24.011817932128906,30.189680099487305
2012-06-21,152.02000427246094,88.09517669677734,19.5688533782959,9.032988548278809,11.808550834655762,23.73105812072754,29.77161407470703
2012-06-22,152.63999938964844,86.92021179199219,19.699268341064453,9.115631103515625,11.938502311706543,23.80124282836914,30.08516502380371
2012-06-25,153.75999450683594,88.18560028076172,19.258331298828125,8.924924850463867,11.695371627807617,23.653854370117188,29.715328216552734
2012-06-26,152.6199951171875,87.83796691894531,19.46636962890625,8.969426155090332,11.741479873657227,23.710002899169922,29.803775787353516
2012-06-27,152.8300018310547,87.97696685791016,19.870054244995117,9.077486991882324,11.812744140625,23.850370407104492,30.1253662109375
2012-06-28,151.0500030517578,88.19251251220703,20.006681442260742,9.071131706237793,11.716331481933594,23.955665588378906,29.98868179321289
2012-06-29,155.19000244140625,87.04535675048828,20.609086990356445,9.306331634521484,12.043298721313477,24.404874801635742,30.559513092041016
2012-07-02,155.08999633789062,87.94349670410156,20.61839485168457,9.36353874206543,12.110365867614746,24.545251846313477,30.656003952026367
2012-07-03,157.4600067138672,87.26763153076172,21.11212158203125,9.414399147033691,12.206782341003418,24.657562255859375,30.64794921875
2012-07-05,155.67999267578125,87.71356964111328,20.835765838623047,9.274551391601562,12.206782341003418,24.566316604614258,30.45500946044922
2012-07-06,153.7100067138672,88.52873229980469,20.584238052368164,9.198266983032227,12.026529312133789,24.538236618041992,30.254003524780273
2012-07-09,154.0399932861328,89.30906677246094,20.491090774536133,9.185556411743164,12.001376152038574,24.510156631469727,30.414804458618164
2012-07-10,152.14999389648438,89.49029541015625,20.171253204345703,9.115631103515625,11.867239952087402,24.538236618041992,30.27008056640625
2012-07-11,152.99000549316406,89.60171508789062,20.444507598876953,9.191913604736328,11.812744140625,24.50314712524414,30.245975494384766
2012-07-12,152.58999633789062,90.23577880859375,20.37619400024414,9.09656047821045,11.695371627807617,24.524192810058594,30.318326950073242
2012-07-13,154.13999938964844,89.99883270263672,20.733301162719727,9.35082721710205,11.850471496582031,24.797943115234375,30.656003952026367
2012-07-16,154.2100067138672,90.41691589355469,20.801593780517578,9.331759452819824,11.837894439697266,24.671592712402344,30.71228790283203
2012-07-17,153.47000122070312,89.70623779296875,21.06243896484375,9.38261604309082,11.884007453918457,24.776884078979492,31.106239318847656
2012-07-18,153.0500030517578,89.7550277709961,21.245647430419922,9.338116645812988,12.089409828186035,24.783891677856445,31.154470443725586
2012-07-19,153.3800048828125,89.52505493164062,21.310855865478516,9.280909538269043,12.194205284118652,24.748796463012695,31.154470443725586
2012-07-20,153.6699981689453,90.61898803710938,21.360538482666016,9.141057014465332,12.055871963500977,24.594385147094727,30.752479553222656
2012-07-23,153.02999877929688,91.12760162353516,21.15559196472168,9.064773559570312,11.938502311706543,24.383821487426758,30.390695571899414
2012-07-24,153.52000427246094,91.84525299072266,20.817136764526367,9.039348602294922,11.816932678222656,24.306615829467773,30.05301284790039
2012-07-25,155.6699981689453,92.08216857910156,20.83265495300293,9.071131706237793,11.770821571350098,24.313627243041992,30.197731018066406
2012-07-26,156.77000427246094,91.23905181884766,21.425750732421875,9.210982322692871,11.95107650756836,24.713720321655273,30.487165451049805
2012-07-27,157.5399932861328,89.51811218261719,21.804580688476562,9.38261604309082,12.210976600646973,24.994468688964844,31.218788146972656
2012-07-30,157.42999267578125,90.1869888305664,21.86668586730957,9.36353874206543,12.215166091918945,25.120813369750977,31.057998657226562
2012-07-31,156.49000549316406,90.3681411743164,21.627586364746094,9.319045066833496,12.265467643737793,25.008508682250977,30.865039825439453
2012-08-01,155.13999938964844,89.91642761230469,21.733156204223633,9.274551391601562,12.223548889160156,24.882171630859375,30.88113021850586
2012-08-02,154.1300048828125,90.42608642578125,21.369853973388672,9.204625129699707,12.143906593322754,24.678617477416992,30.58364486694336
2012-08-03,155.5500030517578,88.96686553955078,21.87289810180664,9.420755386352539,12.382841110229492,25.09273910522461,30.945453643798828
2012-08-06,156.3000030517578,89.00174713134766,21.93189811706543,9.458897590637207,12.470870971679688,25.078699111938477,30.95346450805664
2012-08-07,156.27999877929688,87.856689453125,22.26103973388672,9.49703598022461,12.554708480834961,24.94533348083496,30.88113021850586
2012-08-08,156.47999572753906,87.38884735107422,22.2796688079834,9.49703598022461,12.55889892578125,25.120813369750977,30.993675231933594
2012-08-09,156.99000549316406,87.32601928710938,22.431827545166016,9.490682601928711,12.600818634033203,25.015525817871094,30.97760009765625
2012-08-10,157.17999267578125,87.76591491699219,22.472192764282227,9.49703598022461,12.63016128540039,25.008508682250977,31.106239318847656
2012-08-13,155.99000549316406,87.6192398071289,22.388349533081055,9.503393173217773,12.667888641357422,25.00148582458496,31.025835037231445
2012-08-14,155.1300048828125,86.43229675292969,22.347978591918945,9.490682601928711,12.642738342285156,25.099750518798828,31.106239318847656
2012-08-15,155.6300048828125,85.21739959716797,22.34487533569336,9.522461891174316,12.646925926208496,25.113786697387695,31.178592681884766
2012-08-16,156.55999755859375,84.49125671386719,22.543607711791992,9.58603286743164,12.81879997253418,25.17696762084961,31.09820556640625
2012-08-17,156.72000122070312,84.90327453613281,22.5343017578125,9.617817878723145,12.890057563781738,25.198020935058594,30.93739128112793
2012-08-20,157.25999450683594,85.0777359008789,22.4566707611084,9.64323902130127,12.90263557434082,25.198020935058594,31.001739501953125
2012-08-21,158.8300018310547,85.45478820800781,22.385255813598633,9.675026893615723,12.81879997253418,25.043601989746094,30.89719009399414
2012-08-22,160.5399932861328,86.86520385742188,22.469091415405273,9.662311553955078,12.839755058288574,24.966394424438477,30.92131996154785
2012-08-23,161.88999938964844,87.22826385498047,22.220678329467773,9.566960334777832,12.734959602355957,24.769859313964844,30.88113021850586
2012-08-24,161.97000122070312,87.14445495605469,22.351093292236328,9.617817878723145,12.814607620239258,24.987459182739258,31.146438598632812
2012-08-27,161.36000061035156,87.65419006347656,22.360410690307617,9.611459732055664,12.827180862426758,25.022541046142578,31.178592681884766
2012-08-28,161.63999938964844,87.86366271972656,22.375934600830078,9.598742485046387,12.797837257385254,25.03658676147461,31.130340576171875
2012-08-29,160.58999633789062,87.47966766357422,22.226882934570312,9.617817878723145,12.822991371154785,24.980430603027344,31.2348690032959
2012-08-30,160.52000427246094,87.93351745605469,21.990890502929688,9.566960334777832,12.68047046661377,24.882171630859375,31.130340576171875
2012-08-31,164.22000122070312,89.17631530761719,22.211362838745117,9.63688850402832,12.781071662902832,24.88918113708496,31.226825714111328
2012-09-04,164.47999572753906,89.08673858642578,22.040578842163086,9.63688850402832,12.781071662902832,25.03658676147461,31.291160583496094
2012-09-05,164.30999755859375,88.66687774658203,21.956729888916016,9.63688850402832,12.768494606018066,24.994468688964844,31.299190521240234
2012-09-06,164.88999938964844,87.19053649902344,22.419403076171875,9.865735054016113,13.053545951843262,25.303302764892578,31.797672271728516
2012-09-07,168.44000244140625,86.78466796875,22.807552337646484,9.967438697814941,13.032584190368652,25.099750518798828,31.78159523010254
2012-09-10,167.2899932861328,86.99463653564453,22.70818519592285,9.884798049926758,12.894247055053711,25.071674346923828,31.669021606445312
2012-09-11,167.89999389648438,86.44884490966797,22.950389862060547,9.967438697814941,12.927786827087402,24.994468688964844,31.68510627746582
2012-09-12,167.9199981689453,85.3713150024414,23.090118408203125,10.005581855773926,12.999052047729492,24.86111068725586,31.701173782348633
2012-09-13,171.30999755859375,85.03541564941406,23.465858459472656,10.266210556030273,13.1751070022583,25.303302764892578,32.02276611328125
2012-09-14,171.8000030517578,82.77537536621094,23.776369094848633,10.348845481872559,13.237984657287598,25.113786697387695,31.89414405822754
2012-09-17,170.39999389648438,83.76895141601562,23.596263885498047,10.253493309020996,13.250563621520996,25.183982849121094,32.07905578613281
2012-09-18,171.72000122070312,84.18881225585938,23.428586959838867,10.20263957977295,13.258944511413574,25.32436180114746,32.18357849121094
2012-09-19,171.74000549316406,84.74153137207031,23.201908111572266,10.196281433105469,13.271520614624023,25.394556045532227,32.21574020385742
2012-09-20,171.47000122070312,84.95145416259766,23.267118453979492,10.139074325561523,13.246371269226074,25.534931182861328,32.3524055480957
2012-09-21,171.9600067138672,85.04940032958984,23.29332160949707,10.104602813720703,13.263208389282227,25.41830062866211,32.472801208496094
2012-09-24,171.0500030517578,85.71412658691406,23.17479705810547,10.110984802246094,13.179022789001465,25.503122329711914,32.561676025390625
2012-09-25,170.77000427246094,86.56076049804688,22.922149658203125,9.95779037475586,12.993814468383789,25.3264102935791,32.537437438964844
2012-09-26,169.80999755859375,87.49144744873047,22.703813552856445,9.893954277038574,12.901213645935059,25.3264102935791,32.36776351928711
2012-09-27,172.33999633789062,86.86868286132812,23.012603759765625,9.983321189880371,13.069584846496582,25.411222457885742,32.55361557006836
2012-09-28,171.88999938964844,86.91763305664062,22.903427124023438,9.95140552520752,12.976982116699219,25.3264102935791,32.41624069213867
2012-10-01,172.2899932861328,87.2402114868164,23.018840789794922,9.996088027954102,12.947513580322266,25.488977432250977,32.61016845703125
2012-10-02,172.10000610351562,87.12100219726562,23.059396743774414,10.015238761901855,12.964353561401367,25.510204315185547,32.755611419677734
2012-10-03,172.41000366210938,87.14905548095703,22.775548934936523,10.104602813720703,13.031698226928711,25.587936401367188,33.030303955078125
2012-10-04,173.61000061035156,86.06222534179688,23.003246307373047,10.25779914855957,13.069584846496582,25.708101272583008,33.232303619384766
2012-10-05,172.6199951171875,84.9473876953125,22.950225830078125,10.251419067382812,13.00223445892334,25.80706787109375,33.264617919921875
2012-10-08,172.0500030517578,85.66252136230469,22.987648010253906,10.245034217834473,12.867544174194336,25.729310989379883,33.240386962890625
2012-10-09,170.99000549316406,85.50830841064453,23.018840789794922,10.18120002746582,12.703381538391113,25.48190689086914,32.836387634277344
2012-10-10,170.83999633789062,86.11131286621094,22.58841323852539,10.174817085266113,12.652873039245605,25.37588119506836,32.593997955322266
2012-10-11,171.32000732421875,86.70729064941406,22.756839752197266,10.232269287109375,12.602362632751465,25.319334030151367,32.61823654174805
2012-10-12,170.05999755859375,86.92469024658203,22.63207244873047,10.091835975646973,12.59394645690918,25.340539932250977,32.56976318359375
2012-10-15,168.35000610351562,86.72832489013672,22.747478485107422,10.206734657287598,12.65708065032959,25.510204315185547,33.038394927978516
2012-10-16,169.4199981689453,85.52928924560547,23.109289169311523,10.2705659866333,12.829660415649414,25.573808670043945,33.393898010253906
2012-10-17,169.5399932861328,84.73701477050781,23.399372100830078,10.404609680175781,12.762310981750488,25.686891555786133,33.393898010253906
2012-10-18,168.7899932861328,84.21810913085938,23.396255493164062,10.423762321472168,12.614988327026367,25.54553985595703,33.4019775390625
2012-10-19,166.97000122070312,85.36103057861328,23.0282039642334,10.283332824707031,12.328761100769043,25.241579055786133,32.804080963134766
2012-10-22,167.5800018310547,84.81409454345703,22.91278839111328,10.283332824707031,12.412947654724121,25.255714416503906,32.82831573486328
2012-10-23,165.42999267578125,86.02714538574219,22.379430770874023,10.110984802246094,12.278253555297852,24.91642951965332,32.39200210571289
2012-10-24,164.86000061035156,85.1787109375,22.207870483398438,10.110984802246094,12.206693649291992,24.91642951965332,32.44855880737305
2012-10-25,166.02000427246094,84.74402618408203,22.41685676574707,10.136514663696289,12.181439399719238,25.071943283081055,32.70711135864258
2012-10-26,165.92999267578125,85.9920654296875,22.444923400878906,10.08545207977295,12.20248794555664,24.98711585998535,32.57785415649414
2012-10-31,166.8300018310547,86.49688720703125,22.438688278198242,10.149285316467285,12.15197467803955,25.015390396118164,32.343528747558594
2012-11-01,166.07000732421875,85.78875732421875,22.535383224487305,10.276948928833008,12.349810600280762,25.02952766418457,32.61016845703125
2012-11-02,162.60000610351562,85.72565460205078,22.16421127319336,10.213116645812988,12.189858436584473,24.881092071533203,32.432395935058594
2012-11-05,163.22999572753906,86.20946502685547,22.332643508911133,10.193968772888184,12.257207870483398,24.838682174682617,32.44855880737305
2012-11-06,166.3000030517578,85.3961181640625,22.691341400146484,10.308865547180176,12.311924934387207,25.02246856689453,32.48089599609375
2012-11-07,166.49000549316406,86.9456787109375,22.098711013793945,9.964174270629883,12.004653930664062,24.7255859375,31.939538955688477
2012-11-08,167.99000549316406,88.23587799072266,21.6994686126709,9.88119125366211,11.832077026367188,24.456974029541016,31.55978775024414
2012-11-09,167.82000732421875,88.33402252197266,21.69322967529297,9.893954277038574,11.886796951293945,24.456974029541016,31.648664474487305
2012-11-12,167.4499969482422,88.48127746582031,21.736900329589844,9.913106918334961,11.869962692260742,24.456974029541016,31.810251235961914
2012-11-13,167.10000610351562,88.77576446533203,21.646448135375977,9.842889785766602,11.811026573181152,24.442848205566406,31.689054489135742
2012-11-14,167.13999938964844,88.85993194580078,21.384437561035156,9.670543670654297,11.693174362182617,24.174240112304688,31.309301376342773
2012-11-15,166.08999633789062,88.68461608886719,21.41250991821289,9.68969440460205,11.62582778930664,24.16716957092285,31.220434188842773
2012-11-16,165.8800048828125,88.60746002197266,21.496732711791992,9.753528594970703,11.64266586303711,24.32268714904785,31.45475959777832
2012-11-19,167.8699951171875,88.10968780517578,21.992666244506836,9.938638687133789,11.96256160736084,24.718515396118164,31.786026000976562
2012-11-20,167.38999938964844,87.22618103027344,21.905330657958984,9.989706993103027,11.91204833984375,24.810400009155273,31.963777542114258
2012-11-21,167.55999755859375,87.1771011352539,22.023853302001953,9.989706993103027,11.949935913085938,24.845745086669922,31.939538955688477
2012-11-23,169.61000061035156,87.0929183959961,22.33576011657715,10.110984802246094,12.143558502197266,25.21331214904785,32.3354377746582
2012-11-26,169.42999267578125,87.50667572021484,22.1174259185791,10.072686195373535,12.198280334472656,25.02952766418457,32.19001007080078
2012-11-27,168.7100067138672,87.85022735595703,21.933393478393555,9.983321189880371,12.143558502197266,25.00832176208496,31.9960880279541
2012-11-28,166.5500030517578,87.72405242919922,22.133020401000977,10.021622657775879,12.21511459350586,25.24864959716797,32.2465705871582
2012-11-29,167.17999267578125,87.73802947998047,22.18292236328125,10.072686195373535,12.274043083190918,25.38294792175293,32.472801208496094
2012-11-30,166.0500030517578,87.49961853027344,22.16421127319336,10.059918403625488,12.261415481567383,25.474842071533203,32.51319885253906
2012-12-03,166.1300048828125,87.5804443359375,22.042573928833008,10.021622657775879,12.244579315185547,25.37588119506836,32.440486907958984
2012-12-04,164.4199981689453,88.08627319335938,21.96146583557129,9.996088027954102,12.223536491394043,25.3264102935791,32.51319885253906
2012-12-05,164.1199951171875,88.04412841796875,22.114301681518555,10.117368698120117,12.101466178894043,25.368816375732422,32.61823654174805
2012-12-06,164.5,88.23377990722656,22.186038970947266,10.149285316467285,12.173023223876953,25.39708709716797,32.602073669433594
2012-12-07,165.16000366210938,87.41883087158203,22.320167541503906,10.232269287109375,12.109886169433594,25.573808670043945,32.70711135864258
2012-12-10,165.8000030517578,87.80523681640625,22.295209884643555,10.206734657287598,12.139349937438965,25.54553985595703,32.844478607177734
2012-12-11,165.64999389648438,87.1377944946289,22.42621421813965,10.25779914855957,12.303507804870605,25.559654235839844,33.19190979003906
2012-12-12,165.77000427246094,86.12608337402344,22.507320404052734,10.30247974395752,12.282464981079102,25.503122329711914,33.14341735839844
2012-12-13,164.3699951171875,86.18934631347656,22.29832649230957,10.251419067382812,12.194072723388672,25.46071434020996,32.86063766479492
2012-12-14,164.1300048828125,86.83568572998047,22.2141170501709,10.213116645812988,12.076211929321289,25.41830062866211,32.731353759765625
2012-12-17,164.44000244140625,85.53599548339844,22.41685676574707,10.423762321472168,12.223536491394043,25.474842071533203,32.98991394042969
2012-12-18,162.0800018310547,84.664794921875,22.828575134277344,10.576959609985352,12.40452766418457,25.467771530151367,33.248470306396484
2012-12-19,161.69000244140625,84.94581604003906,22.672618865966797,10.513128280639648,12.34139347076416,25.21331214904785,32.89295196533203
2012-12-20,159.72999572753906,84.95989227294922,22.82545280456543,10.659941673278809,12.362438201904297,25.35468292236328,32.94144058227539
2012-12-21,160.3300018310547,85.8873291015625,22.593778610229492,10.534046173095703,12.255752563476562,25.138811111450195,32.66441345214844
2012-12-24,160.6199951171875,85.73271942138672,22.42136001586914,10.514779090881348,12.221887588500977,25.060190200805664,32.53443145751953
2012-12-26,160.77999877929688,86.04108428955078,22.32103157043457,10.514779090881348,12.154153823852539,24.845754623413086,32.420719146728516
2012-12-27,161.16000366210938,86.32977294921875,22.28028678894043,10.476237297058105,12.14145278930664,24.888633728027344,32.371978759765625
2012-12-28,160.5399932861328,86.82266235351562,21.891542434692383,10.392738342285156,12.005982398986816,24.624176025390625,32.055179595947266
2012-12-31,162.02000427246094,85.32288360595703,22.3900089263916,10.527623176574707,12.213419914245605,24.945825576782227,32.39635467529297
2013-01-02,163.1699981689453,84.1822738647461,22.88534164428711,10.835935592651367,12.619827270507812,25.58912467956543,33.038108825683594
2013-01-03,161.1999969482422,83.04164123535156,22.879064559936523,10.823090553283691,12.539396286010742,25.524795532226562,33.07872772216797
2013-01-04,160.44000244140625,83.36549377441406,23.133005142211914,10.951557159423828,12.488593101501465,25.59627342224121,33.22492980957031
2013-01-07,159.42999267578125,83.40072631835938,22.95430564880371,10.925862312316895,12.471660614013672,25.424728393554688,33.330535888671875
2013-01-08,160.55999755859375,83.94990539550781,22.879064559936523,10.893749237060547,12.425091743469238,25.353246688842773,33.33866500854492
2013-01-09,160.49000549316406,83.87246704101562,22.84144401550293,10.880895614624023,12.446259498596191,25.410429000854492,33.704227447509766
2013-01-10,161.97999572753906,83.64012145996094,23.048355102539062,11.015785217285156,12.509759902954102,25.560535430908203,33.93981170654297
2013-01-11,161.05999755859375,84.38644409179688,23.07657241821289,10.990095138549805,12.52669620513916,25.674890518188477,33.93168258666992
2013-01-14,161.5399932861328,84.15409088134766,23.0797061920166,10.957978248596191,12.446259498596191,25.753524780273438,33.96417999267578
2013-01-15,162.55999755859375,84.54136657714844,23.183151245117188,11.002939224243164,12.365823745727539,25.832149505615234,33.92354965209961
2013-01-16,162.64999389648438,84.71741485595703,23.286603927612305,11.009359359741211,12.408156394958496,25.79641342163086,33.85044479370117
2013-01-17,163.35000610351562,83.87246704101562,23.433961868286133,11.002939224243164,12.458961486816406,25.967958450317383,34.15102005004883
2013-01-18,163.08999633789062,84.52020263671875,23.665939331054688,11.015785217285156,12.442025184631348,26.075180053710938,34.26475143432617
2013-01-22,163.6699981689453,84.68218994140625,23.891660690307617,11.11855697631836,12.4758939743042,26.08232879638672,34.36223220825195
2013-01-23,163.2100067138672,84.55545043945312,23.810152053833008,11.112133026123047,12.607128143310547,26.075180053710938,34.32160949707031
2013-01-24,161.4199981689453,84.25975799560547,23.87912368774414,11.169944763183594,12.391223907470703,26.14665985107422,34.54094314575195
2013-01-25,160.64999389648438,83.10498809814453,24.10483741760254,11.221328735351562,12.403924942016602,26.27532196044922,34.80901336669922
2013-01-28,160.2899932861328,82.80227661132812,24.064085006713867,11.176362991333008,12.446259498596191,26.296751022338867,34.68715286254883
2013-01-29,160.99000549316406,82.34456634521484,24.45282745361328,11.221328735351562,12.4631986618042,26.439712524414062,35.06084060668945
2013-01-30,162.19000244140625,82.20376586914062,24.330551147460938,11.169944763183594,12.425091743469238,26.38967514038086,34.95522689819336
2013-01-31,161.1999969482422,82.6050796508789,24.249042510986328,11.163519859313965,12.446259498596191,26.353944778442383,34.85776138305664
2013-02-01,161.4499969482422,81.53248596191406,24.474769592285156,11.311253547668457,12.585962295532227,26.56838035583496,35.13393783569336
2013-02-04,162.0,82.57684326171875,24.242778778076172,11.182788848876953,12.420858383178711,26.318204879760742,34.744022369384766
2013-02-05,161.9600067138672,81.8429946899414,24.45282745361328,11.291983604431152,12.564796447753906,26.632707595825195,35.12583541870117
2013-02-06,162.38999938964844,82.51337432861328,24.46849822998047,11.311253547668457,12.560562133789062,26.66844940185547,35.117698669433594
2013-02-07,161.83999633789062,82.32991790771484,24.405799865722656,11.279135704040527,12.560562133789062,26.8113956451416,34.987728118896484
2013-02-08,161.57000732421875,82.64741516113281,24.634660720825195,11.304830551147461,12.67063045501709,26.789960861206055,35.247676849365234
2013-02-11,159.6999969482422,82.58389282226562,24.512386322021484,11.35621452331543,12.696028709411621,26.789960861206055,35.17457580566406
2013-02-12,159.88999938964844,82.37931060791016,24.578224182128906,11.446141242980957,12.653695106506348,26.761363983154297,35.13393783569336
2013-02-13,159.0500030517578,81.70892333984375,24.666006088256836,11.420446395874023,12.649460792541504,26.789960861206055,35.109580993652344
2013-02-14,158.35000610351562,82.4498519897461,24.87918472290039,11.45898723602295,12.615595817565918,26.847143173217773,35.18268966674805
2013-02-15,155.75999450683594,82.20987701416016,24.59390640258789,11.407602310180664,12.607128143310547,26.882883071899414,35.26393508911133
2013-02-19,155.3300018310547,81.80059814453125,24.87918472290039,11.516797065734863,12.691798210144043,27.15449333190918,35.483245849609375
2013-02-20,151.44000244140625,82.04763793945312,24.35877799987793,11.343369483947754,12.51822566986084,27.104454040527344,35.25580978393555
2013-02-21,152.6199951171875,82.5274658203125,24.189485549926758,11.253446578979492,12.416626930236816,27.190244674682617,35.09333801269531
2013-02-22,152.97000122070312,82.58389282226562,24.443416595458984,11.394756317138672,12.569032669067383,27.34748649597168,35.247676849365234
2013-02-25,154.33999633789062,84.20697021484375,23.80388069152832,11.086441993713379,12.391223907470703,26.975807189941406,34.85776138305664
2013-02-26,156.22000122070312,83.72003936767578,24.03900909423828,11.144248008728027,12.4631986618042,27.04013442993164,34.947113037109375
2013-02-27,154.57000732421875,83.4730224609375,24.405799865722656,11.31767749786377,12.569032669067383,27.240266799926758,35.32891082763672
2013-02-28,153.0,83.62832641601562,24.355642318725586,11.298405647277832,12.54362678527832,27.225975036621094,35.29642105102539
2013-03-01,152.44000244140625,84.08373260498047,24.386995315551758,11.330524444580078,12.564796447753906,27.31889533996582,35.564510345458984
2013-03-04,152.3000030517578,83.6382064819336,24.333696365356445,11.426872253417969,12.60289478302002,27.52617645263672,35.75945281982422
2013-03-05,152.3800048828125,83.39776611328125,24.490436553955078,11.523215293884277,12.776464462280273,27.619102478027344,36.06814193725586
2013-03-06,153.22999572753906,82.64112091064453,24.518661499023438,11.600295066833496,12.767997741699219,27.554767608642578,36.14126205444336
2013-03-07,152.69000244140625,82.00458526611328,24.644052505493164,11.683797836303711,12.797632217407227,27.554767608642578,36.11688232421875
2013-03-08,152.7100067138672,81.14891815185547,24.76317596435547,11.715914726257324,12.823030471801758,27.604808807373047,36.181884765625
2013-03-11,152.99000549316406,81.22671508789062,24.775726318359375,11.805840492248535,12.852669715881348,27.633399963378906,36.36872863769531
2013-03-12,154.19000244140625,81.81370544433594,24.803937911987305,11.741607666015625,12.806099891662598,27.604808807373047,36.53117752075195
2013-03-13,153.66000366210938,81.72881317138672,24.747516632080078,11.773724555969238,12.797632217407227,27.676284790039062,36.539306640625
2013-03-14,153.67999267578125,81.4813003540039,25.086088180541992,11.850800514221191,12.890766143798828,27.769210815429688,36.571800231933594
2013-03-15,154.0,81.8631820678711,25.066251754760742,11.89075756072998,12.83720874786377,27.647815704345703,36.49346923828125
2013-03-18,155.3800048828125,82.4854736328125,24.86471176147461,11.774754524230957,12.841458320617676,27.561614990234375,36.256874084472656
2013-03-19,156.0800018310547,83.0441665649414,24.590744018554688,11.710304260253906,12.824455261230469,27.791481018066406,36.2813720703125
2013-03-20,155.3699951171875,82.11779022216797,24.729305267333984,11.787641525268555,12.88821792602539,28.057249069213867,36.583229064941406
2013-03-21,156.25,82.90972137451172,24.603336334228516,11.645857810974121,12.743693351745605,27.971052169799805,36.37925720214844
2013-03-22,155.5500030517578,82.97344207763672,24.7985782623291,11.716748237609863,12.824455261230469,28.229656219482422,36.65666198730469
2013-03-25,155.24000549316406,82.8956527709961,24.704120635986328,11.684524536132812,12.794699668884277,28.208101272583008,36.55058288574219
2013-03-26,154.72000122070312,82.99470520019531,24.96548080444336,11.76186466217041,12.875463485717773,28.47388458251953,36.97483825683594
2013-03-27,155.36000061035156,83.70182037353516,25.047353744506836,11.703858375549316,12.841458320617676,28.452329635620117,37.162479400634766
2013-03-28,154.4499969482422,83.27752685546875,24.974925994873047,11.736083030700684,12.866966247558594,28.56725311279297,37.48883056640625
2013-04-01,154.6699981689453,83.90471649169922,24.924551010131836,11.678080558776855,12.781950950622559,28.552885055541992,37.586734771728516
2013-04-02,152.42999267578125,83.5645751953125,24.782833099365234,11.748974800109863,12.83296012878418,28.861770629882812,38.13336944580078
2013-04-03,150.72999572753906,84.31578063964844,24.31992530822754,11.555630683898926,12.730939865112305,28.545692443847656,37.90492630004883
2013-04-04,150.2899932861328,85.32220458984375,24.2884521484375,11.658743858337402,12.73519229888916,28.696552276611328,38.07624435424805
2013-04-05,152.80999755859375,87.04437255859375,24.341983795166016,11.620076179504395,12.637425422668457,28.488239288330078,37.86411666870117
2013-04-08,152.16000366210938,86.37813568115234,24.505727767944336,11.736083030700684,12.692684173583984,28.811477661132812,37.89677047729492
2013-04-09,153.33999633789062,86.16553497314453,24.71355628967285,11.76830768585205,12.781950950622559,28.78274154663086,38.019134521484375
2013-04-10,150.75,84.98201751708984,24.84581756591797,11.92943000793457,13.00723934173584,28.998241424560547,38.65550994873047
2013-04-11,151.0500030517578,85.14501953125,24.952884674072266,11.955206871032715,12.964730262756348,29.13471794128418,39.03081130981445
2013-04-12,143.9499969482422,86.41357421875,24.562410354614258,11.90364933013916,12.909470558166504,29.242464065551758,39.1042366027832
2013-04-15,131.30999755859375,87.16487121582031,23.56102180480957,11.652302742004395,12.696937561035156,28.775562286376953,38.394439697265625
2013-04-16,132.8000030517578,86.44901275634766,23.850727081298828,11.832756996154785,12.854212760925293,29.314300537109375,38.94922637939453
2013-04-17,132.8699951171875,87.02308654785156,23.327985763549805,11.613629341125488,12.590668678283691,29.062881469726562,38.769737243652344
2013-04-18,134.3000030517578,87.2356948852539,23.5263671875,11.491179466247559,12.458891868591309,29.00542640686035,38.296546936035156
2013-04-19,135.47000122070312,87.05139923095703,23.47913932800293,11.652302742004395,12.475896835327148,29.45796012878418,38.83500289916992
2013-04-22,137.89999389648438,87.1152114868164,23.731067657470703,11.665192604064941,12.573665618896484,29.529794692993164,39.071617126464844
2013-04-23,136.8800048828125,86.81050109863281,24.005041122436523,11.877872467041016,12.709688186645508,29.759639739990234,39.31635665893555
2013-04-24,138.3699951171875,87.0301742553711,24.326231002807617,11.948765754699707,12.730939865112305,29.285560607910156,38.63919448852539
2013-04-25,141.6300048828125,86.654541015625,24.345125198364258,12.019659042358398,12.773449897766113,29.378938674926758,38.79420852661133
2013-04-26,140.91000366210938,87.44830322265625,24.304187774658203,11.968099594116211,12.76919937133789,29.371768951416016,38.786048889160156
2013-04-29,142.3000030517578,87.12938690185547,24.5498104095459,12.019659042358398,12.95197868347168,29.46513557434082,38.90843963623047
2013-04-30,142.77000427246094,87.17902374267578,24.647432327270508,12.05188274383545,13.09225082397461,29.407676696777344,38.61471939086914
2013-05-01,141.11000061035156,88.07463073730469,24.263248443603516,11.916542053222656,12.977482795715332,29.378938674926758,38.206790924072266
2013-05-02,141.9199981689453,87.96097564697266,24.581300735473633,12.019659042358398,13.143260955810547,29.48668670654297,38.63103485107422
2013-05-03,142.08999633789062,85.88715362548828,25.02530860900879,12.148553848266602,13.266533851623535,29.615985870361328,38.892120361328125
2013-05-06,142.14999389648438,85.67403411865234,25.195371627807617,12.277449607849121,13.330288887023926,29.400489807128906,38.63919448852539
2013-05-07,140.3800048828125,85.34027099609375,25.390596389770508,12.341901779174805,13.321791648864746,29.623167037963867,38.76158905029297
2013-05-08,142.4600067138672,85.47518920898438,25.431537628173828,12.445015907287598,13.428060531616211,29.659080505371094,38.87578201293945
2013-05-09,140.80999755859375,85.25508880615234,25.409494400024414,12.3547945022583,13.38980484008789,29.45077133178711,38.92473220825195
2013-05-10,139.60000610351562,84.33885955810547,25.27723503112793,12.406349182128906,13.428060531616211,29.565715789794922,39.30820846557617
2013-05-13,138.42999267578125,83.6925277709961,25.274089813232422,12.445015907287598,13.394055366516113,29.615985870361328,39.63454818725586
2013-05-14,137.80999755859375,82.78350067138672,25.63306999206543,12.657700538635254,13.436563491821289,29.96796226501465,40.0343132019043
2013-05-15,134.6300048828125,83.33740234375,25.560646057128906,12.773704528808594,13.4790678024292,30.262483596801758,40.24644088745117
2013-05-16,134.08999633789062,84.2038803100586,25.4346866607666,12.689921379089355,13.55133056640625,30.082883834838867,39.830352783203125
2013-05-17,131.07000732421875,83.13855743408203,25.859804153442383,12.857489585876465,13.687355041503906,30.125988006591797,40.058799743652344
2013-05-20,135.1199951171875,83.0391616821289,26.225088119506836,12.883265495300293,13.687355041503906,29.817106246948242,39.781394958496094
2013-05-21,132.8800048828125,83.6925277709961,26.171554565429688,12.915493965148926,13.644847869873047,29.845844268798828,40.21381378173828
2013-05-22,131.94000244140625,82.44964599609375,25.869251251220703,12.780153274536133,13.496074676513672,29.795568466186523,40.21381378173828
2013-05-23,134.61000061035156,82.84028625488281,25.8818416595459,12.702815055847168,13.49181842803955,29.673463821411133,40.19749069213867
2013-05-24,133.75999450683594,82.95394134521484,25.73069953918457,12.715700149536133,13.47056770324707,29.953598022460938,40.075103759765625
2013-05-28,133.49000549316406,80.85166931152344,26.001514434814453,12.844597816467285,13.534326553344727,30.003868103027344,40.4830436706543
2013-05-29,134.8300018310547,81.76077270507812,25.944833755493164,12.844597816467285,13.500322341918945,29.42922592163086,39.8466682434082
2013-05-30,136.6999969482422,81.56185913085938,25.884994506835938,12.999273300170898,13.585336685180664,29.314300537109375,40.13221740722656
2013-05-31,133.9199981689453,81.28487396240234,25.349666595458984,12.786595344543457,13.457817077636719,28.768383026123047,39.25109100341797
2013-06-03,136.50999450683594,81.7155990600586,25.59528350830078,12.799484252929688,13.525825500488281,29.08444595336914,39.46321487426758
2013-06-04,135.22999572753906,80.9609375,25.393753051757812,12.683476448059082,13.466318130493164,29.09161376953125,39.21846008300781
2013-06-05,135.52000427246094,82.07868957519531,25.09774398803711,12.477242469787598,13.334545135498047,28.73965835571289,38.64734649658203
2013-06-06,136.52999877929688,82.02884674072266,25.286684036254883,12.651256561279297,13.364300727844238,28.861770629882812,39.21029281616211
2013-06-07,133.27999877929688,80.56229400634766,25.6047420501709,12.870377540588379,13.487571716308594,29.220911026000977,39.569278717041016
2013-06-10,133.94000244140625,80.17782592773438,25.532304763793945,12.876821517944336,13.517324447631836,29.220911026000977,39.62638854980469
2013-06-11,133.25,81.13180541992188,25.144987106323242,12.664145469665527,13.377050399780273,29.14908790588379,39.46321487426758
2013-06-12,134.25,79.97137451171875,24.990678787231445,12.528800010681152,13.287785530090332,29.00542640686035,39.06344985961914
2013-06-13,133.74000549316406,81.22437286376953,25.409494400024414,12.767263412475586,13.440814018249512,29.307117462158203,39.66718292236328
2013-06-14,134.42999267578125,81.03215026855469,25.163869857788086,12.599695205688477,13.338797569274902,29.235267639160156,39.60190963745117
2013-06-17,133.77000427246094,80.60499572753906,25.5260066986084,12.722146034240723,13.462069511413574,29.493885040283203,39.6916618347168
2013-06-18,132.1300048828125,80.64767456054688,25.670866012573242,12.805931091308594,13.568333625793457,29.601613998413086,40.02616500854492
2013-06-19,130.58999633789062,79.81475830078125,25.4346866607666,12.631919860839844,13.41105842590332,29.012603759765625,39.38979721069336
2013-06-20,123.5999984741211,78.50479888916016,24.69151496887207,12.36124038696289,13.113506317138672,28.136266708374023,38.37812042236328
2013-06-21,125.05000305175781,77.17346954345703,24.733917236328125,12.372237205505371,13.034469604492188,28.507890701293945,38.75675582885742
2013-06-24,123.93000030517578,77.49385833740234,24.36687660217285,12.152230262756348,12.876396179199219,28.3922119140625,38.42893600463867
2013-06-25,123.47000122070312,76.80323028564453,24.680118560791016,12.378704071044922,12.983203887939453,28.43558692932129,38.62562942504883
2013-06-26,118.27999877929688,77.3016128540039,24.83200454711914,12.501646995544434,13.06010627746582,28.732019424438477,39.18292236328125
2013-06-27,115.94000244140625,78.09185791015625,24.87946128845215,12.663419723510742,13.124187469482422,28.86216163635254,39.32224655151367
2013-06-28,119.11000061035156,78.62582397460938,24.77505111694336,12.585772514343262,13.068648338317871,28.68140983581543,39.01901626586914
2013-07-01,121.12999725341797,78.78422546386719,24.952232360839844,12.624598503112793,13.137006759643555,28.891084671020508,39.12555694580078
2013-07-02,120.05000305175781,78.73428344726562,25.006027221679688,12.637539863586426,13.158366203308105,28.92723274230957,39.04361343383789
2013-07-03,120.73999786376953,78.4988021850586,24.990209579467773,12.598712921142578,13.23526382446289,28.869386672973633,38.98622131347656
2013-07-05,118.08999633789062,75.82298278808594,25.300302505493164,12.82519245147705,13.320707321166992,28.941686630249023,39.51894760131836
2013-07-08,119.51000213623047,76.55795288085938,25.464832305908203,12.922257423400879,13.312165260314941,29.230884552001953,39.7402229309082
2013-07-09,120.62000274658203,76.63642883300781,25.724292755126953,13.032259941101074,13.363432884216309,29.447786331176758,39.85497283935547
2013-07-10,120.94999694824219,76.03705596923828,25.566078186035156,12.954610824584961,13.40615177154541,29.483938217163086,40.117218017578125
2013-07-11,124.23999786376953,76.92897033691406,25.77174186706543,13.077557563781738,13.632576942443848,29.946643829345703,40.6335334777832
2013-07-12,124.12999725341797,76.86474609375,25.91729736328125,13.168146133422852,13.64112377166748,29.953886032104492,40.87939453125
2013-07-15,124.18000030517578,77.27147674560547,25.89514923095703,13.226387023925781,13.679574966430664,29.997272491455078,40.920379638671875
2013-07-16,124.88999938964844,77.53551483154297,25.736934661865234,13.174619674682617,13.688116073608398,29.88881492614746,40.68270492553711
2013-07-17,123.31999969482422,77.67821502685547,25.85085105895996,13.232857704162598,13.700935363769531,29.946643829345703,40.789241790771484
2013-07-18,124.01000213623047,76.70773315429688,26.12613296508789,13.407567977905273,13.666755676269531,30.04788589477539,40.90399932861328
2013-07-19,125.11000061035156,77.92080688476562,26.4899959564209,13.414037704467773,13.436056137084961,30.22138786315918,41.44488525390625
2013-07-22,128.83999633789062,78.03495025634766,26.404571533203125,13.504632949829102,13.474507331848145,30.15633773803711,41.6497917175293
2013-07-23,129.7100067138672,77.7067642211914,26.44886589050293,13.452861785888672,13.418970108032227,30.098495483398438,41.50226593017578
2013-07-24,127.4800033569336,76.7220687866211,26.154605865478516,13.35580062866211,13.508684158325195,29.90328025817871,41.436702728271484
2013-07-25,128.6699981689453,76.6934814453125,26.328630447387695,13.368743896484375,13.517230987548828,30.062334060668945,41.641597747802734
2013-07-26,128.77999877929688,77.16448974609375,26.26218032836914,13.35580062866211,13.555675506591797,30.026193618774414,41.91203689575195
2013-07-29,128.47000122070312,76.60071563720703,26.04384994506836,13.258742332458496,13.534314155578613,29.96112060546875,41.78911590576172
2013-07-30,128.1199951171875,76.57218933105469,25.99323081970215,13.252269744873047,13.602675437927246,29.93219566345215,41.79730987548828
2013-07-31,127.95999908447266,76.85044860839844,26.078662872314453,13.258742332458496,13.555675506591797,29.924972534179688,41.8137092590332
2013-08-01,126.61000061035156,75.36969757080078,26.50265884399414,13.472275733947754,13.700935363769531,30.17078971862793,42.0759391784668
2013-08-02,126.36000061035156,76.19953918457031,26.385574340820312,13.465806007385254,13.76074504852295,30.18525505065918,42.09233856201172
2013-08-05,125.69999694824219,75.61287689208984,26.322307586669922,13.439926147460938,13.790650367736816,30.206939697265625,42.03498458862305
2013-08-06,123.97000122070312,75.83470916748047,26.160938262939453,13.316976547241211,13.718021392822266,30.17078971862793,41.838287353515625
2013-08-07,124.1500015258789,76.39979553222656,26.069171905517578,13.226387023925781,13.683843612670898,30.026193618774414,41.87105941772461
2013-08-08,126.86000061035156,76.60726928710938,26.211563110351562,13.258742332458496,13.726567268371582,30.18525505065918,41.87105941772461
2013-08-09,126.86000061035156,76.72886657714844,26.132450103759766,13.213446617126465,13.658208847045898,30.055110931396484,41.72354507446289
2013-08-12,129.1300048828125,76.20664978027344,26.02170753479004,13.161677360534668,13.7479248046875,29.968358993530273,41.551429748535156
2013-08-13,127.73999786376953,75.10504150390625,26.069171905517578,13.226387023925781,13.841915130615234,29.990036010742188,41.70716094970703
2013-08-14,129.0,75.219482421875,25.94894027709961,13.174619674682617,13.8291015625,29.780366897583008,41.379329681396484
2013-08-15,131.69000244140625,74.20368194580078,25.806550979614258,12.98049259185791,13.60694408416748,29.303194046020508,40.68270492553711
2013-08-16,132.5800018310547,73.94617462158203,25.702136993408203,12.954610824584961,13.59412956237793,29.129661560058594,40.49420928955078
2013-08-19,132.00999450683594,73.3023452758789,25.29397201538086,12.786368370056152,13.551407814025879,28.999521255493164,40.56798553466797
2013-08-20,132.4499969482422,73.86746215820312,25.449003219604492,12.909313201904297,13.572769165039062,29.006759643554688,40.68270492553711
2013-08-21,132.07000732421875,73.0591049194336,25.309785842895508,12.818721771240234,13.542861938476562,28.782625198364258,40.43684387207031
2013-08-22,132.80999755859375,73.80305480957031,25.68631362915039,12.967552185058594,13.602675437927246,28.90553855895996,40.699092864990234
2013-08-23,134.89999389648438,74.60425567626953,25.869836807250977,12.98049259185791,13.700935363769531,29.07183265686035,40.8056526184082
2013-08-26,135.4499969482422,74.9762191772461,25.825529098510742,12.896373748779297,13.636846542358398,28.732019424438477,40.86300277709961
2013-08-27,136.75,75.92053985595703,25.664165496826172,12.585772514343262,13.39760684967041,28.58019256591797,40.19916915893555
2013-08-28,136.7100067138672,75.3053207397461,26.09132957458496,12.605182647705078,13.40615177154541,28.363298416137695,40.37126922607422
2013-08-29,135.8699951171875,75.90621185302734,25.819204330444336,12.637539863586426,13.478780746459961,28.478967666625977,40.49420928955078
2013-08-30,134.6199951171875,75.82035064697266,25.809709548950195,12.579300880432129,13.414698600769043,28.565723419189453,40.33849334716797
2013-09-03,136.4199981689453,74.75096893310547,25.99956512451172,12.682839393615723,13.427510261535645,28.54404067993164,40.60075759887695
2013-09-04,134.66000366210938,74.58594512939453,26.138784408569336,12.779898643493652,13.555675506591797,28.72479248046875,41.06790542602539
2013-09-05,132.1999969482422,73.54596710205078,26.22738265991211,12.81225299835205,13.564224243164062,28.68140983581543,41.12526321411133
2013-09-06,134.14999389648438,73.91179656982422,26.224212646484375,12.81225299835205,13.572769165039062,28.753705978393555,41.141666412353516
2013-09-09,133.91000366210938,73.94764709472656,26.518482208251953,12.961082458496094,13.735113143920898,28.956144332885742,41.39572525024414
2013-09-10,131.74000549316406,73.4312744140625,26.527971267700195,13.116381645202637,13.820554733276367,28.985057830810547,41.657981872558594
2013-09-11,131.6999969482422,74.08390808105469,26.730478286743164,13.129322052001953,13.7564697265625,29.194734573364258,41.93663024902344
2013-09-12,127.66999816894531,73.98353576660156,26.57227325439453,13.032259941101074,13.769288063049316,29.20197296142578,41.87105941772461
2013-09-13,127.81999969482422,74.2703628540039,26.562772750854492,13.071085929870605,13.782102584838867,29.4405574798584,41.969425201416016
2013-09-16,126.44999694824219,73.77550506591797,26.55645179748535,13.213446617126465,13.76074504852295,29.70806884765625,42.34640884399414
2013-09-17,126.5,74.38512420654297,26.67668342590332,13.278154373168945,13.8291015625,29.809295654296875,42.370994567871094
2013-09-18,132.00999450683594,75.30321502685547,26.999427795410156,13.394623756408691,14.004256248474121,30.163558959960938,42.63325881958008
2013-09-19,131.75,74.85857391357422,26.932971954345703,13.34286117553711,14.012801170349121,30.026193618774414,42.49393081665039
2013-09-20,127.95999908447266,75.25301361083984,26.714597702026367,13.272051811218262,13.913211822509766,29.815921783447266,42.414100646972656
2013-09-23,127.55000305175781,75.80532836914062,26.58426284790039,13.083656311035156,13.956141471862793,29.68495750427246,42.11784744262695
2013-09-24,127.66000366210938,76.62298583984375,26.609695434570312,12.9992036819458,13.896040916442871,29.546714782714844,41.90388488769531
2013-09-25,128.7899932861328,76.78070831298828,26.603342056274414,13.070661544799805,13.874573707580566,29.29933738708496,41.574703216552734
2013-09-26,127.79000091552734,76.24283599853516,26.65102195739746,13.070661544799805,13.92608642578125,29.452125549316406,41.72283935546875
2013-09-27,128.97000122070312,76.42930603027344,26.5588321685791,13.025185585021973,13.840229988098145,29.270235061645508,41.72283935546875
2013-09-30,128.17999267578125,76.3145751953125,26.355390548706055,12.93423843383789,13.754372596740723,28.957386016845703,41.6323127746582
2013-10-01,124.58999633789062,76.08299255371094,26.523866653442383,13.025185585021973,13.874573707580566,29.13199806213379,42.15899658203125
2013-10-02,127.05999755859375,76.19807434082031,26.58426284790039,13.018692970275879,13.878867149353027,29.066516876220703,42.06023025512695
2013-10-03,127.18000030517578,76.07581329345703,26.352210998535156,12.92125129699707,13.758666038513184,28.920995712280273,41.6899299621582
2013-10-04,126.52999877929688,76.01825714111328,26.61922836303711,13.025185585021973,13.814472198486328,28.96465492248535,42.15077209472656
2013-10-07,127.63999938964844,76.32747650146484,26.399887084960938,12.875771522521973,13.754372596740723,28.870079040527344,41.68169021606445
2013-10-08,127.4000015258789,76.34904479980469,26.116981506347656,12.713360786437988,13.535436630249023,28.870079040527344,41.08094787597656
2013-10-09,126.11000061035156,75.73783111572266,26.024805068969727,12.758840560913086,13.586952209472656,28.89190673828125,41.00688552856445
2013-10-10,124.2699966430664,75.86009979248047,26.507976531982422,13.122634887695312,13.814472198486328,29.430309295654297,41.961490631103516
2013-10-11,122.5999984741211,75.8384780883789,26.794069290161133,13.19409465789795,13.930380821228027,29.51761245727539,42.15899658203125
2013-10-14,122.83000183105469,75.22724151611328,26.975263595581055,13.25905704498291,13.97760009765625,29.64130973815918,42.46348190307617
2013-10-15,123.7300033569336,75.17694091796875,26.876718521118164,13.161616325378418,13.891744613647461,29.372098922729492,42.19191360473633
2013-10-16,123.54000091552734,76.118896484375,27.280424118041992,13.440959930419922,14.024824142456055,29.80863380432129,43.055999755859375
2013-10-17,127.41999816894531,76.80929565429688,27.3376407623291,13.557891845703125,14.029115676879883,30.143320083618164,43.418094635009766
2013-10-18,126.8499984741211,76.97467803955078,27.63644790649414,13.583874702453613,14.26952075958252,30.186988830566406,43.24527359008789
2013-10-21,126.9800033569336,76.73019409179688,27.512470245361328,13.557891845703125,14.34678840637207,30.121492385864258,43.0230827331543
2013-10-22,129.33999633789062,77.58595275878906,27.665061950683594,13.583874702453613,14.342496871948242,30.499839782714844,43.42629623413086
2013-10-23,128.69000244140625,77.88797760009766,27.23273468017578,13.473443984985352,14.273809432983398,30.55803680419922,43.34401321411133
2013-10-24,129.89999389648438,77.58595275878906,27.363075256347656,13.492929458618164,14.30815601348877,30.499839782714844,43.34401321411133
2013-10-25,130.4600067138672,77.87355041503906,27.528369903564453,13.55139446258545,14.381132125854492,30.57259178161621,43.4016227722168
2013-10-28,130.55999755859375,77.60752868652344,27.55063247680664,13.518911361694336,14.428352355957031,30.97275161743164,43.54975891113281
2013-10-29,129.77000427246094,77.70818328857422,27.74452781677246,13.557891845703125,14.52280044555664,31.241962432861328,43.83777618408203
2013-10-30,129.60000610351562,77.24077606201172,27.55697250366211,13.505916595458984,14.492751121520996,30.97275161743164,43.59912872314453
2013-10-31,127.73999786376953,77.40616607666016,27.46160888671875,13.363001823425293,14.44552993774414,30.812694549560547,43.42629623413086
2013-11-01,126.94999694824219,76.56830596923828,27.363075256347656,13.395482063293457,14.44981575012207,30.92910385131836,43.7143440246582
2013-11-04,126.80999755859375,76.64041137695312,27.703205108642578,13.4019775390625,14.505627632141113,30.958209991455078,43.74726867675781
2013-11-05,126.55999755859375,75.72466278076172,27.452072143554688,13.330519676208496,14.466988563537598,31.01641845703125,43.59912872314453
2013-11-06,127.19999694824219,75.76078796386719,27.53472328186035,13.395482063293457,14.612948417663574,31.351104736328125,43.5003776550293
2013-11-07,126.16000366210938,76.40248107910156,27.1087703704834,13.24606704711914,14.424062728881836,30.892732620239258,43.11360168457031
2013-11-08,124.27999877929688,74.56382751464844,27.512470245361328,13.55139446258545,14.552847862243652,31.04551887512207,43.74726867675781
2013-11-11,123.87000274658203,74.28260040283203,27.563335418701172,13.557891845703125,14.57001781463623,30.950937271118164,43.85423278808594
2013-11-12,122.44999694824219,74.6286849975586,27.309043884277344,13.427962303161621,14.608652114868164,31.001867294311523,43.829551696777344
2013-11-13,122.8499984741211,74.9026870727539,27.547441482543945,13.544897079467773,14.733148574829102,31.26378631591797,44.07643508911133
2013-11-14,124.2699966430664,75.36419677734375,27.71273422241211,13.66183090209961,14.694510459899902,31.48933982849121,44.446746826171875
2013-11-15,124.31999969482422,75.51558685302734,27.865325927734375,13.726797103881836,14.72455883026123,31.525718688964844,44.70186233520508
2013-11-18,122.9000015258789,75.9698486328125,27.65234375,13.720297813415527,14.668757438659668,31.43113136291504,44.50434875488281
2013-11-19,122.94999694824219,75.39299774169922,27.70001792907715,13.739787101745605,14.617240905761719,31.31471824645996,44.553733825683594
2013-11-20,120.12000274658203,74.10953521728516,27.633275985717773,13.700814247131348,14.57001781463623,31.183759689331055,44.68540954589844
2013-11-21,119.94000244140625,74.2320785522461,27.897113800048828,13.895697593688965,14.694510459899902,31.241962432861328,44.866455078125
2013-11-22,119.91999816894531,74.92433166503906,28.046518325805664,13.960662841796875,14.66446304321289,31.402019500732422,45.467201232910156
2013-11-25,120.45999908447266,75.14063262939453,27.792203903198242,13.98015308380127,14.66446304321289,31.351104736328125,45.64823913574219
2013-11-26,119.81999969482422,75.42182159423828,27.722274780273438,13.967161178588867,14.71597957611084,31.321983337402344,45.51655578613281
2013-11-27,119.45999908447266,75.29208374023438,27.53472328186035,14.006139755249023,14.831884384155273,31.343820571899414,45.500118255615234
2013-11-29,120.69999694824219,75.31370544433594,27.477514266967773,13.954171180725098,14.89197826385498,31.29288101196289,45.475425720214844
2013-12-02,117.58000183105469,74.72787475585938,27.496580123901367,13.947669982910156,14.844769477844238,31.12554359436035,45.49188232421875
2013-12-03,117.95999908447266,75.00270080566406,27.563335418701172,13.80474853515625,14.879106521606445,31.27834701538086,45.096866607666016
2013-12-04,119.95999908447266,74.2867660522461,27.47433090209961,13.837235450744629,14.89197826385498,31.205581665039062,44.940528869628906
2013-12-05,118.30000305175781,74.07701873779297,27.382144927978516,13.707305908203125,14.844769477844238,30.92183494567871,44.85822677612305
2013-12-06,118.55000305175781,74.43135833740234,27.46797752380371,13.895697593688965,14.947792053222656,31.343820571899414,45.442508697509766
2013-12-09,119.72000122070312,74.60494232177734,27.506120681762695,13.954171180725098,14.995015144348145,31.452959060668945,45.53303527832031
2013-12-10,121.81999969482422,75.14009857177734,27.4234676361084,13.902194023132324,14.964966773986816,31.183759689331055,45.35197448730469
2013-12-11,120.86000061035156,74.56156158447266,27.03565788269043,13.713801383972168,14.82758903503418,31.234689712524414,44.570194244384766
2013-12-12,118.29000091552734,74.2795181274414,27.150096893310547,13.713801383972168,14.728856086730957,30.805421829223633,44.249244689941406
2013-12-13,119.37999725341797,74.64110565185547,27.061086654663086,13.726797103881836,14.681634902954102,30.754499435424805,44.282161712646484
2013-12-16,119.69000244140625,74.36629486083984,27.29631996154785,13.811247825622559,14.82758903503418,30.747217178344727,44.364463806152344
2013-12-17,118.6500015258789,74.6989974975586,27.14055824279785,13.720297813415527,14.823297500610352,30.601703643798828,44.15049743652344
2013-12-18,117.61000061035156,74.3228988647461,27.55063247680664,14.038616180419922,14.93921184539795,31.111005783081055,45.2449951171875
2013-12-19,114.81999969482422,74.25057220458984,27.63009262084961,14.01913070678711,14.964966773986816,31.052797317504883,45.146244049072266
2013-12-20,115.94000244140625,75.3932113647461,27.678955078125,14.104629516601562,15.08187484741211,31.193552017211914,45.37348556518555
2013-12-23,115.56999969482422,74.96658325195312,27.70769691467285,14.169904708862305,15.280320167541504,31.16422462463379,45.547019958496094
2013-12-24,116.0999984741211,74.36629486083984,27.860980987548828,14.196012496948242,15.32346248626709,31.20819854736328,45.46438217163086
2013-12-26,116.73999786376953,74.07970428466797,28.058979034423828,14.22864818572998,15.362290382385254,31.332853317260742,45.80317306518555
2013-12-27,117.12000274658203,73.86930847167969,28.196313858032227,14.222113609313965,15.349345207214355,31.406156539916992,45.76186752319336
2013-12-30,115.38999938964844,74.37722778320312,27.995121002197266,14.196012496948242,15.31913948059082,31.486783981323242,45.83623123168945
2013-12-31,116.12000274658203,73.90558624267578,28.266572952270508,14.267801284790039,15.41836929321289,31.50877571105957,45.811439514160156
2014-01-02,118.0,74.1304702758789,27.864192962646484,14.189483642578125,15.267380714416504,31.120241165161133,45.55528259277344
2014-01-03,119.29000091552734,74.1304702758789,27.761985778808594,14.287384033203125,15.194035530090332,31.061588287353516,45.66270446777344
2014-01-06,119.5,74.44245147705078,27.800296783447266,14.300440788269043,15.168158531188965,30.94428825378418,45.47265625
2014-01-07,118.81999969482422,74.63111877441406,28.011091232299805,14.306970596313477,15.306203842163086,31.112903594970703,45.951904296875
2014-01-08,118.12000274658203,74.42799377441406,27.816282272338867,14.352654457092285,15.306203842163086,30.8783016204834,46.356815338134766
2014-01-09,118.45999908447266,74.8633041381836,27.730051040649414,14.40487289428711,15.206984519958496,31.039602279663086,46.703861236572266
2014-01-10,120.26000213623047,75.75575256347656,27.75240707397461,14.37876033782959,15.237174987792969,31.08358383178711,46.88566589355469
2014-01-13,121.0199966430664,76.13304901123047,27.19991683959961,14.163374900817871,15.073244094848633,30.907642364501953,46.50553894042969
2014-01-14,119.88999938964844,75.7847900390625,27.554397583007812,14.280858039855957,15.327770233154297,31.06891632080078,47.09224319458008
2014-01-15,119.66000366210938,75.70494079589844,27.474563598632812,14.450559616088867,15.513273239135742,31.076255798339844,47.050933837890625
2014-01-16,119.79000091552734,76.2128677368164,27.512882232666016,14.359186172485352,15.508963584899902,31.08358383178711,47.1666145324707
2014-01-17,120.93000030517578,76.53207397460938,27.468172073364258,14.31348991394043,15.422680854797363,30.841672897338867,47.11703109741211
2014-01-21,119.69999694824219,76.59015655517578,27.694917678833008,14.326546669006348,15.500330924987793,30.95895004272461,47.38972854614258
2014-01-22,119.19000244140625,76.40152740478516,27.822662353515625,14.333073616027832,15.483078002929688,30.95895004272461,47.43104553222656
2014-01-23,121.79000091552734,77.4825668334961,27.506494522094727,14.098108291625977,15.452879905700684,30.687711715698242,47.100494384765625
2014-01-24,122.29000091552734,77.98321533203125,26.93165397644043,13.778289794921875,15.155213356018066,30.40913200378418,45.99323272705078
2014-01-27,120.95999908447266,77.43905639648438,26.835838317871094,13.693442344665527,15.012849807739258,30.28451156616211,45.62137985229492
2014-01-28,120.94999694824219,77.62772369384766,27.04022789001465,13.87619400024414,14.922261238098145,30.519088745117188,46.23286437988281
2014-01-29,122.47000122070312,78.26622009277344,26.890121459960938,13.713022232055664,14.805776596069336,29.983930587768555,45.811439514160156
2014-01-30,119.7699966430664,78.04124450683594,26.976360321044922,13.908825874328613,14.986967086791992,30.027908325195312,46.64603805541992
2014-01-31,120.08999633789062,78.56368255615234,26.628257751464844,13.745655059814453,15.021475791931152,29.881282806396484,46.241127014160156
2014-02-03,121.31999969482422,79.52093505859375,26.152408599853516,13.39972972869873,14.706550598144531,29.236164093017578,45.33218002319336
2014-02-04,120.98999786376953,78.67715454101562,26.420677185058594,13.530265808105469,14.76263427734375,29.39011001586914,45.77839279174805
2014-02-05,121.29000091552734,77.94973754882812,26.161991119384766,13.517213821411133,14.775578498840332,29.412105560302734,45.5222282409668
2014-02-06,121.23999786376953,77.61511993408203,26.551603317260742,13.72607421875,14.939510345458984,29.727336883544922,45.77839279174805
2014-02-07,122.16999816894531,77.68057250976562,26.839033126831055,13.895771980285645,15.142278671264648,30.005924224853516,46.56338882446289
2014-02-10,122.91999816894531,77.89879608154297,26.70810317993164,13.908825874328613,15.172462463378906,30.123210906982422,46.95176696777344
2014-02-11,124.36000061035156,77.44784545898438,27.05620574951172,14.052417755126953,15.357970237731934,30.475109100341797,47.58803939819336
2014-02-12,124.43000030517578,77.0477066040039,26.992324829101562,14.052417755126953,15.41836929321289,30.3431453704834,47.58803939819336
2014-02-13,125.48999786376953,77.48416900634766,27.120073318481445,14.104629516601562,15.53054141998291,30.497100830078125,47.92682647705078
2014-02-14,127.1500015258789,77.52781677246094,27.474563598632812,14.124213218688965,15.56072998046875,30.673044204711914,48.10036087036133
2014-02-18,127.4000015258789,77.7024154663086,27.599111557006836,14.150320053100586,15.569354057312012,30.497100830078125,48.546573638916016
2014-02-19,126.2699966430664,77.37503051757812,27.634233474731445,13.954514503479004,15.51758861541748,30.43111228942871,48.24910354614258
2014-02-20,127.5999984741211,77.18592071533203,27.816282272338867,13.993680000305176,15.569354057312012,30.563077926635742,48.68705749511719
2014-02-21,127.58000183105469,77.59327697753906,27.595928192138672,14.019783973693848,15.508963584899902,30.497100830078125,48.596160888671875
2014-02-24,128.99000549316406,77.39686584472656,28.011091232299805,14.124213218688965,15.569354057312012,30.607059478759766,48.95973205566406
2014-02-25,129.2100067138672,78.08795166015625,27.998313903808594,14.039361953735352,15.526224136352539,30.7243595123291,48.835792541503906
2014-02-26,128.11000061035156,78.50254821777344,27.822662353515625,14.019783973693848,15.539165496826172,30.695035934448242,48.835792541503906
2014-02-27,128.1999969482422,78.93171691894531,27.851408004760742,14.091583251953125,15.664264678955078,30.834331512451172,49.11674499511719
2014-02-28,127.62000274658203,78.97535705566406,27.991920471191406,14.163374900817871,15.681522369384766,31.04692840576172,49.11674499511719
2014-03-03,130.2899932861328,79.5025863647461,27.813081741333008,14.052417755126953,15.513273239135742,30.8783016204834,48.75315475463867
2014-03-04,128.67999267578125,78.30670928955078,28.116464614868164,14.339603424072266,15.71603775024414,31.29616928100586,49.67863082885742
2014-03-05,128.88999938964844,78.47444915771484,27.854604721069336,14.489717483520508,15.737605094909668,31.193552017211914,49.554683685302734
2014-03-06,130.1699981689453,77.70150756835938,28.055797576904297,14.535408020019531,15.759172439575195,31.186222076416016,49.248958587646484
2014-03-07,129.08999633789062,77.21295166015625,28.110090255737305,14.600683212280273,15.711723327636719,31.274187088012695,49.12501525878906
2014-03-10,129.1300048828125,77.32232666015625,28.154804229736328,14.60720443725586,15.685836791992188,31.30350685119629,49.33156967163086
2014-03-11,129.86000061035156,77.52654266357422,27.835439682006836,14.509303092956543,15.651328086853027,31.288856506347656,49.2324333190918
2014-03-12,131.75999450683594,78.06607055664062,27.838634490966797,14.483196258544922,15.677212715148926,31.354835510253906,49.224151611328125
2014-03-13,132.2100067138672,79.11613464355469,27.5607852935791,14.320023536682129,15.465821266174316,31.20088005065918,48.554832458496094
2014-03-14,133.10000610351562,79.13066101074219,27.58633804321289,14.22864818572998,15.370918273925781,31.215539932250977,48.29041290283203
2014-03-17,131.63999938964844,78.54009246826172,27.73324203491211,14.37876033782959,15.552106857299805,31.398813247680664,48.76141357421875
2014-03-18,130.6199951171875,78.82450103759766,27.966379165649414,14.450559616088867,15.754865646362305,31.46478843688965,49.282012939453125
2014-03-19,128.08999633789062,78.21194458007812,27.755603790283203,14.4440336227417,15.690156936645508,31.22286605834961,49.133262634277344
2014-03-20,127.86000061035156,78.0733871459961,27.864192962646484,14.672473907470703,15.810953140258789,31.332853317260742,49.133262634277344
2014-03-21,128.47000122070312,78.9192123413086,27.94023895263672,14.67444133758545,15.73166275024414,31.315156936645508,48.24189376831055
2014-03-24,126.18000030517578,79.4806900024414,27.882478713989258,14.667890548706055,15.718656539916992,31.285680770874023,47.70292663574219
2014-03-25,126.41000366210938,79.18167877197266,28.132801055908203,14.654788970947266,15.813980102539062,31.51409912109375,48.12580871582031
2014-03-26,125.41000366210938,79.8015365600586,28.00122833251953,14.504111289978027,15.623351097106934,31.440414428710938,48.142398834228516
2014-03-27,124.58999633789062,80.20255279541016,28.229076385498047,14.425497055053711,15.567023277282715,31.418325424194336,48.03459930419922
2014-03-28,124.55999755859375,79.75050354003906,28.582096099853516,14.484451293945312,15.627677917480469,31.499372482299805,47.852176666259766
2014-03-31,123.61000061035156,79.55364227294922,28.582096099853516,14.635130882263184,15.74898910522461,31.727785110473633,48.49893569946289
2014-04-01,123.38999938964844,78.87374114990234,28.75218963623047,14.661335945129395,15.93528938293457,31.67620086669922,48.80574417114258
2014-04-02,124.31999969482422,78.42048645019531,28.854900360107422,14.694095611572266,15.943954467773438,31.713037490844727,49.02132034301758
2014-04-03,123.91999816894531,78.76405334472656,29.041032791137695,14.667890548706055,15.865964889526367,31.7498779296875,48.91353988647461
2014-04-04,125.56999969482422,79.2904281616211,28.935134887695312,14.523767471313477,15.562688827514648,31.6467342376709,48.10093307495117
2014-04-07,124.91000366210938,79.76563262939453,28.450529098510742,14.301026344299316,15.441373825073242,31.67620086669922,47.62001419067383
2014-04-08,126.08999633789062,79.95573425292969,28.736148834228516,14.320676803588867,15.580018997192383,31.838308334350586,47.23028564453125
2014-04-09,126.31999969482422,79.56092071533203,28.867721557617188,14.445152282714844,15.787989616394043,31.978302001953125,48.24189376831055
2014-04-10,127.01000213623047,80.29931640625,28.46656608581543,14.111044883728027,15.424047470092773,31.661462783813477,46.63327407836914
2014-04-11,126.93000030517578,80.94989013671875,28.386333465576172,13.940719604492188,15.250746726989746,31.499372482299805,46.19381332397461
2014-04-14,127.8499984741211,80.73795318603516,28.7746524810791,14.052087783813477,15.402385711669922,31.7498779296875,46.45085144042969
2014-04-15,125.48999786376953,81.2423095703125,29.159780502319336,14.183104515075684,15.480366706848145,31.83094024658203,46.9483757019043
2014-04-16,125.54000091552734,81.34468841552734,29.50959014892578,14.294479370117188,15.632010459899902,32.14039611816406,47.18053436279297
2014-04-17,124.75,80.4528579711914,29.7791748046875,14.320676803588867,15.610345840454102,32.14776611328125,47.1722297668457
2014-04-21,124.23999786376953,80.38701629638672,29.981361389160156,14.307576179504395,15.671005249023438,32.16250991821289,47.73609161376953
2014-04-22,123.77999877929688,80.65751647949219,29.9332275390625,14.405845642089844,15.73599624633789,32.14776611328125,48.25846862792969
2014-04-23,123.76000213623047,81.11811065673828,30.090482711791992,14.438597679138184,15.567023277282715,32.09618377685547,48.01800537109375
2014-04-24,124.55999755859375,81.27159118652344,30.100109100341797,14.432046890258789,15.688334465026855,32.221458435058594,47.943389892578125
2014-04-25,125.43000030517578,81.38853454589844,29.920379638671875,14.314126014709473,15.489036560058594,32.26565933227539,47.58683395385742
2014-04-28,124.87999725341797,80.99381256103516,29.971729278564453,14.228964805603027,15.63633918762207,32.634071350097656,47.86875915527344
2014-04-29,124.86000061035156,80.88414001464844,30.10973358154297,14.366536140441895,15.744658470153809,32.49407958984375,48.15068435668945
2014-04-30,124.22000122070312,81.22045135498047,30.084068298339844,14.386189460754395,15.79230785369873,32.59723663330078,48.1921501159668
2014-05-01,123.80000305175781,82.09178924560547,30.01667022705078,14.412399291992188,15.809649467468262,32.56775665283203,48.29993438720703
2014-05-02,125.05999755859375,82.597412109375,30.077638626098633,14.405845642089844,15.766316413879395,32.56775665283203,47.885345458984375
2014-05-05,126.22000122070312,82.09910583496094,30.218852996826172,14.34688663482666,15.848638534545898,32.49407958984375,48.20043182373047
2014-05-06,125.9800033569336,82.42887878417969,30.26378631591797,14.143798828125,15.671005249023438,32.28776931762695,47.77756118774414
2014-05-07,124.16999816894531,82.1357650756836,30.526945114135742,14.333779335021973,15.67966365814209,32.59723663330078,47.91021728515625
2014-05-08,124.16999816894531,81.78400421142578,30.090482711791992,14.373089790344238,15.72299575805664,32.641441345214844,47.653167724609375
2014-05-09,124.0999984741211,81.52017211914062,30.061601638793945,14.366536140441895,15.740325927734375,32.79618453979492,47.943389892578125
2014-05-12,124.94000244140625,81.19038391113281,30.273408889770508,14.510663032531738,15.952621459960938,32.82564163208008,48.4326057434082
2014-05-13,124.5999984741211,81.89392852783203,30.385732650756836,14.497559547424316,15.961288452148438,32.891971588134766,48.50723648071289
2014-05-14,125.80999755859375,82.7806396484375,30.39856719970703,14.392741203308105,15.887630462646484,32.715118408203125,48.5404052734375
2014-05-15,124.7699966430664,83.4401626586914,30.051973342895508,14.228964805603027,15.79230785369873,32.427764892578125,48.051185607910156
2014-05-16,124.5,83.20565795898438,29.974933624267578,14.248617172241211,15.891971588134766,32.6266975402832,48.217018127441406
2014-05-19,124.58000183105469,82.59009552001953,30.068010330200195,14.320676803588867,15.995940208435059,32.56037902832031,48.51552200317383
2014-05-20,124.69000244140625,82.7733154296875,29.981361389160156,14.23552131652832,15.904961585998535,32.4425048828125,48.20872116088867
2014-05-21,124.38999938964844,82.26765441894531,30.305500030517578,14.327231407165527,16.013275146484375,32.6266975402832,48.61504364013672
2014-05-22,124.66999816894531,82.1504135131836,30.276622772216797,14.392741203308105,16.043607711791992,32.57511520385742,48.905250549316406
2014-05-23,124.51000213623047,82.59009552001953,30.215641021728516,14.438597679138184,16.17791748046875,32.6266975402832,48.93012237548828
2014-05-27,121.8499984741211,83.07378387451172,30.29908561706543,14.563071250915527,16.316566467285156,32.715118408203125,49.19546127319336
2014-05-28,121.19999694824219,84.09974670410156,30.350425720214844,14.536869049072266,16.27323341369629,32.670921325683594,49.05448532104492
2014-05-29,120.94000244140625,83.65271759033203,30.610387802124023,14.569620132446289,16.36855125427246,32.92881393432617,49.44422149658203
2014-05-30,120.43000030517578,83.6161117553711,30.587909698486328,14.602376937866211,16.385879516601562,33.18669891357422,49.576881408691406
2014-06-02,119.69999694824219,82.99449920654297,30.54941177368164,14.641685485839844,16.35988998413086,33.105648040771484,49.64322280883789
2014-06-03,120.01000213623047,81.97325134277344,30.655317306518555,14.661335945129395,16.333892822265625,32.98774719238281,49.73442459106445
2014-06-04,119.76000213623047,81.95117950439453,30.63927459716797,14.700639724731445,16.364219665527344,33.105648040771484,49.87538146972656
2014-06-05,120.66000366210938,81.98790740966797,30.815778732299805,14.838216781616211,16.4725399017334,33.23827362060547,49.93342208862305
2014-06-06,120.61000061035156,81.98790740966797,31.069307327270508,14.936474800109863,16.546188354492188,33.326698303222656,49.88367462158203
2014-06-09,120.6500015258789,81.870361328125,31.117456436157227,15.001997947692871,16.598180770874023,33.27511215209961,49.62663650512695
2014-06-10,121.38999938964844,81.56910705566406,31.066099166870117,14.995443344116211,16.60683822631836,33.27511215209961,49.79246520996094
2014-06-11,121.41000366210938,81.71605682373047,31.184856414794922,14.897174835205078,16.56785011291504,33.18669891357422,49.73442459106445
2014-06-12,122.63999938964844,82.44344329833984,31.28754425048828,14.805460929870605,16.42487907409668,32.95090866088867,49.48566436767578
2014-06-13,122.95999908447266,82.39937591552734,31.586009979248047,14.812012672424316,16.52018928527832,32.94354248046875,49.44422149658203
2014-06-16,122.41999816894531,82.60505676269531,31.775354385375977,14.739949226379395,16.52018928527832,33.068817138671875,49.54371643066406
2014-06-17,122.27999877929688,81.95117950439453,31.75290298461914,14.890623092651367,16.559185028076172,33.068817138671875,49.518829345703125
2014-06-18,122.66999816894531,82.58307647705078,31.993602752685547,14.975794792175293,16.645835876464844,33.459312438964844,49.91685104370117
2014-06-19,126.94000244140625,81.5250244140625,32.22145462036133,14.956138610839844,16.615507125854492,33.65088653564453,50.08267593383789
2014-06-20,126.5,82.14221954345703,32.54194641113281,15.015335083007812,16.578948974609375,33.54777145385742,50.50382614135742
2014-06-23,126.8499984741211,81.88505554199219,32.658016204833984,15.048210144042969,16.62682342529297,33.362308502197266,50.312400817871094
2014-06-24,126.9800033569336,82.71531677246094,31.97125816345215,14.949559211730957,16.53977394104004,33.24360275268555,50.34569549560547
2014-06-25,126.98999786376953,82.92839813232422,32.21307373046875,14.962714195251465,16.605066299438477,33.191680908203125,50.89500045776367
2014-06-26,126.7300033569336,83.32514190673828,32.24853515625,14.910099983215332,16.58765411376953,33.072967529296875,50.96159362792969
2014-06-27,126.66000366210938,83.2002182006836,32.24853515625,14.969295501708984,16.687759399414062,33.132320404052734,50.82841110229492
2014-06-30,128.0399932861328,83.40592193603516,32.27433776855469,14.956134796142578,16.692113876342773,33.10264205932617,50.62866973876953
2014-07-01,127.69999694824219,82.7076416015625,32.293678283691406,15.048210144042969,16.861862182617188,33.17682647705078,51.269535064697266
2014-07-02,127.69999694824219,81.82367706298828,32.24531936645508,15.035064697265625,16.879274368286133,33.26586151123047,51.660709381103516
2014-07-03,127.16000366210938,81.52902221679688,32.36783981323242,15.153449058532715,16.95327377319336,33.45133590698242,51.868797302246094
2014-07-07,127.0199966430664,82.12565612792969,32.119571685791016,15.08768081665039,16.970672607421875,33.503273010253906,51.47760772705078
2014-07-08,127.06999969482422,83.04646301269531,32.06798553466797,14.956134796142578,16.818342208862305,33.436500549316406,50.99488067626953
2014-07-09,127.83999633789062,83.11279296875,32.28078079223633,14.995591163635254,16.901042938232422,33.584861755371094,51.21128463745117
2014-07-10,128.5399932861328,83.13481903076172,31.97125816345215,14.896942138671875,16.85316276550293,33.53293228149414,51.17799377441406
2014-07-11,128.77999877929688,83.66521453857422,31.726221084594727,14.923251152038574,16.940210342407227,33.577449798583984,51.28618621826172
2014-07-14,125.72000122070312,83.30429077148438,32.00027847290039,15.015335083007812,17.062084197998047,33.69614028930664,51.45265579223633
2014-07-15,124.52999877929688,83.13481903076172,31.86164093017578,15.120560646057129,17.031614303588867,33.39939880371094,51.01152420043945
2014-07-16,124.97000122070312,83.57678985595703,32.34526824951172,15.09424877166748,17.188310623168945,33.40681076049805,50.84506607055664
2014-07-17,127.08999633789062,84.6302261352539,31.82293701171875,14.896942138671875,16.966320037841797,33.19908905029297,50.28742218017578
2014-07-18,126.12999725341797,84.3576431274414,31.91645050048828,15.067948341369629,17.1708984375,33.53293228149414,51.11139678955078
2014-07-21,126.33999633789062,84.77751922607422,31.964805603027344,15.028481483459473,17.149137496948242,33.37714385986328,50.90333938598633
2014-07-22,125.73999786376953,84.95430755615234,32.19373321533203,15.0745210647583,17.292774200439453,33.31778335571289,51.34444046020508
2014-07-23,125.62000274658203,84.84378814697266,32.40007781982422,15.107403755187988,17.3232364654541,33.273277282714844,51.76058578491211
2014-07-24,124.3499984741211,84.2103042602539,32.429107666015625,15.140289306640625,17.310184478759766,33.362308502197266,51.652400970458984
2014-07-25,125.79000091552734,85.20470428466797,32.19050216674805,15.054793357849121,17.288421630859375,33.228755950927734,51.460960388183594
2014-07-28,125.58000183105469,85.08690643310547,32.11311721801758,15.061372756958008,17.318889617919922,33.05813217163086,51.51089096069336
2014-07-29,125.19999694824219,85.39628601074219,32.03252410888672,14.982444763183594,17.2840633392334,32.90974807739258,51.552520751953125
2014-07-30,124.83000183105469,84.2103042602539,31.84229850769043,15.048210144042969,17.301467895507812,32.561073303222656,51.76058578491211
2014-07-31,123.38999938964844,83.95990753173828,31.155532836914062,14.739093780517578,16.97503089904785,32.004661560058594,50.695255279541016
2014-08-01,124.37999725341797,84.60978698730469,30.904043197631836,14.614130973815918,16.88363265991211,32.249488830566406,50.73685836791992
2014-08-04,123.98999786376953,84.38821411132812,31.423154830932617,14.732519149780273,17.005508422851562,32.353363037109375,50.95327377319336
2014-08-05,123.87000274658203,84.6615219116211,30.736392974853516,14.58124828338623,16.84445571899414,32.212398529052734,50.462215423583984
2014-08-06,125.66999816894531,84.71324157714844,30.82665252685547,14.640440940856934,16.792224884033203,32.48688888549805,50.437225341796875
2014-08-07,126.18000030517578,85.50341033935547,30.633220672607422,14.574668884277344,16.722579956054688,32.21980667114258,49.78804016113281
2014-08-08,126.19000244140625,85.31881713867188,31.145856857299805,14.71936321258545,16.83139419555664,32.54623031616211,50.37898254394531
2014-08-11,125.95999908447266,85.31146240234375,31.149093627929688,14.732519149780273,16.914098739624023,32.77622604370117,50.354000091552734
2014-08-12,125.98999786376953,84.75752258300781,30.920166015625,14.765405654907227,16.9053955078125,32.753963470458984,50.312400817871094
2014-08-13,126.19999694824219,85.31146240234375,31.020126342773438,14.8311767578125,17.07079315185547,32.85041809082031,50.91997528076172
2014-08-14,126.30999755859375,85.99830627441406,30.842790603637695,14.923251152038574,17.101259231567383,32.98395538330078,51.51921463012695
2014-08-15,125.4800033569336,86.93626403808594,31.071701049804688,14.850907325744629,17.101259231567383,33.028465270996094,51.56916046142578
2014-08-18,124.95999908447266,86.0721435546875,31.155532836914062,15.015335083007812,17.26230239868164,33.22134017944336,51.96866226196289
2014-08-19,124.68000030517578,85.80628204345703,31.394136428833008,15.041640281677246,17.37111473083496,33.31037902832031,52.30990982055664
2014-08-20,124.22000122070312,85.66592407226562,31.461837768554688,15.081103324890137,17.37111473083496,33.288116455078125,52.301578521728516
2014-08-21,122.87999725341797,86.14598846435547,31.487640380859375,15.258682250976562,17.453819274902344,33.34746551513672,52.376495361328125
2014-08-22,123.19000244140625,86.62606811523438,31.27805519104004,15.206062316894531,17.458171844482422,33.26586151123047,52.426429748535156
2014-08-25,122.73999786376953,86.95104217529297,31.55534553527832,15.337608337402344,17.475582122802734,33.45133590698242,52.825931549072266
2014-08-26,123.3499984741211,86.67036437988281,31.716562271118164,15.370484352111816,17.48427963256836,33.429080963134766,53.01735305786133
2014-08-27,123.31999969482422,87.40897369384766,31.65205192565918,15.337608337402344,17.479930877685547,33.443912506103516,52.975746154785156
2014-08-28,124.0,87.86686706542969,31.65851593017578,15.291566848754883,17.453819274902344,33.4587516784668,52.9590950012207
2014-08-29,123.86000061035156,87.92594146728516,31.83583641052246,15.363922119140625,17.532155990600586,33.48099899291992,53.15053176879883
2014-09-02,121.6500015258789,86.4091796875,31.432823181152344,15.42310619354248,17.536518096923828,33.4958381652832,53.12555694580078
2014-09-03,122.1500015258789,86.89035034179688,31.516660690307617,15.396797180175781,17.440753936767578,33.51809310913086,53.36691665649414
2014-09-04,121.4800033569336,85.83177947998047,31.091049194335938,15.409952163696289,17.432052612304688,33.62196350097656,53.10059356689453
2014-09-05,122.05999755859375,85.66893005371094,31.30061912536621,15.429681777954102,17.536518096923828,33.81485366821289,53.408546447753906
2014-09-08,120.7300033569336,85.70598602294922,30.813764572143555,15.436257362365723,17.56262969970703,33.5626106262207,53.4168701171875
2014-09-09,120.87000274658203,85.63935089111328,30.67835235595703,15.278411865234375,17.43640899658203,33.48099899291992,53.275367736816406
2014-09-10,120.26000213623047,85.09893035888672,30.604196548461914,15.357333183288574,17.54087257385254,33.64421844482422,53.649906158447266
2014-09-11,119.47000122070312,84.81763458251953,30.62353515625,15.396797180175781,17.580039978027344,33.65904998779297,53.50009536743164
2014-09-12,118.37999725341797,83.92938995361328,30.165706634521484,15.38364315032959,17.50604820251465,33.42165756225586,53.108924865722656
2014-09-15,118.63999938964844,84.05517578125,30.378494262695312,15.377066612243652,17.40158462524414,33.584861755371094,52.9674186706543
2014-09-16,118.83000183105469,83.71469116210938,30.746057510375977,15.442840576171875,17.532155990600586,33.83710479736328,53.69152069091797
2014-09-17,117.54000091552734,83.50001525878906,30.578388214111328,15.5086088180542,17.566986083984375,33.762908935546875,53.73313522338867
2014-09-18,117.77999877929688,83.76653289794922,30.420406341552734,15.659873008728027,17.67144775390625,33.829681396484375,54.13264083862305
2014-09-19,117.08999633789062,84.83247375488281,30.39546775817871,15.618928909301758,17.63385772705078,33.91703796386719,54.19195556640625
2014-09-22,116.8499984741211,84.93610382080078,29.948244094848633,15.513258934020996,17.515825271606445,33.85731506347656,53.89960479736328
2014-09-23,117.5999984741211,85.46165466308594,29.860727310180664,15.40759563446045,17.476482391357422,33.558677673339844,53.58219909667969
2014-09-24,117.05000305175781,84.98789978027344,29.886653900146484,15.493453025817871,17.590133666992188,33.99169921875,54.517704010009766
2014-09-25,117.38999938964844,85.9946517944336,29.42969512939453,15.235883712768555,17.205459594726562,33.543739318847656,53.623958587646484
2014-09-26,117.05999755859375,85.8687973022461,29.808883666992188,15.381180763244629,17.393430709838867,33.67066192626953,53.7910270690918
2014-09-29,117.02999877929688,86.55721282958984,29.740819931030273,15.328340530395508,17.38905906677246,33.663204193115234,53.67409133911133
2014-09-30,116.20999908447266,86.06865692138672,29.368125915527344,15.301925659179688,17.441509246826172,33.67813491821289,53.38174057006836
2014-10-01,116.7699966430664,87.73762512207031,28.768585205078125,15.11701488494873,17.170488357543945,33.46910095214844,52.82212448120117
2014-10-02,116.73999786376953,86.9732437133789,28.619503021240234,15.156634330749512,17.161752700805664,33.52880859375,52.713539123535156
2014-10-03,114.61000061035156,87.34429168701172,28.57413101196289,15.374574661254883,17.3016357421875,33.924495697021484,53.79938888549805
2014-10-06,116.02999877929688,87.39630126953125,28.606544494628906,15.328340530395508,17.30600357055664,33.93944549560547,53.548805236816406
2014-10-07,116.36000061035156,88.57620239257812,28.233850479125977,15.070782661437988,17.03498649597168,33.73786926269531,52.69682312011719
2014-10-08,117.47000122070312,88.59846496582031,28.509321212768555,15.35476303100586,17.358457565307617,34.23058319091797,54.04159927368164
2014-10-09,117.63999938964844,88.21256256103516,27.462535858154297,15.031161308288574,17.069950103759766,33.88718032836914,52.922340393066406
2014-10-10,117.58999633789062,89.0882339477539,27.076879501342773,14.912284851074219,16.632822036743164,34.05142593383789,52.59659194946289
2014-10-13,118.5199966430664,89.62996673583984,26.240751266479492,14.780197143554688,16.449222564697266,33.58107376098633,51.3520393371582
2014-10-14,118.58999633789062,90.21622467041016,25.910186767578125,14.83963680267334,16.475454330444336,33.56615447998047,50.96782302856445
2014-10-15,118.98999786376953,90.92864990234375,26.10787582397461,14.555652618408203,16.361799240112305,33.16299057006836,50.55018997192383
2014-10-16,119.22000122070312,90.34976196289062,26.57456398010254,14.555652618408203,16.26563262939453,32.916622161865234,50.29126739501953
2014-10-17,118.98999786376953,89.84514617919922,26.80141258239746,14.740571975708008,16.457969665527344,33.319786071777344,51.093116760253906
2014-10-20,119.80000305175781,90.17172241210938,27.03474998474121,14.826430320739746,16.575992584228516,33.797576904296875,51.71120071411133
2014-10-21,120.0199966430664,89.451904296875,27.857921600341797,15.103805541992188,16.89947509765625,33.93944549560547,53.08104705810547
2014-10-22,119.33999633789062,89.54833984375,27.32965850830078,14.965115547180176,16.82078742980957,34.014095306396484,52.81377029418945
2014-10-23,118.5199966430664,88.75433349609375,27.83846664428711,15.110404014587402,17.008756637573242,33.99169921875,53.715843200683594
2014-10-24,118.3499984741211,88.8433837890625,27.741249084472656,15.255697250366211,17.157379150390625,34.275394439697266,54.467586517333984
2014-10-27,118.05999755859375,89.006591796875,27.157901763916016,15.275518417358398,17.174861907958984,34.357513427734375,54.52604675292969
2014-10-28,118.0999984741211,88.4500732421875,27.776901245117188,15.440622329711914,17.41091537475586,34.49189758300781,54.926979064941406
2014-10-29,116.41000366210938,88.65043640136719,27.86764144897461,15.480241775512695,17.393430709838867,34.43217086791992,54.9520378112793
2014-10-30,115.19000244140625,88.724609375,27.767168045043945,15.5660982131958,17.45025634765625,34.648681640625,55.96269607543945
2014-10-31,112.66000366210938,88.49454498291016,28.331073760986328,15.744412422180176,17.721277236938477,34.87265396118164,56.188232421875
2014-11-03,112.1500015258789,88.49456787109375,27.883838653564453,15.803844451904297,17.79559326171875,35.00703811645508,56.25503921508789
2014-11-04,112.22000122070312,88.76982879638672,27.31022071838379,15.810457229614258,17.79122543334961,35.19367980957031,56.26339340209961
2014-11-05,109.79000091552734,88.64334106445312,27.789857864379883,15.916119575500488,17.839303970336914,35.44005584716797,56.204933166503906
2014-11-06,109.87999725341797,88.07054901123047,28.139854431152344,15.942540168762207,17.830562591552734,35.51471710205078,56.547386169433594
2014-11-07,112.97000122070312,89.08229064941406,28.450984954833984,15.949139595031738,17.852413177490234,35.64164733886719,55.98775863647461
2014-11-10,110.45999908447266,88.26396179199219,28.194963455200195,16.034996032714844,17.900501251220703,35.79841995239258,56.55575942993164
2014-11-11,112.04000091552734,88.32344818115234,28.27922821044922,15.982159614562988,17.90924644470215,35.73121643066406,56.76455307006836
2014-11-12,111.5,88.24913024902344,28.02967643737793,15.949139595031738,17.966066360473633,35.73121643066406,56.68104553222656
2014-11-13,111.66999816894531,88.45741271972656,27.6569881439209,15.942540168762207,18.062240600585938,35.85814666748047,56.639259338378906
2014-11-14,114.47000122070312,88.8887939453125,27.93893051147461,15.889707565307617,18.189008712768555,35.65656280517578,56.17153549194336
2014-11-17,114.05000305175781,88.66567993164062,27.793094635009766,15.889707565307617,18.15403175354004,35.89546203613281,56.44715881347656
2014-11-18,115.05000305175781,88.91116333007812,27.81578826904297,15.942540168762207,18.21523094177246,36.02985382080078,57.357601165771484
2014-11-19,113.68000030517578,88.34576416015625,27.96160888671875,15.90951156616211,18.097213745117188,36.179176330566406,57.04020309448242
2014-11-20,114.86000061035156,88.80702209472656,28.31162452697754,15.90951156616211,18.189008712768555,36.02239227294922,56.7979621887207
2014-11-21,115.38999938964844,89.34262084960938,28.68107795715332,15.988765716552734,18.21523094177246,36.17171096801758,57.06524658203125
2014-11-24,115.11000061035156,89.41703033447266,28.460708618164062,16.094436645507812,18.311405181884766,36.14930725097656,57.357601165771484
2014-11-25,115.37999725341797,90.16091918945312,27.997270584106445,16.08122444152832,18.320144653320312,36.179176330566406,57.43276596069336
2014-11-26,115.16000366210938,90.40637969970703,27.644027709960938,16.10103416442871,18.486255645751953,36.343421936035156,57.78358459472656
2014-11-28,112.11000061035156,91.12055969238281,25.868066787719727,16.114246368408203,18.573686599731445,36.80629348754883,58.142730712890625
2014-12-01,116.58000183105469,90.58895874023438,25.958805084228516,16.001968383789062,18.363859176635742,36.567378997802734,58.00075912475586
2014-12-02,115.13999938964844,89.70913696289062,26.240751266479492,16.153871536254883,18.368227005004883,36.69430923461914,58.64391326904297
2014-12-03,116.33000183105469,90.0595703125,26.561595916748047,16.226518630981445,18.433799743652344,36.43300247192383,58.73576354980469
2014-12-04,115.87999725341797,90.8126220703125,26.331493377685547,16.2463321685791,18.433799743652344,36.40315246582031,58.66061782836914
2014-12-05,114.43000030517578,90.28321075439453,26.01713752746582,16.391618728637695,18.41193962097168,36.4703254699707,59.12836456298828
2014-12-08,115.77999877929688,91.38673400878906,24.96388053894043,16.47086524963379,18.22397232055664,36.39567184448242,59.337188720703125
2014-12-09,118.19000244140625,91.8564224243164,25.236114501953125,16.431245803833008,18.2196102142334,36.27622985839844,59.08659362792969
2014-12-10,117.95999908447266,92.52750396728516,24.458322525024414,16.219919204711914,17.944211959838867,35.93280029296875,58.1761589050293
2014-12-11,117.69000244140625,92.90772247314453,24.442113876342773,16.259536743164062,18.022891998291016,36.23143005371094,58.343196868896484
2014-12-12,117.41000366210938,94.16780090332031,23.98839569091797,15.942540168762207,17.756244659423828,35.76854705810547,57.449459075927734
2014-12-15,114.38999938964844,93.97390747070312,23.774513244628906,15.797243118286133,17.6469669342041,35.5296516418457,56.92327117919922
2014-12-16,114.94999694824219,95.13701629638672,23.985158920288086,15.645350456237793,17.41091537475586,35.395259857177734,56.26339340209961
2014-12-17,114.2699966430664,94.27959442138672,24.980083465576172,16.001968383789062,17.73876190185547,35.91039276123047,57.315834045410156
2014-12-18,115.1500015258789,92.60200500488281,25.459726333618164,16.371810913085938,18.245834350585938,36.59725570678711,58.88613510131836
2014-12-19,114.7699966430664,93.8471450805664,26.27332305908203,16.382427215576172,18.266048431396484,36.55964279174805,59.02866744995117
2014-12-22,112.55000305175781,93.97390747070312,26.005935668945312,16.495275497436523,18.485748291015625,36.91307067871094,58.46697235107422
2014-12-23,112.73999786376953,92.10993957519531,26.322242736816406,16.588205337524414,18.534086227416992,37.168731689453125,57.12559127807617
2014-12-24,112.7699966430664,92.61126708984375,26.129840850830078,16.56165313720703,18.516510009765625,37.131134033203125,57.544769287109375
2014-12-26,114.83000183105469,92.95499420166016,26.123323440551758,16.56165313720703,18.595598220825195,37.191287994384766,57.95554733276367
2014-12-29,113.66999816894531,93.64985656738281,26.217891693115234,16.62139129638672,18.503326416015625,37.078487396240234,58.15678024291992
2014-12-30,115.19999694824219,93.90390014648438,26.00918960571289,16.601482391357422,18.371501922607422,36.91307067871094,57.90525817871094
2014-12-31,113.58000183105469,94.08319091796875,25.81352996826172,16.41561508178711,18.169382095336914,36.4619026184082,57.32677459716797
2015-01-02,114.08000183105469,95.12924194335938,25.93418312072754,16.41561508178711,18.13422393798828,36.35662841796875,57.536376953125
2015-01-05,115.80000305175781,96.62358856201172,24.86134147644043,16.070446014404297,17.857398986816406,36.10096740722656,57.242958068847656
2015-01-06,117.12000274658203,98.36446380615234,24.496110916137695,15.824843406677246,17.6420955657959,36.05585479736328,57.05012130737305
2015-01-07,116.43000030517578,98.17024230957031,24.548288345336914,15.99079418182373,17.791488647460938,36.67243957519531,58.39149856567383
2015-01-08,115.94000244140625,96.8701171875,25.099393844604492,16.229753494262695,18.182559967041016,37.2288818359375,59.38914108276367
2015-01-09,117.26000213623047,97.93107604980469,24.900470733642578,16.01070785522461,18.12544059753418,36.9281120300293,58.86098861694336
2015-01-12,118.55999755859375,98.49149322509766,24.183073043823242,15.877945899963379,17.914520263671875,36.8153076171875,58.88612747192383
2015-01-13,118.16000366210938,98.49149322509766,23.990673065185547,15.824843406677246,17.901344299316406,36.807796478271484,58.62624740600586
2015-01-14,117.97000122070312,99.23866271972656,24.0656795501709,15.59915542602539,17.800275802612305,36.69500732421875,58.53402328491211
2015-01-15,120.94000244140625,100.8001937866211,23.759151458740234,15.406655311584473,17.571788787841797,36.755165100097656,57.90525817871094
2015-01-16,122.5199966430664,99.51509094238281,24.531984329223633,15.592512130737305,17.74315643310547,37.04841232299805,58.99513626098633
2015-01-20,124.19999694824219,100.83755493164062,24.561328887939453,15.52613639831543,17.89255142211914,37.19881820678711,58.99513626098633
2015-01-21,124.2300033569336,99.6719970703125,25.060251235961914,15.565966606140137,17.923311233520508,37.37926483154297,59.112491607666016
2015-01-22,125.2300033569336,99.3133773803711,25.177656173706055,15.950963020324707,18.21770668029785,37.7552490234375,59.81669616699219
2015-01-23,124.2300033569336,100.69563293457031,24.9982967376709,15.778380393981934,18.213314056396484,37.33416748046875,59.472984313964844
2015-01-26,122.98999786376953,100.38929748535156,25.35700798034668,15.858033180236816,18.138614654541016,37.33416748046875,59.78316879272461
2015-01-27,124.4000015258789,100.54618072509766,25.340702056884766,15.685444831848145,17.615724563598633,36.905548095703125,59.35560989379883
2015-01-28,123.41999816894531,102.18992614746094,24.342859268188477,15.400016784667969,17.58496856689453,36.4769401550293,58.50048065185547
2015-01-29,120.76000213623047,101.517578125,24.424381256103516,15.52613639831543,17.751941680908203,36.770198822021484,58.99513626098633
2015-01-30,123.44999694824219,103.31815338134766,24.63632583618164,15.273890495300293,17.532238006591797,36.108482360839844,58.07292938232422
2015-02-02,122.41999816894531,102.9281005859375,25.38960838317871,15.51950740814209,17.712398529052734,36.537109375,58.39987564086914
2015-02-03,121.05000305175781,100.7494888305664,26.084186553955078,15.778380393981934,17.914520263671875,36.860443115234375,58.79389572143555
2015-02-04,121.58000183105469,100.92169189453125,25.653743743896484,15.738550186157227,17.949676513671875,36.87547302246094,58.056148529052734
2015-02-05,121.79000091552734,99.81362915039062,26.02223777770996,15.897857666015625,18.11664581298828,37.06345748901367,59.03704071044922
2015-02-06,118.63999938964844,98.04673767089844,26.02875328063965,16.02398681640625,18.05952262878418,36.898033142089844,58.50048065185547
2015-02-09,119.16999816894531,97.88955688476562,26.054845809936523,15.94433307647705,18.03316307067871,36.61981201171875,57.81301498413086
2015-02-10,118.47000122070312,97.11088562011719,26.041799545288086,16.070446014404297,18.30120277404785,37.04841232299805,58.785518646240234
2015-02-11,117.06999969482422,97.29058074951172,25.85918617248535,16.070446014404297,18.371501922607422,37.22135925292969,58.84421157836914
2015-02-12,117.33999633789062,96.9686279296875,26.19832420349121,16.229753494262695,18.621967315673828,37.394309997558594,59.05379867553711
2015-02-13,117.9800033569336,95.9729232788086,26.752668380737305,16.216480255126953,18.7406005859375,37.22135925292969,59.28855514526367
2015-02-17,116.01000213623047,94.5279541015625,26.83420181274414,16.26958465576172,18.7493896484375,37.2288818359375,59.716121673583984
2015-02-18,116.33999633789062,95.08946228027344,26.514631271362305,16.170013427734375,18.766969680786133,37.431907653808594,59.78316879272461
2015-02-19,115.94000244140625,94.4605941772461,26.390714645385742,16.10364532470703,18.832881927490234,37.191287994384766,59.8837776184082
2015-02-20,115.27999877929688,94.73757934570312,26.2635498046875,16.223125457763672,18.929550170898438,37.296566009521484,60.512542724609375
2015-02-23,115.43000030517578,95.82315826416016,26.155927658081055,16.183298110961914,18.942729949951172,37.40184020996094,60.78921127319336
2015-02-24,115.26000213623047,97.0809097290039,26.227672576904297,16.262950897216797,18.99985122680664,37.529659271240234,60.7137336730957
2015-02-25,115.69999694824219,97.500244140625,26.37114906311035,16.262950897216797,18.881216049194336,37.40184020996094,60.68861389160156
2015-02-26,116.06999969482422,96.16755676269531,25.88201904296875,16.223125457763672,18.99985122680664,37.454471588134766,60.85627746582031
2015-02-27,116.16000366210938,96.97614288330078,25.767881393432617,16.16338348388672,18.933944702148438,37.604854583740234,60.562828063964844
2015-03-02,115.68000030517578,95.1697998046875,25.588531494140625,16.28286361694336,19.08333396911621,37.67253494262695,61.10776901245117
2015-03-03,115.47000122070312,94.82477569580078,25.68309783935547,16.236398696899414,18.955907821655273,37.529659271240234,60.554481506347656
2015-03-04,115.11000061035156,94.85472869873047,25.6472225189209,16.136829376220703,18.881216049194336,37.266483306884766,60.847900390625
2015-03-05,115.0,94.73475646972656,25.493961334228516,16.203208923339844,18.85923957824707,37.394309997558594,61.06587219238281
2015-03-06,111.86000061035156,92.64185333251953,25.037433624267578,16.08371925354004,18.626358032226562,36.66493606567383,59.86699676513672
2015-03-09,111.97000122070312,93.49699401855469,24.858083724975586,16.156740188598633,18.714237213134766,36.867950439453125,60.235877990722656
2015-03-10,111.41999816894531,94.72721099853516,24.51242446899414,15.811575889587402,18.331958770751953,36.341590881347656,59.565189361572266
2015-03-11,110.75,95.41738891601562,24.584163665771484,15.9111328125,18.213314056396484,36.06336975097656,59.53165054321289
2015-03-12,110.72000122070312,95.34992218017578,24.427629470825195,16.25630760192871,18.331958770751953,36.5897331237793,60.31972885131836
2015-03-13,110.87999725341797,95.05726623535156,24.336326599121094,16.14346694946289,18.23089027404785,36.30400085449219,60.20235824584961
2015-03-16,110.80999755859375,95.97245788574219,24.665691375732422,16.342599868774414,18.446208953857422,36.74762725830078,61.53533935546875
2015-03-17,110.20999908447266,96.76758575439453,24.571117401123047,16.302778244018555,18.450590133666992,36.48445129394531,61.359275817871094
2015-03-18,112.37000274658203,98.63549041748047,25.28527069091797,16.395706176757812,18.701061248779297,36.732601165771484,62.155696868896484
2015-03-19,112.29000091552734,98.13285064697266,24.88416290283203,16.243032455444336,18.648332595825195,36.56718063354492,62.51620101928711
2015-03-20,113.56999969482422,98.65043640136719,25.250234603881836,16.46357536315918,18.768783569335938,37.025634765625,62.968509674072266
2015-03-23,114.29000091552734,98.53046417236328,25.16159439086914,16.37029266357422,18.768783569335938,37.08617401123047,62.79194641113281
2015-03-24,114.56999969482422,99.48311614990234,24.994152069091797,16.237043380737305,18.707006454467773,36.87433624267578,62.245506286621094
2015-03-25,114.7300033569336,98.64291381835938,25.319175720214844,15.977190017700195,18.226093292236328,36.78353500366211,61.110557556152344
2015-03-26,115.4800033569336,97.10511016845703,25.289627075195312,15.963868141174316,18.239336013793945,36.62467575073242,60.96762466430664
2015-03-27,115.05999755859375,98.31285858154297,25.08279800415039,15.943878173828125,18.252565383911133,36.85163497924805,61.40477752685547
2015-03-30,113.75,97.82524108886719,25.6212158203125,16.17707633972168,18.473175048828125,37.222354888916016,62.02692794799805
2015-03-31,113.66000366210938,98.03533935546875,25.470199584960938,16.063804626464844,18.28345489501953,36.87433624267578,60.95082473754883
2015-04-01,115.5999984741211,99.32301330566406,25.463638305664062,16.05048370361328,18.256982803344727,36.91973114013672,60.33711624145508
2015-04-02,115.27999877929688,98.27057647705078,25.516164779663086,16.130435943603516,18.252565383911133,37.16937255859375,60.522064208984375
2015-04-06,116.69000244140625,97.72186279296875,25.975793838500977,16.15708351135254,18.42905044555664,37.46444320678711,60.61457061767578
2015-04-07,116.11000061035156,98.54122924804688,25.992204666137695,16.070470809936523,18.389345169067383,37.290443420410156,60.75747299194336
2015-04-08,115.47000122070312,98.57129669189453,25.782093048095703,16.130435943603516,18.446697235107422,37.35096740722656,61.270286560058594
2015-04-09,114.66999816894531,97.2934341430664,26.19576072692871,16.15708351135254,18.495227813720703,37.456871032714844,61.73269271850586
2015-04-10,115.97000122070312,97.43616485595703,26.310678482055664,16.150421142578125,18.565828323364258,37.524967193603516,62.262298583984375
2015-04-13,115.13999938964844,97.57152557373047,26.048025131225586,16.21038246154785,18.512880325317383,37.35096740722656,61.926025390625
2015-04-14,114.44000244140625,98.26313018798828,26.517507553100586,16.21038246154785,18.455520629882812,37.43417739868164,62.02692794799805
2015-04-15,115.43000030517578,98.18040466308594,27.151140213012695,16.270349502563477,18.61876678466797,37.32826614379883,62.18667221069336
2015-04-16,115.02999877929688,97.6917953491211,27.08876609802246,16.2970027923584,18.552595138549805,37.46444320678711,62.15304183959961
2015-04-17,115.5999984741211,98.81184387207031,26.891786575317383,16.077136993408203,18.296689987182617,37.11642837524414,61.614990234375
2015-04-20,114.72000122070312,97.93983459472656,26.993558883666992,16.143760681152344,18.60994529724121,37.24504089355469,61.9932746887207
2015-04-21,115.37999725341797,97.49634552001953,26.707921981811523,16.063804626464844,18.601123809814453,37.31312942504883,62.40523147583008
2015-04-22,113.83000183105469,96.00794982910156,26.885202407836914,16.17707633972168,18.790836334228516,37.33583068847656,62.506126403808594
2015-04-23,114.66000366210938,96.42137908935547,27.06906509399414,16.203725814819336,18.865840911865234,37.207210540771484,62.74151611328125
2015-04-24,113.05000305175781,97.02279663085938,26.914762496948242,16.17707633972168,19.02908706665039,37.21479034423828,62.539756774902344
2015-04-27,115.33000183105469,97.02279663085938,26.885202407836914,16.117115020751953,19.082033157348633,37.010501861572266,61.40477752685547
2015-04-28,116.33000183105469,95.68473052978516,27.019826889038086,16.21038246154785,19.143798828125,37.04833984375,61.70745849609375
2015-04-29,115.51000213623047,94.5121078491211,27.229934692382812,16.203725814819336,19.051149368286133,36.7154541015625,61.1441764831543
2015-04-30,113.47000122070312,94.67749786376953,27.14457893371582,16.077136993408203,18.78642463684082,36.59440612792969,60.28666305541992
2015-05-01,113.08000183105469,93.40293884277344,27.206958770751953,16.217050552368164,19.01584815979004,36.92729568481445,61.1021614074707
2015-05-04,114.0999984741211,92.52163696289062,27.138002395629883,16.376956939697266,19.03349494934082,36.98025894165039,61.48888397216797
2015-05-05,114.41999816894531,92.39358520507812,26.803144454956055,16.23037338256836,18.737886428833008,36.68519592285156,60.71542739868164
2015-05-06,114.36000061035156,90.81178283691406,26.698076248168945,16.150421142578125,18.57906150817871,36.798675537109375,60.48003005981445
2015-05-07,113.41999816894531,92.03207397460938,26.409160614013672,16.263690948486328,18.71583366394043,36.889469146728516,60.76587677001953
2015-05-08,113.97000122070312,92.28060150146484,26.842525482177734,16.496891021728516,18.984962463378906,37.199642181396484,61.74948501586914
2015-05-11,113.52999877929688,90.03592681884766,26.33693504333496,16.436920166015625,18.887903213500977,37.04833984375,61.78311538696289
2015-05-12,114.5,90.2694091796875,26.458406448364258,16.376956939697266,18.78642463684082,36.96512222290039,61.38797378540039
2015-05-13,116.55000305175781,89.54632568359375,26.389467239379883,16.383617401123047,18.865840911865234,36.94999694824219,61.45524597167969
2015-05-14,117.18000030517578,89.78740692138672,26.37961196899414,16.530200958251953,19.170270919799805,37.51740264892578,62.304344177246094
2015-05-15,117.52999877929688,91.5876235961914,26.484663009643555,16.4569091796875,19.10849952697754,37.63846206665039,62.430458068847656
2015-05-18,117.5199966430664,90.05097961425781,26.50766372680664,16.550189971923828,19.201154708862305,37.51740264892578,62.80037307739258
2015-05-19,115.88999938964844,89.2525405883789,26.130104064941406,16.64346694946289,19.15262222290039,37.41904830932617,63.0946159362793
2015-05-20,116.08000183105469,89.40322875976562,26.17934799194336,16.596826553344727,19.165861129760742,37.33583068847656,63.17866897583008
2015-05-21,115.69000244140625,90.65360260009766,26.42558479309082,16.556842803955078,19.249685287475586,37.41904830932617,63.18709182739258
2015-05-22,115.5999984741211,90.69127655029297,26.330366134643555,16.563508987426758,19.236452102661133,37.26017761230469,63.035762786865234
2015-05-26,113.91000366210938,92.24296569824219,25.913423538208008,16.376956939697266,18.958498001098633,36.96512222290039,62.39684295654297
2015-05-27,113.88999938964844,92.45386505126953,25.86745834350586,16.556842803955078,19.315868377685547,37.199642181396484,63.11985397338867
2015-05-28,114.0199966430664,92.22791290283203,25.76568031311035,16.536863327026367,19.276155471801758,37.14667892456055,63.161869049072266
2015-05-29,114.0999984741211,92.4312973022461,25.73613166809082,16.390281677246094,19.134971618652344,36.91215133666992,63.002132415771484
2015-06-01,114.0,91.43785858154297,25.67047691345215,16.40360450744629,19.18791389465332,36.91215133666992,63.25435256958008
2015-06-02,114.45999908447266,90.16211700439453,25.847755432128906,16.430261611938477,19.148212432861328,36.81380844116211,62.84239959716797
2015-06-03,113.63999938964844,88.71272277832031,25.67047691345215,16.570175170898438,19.18791389465332,36.791114807128906,62.960121154785156
2015-06-04,112.83999633789062,89.86771392822266,25.322458267211914,16.4235897064209,19.01144027709961,36.52631759643555,62.52294158935547
2015-06-05,112.23999786376953,88.77311706542969,25.49974250793457,16.516874313354492,18.949674606323242,36.00429916381836,62.497711181640625
2015-06-08,112.56999969482422,88.67501831054688,25.35529327392578,16.41693115234375,18.737886428833008,35.989166259765625,62.18667221069336
2015-06-09,112.81999969482422,87.9729995727539,25.35201072692871,16.4569091796875,18.693777084350586,36.16316604614258,62.16982650756836
2015-06-10,113.77999877929688,87.20298767089844,25.663894653320312,16.690099716186523,18.984962463378906,36.51875305175781,62.934879302978516
2015-06-11,113.26000213623047,89.03734588623047,25.548992156982422,16.756731033325195,18.993789672851562,36.50362014770508,63.36366271972656
2015-06-12,113.2300033569336,89.03734588623047,25.263357162475586,16.683435440063477,18.82613182067871,36.35987854003906,62.581787109375
2015-06-15,113.7300033569336,89.18082427978516,25.204265594482422,16.610153198242188,18.711421966552734,36.09510040283203,62.65745162963867
2015-06-16,113.31999969482422,89.88282775878906,25.401260375976562,16.703426361083984,18.8349552154541,36.48849105834961,62.968509674072266
2015-06-17,113.8499984741211,89.18836212158203,25.33888053894043,16.683435440063477,18.843782424926758,36.68519592285156,63.0273551940918
2015-06-18,115.31999969482422,88.75052642822266,25.322458267211914,16.836687088012695,19.01144027709961,37.09373092651367,63.91849136352539
2015-06-19,115.12000274658203,89.89036560058594,25.087486267089844,16.555627822875977,18.85322380065918,37.04197311401367,63.86872482299805
2015-06-22,113.63999938964844,88.05601501464844,25.39483642578125,16.809913635253906,19.008338928222656,37.186607360839844,64.366455078125
2015-06-23,112.88999938964844,87.5276107788086,25.477458953857422,16.843372344970703,19.021629333496094,37.0267448425293,64.49298095703125
2015-06-24,112.58999633789062,88.28246307373047,25.318838119506836,16.70284080505371,18.932994842529297,36.85926818847656,63.84341049194336
2015-06-25,112.44000244140625,87.9729995727539,25.061044692993164,16.602474212646484,18.888673782348633,36.79075241088867,64.19773864746094
2015-06-26,112.55999755859375,86.98408508300781,25.143661499023438,16.656005859375,18.729127883911133,36.86687088012695,64.10491943359375
2015-06-29,113.06999969482422,89.2864761352539,24.667762756347656,16.254491806030273,18.330263137817383,36.295955657958984,62.53584671020508
2015-06-30,112.37000274658203,88.66747283935547,24.83962059020996,16.314722061157227,18.34798812866211,36.23506164550781,62.75518798828125
2015-07-01,111.9800033569336,87.47062683105469,24.522342681884766,16.562314987182617,18.472078323364258,36.69941329956055,63.430057525634766
2015-07-02,111.76000213623047,87.75810241699219,24.63141441345215,16.488706588745117,18.498672485351562,36.66895294189453,63.134796142578125
2015-07-06,112.05999755859375,89.38468170166016,24.307533264160156,16.42179298400879,18.423330307006836,36.638519287109375,63.10947799682617
2015-07-07,110.76000213623047,90.22442626953125,24.528959274291992,16.45524787902832,18.449922561645508,37.39213562011719,63.413177490234375
2015-07-08,111.08999633789062,91.00365447998047,24.033222198486328,16.16750144958496,18.14855194091797,36.97345733642578,62.3249626159668
2015-07-09,111.36000061035156,89.21063232421875,24.155502319335938,16.294647216796875,18.077640533447266,37.003902435302734,62.66238784790039
2015-07-10,111.48999786376953,87.7959213256836,24.287694931030273,16.488706588745117,18.36571502685547,37.437808990478516,63.50597381591797
2015-07-13,110.98999786376953,87.52357482910156,24.459548950195312,16.68946075439453,18.644922256469727,37.78797912597656,64.04588317871094
2015-07-14,110.73999786376953,87.8110580444336,24.63471031188965,16.729618072509766,18.715829849243164,37.8488883972168,64.6870346069336
2015-07-15,110.16000366210938,88.74163818359375,24.201772689819336,16.870141983032227,18.720266342163086,37.74992370605469,64.77137756347656
2015-07-16,109.76000213623047,89.3543701171875,24.234819412231445,17.03744125366211,18.959585189819336,38.138153076171875,65.0750732421875
2015-07-17,108.6500015258789,89.81588745117188,23.94068717956543,16.990591049194336,19.25209617614746,38.11532211303711,64.93167114257812
2015-07-20,105.69999694824219,89.43762969970703,23.623411178588867,17.01067543029785,19.354019165039062,38.18381881713867,65.14256286621094
2015-07-21,105.37000274658203,89.92182159423828,23.63332748413086,16.990591049194336,19.22549057006836,38.092491149902344,64.85572814941406
2015-07-22,104.80000305175781,90.48164367675781,23.441646575927734,17.117738723754883,18.91526985168457,38.17621994018555,64.9991226196289
2015-07-23,104.33000183105469,91.60890197753906,23.421817779541016,16.97052001953125,18.875375747680664,38.031578063964844,64.76292419433594
2015-07-24,105.3499984741211,91.83580780029297,22.972352981567383,16.809913635253906,18.773448944091797,37.81843566894531,63.14324188232422
2015-07-27,104.86000061035156,92.32760620117188,22.641855239868164,16.68946075439453,18.605039596557617,37.795597076416016,63.084171295166016
2015-07-28,105.0199966430664,91.65428924560547,23.28961753845215,16.756378173828125,18.773448944091797,38.22188949584961,64.22303771972656
2015-07-29,105.16999816894531,91.31380462646484,23.606891632080078,16.92367935180664,18.89753532409668,38.35129928588867,64.33267974853516
2015-07-30,104.2699966430664,92.01742553710938,23.441646575927734,16.92367935180664,18.932994842529297,38.22188949584961,64.23991394042969
2015-07-31,104.93000030517578,92.69827270507812,22.929386138916016,16.870141983032227,18.870946884155273,38.29801559448242,64.61109161376953
2015-08-03,104.0999984741211,93.6740951538086,22.446868896484375,16.850069046020508,18.76900863647461,38.35129928588867,64.56046295166016
2015-08-04,104.30999755859375,92.93111419677734,22.370861053466797,16.823293685913086,18.658220291137695,38.35129928588867,64.52671813964844
2015-08-05,103.93000030517578,92.23352813720703,22.20231056213379,16.890213012695312,18.839923858642578,38.686248779296875,65.06664276123047
2015-08-06,104.38999938964844,93.0523681640625,22.55592918395996,16.82999038696289,18.65378761291504,38.39699172973633,63.649391174316406
2015-08-07,104.6500015258789,94.27306365966797,22.152732849121094,16.863449096679688,18.667078018188477,38.18381881713867,63.53972244262695
2015-08-10,105.72000122070312,93.1054458618164,22.8599853515625,17.024057388305664,18.959585189819336,38.328460693359375,64.05435180664062
2015-08-11,106.26000213623047,94.58390045166016,22.902944564819336,16.870141983032227,18.67595100402832,38.19144058227539,63.51442337036133
2015-08-12,107.75,94.06829071044922,23.31936264038086,16.71623420715332,18.76015281677246,38.214271545410156,63.55657958984375
2015-08-13,106.86000061035156,93.7651138305664,22.965734481811523,16.776456832885742,18.706968307495117,38.06202697753906,63.413177490234375
2015-08-14,106.8499984741211,93.98490905761719,22.916160583496094,16.896907806396484,18.800039291381836,38.18381881713867,63.59035110473633
2015-08-17,107.12999725341797,94.40956115722656,22.965734481811523,16.93037223815918,18.906410217285156,38.22188949584961,64.2314682006836
2015-08-18,107.11000061035156,93.66650390625,22.879810333251953,16.91698455810547,18.80890655517578,38.031578063964844,64.138671875
2015-08-19,108.55000305175781,94.59148406982422,22.24857521057129,16.763072967529297,18.684810638427734,37.68141174316406,63.877197265625
2015-08-20,110.44000244140625,95.54676818847656,21.746232986450195,16.408411026000977,18.22832489013672,37.33885192871094,62.3924446105957
2015-08-21,111.12999725341797,95.83492279052734,20.98611068725586,15.8195219039917,17.53252601623535,36.31880187988281,60.485897064208984
2015-08-24,110.52999877929688,95.80458068847656,19.859128952026367,15.143643379211426,16.84114646911621,35.05513000488281,57.912933349609375
2015-08-25,109.16000366210938,94.26545715332031,19.571605682373047,14.942893028259277,16.708189010620117,34.7886962890625,57.33085250854492
2015-08-26,107.66999816894531,92.44581604003906,20.24580955505371,15.50500774383545,17.550249099731445,35.816375732421875,59.7519645690918
2015-08-27,107.7300033569336,92.4989013671875,21.247190475463867,15.886443138122559,17.95798110961914,36.34164047241211,60.9161491394043
2015-08-28,108.69999694824219,92.77181243896484,21.729705810546875,15.812828063964844,17.993436813354492,36.2655029296875,60.57027053833008
2015-08-31,108.81999969482422,92.05914306640625,21.954442977905273,15.678994178771973,17.829456329345703,36.01428985595703,59.465145111083984
2015-09-01,109.19999694824219,92.7224349975586,21.181089401245117,15.17041015625,17.257740020751953,35.27590560913086,57.90448760986328
2015-09-02,108.62000274658203,91.92467498779297,21.376083374023438,15.377861022949219,17.674339294433594,35.755470275878906,59.09397506713867
2015-09-03,107.83999633789062,92.37295532226562,21.43556785583496,15.46485424041748,17.68763542175293,35.999061584472656,58.672176361083984
2015-09-04,107.48999786376953,93.21637725830078,21.081945419311523,15.157029151916504,17.41728973388672,35.41292190551758,57.93824768066406
2015-09-08,107.5199966430664,91.84107971191406,21.41243553161621,15.545156478881836,17.904796600341797,36.15131759643555,59.557960510253906
2015-09-09,106.12999725341797,92.28176879882812,21.009241104125977,15.33101749420166,17.669904708862305,35.55755615234375,58.63843536376953
2015-09-10,106.37999725341797,91.65872192382812,21.131515502929688,15.404630661010742,17.847183227539062,35.618446350097656,59.203643798828125
2015-09-11,106.16000366210938,92.23616790771484,20.94314956665039,15.47154712677002,17.931392669677734,35.85441970825195,59.58325958251953
2015-09-14,106.22000122070312,92.38052368164062,20.761369705200195,15.438089370727539,17.887073516845703,35.74025344848633,59.397682189941406
2015-09-15,105.9000015258789,90.61013793945312,20.99271583557129,15.658918380737305,18.11752700805664,36.16655349731445,60.24970626831055
2015-09-16,107.30999755859375,90.26822662353516,21.58759117126465,15.759295463562012,18.192867279052734,36.577606201171875,60.41841506958008
2015-09-17,108.41000366210938,91.3699722290039,21.574373245239258,15.53846263885498,18.068777084350586,36.577606201171875,60.96676254272461
2015-09-18,109.20999908447266,92.77568054199219,21.007734298706055,15.237874984741211,17.834165573120117,36.15468978881836,60.036285400390625
2015-09-21,108.52999877929688,91.26355743408203,21.12759017944336,15.412714004516602,18.012239456176758,36.42285919189453,59.240421295166016
2015-09-22,107.79000091552734,92.5324935913086,20.904525756835938,15.21769905090332,17.709516525268555,36.02444839477539,58.87635803222656
2015-09-23,108.22000122070312,92.5249252319336,20.63485336303711,15.2244291305542,17.754030227661133,36.08574295043945,58.81709289550781
2015-09-24,110.48999786376953,93.15559387207031,20.724748611450195,15.116840362548828,17.754030227661133,36.14704132080078,58.21596908569336
2015-09-25,109.80999755859375,92.35014343261719,20.764698028564453,15.338750839233398,17.722864151000977,36.37687683105469,56.624271392822266
2015-09-28,108.41999816894531,93.93063354492188,19.935710906982422,14.982343673706055,17.317750930786133,35.84056854248047,54.431427001953125
2015-09-29,107.9800033569336,94.19654846191406,19.905744552612305,15.00924301147461,17.242063522338867,35.82524108886719,54.93095779418945
2015-09-30,106.86000061035156,93.86981964111328,20.37516975402832,15.237874984741211,17.584863662719727,36.15468978881836,56.073944091796875
2015-10-01,106.7300033569336,94.27033996582031,20.415119171142578,15.244601249694824,17.593759536743164,36.15468978881836,56.641204833984375
2015-10-02,108.98999786376953,94.8414077758789,21.257429122924805,15.264775276184082,17.843067169189453,36.6526985168457,57.818058013916016
2015-10-05,108.7699966430664,93.5545654296875,21.899980545043945,15.587552070617676,18.194761276245117,37.280941009521484,57.97043991088867
2015-10-06,109.86000061035156,93.9581298828125,22.38605499267578,15.513585090637207,18.217023849487305,37.02811813354492,56.607337951660156
2015-10-07,109.69999694824219,93.64594268798828,22.669044494628906,15.634628295898438,18.30160903930664,37.36521911621094,57.51325988769531
2015-10-08,109.13999938964844,92.86167907714844,23.101842880249023,15.728767395019531,18.38619041442871,37.80957794189453,57.68256378173828
2015-10-09,110.87000274658203,93.10531616210938,22.952030181884766,15.627899169921875,18.466327667236328,37.893863677978516,57.94504165649414
2015-10-12,111.30999755859375,93.81346893310547,22.65572738647461,15.641348838806152,18.488582611083984,37.99346160888672,58.097434997558594
2015-10-13,111.86000061035156,93.9734115600586,22.419343948364258,15.520305633544922,18.448516845703125,37.76361846923828,57.36931610107422
2015-10-14,113.80999755859375,94.79568481445312,22.61244773864746,15.392539978027344,18.412904739379883,37.326904296875,57.25926208496094
2015-10-15,113.29000091552734,94.33130645751953,23.018617630004883,15.742220878601074,18.648855209350586,37.66401290893555,58.5377082824707
2015-10-16,112.48999786376953,94.36167907714844,23.048585891723633,15.836360931396484,18.684467315673828,38.024105072021484,59.062625885009766
2015-10-19,112.0199966430664,94.10279846191406,22.592472076416016,15.822916030883789,18.755704879760742,38.192649841308594,59.27431106567383
2015-10-20,112.7300033569336,93.5241470336914,22.65572738647461,15.917055130004883,18.706724166870117,38.169677734375,58.34296798706055
2015-10-21,111.7300033569336,94.4530258178711,22.376062393188477,15.802738189697266,18.564273834228516,38.177337646484375,57.818058013916016
2015-10-22,111.69000244140625,94.61296081542969,22.778907775878906,16.05826759338379,18.982742309570312,38.935829162597656,57.47090148925781
2015-10-23,111.5,93.80582427978516,22.725635528564453,16.23310661315918,19.51251983642578,38.874542236328125,58.69857406616211
2015-10-26,111.43000030517578,94.43020629882812,22.16965103149414,16.16587257385254,19.43683624267578,38.79791259765625,58.92716979980469
2015-10-27,111.68000030517578,94.666259765625,21.9033145904541,16.07172393798828,19.32553482055664,38.851539611816406,60.010902404785156
2015-10-28,110.77999877929688,94.28557586669922,22.389379501342773,16.44829750061035,19.61490821838379,38.62936782836914,60.510406494140625
2015-10-29,109.72000122070312,92.78556060791016,22.50257682800293,16.428125381469727,19.561485290527344,38.64470291137695,60.781349182128906
2015-10-30,109.30000305175781,93.48609924316406,22.649066925048828,16.192764282226562,19.432388305664062,38.21565246582031,60.400333404541016
2015-11-02,108.58999633789062,93.05645751953125,23.178415298461914,16.414676666259766,19.606002807617188,38.445499420166016,61.6872673034668
2015-11-03,106.9800033569336,92.29337310791016,23.771024703979492,16.44156837463379,19.708402633666992,38.2616081237793,61.46713638305664
2015-11-04,105.97000122070312,92.40019226074219,23.557958602905273,16.394502639770508,19.730661392211914,38.100711822509766,61.196189880371094
2015-11-05,105.63999938964844,92.15606689453125,23.358198165893555,16.461746215820312,19.672780990600586,38.09306716918945,61.00146484375
2015-11-06,104.0999984741211,90.80536651611328,23.238353729248047,16.62986183166504,19.739564895629883,37.6793327331543,60.74746322631836
2015-11-09,104.4000015258789,90.2941665649414,23.008630752563477,16.44829750061035,19.548133850097656,37.42650604248047,60.28179931640625
2015-11-10,104.18000030517578,90.56121063232422,23.05857276916504,16.52227210998535,19.41902732849121,37.52610397338867,60.688209533691406
2015-11-11,103.83000183105469,90.37043762207031,22.569162368774414,16.468473434448242,19.410127639770508,37.47246170043945,60.08707809448242
2015-11-12,103.8499984741211,90.80536651611328,22.056455612182617,16.219667434692383,19.240951538085938,36.966819763183594,59.04570007324219
2015-11-13,103.55999755859375,91.32426452636719,21.966562271118164,16.085174560546875,18.862545013427734,36.64502716064453,58.90177536010742
2015-11-16,103.70999908447266,91.24037170410156,22.69900894165039,16.280183792114258,19.151912689208984,37.273277282714844,59.63836669921875
2015-11-17,102.33999633789062,91.39295196533203,22.449310302734375,16.246562957763672,19.15636444091797,37.25796127319336,59.89234924316406
2015-11-18,102.43000030517578,91.58370208740234,22.818862915039062,16.535720825195312,19.445743560791016,37.771270751953125,61.06074523925781
2015-11-19,103.55999755859375,92.1941909790039,22.512571334838867,16.562612533569336,19.53477668762207,37.87087631225586,60.036285400390625
2015-11-20,103.08999633789062,91.91184997558594,22.272857666015625,16.58951759338379,19.677230834960938,37.60271453857422,60.552738189697266
2015-11-23,102.26000213623047,92.1941909790039,22.43266487121582,16.52227210998535,19.561485290527344,37.93216323852539,60.400333404541016
2015-11-24,102.94000244140625,92.18656921386719,22.912076950073242,16.47519874572754,19.565940856933594,38.031761169433594,60.58659362792969
2015-11-25,102.45999908447266,92.40019226074219,22.725635528564453,16.488643646240234,19.503610610961914,38.13136291503906,60.91679382324219
2015-11-27,101.25,92.30866241455078,22.562511444091797,16.528995513916016,19.548133850097656,38.276939392089844,61.03535079956055
2015-11-30,101.91999816894531,92.67494201660156,22.645732879638672,16.51554298400879,19.57039451599121,37.86321258544922,60.20561981201172
2015-12-01,102.27999877929688,93.92674255371094,22.82552146911621,16.697113037109375,19.7440128326416,38.18499755859375,61.22161102294922
2015-12-02,100.69000244140625,93.95733642578125,22.119714736938477,16.50210189819336,19.619361877441406,37.99346160888672,60.70513153076172
2015-12-03,101.76000213623047,91.4032211303711,21.676918029785156,16.23310661315918,19.365604400634766,37.794254302978516,59.375892639160156
2015-12-04,104.0199966430664,92.20620727539062,21.540414810180664,16.663482666015625,19.84195327758789,38.64470291137695,60.772865295410156
2015-12-07,102.66999816894531,93.10084533691406,20.721418380737305,16.508821487426758,19.7440128326416,38.75194549560547,60.434234619140625
2015-12-08,102.83999633789062,93.146728515625,20.508346557617188,16.30036163330078,19.695043563842773,38.65235137939453,60.56965255737305
2015-12-09,102.63999938964844,93.04730224609375,20.778013229370117,16.112070083618164,19.405670166015625,38.28459167480469,59.9600715637207
2015-12-10,102.55000305175781,93.16966247558594,20.91118621826172,16.125516891479492,19.459091186523438,38.33056640625,60.4088020324707
2015-12-11,103.11000061035156,94.63786315917969,20.12880516052246,15.769118309020996,19.05397605895996,37.909183502197266,59.519832611083984
2015-12-14,101.79000091552734,93.41436767578125,20.235340118408203,15.802738189697266,19.200889587402344,38.28459167480469,59.909278869628906
2015-12-15,101.5199966430664,92.86377716064453,20.744722366333008,16.172597885131836,19.28546905517578,38.529762268066406,60.688209533691406
2015-12-16,102.75,92.6649398803711,20.608224868774414,16.434850692749023,19.548133850097656,39.27293395996094,61.47559356689453
2015-12-17,100.5,93.71259307861328,20.102169036865234,16.199491500854492,19.240951538085938,38.76728057861328,60.81520462036133
2015-12-18,102.04000091552734,94.23258972167969,19.750099182128906,15.766422271728516,18.867799758911133,38.08037567138672,59.933502197265625
2015-12-21,103.1500015258789,94.20966339111328,19.770259857177734,15.922054290771484,19.06019401550293,38.5125846862793,60.477657318115234
2015-12-22,102.61000061035156,93.52908325195312,20.002056121826172,16.070920944213867,19.198894500732422,39.01424789428711,60.88579177856445
2015-12-23,102.30999755859375,92.82557678222656,20.872150421142578,16.26038932800293,19.359966278076172,39.299800872802734,61.54045867919922
2015-12-24,103.05000305175781,93.35738372802734,20.68402862548828,16.246854782104492,19.351022720336914,39.2612190246582,61.599979400634766
2015-12-28,102.2699966430664,93.63324737548828,20.307769775390625,16.233327865600586,19.33759307861328,39.20719528198242,61.310882568359375
2015-12-29,102.19999694824219,92.07765197753906,20.448862075805664,16.402496337890625,19.60157585144043,39.546783447265625,62.05910110473633
2015-12-30,101.41999816894531,91.9857177734375,20.17338752746582,16.287456512451172,19.43603515625,39.40787124633789,61.795528411865234
2015-12-31,101.45999908447266,92.39954376220703,20.264097213745117,16.125062942504883,19.163105010986328,38.96794509887695,61.24285888671875
2016-01-04,102.88999938964844,93.06620025634766,20.25737762451172,15.813788414001465,18.912548065185547,38.47398376464844,60.137569427490234
2016-01-05,103.18000030517578,92.69072723388672,20.334644317626953,15.874683380126953,18.863332748413086,38.720951080322266,60.426639556884766
2016-01-06,104.66999816894531,93.93973541259766,19.551895141601562,15.63107967376709,18.630666732788086,38.58976364135742,59.933502197265625
2016-01-07,106.1500015258789,94.10836029052734,19.074851989746094,15.191251754760742,18.080341339111328,38.126686096191406,58.717674255371094
2016-01-08,105.68000030517578,94.52980041503906,18.829620361328125,14.954416275024414,17.937158584594727,37.83340072631836,57.833404541015625
2016-01-11,104.73999786376953,93.4952621459961,18.426485061645508,14.97471809387207,18.05349349975586,38.18843078613281,57.14470291137695
2016-01-12,104.20999908447266,94.8439712524414,18.47015380859375,15.089749336242676,18.26825523376465,38.39681625366211,57.87590789794922
2016-01-13,104.72000122070312,95.77886962890625,18.026714324951172,14.697283744812012,17.77608871459961,37.694480895996094,56.15842819213867
2016-01-14,103.0199966430664,94.88230895996094,18.802745819091797,14.825849533081055,18.111658096313477,37.87199401855469,57.66336441040039
2016-01-15,104.08000183105469,96.36123657226562,18.258514404296875,14.494279861450195,17.601594924926758,37.2777099609375,56.85563659667969
2016-01-19,103.9800033569336,96.06234741210938,17.865455627441406,14.487515449523926,17.6195011138916,37.72536087036133,56.84712600708008
2016-01-20,105.37000274658203,97.07392883300781,17.391782760620117,14.203315734863281,17.48079490661621,37.25454330444336,56.95766067504883
2016-01-21,105.48999786376953,96.41488647460938,17.932649612426758,14.142412185668945,17.579221725463867,37.40119171142578,56.787628173828125
2016-01-22,105.0,96.04705047607422,18.725475311279297,14.399547576904297,18.066917419433594,38.04179000854492,57.68885803222656
2016-01-25,106.08000183105469,96.56816864013672,17.852022171020508,14.108576774597168,17.85662841796875,37.70219421386719,57.15321731567383
2016-01-26,107.29000091552734,96.61414337158203,18.527267456054688,14.345413208007812,18.031126022338867,38.049495697021484,57.586830139160156
2016-01-27,107.69000244140625,96.59114837646484,18.439922332763672,14.291276931762695,17.65976333618164,38.010902404785156,56.93215560913086
2016-01-28,106.54000091552734,96.72907257080078,19.000951766967773,14.298047065734863,17.887943267822266,38.39681625366211,55.60579299926758
2016-01-29,106.94999694824219,97.54900360107422,19.55525779724121,14.697283744812012,18.451702117919922,39.17631912231445,56.51552200317383
2016-02-01,108.05000305175781,97.25031280517578,19.22939109802246,14.636383056640625,18.51880645751953,39.307533264160156,56.60055160522461
2016-02-02,108.08999633789062,99.05452728271484,18.58774185180664,14.230380058288574,18.187725067138672,38.805850982666016,55.78433609008789
2016-02-03,109.25,98.23301696777344,19.24954605102539,14.243913650512695,18.165348052978516,38.720951080322266,56.14994812011719
2016-02-04,110.56999969482422,98.70903015136719,19.239465713500977,14.365714073181152,18.183246612548828,38.365928649902344,55.84383773803711
2016-02-05,112.31999969482422,98.82423400878906,18.792661666870117,14.17624568939209,17.673189163208008,38.304203033447266,54.75553512573242
2016-02-08,113.83000183105469,100.95091247558594,18.69523811340332,13.817610740661621,17.418148040771484,38.203861236572266,54.007320404052734
2016-02-09,113.58000183105469,101.05831909179688,18.24507713317871,13.797309875488281,17.337608337402344,38.45855712890625,54.40694046020508
2016-02-10,114.45999908447266,101.94892120361328,18.171165466308594,13.722875595092773,17.364463806152344,38.41224670410156,54.89157485961914
2016-02-11,119.05999755859375,102.66293334960938,18.093900680541992,13.30334186553955,17.32866668701172,38.103519439697266,54.007320404052734
2016-02-12,118.36000061035156,100.95854949951172,18.570934295654297,13.86497688293457,17.570268630981445,38.643795013427734,54.73004150390625
2016-02-16,114.7699966430664,99.89137268066406,18.755712509155273,14.088279724121094,17.88347053527832,38.9525032043457,55.75883102416992
2016-02-17,115.4800033569336,99.27716064453125,19.370479583740234,14.277746200561523,18.250356674194336,39.35383605957031,56.46452331542969
2016-02-18,118.29000091552734,100.49789428710938,19.128602981567383,14.196548461914062,18.17876625061035,39.17631912231445,56.11593246459961
2016-02-19,117.58000183105469,100.58232879638672,19.084936141967773,14.196548461914062,18.19219398498535,39.238067626953125,56.05640411376953
2016-02-22,115.48999786376953,100.52861022949219,19.572046279907227,14.419843673706055,18.433805465698242,39.4310188293457,56.85563659667969
2016-02-23,117.22000122070312,100.9355239868164,18.903520584106445,14.162710189819336,18.14297866821289,39.42329025268555,56.430511474609375
2016-02-24,117.61000061035156,100.73590850830078,19.095014572143555,14.128877639770508,18.281679153442383,39.546783447265625,56.6175651550293
2016-02-25,117.91999816894531,101.09676361083984,19.1118106842041,14.325112342834473,18.509862899780273,39.99442672729492,57.323265075683594
2016-02-26,117.11000061035156,100.12167358398438,19.226030349731445,14.426615715026855,18.460651397705078,39.4310188293457,57.22123336791992
2016-02-29,118.63999938964844,100.55933380126953,19.007667541503906,14.270977973937988,18.330900192260742,39.299800872802734,56.31148147583008
2016-03-01,117.7699966430664,98.78858184814453,19.50486183166504,14.751418113708496,18.876750946044922,39.67798614501953,57.518829345703125
2016-03-02,118.68000030517578,99.19628143310547,19.981901168823242,14.913814544677734,18.93044662475586,39.79376983642578,57.61233901977539
2016-03-03,120.7300033569336,99.55782318115234,20.28424644470215,15.015315055847168,18.93044662475586,39.99442672729492,57.45079803466797
2016-03-04,120.54000091552734,98.91936492919922,20.479095458984375,15.07621955871582,18.97966194152832,40.164222717285156,57.314754486083984
2016-03-07,121.13999938964844,98.88867950439453,20.959489822387695,15.069446563720703,18.863332748413086,39.9172477722168,57.773887634277344
2016-03-08,120.58000183105469,99.98089599609375,20.079322814941406,14.825849533081055,18.746992111206055,40.03301239013672,57.068180084228516
2016-03-09,119.58000183105469,99.37324523925781,20.405195236206055,14.846149444580078,18.908071517944336,40.33402633666992,57.17022705078125
2016-03-10,121.5,98.96553802490234,20.421985626220703,14.83261775970459,18.890174865722656,40.349449157714844,57.20424270629883
2016-03-11,119.41000366210938,97.96558380126953,20.949420928955078,15.21831226348877,19.18099594116211,40.48065948486328,58.31805419921875
2016-03-14,117.87000274658203,98.27324676513672,20.811681747436523,15.170950889587402,19.203365325927734,40.457496643066406,58.071495056152344
2016-03-15,117.95999908447266,98.36554718017578,20.771371841430664,15.164186477661133,19.27495765686035,40.55784225463867,57.17022705078125
2016-03-16,120.58999633789062,98.65785217285156,21.130823135375977,15.130350112915039,19.49867057800293,40.65045166015625,57.03418731689453
2016-03-17,120.12999725341797,99.06555938720703,21.419740676879883,15.313051223754883,19.57025909423828,40.89742660522461,56.37099838256836
2016-03-18,119.80000305175781,99.27320861816406,21.481313705444336,15.44898509979248,19.601730346679688,40.84390640258789,57.03399658203125
2016-03-21,118.95999908447266,98.51171112060547,21.40688705444336,15.421798706054688,19.669189453125,40.867183685302734,57.36677551269531
2016-03-22,119.30999755859375,98.48860168457031,21.28845977783203,15.374223709106445,19.673681259155273,40.626678466796875,57.9384880065918
2016-03-23,116.61000061035156,99.6039810180664,20.821550369262695,15.258674621582031,19.561262130737305,40.63444519042969,57.52891540527344
2016-03-24,116.33000183105469,99.6424331665039,20.92305564880371,15.163520812988281,19.615224838256836,40.58790588378906,57.50331115722656
2016-03-28,116.5999984741211,99.77322387695312,20.811399459838867,15.211095809936523,19.565757751464844,40.805110931396484,57.3411979675293
2016-03-29,118.76000213623047,100.81935119628906,20.909521102905273,15.23829174041748,19.871545791625977,41.107662200927734,58.006752014160156
2016-03-30,117.0999984741211,99.75784301757812,20.95012092590332,15.326648712158203,19.988460540771484,41.379180908203125,58.01528549194336
2016-03-31,117.63999938964844,100.46549987792969,20.939970016479492,15.292662620544434,19.94799041748047,41.161964416503906,57.83607864379883
2016-04-01,116.93000030517578,100.7275390625,20.659149169921875,15.428605079650879,20.10088348388672,41.59638977050781,58.493133544921875
2016-04-04,116.1500015258789,100.78921508789062,20.50689125061035,15.35383415222168,20.02444076538086,41.611907958984375,59.19282531738281
2016-04-05,117.66000366210938,101.8914566040039,20.36817169189453,15.136332511901855,19.831069946289062,41.3326301574707,58.42486572265625
2016-04-06,116.94000244140625,101.1514892578125,20.808015823364258,15.217896461486816,20.02444076538086,41.6584587097168,59.994911193847656
2016-04-07,118.61000061035156,102.40020751953125,20.686214447021484,14.9324312210083,19.736637115478516,41.20851135253906,59.33788299560547
2016-04-08,118.43000030517578,101.75269317626953,21.102373123168945,14.986809730529785,19.736637115478516,41.43349075317383,59.17575454711914
2016-04-11,120.02999877929688,101.62166595458984,21.014408111572266,15.047978401184082,19.68267250061035,41.138694763183594,58.723514556884766
2016-04-12,120.05000305175781,100.92022705078125,21.64034080505371,15.23829174041748,19.817577362060547,41.394691467285156,59.201377868652344
2016-04-13,118.7699966430664,101.2747802734375,21.741840362548828,15.584921836853027,20.01993751525879,41.076629638671875,59.75600814819336
2016-04-14,117.11000061035156,100.78921508789062,21.792593002319336,15.618903160095215,20.015439987182617,40.89043426513672,59.790130615234375
2016-04-15,117.91999816894531,101.6524887084961,21.49823570251465,15.564530372619629,19.938997268676758,41.14644241333008,59.747474670410156
2016-04-18,117.73999786376953,101.21315002441406,21.853490829467773,15.680075645446777,20.02444076538086,41.379180908203125,60.30208969116211
2016-04-19,119.58000183105469,100.89713287353516,22.289953231811523,15.877182960510254,19.912010192871094,41.355899810791016,60.515445709228516
2016-04-20,118.97000122070312,99.78713989257812,22.489580154418945,15.999524116516113,19.952484130859375,40.89043426513672,60.83967208862305
2016-04-21,119.41999816894531,99.19365692138672,22.35762596130371,15.85678768157959,19.880538940429688,40.16123962402344,61.19804763793945
2016-04-22,117.88999938964844,98.93925476074219,22.68242835998535,16.00632095336914,19.534284591674805,40.308624267578125,61.32604217529297
2016-04-25,118.2300033569336,98.53077697753906,22.428678512573242,15.972332954406738,19.538782119750977,40.58790588378906,61.087120056152344
2016-04-26,118.69999694824219,98.08377075195312,22.78731346130371,16.074283599853516,19.4443416595459,40.424991607666016,60.85673522949219
2016-04-27,119.04000091552734,99.06260681152344,23.220386505126953,16.101470947265625,19.35440444946289,40.618919372558594,60.78849792480469
2016-04-28,121.29000091552734,99.47115325927734,22.875280380249023,15.931556701660156,19.1115779876709,40.65773010253906,60.498374938964844
2016-04-29,123.6500015258789,99.72553253173828,22.838069915771484,15.843202590942383,18.94520378112793,40.57236862182617,59.55121612548828
2016-05-02,123.23999786376953,98.72150421142578,22.814382553100586,15.985929489135742,19.0846004486084,41.037841796875,59.892513275146484
2016-05-03,122.95999908447266,99.96495056152344,22.276411056518555,15.782025337219238,18.909221649169922,40.96027374267578,59.70479965209961
2016-05-04,122.20999908447266,100.5132827758789,21.954994201660156,15.659685134887695,18.85075569152832,41.08439254760742,59.13311004638672
2016-05-05,122.06999969482422,101.18521881103516,22.134313583374023,15.6528902053833,18.859756469726562,41.0921516418457,59.380531311035156
2016-05-06,123.18000030517578,100.75272369384766,22.083568572998047,15.720855712890625,18.999155044555664,41.30160903930664,59.03071975708008
2016-05-09,120.6500015258789,101.06941986083984,21.76214027404785,15.680075645446777,18.999155044555664,41.526573181152344,59.70479965209961
2016-05-10,120.9800033569336,101.0771484375,22.144466400146484,15.904367446899414,19.246482849121094,41.93773651123047,60.20824432373047
2016-05-11,122.12000274658203,101.64864349365234,22.212139129638672,15.734448432922363,19.107084274291992,41.6041374206543,59.482933044433594
2016-05-12,121.16000366210938,101.18521881103516,22.273038864135742,15.74124813079834,19.053117752075195,41.82911682128906,59.13311004638672
2016-05-13,121.70999908447266,102.16614532470703,21.98882484436035,15.550938606262207,18.98116683959961,41.30160903930664,58.99657440185547
2016-05-16,121.80000305175781,101.2856216430664,22.36100196838379,15.632495880126953,19.246482849121094,41.56535720825195,59.79866409301758
2016-05-17,122.22000122070312,101.45555877685547,22.465890884399414,15.54414176940918,19.053117752075195,40.75080490112305,59.17575454711914
2016-05-18,120.0999984741211,100.01128387451172,22.249357223510742,15.816015243530273,19.089088439941406,40.27759552001953,59.423213958740234
2016-05-19,119.87000274658203,100.44380187988281,22.252729415893555,15.666481018066406,18.985666275024414,40.67322540283203,58.919769287109375
2016-05-20,119.70999908447266,100.52102661132812,22.384695053100586,15.775229454040527,19.21500587463379,40.46377182006836,59.46589660644531
2016-05-23,119.37000274658203,100.74497985839844,22.327165603637695,15.761632919311523,19.179025650024414,40.5025749206543,59.2269401550293
2016-05-24,117.30000305175781,100.29704284667969,22.438827514648438,15.999524116516113,19.538782119750977,40.84390640258789,60.08026123046875
2016-05-25,116.9800033569336,99.9185791015625,22.79408836364746,16.1694393157959,19.673681259155273,40.90596389770508,60.45573043823242
2016-05-26,116.58000183105469,100.43605041503906,22.699342727661133,16.074283599853516,19.736637115478516,41.068870544433594,60.46422576904297
2016-05-27,115.62000274658203,100.289306640625,22.712881088256836,16.18303108215332,19.831069946289062,41.115421295166016,60.737281799316406
2016-05-31,116.05999755859375,100.52873992919922,22.62491798400879,16.14225196838379,19.871545791625977,40.85165023803711,60.88234329223633
2016-06-01,115.94000244140625,100.93658447265625,22.63167953491211,16.176240921020508,19.822078704833984,41.270572662353516,61.10422134399414
2016-06-02,115.66999816894531,101.66411590576172,22.60123062133789,16.210220336914062,19.804086685180664,41.28608703613281,61.88922882080078
2016-06-03,118.87999725341797,103.1113510131836,22.513261795043945,15.97913646697998,19.75912094116211,41.54985046386719,61.68444061279297
2016-06-06,118.91999816894531,102.34519958496094,23.010623931884766,16.074283599853516,19.79509925842285,41.59638977050781,62.01721954345703
2016-06-07,118.81999969482422,102.59282684326172,23.53166961669922,16.040302276611328,19.876041412353516,41.54985046386719,61.63325500488281
2016-06-08,120.58000183105469,103.14234924316406,23.4775390625,16.053895950317383,19.91651725769043,41.798091888427734,61.846588134765625
2016-06-09,121.25,103.80794525146484,23.298215866088867,15.938350677490234,19.921010971069336,41.96099090576172,61.744163513183594
2016-06-10,121.73999786376953,104.31098937988281,22.79408836364746,15.74124813079834,19.768117904663086,41.992034912109375,61.2492561340332
2016-06-13,122.63999938964844,104.77532196044922,22.726415634155273,15.632495880126953,19.547773361206055,41.642940521240234,60.76287078857422
2016-06-14,122.7699966430664,104.69795989990234,22.712881088256836,15.401411056518555,19.592737197875977,41.80583953857422,60.85673522949219
2016-06-15,123.68000030517578,105.10041809082031,22.65874481201172,15.421798706054688,19.543275833129883,41.68172836303711,60.43864059448242
2016-06-16,122.37999725341797,105.61116790771484,22.550479888916016,15.462578773498535,19.583749771118164,41.89894104003906,60.65193557739258
2016-06-17,123.94999694824219,104.95337677001953,22.780698776245117,15.449599266052246,19.453155517578125,41.72958755493164,60.02225875854492
2016-06-20,123.20999908447266,103.83108520507812,22.978227615356445,15.538427352905273,19.53449249267578,41.86226272583008,60.399234771728516
2016-06-21,120.83999633789062,103.35128784179688,23.250694274902344,15.627254486083984,19.670059204101562,41.97151184082031,60.19361114501953
2016-06-22,120.9000015258789,103.52154541015625,23.121273040771484,15.613593101501465,19.602266311645508,41.99493408203125,60.364952087402344
2016-06-23,120.11000061035156,102.33741760253906,23.502710342407227,15.94157600402832,19.868886947631836,42.252471923828125,61.15316390991211
2016-06-24,126.0,105.08489227294922,22.743236541748047,15.087443351745605,19.105215072631836,41.44082260131836,59.37972640991211
2016-06-27,126.68000030517578,107.70852661132812,22.01441764831543,14.656966209411621,18.721115112304688,41.3549690246582,58.58295440673828
2016-06-28,125.31999969482422,107.93296813964844,22.6274471282959,15.032777786254883,19.09165382385254,41.612525939941406,59.722408294677734
2016-06-29,125.83999633789062,107.10487365722656,23.05655860900879,15.374435424804688,19.385379791259766,42.09638595581055,60.861854553222656
2016-06-30,126.47000122070312,107.49959564208984,23.240468978881836,15.6204252243042,19.59775161743164,43.04070281982422,61.43587112426758
2016-07-01,128.41000366210938,108.99217224121094,23.36307716369629,15.538427352905273,19.642942428588867,42.83778762817383,61.82139587402344
2016-07-05,129.47000122070312,110.35675048828125,22.89309310913086,15.306105613708496,19.498342514038086,43.07972717285156,61.761436462402344
2016-07-06,130.22999572753906,110.53511047363281,22.99184799194336,15.347102165222168,19.63390350341797,43.11874771118164,62.455379486083984
2016-07-07,129.74000549316406,110.52731323242188,22.75686264038086,15.367598533630371,19.63390350341797,43.032894134521484,62.36112976074219
2016-07-08,130.52000427246094,111.34149932861328,23.059967041015625,15.661421775817871,19.941177368164062,43.46213912963867,63.13218307495117
2016-07-11,129.2899932861328,110.36449432373047,23.10424041748047,15.750250816345215,20.05866050720215,43.46995162963867,62.96083450317383
2016-07-12,127.1500015258789,108.55021667480469,23.676401138305664,15.948416709899902,20.221338272094727,43.23581314086914,63.269264221191406
2016-07-13,128.32000732421875,109.82952880859375,23.47205924987793,15.948416709899902,20.22585678100586,43.47774887084961,63.243553161621094
2016-07-14,127.33000183105469,108.23237609863281,23.591266632080078,16.09874153137207,20.356897354125977,43.46995162963867,63.51768493652344
2016-07-15,126.83999633789062,107.30183410644531,23.577634811401367,16.071409225463867,20.338823318481445,43.46995162963867,63.4663200378418
2016-07-18,127.04000091552734,107.20106506347656,23.594661712646484,16.126070022583008,20.47439193725586,43.42311477661133,63.49201583862305
2016-07-19,127.20999908447266,107.80584716796875,23.461841583251953,16.132905960083008,20.429201126098633,43.39189910888672,63.35491943359375
2016-07-20,125.38999938964844,107.2165756225586,23.427785873413086,16.160234451293945,20.69580841064453,43.23581314086914,63.92893981933594
2016-07-21,127.30000305175781,107.43363189697266,23.196195602416992,16.0782413482666,20.587360382080078,43.11094665527344,64.1174087524414
2016-07-22,126.3499984741211,107.61972045898438,23.267715454101562,16.180736541748047,20.70936393737793,43.3138427734375,64.24591064453125
2016-07-25,125.47000122070312,107.542236328125,22.804542541503906,16.146575927734375,20.682252883911133,43.267024993896484,64.17740631103516
2016-07-26,126.0,107.7127685546875,22.937362670898438,16.160234451293945,20.727432250976562,42.93143844604492,64.06602478027344
2016-07-27,128.02999877929688,109.05416107177734,22.71259117126465,16.153400421142578,20.89914321899414,42.29148483276367,64.35729217529297
2016-07-28,127.66000366210938,108.8525619506836,22.715993881225586,16.18756866455078,20.912704467773438,42.478790283203125,64.2973403930664
2016-07-29,128.97999572753906,109.75978088378906,22.947574615478516,16.160234451293945,20.98952865600586,42.689517974853516,64.42583465576172
2016-08-01,129.22000122070312,108.56969451904297,22.19151496887207,16.119237899780273,21.030197143554688,42.736328125,64.83707427978516
2016-08-02,130.27000427246094,107.451171875,22.392452239990234,15.982576370239258,20.872034072875977,42.67389678955078,64.58861541748047
2016-08-03,129.64999389648438,107.5132827758789,22.82497787475586,16.146575927734375,20.944339752197266,42.43976974487305,64.40869903564453
2016-08-04,129.8699951171875,108.32117462158203,22.79092025756836,16.105567932128906,21.057302474975586,42.53343200683594,64.31446075439453
2016-08-05,127.55000305175781,107.1948471069336,22.9986629486084,16.413061141967773,21.260643005371094,42.60366439819336,64.46868133544922
2016-08-08,127.44000244140625,107.39678955078125,23.305179595947266,16.433561325073242,21.25613021850586,42.55684280395508,63.92036819458008
2016-08-09,127.95999908447266,108.45319366455078,23.182579040527344,16.447223663330078,21.30131721496582,42.689517974853516,64.07456970214844
2016-08-10,128.55999755859375,108.87262725830078,22.93054962158203,16.317399978637695,21.23354148864746,42.8455924987793,63.86039352416992
2016-08-11,127.66999816894531,107.90171813964844,23.267715454101562,16.351564407348633,21.31035614013672,42.8455924987793,64.22879028320312
2016-08-12,127.4000015258789,108.810546875,23.39712905883789,16.303733825683594,21.28776741027832,42.993896484375,64.06602478027344
2016-08-15,127.83999633789062,107.78514099121094,23.584447860717773,16.413061141967773,21.391695022583008,42.88460922241211,64.17740631103516
2016-08-16,128.47000122070312,107.49776458740234,23.62190818786621,16.372060775756836,21.23354148864746,42.69731521606445,63.603397369384766
2016-08-17,128.5,108.14250946044922,23.69342803955078,16.426729202270508,21.22450065612793,42.81437301635742,63.73188781738281
2016-08-18,129.11000061035156,108.31336975097656,24.180444717407227,16.413061141967773,21.23354148864746,42.96266555786133,63.75756072998047
2016-08-19,127.97000122070312,107.74638366699219,23.97951316833496,16.406232833862305,21.247093200683594,42.8612060546875,63.706207275390625
2016-08-22,127.77999877929688,108.6551513671875,23.703651428222656,16.406232833862305,21.247093200683594,42.92363739013672,63.834716796875
2016-08-23,127.76000213623047,108.77172088623047,23.870521545410156,16.426729202270508,21.32390594482422,42.83778762817383,63.89466857910156
2016-08-24,126.33999633789062,108.51538848876953,23.775161743164062,16.419891357421875,21.206418991088867,42.76754379272461,62.892295837402344
2016-08-25,126.2300033569336,108.10369873046875,23.710464477539062,16.45406723022461,21.25160789489746,42.60366439819336,62.36112976074219
2016-08-26,126.05000305175781,107.47447204589844,23.62871551513672,16.474552154541016,21.260643005371094,42.385154724121094,62.601009368896484
2016-08-29,126.30000305175781,108.91152954101562,23.788787841796875,16.618059158325195,21.341991424560547,42.6348762512207,62.73807144165039
2016-08-30,125.02999877929688,108.49207305908203,23.707050323486328,16.768388748168945,21.269685745239258,42.385154724121094,62.52390670776367
2016-08-31,124.77999877929688,108.64739990234375,23.33243179321289,16.78205108642578,21.23354148864746,42.43976974487305,62.335418701171875
2016-09-01,125.29000091552734,108.76725006103516,23.264318466186523,16.713714599609375,21.30131721496582,42.455387115478516,62.17262649536133
2016-09-02,126.56999969482422,107.8801040649414,23.52655029296875,16.788877487182617,21.396217346191406,42.78316116333008,62.24119567871094
2016-09-06,128.7100067138672,108.6660385131836,23.880748748779297,16.761545181274414,21.504661560058594,42.87681579589844,62.46392059326172
2016-09-07,128.27000427246094,108.5882339477539,24.016965866088867,16.754714965820312,21.558879852294922,42.50221252441406,62.46392059326172
2016-09-08,127.58999633789062,107.22647857666016,24.466522216796875,16.74104881286621,21.38265609741211,42.26808547973633,62.51533889770508
2016-09-09,126.75,105.45992279052734,23.73770523071289,16.426729202270508,20.858482360839844,41.120853424072266,61.26451873779297
2016-09-12,126.58999633789062,105.51445007324219,23.97269058227539,16.611215591430664,21.206418991088867,41.89347457885742,62.17262649536133
2016-09-13,125.75,104.31597900390625,23.28814125061035,16.317399978637695,21.05278968811035,41.378395080566406,61.34160614013672
2016-09-14,126.18000030517578,104.47171020507812,23.012287139892578,16.27640151977539,21.152196884155273,41.25352096557617,61.34160614013672
2016-09-15,125.37000274658203,104.0202865600586,23.298368453979492,16.372060775756836,21.500139236450195,41.589111328125,61.975582122802734
2016-09-16,125.05999755859375,104.86073303222656,23.11026954650879,16.216899871826172,21.42119026184082,41.45404052734375,62.01773452758789
2016-09-19,125.31999969482422,104.51834106445312,23.096561431884766,16.320308685302734,21.380352020263672,41.36767578125,61.79412078857422
2016-09-20,125.44000244140625,104.88406372070312,22.928674697875977,16.32875633239746,21.366741180419922,41.47759246826172,61.98332977294922
2016-09-21,127.2699966430664,105.7323226928711,23.459749221801758,16.430177688598633,21.607223510742188,41.705326080322266,62.602577209472656
2016-09-22,127.56999969482422,106.57279205322266,23.48714828491211,16.463979721069336,21.738815307617188,42.07440185546875,63.07560348510742
2016-09-23,127.6500015258789,106.47158813476562,23.175363540649414,16.37946891784668,21.548236846923828,41.88594055175781,62.877777099609375
2016-09-26,127.55000305175781,107.14860534667969,23.072574615478516,16.117462158203125,21.42119026184082,41.532569885253906,62.146751403808594
2016-09-27,126.62000274658203,107.93460845947266,22.918392181396484,16.244232177734375,21.657135009765625,41.705326080322266,62.58536911010742
2016-09-28,126.22000122070312,107.701171875,23.908584594726562,16.320308685302734,21.697969436645508,41.776004791259766,62.490760803222656
2016-09-29,126.06999969482422,107.97354125976562,23.867477416992188,16.09210968017578,21.566390991210938,41.36767578125,61.38991165161133
2016-09-30,125.63999938964844,107.00859832763672,24.192970275878906,16.311851501464844,21.67982292175293,41.78384780883789,62.01773452758789
2016-10-03,125.31999969482422,106.65541076660156,24.175838470458984,16.23578453063965,21.61629867553711,41.51686477661133,61.96614074707031
2016-10-04,120.97000122070312,105.40802001953125,23.929140090942383,16.30340003967285,21.539165496826172,41.163490295410156,61.845741271972656
2016-10-05,120.77999877929688,104.91690063476562,24.295761108398438,16.56540298461914,21.61629867553711,41.124237060546875,62.08655548095703
2016-10-06,119.66000366210938,104.33226013183594,24.333450317382812,16.59075927734375,21.66621208190918,41.2027587890625,61.85432815551758
2016-10-07,119.73999786376953,104.40243530273438,24.192970275878906,16.58230972290039,21.607223510742188,41.092830657958984,61.81132125854492
2016-10-10,120.16000366210938,103.78651428222656,24.573293685913086,16.666818618774414,21.75696563720703,41.092830657958984,62.09515380859375
2016-10-11,119.55000305175781,103.55259704589844,24.29233169555664,16.514694213867188,21.511932373046875,40.880802154541016,60.53847122192383
2016-10-12,119.73999786376953,103.65396118164062,24.189546585083008,16.497791290283203,21.548236846923828,41.108524322509766,60.25465774536133
2016-10-13,120.02999877929688,104.04378509521484,24.055923461914062,16.337209701538086,21.412111282348633,41.11637878417969,60.280460357666016
2016-10-14,119.36000061035156,102.58594512939453,23.915437698364258,16.413270950317383,21.49378776550293,41.124237060546875,59.876224517822266
2016-10-17,119.68000030517578,103.2408447265625,23.798948287963867,16.337209701538086,21.448421478271484,40.92791748046875,59.67842102050781
2016-10-18,120.41999816894531,103.57606506347656,23.894882202148438,16.472436904907227,21.566390991210938,41.05356216430664,60.39226531982422
2016-10-19,121.11000061035156,103.66178894042969,24.234081268310547,16.616117477416992,21.607223510742188,40.81797790527344,60.16863250732422
2016-10-20,120.73999786376953,103.77092742919922,24.206674575805664,16.616117477416992,21.50740623474121,40.7944221496582,60.45245361328125
2016-10-21,120.83000183105469,103.92680358886719,24.049060821533203,16.6076602935791,21.566390991210938,41.0142822265625,59.95363998413086
2016-10-24,120.55999755859375,103.47470092773438,23.977113723754883,16.658376693725586,21.775110244750977,41.28128433227539,59.841819763183594
2016-10-25,121.47000122070312,103.74755859375,23.867477416992188,16.641468048095703,21.697969436645508,41.43049240112305,59.66982650756836
2016-10-26,120.79000091552734,103.04588317871094,23.92228889465332,16.742895126342773,21.575468063354492,41.375518798828125,59.30860137939453
2016-10-27,121.01000213623047,101.9233169555664,23.833209991455078,16.7851505279541,21.548236846923828,41.18705368041992,59.58380126953125
2016-10-28,121.58000183105469,101.69718170166016,23.768108367919922,16.709081649780273,21.52555274963379,41.359798431396484,58.29374313354492
2016-10-31,121.94000244140625,102.32090759277344,23.51114273071289,16.683725357055664,21.516477584838867,41.46189880371094,57.93253707885742
2016-11-01,122.7300033569336,102.32872009277344,23.51456069946289,16.616117477416992,21.330446243286133,41.28128433227539,57.62290573120117
2016-11-02,123.63999938964844,102.77389526367188,23.254169464111328,16.50624656677246,21.194316864013672,41.179203033447266,57.321895599365234
2016-11-03,124.30000305175781,101.98504638671875,23.3466796875,16.52314567565918,20.99013900756836,40.89651107788086,56.78007507324219
2016-11-04,124.38999938964844,102.8989028930664,23.219907760620117,16.472436904907227,20.953838348388672,40.52744674682617,57.17570877075195
2016-11-07,122.1500015258789,102.02405548095703,23.720142364501953,16.886566162109375,21.40757942199707,41.21061706542969,58.63777542114258
2016-11-08,121.63999938964844,101.61003875732422,23.750974655151367,16.895023345947266,21.511932373046875,41.38337707519531,58.801185607910156
2016-11-09,121.55999755859375,97.2985610961914,24.138151168823242,17.613414764404297,21.48472023010254,40.81797790527344,60.873878479003906
2016-11-10,119.75,95.86138916015625,24.240943908691406,18.264198303222656,21.139873504638672,39.726463317871094,61.54471206665039
2016-11-11,117.0999984741211,95.32243347167969,23.798948287963867,18.314912796020508,21.20339584350586,39.68721008300781,60.624473571777344
2016-11-14,116.11000061035156,94.75226593017578,23.932573318481445,18.76285171508789,20.881235122680664,39.61652755737305,60.435264587402344
2016-11-15,117.12000274658203,95.22091674804688,24.60755729675293,18.745946884155273,21.17617416381836,39.85995864868164,60.60725784301758
2016-11-16,116.7699966430664,96.08009338378906,24.436235427856445,18.475496292114258,21.371280670166016,39.86781692504883,60.34926223754883
2016-11-17,116.16999816894531,94.6663589477539,24.271772384643555,18.729049682617188,21.50740623474121,39.797142028808594,60.59006881713867
2016-11-18,115.1500015258789,94.3929672241211,24.371131896972656,18.729049682617188,21.489246368408203,39.655784606933594,59.94504165649414
2016-11-21,115.58000183105469,94.62728881835938,24.950178146362305,18.79666519165039,21.707046508789062,39.922767639160156,60.1600341796875
2016-11-22,115.54000091552734,94.5960693359375,24.936471939086914,18.805110931396484,21.775110244750977,40.126949310302734,59.291412353515625
2016-11-23,113.25,94.22894287109375,25.03926658630371,18.91498374938965,21.68890380859375,39.90707015991211,59.523616790771484
2016-11-25,112.61000061035156,94.36954498291016,24.915916442871094,18.94034194946289,21.779651641845703,40.221187591552734,59.75582504272461
2016-11-28,113.80000305175781,95.06468200683594,24.56985855102539,18.720596313476562,21.797792434692383,40.307559967041016,59.30860137939453
2016-11-29,113.2699966430664,95.46309661865234,24.268342971801758,18.77130889892578,21.8114070892334,40.36252212524414,59.69561767578125
2016-11-30,111.75,93.91653442382812,25.501806259155273,19.024856567382812,21.552778244018555,39.71862030029297,59.127994537353516
2016-12-01,111.54000091552734,92.92491149902344,25.5634765625,19.354475021362305,21.108110427856445,39.4594841003418,58.697975158691406
2016-12-02,112.13999938964844,93.6058120727539,25.638864517211914,19.143184661865234,21.185245513916016,39.71076202392578,58.8355712890625
2016-12-05,111.54000091552734,93.5040512084961,25.864994049072266,19.371381759643555,21.389429092407227,39.75786590576172,58.732364654541016
2016-12-06,111.43000030517578,93.43362426757812,25.817026138305664,19.54041862487793,21.45294761657715,39.87566375732422,58.89577865600586
2016-12-07,111.83000183105469,94.23192596435547,26.02260398864746,19.84467124938965,21.861316680908203,40.44890213012695,58.388362884521484
2016-12-08,111.56999969482422,93.12056732177734,26.163084030151367,20.030622482299805,21.915773391723633,40.28399658203125,58.500160217285156
2016-12-09,110.4000015258789,91.96221923828125,26.245315551757812,20.072872161865234,22.074583053588867,40.8651008605957,59.21398162841797
2016-12-12,110.81999969482422,92.1344223022461,26.368656158447266,19.878480911254883,22.006519317626953,41.03000259399414,59.497825622558594
2016-12-13,110.44999694824219,92.46312713623047,26.6667423248291,19.92919158935547,22.283300399780273,41.218467712402344,59.97944259643555
2016-12-14,108.83000183105469,91.43000793457031,26.132246017456055,19.83622169494629,22.206167221069336,40.77085876464844,59.66982650756836
2016-12-15,107.33999633789062,91.89176177978516,26.19048500061035,20.005260467529297,22.30599021911621,40.94361877441406,60.056846618652344
2016-12-16,108.05000305175781,91.68045806884766,26.353071212768555,19.832908630371094,22.144664764404297,41.177799224853516,60.104339599609375
2016-12-19,108.58999633789062,92.66658020019531,26.23250961303711,19.841402053833008,22.304166793823242,41.25691604614258,59.85385513305664
2016-12-20,107.79000091552734,92.20484924316406,26.173959732055664,20.087614059448242,22.386198043823242,41.177799224853516,59.81062316894531
2016-12-21,107.8499984741211,92.61182403564453,26.215295791625977,20.036672592163086,22.34062957763672,41.169891357421875,59.473758697509766
2016-12-22,107.58999633789062,92.44623565673828,26.322065353393555,19.985729217529297,22.29505157470703,41.10659408569336,59.5515022277832
2016-12-23,107.93000030517578,92.63458251953125,26.297956466674805,20.019697189331055,22.317840576171875,41.185699462890625,60.000694274902344
2016-12-27,108.55999755859375,92.33637237548828,26.356510162353516,20.045162200927734,22.40898895263672,41.177799224853516,60.121639251708984
2016-12-28,108.86000061035156,93.01127624511719,26.07062530517578,19.841402053833008,22.208459854125977,40.92463684082031,59.66379928588867
2016-12-29,110.29000091552734,93.3408203125,26.018962860107422,19.697072982788086,22.2130126953125,41.11450958251953,59.7674674987793
2016-12-30,109.61000061035156,93.48208618164062,25.94318389892578,19.739521026611328,22.03983497619629,40.908817291259766,59.5515022277832
2017-01-03,110.47000122070312,93.88230895996094,26.2359561920166,19.960262298583984,22.235807418823242,41.05912780761719,60.32893371582031
2017-01-04,110.86000061035156,94.24324035644531,26.180849075317383,20.121572494506836,22.31327247619629,41.05912780761719,60.80403137207031
2017-01-05,112.58000183105469,95.71844482421875,26.115407943725586,19.91781234741211,22.3497371673584,41.19362258911133,61.115020751953125
2017-01-06,111.75,94.8396224975586,26.13951301574707,19.985729217529297,22.513811111450195,41.23317337036133,61.287776947021484
2017-01-09,112.66999816894531,95.60078430175781,25.76063346862793,19.849895477294922,22.50925064086914,40.90089797973633,61.546913146972656
2017-01-10,113.1500015258789,95.53802490234375,25.526411056518555,19.892343521118164,22.513811111450195,40.69521713256836,61.76287078857422
2017-01-11,113.5,95.8597412109375,25.801969528198242,20.019697189331055,22.618633270263672,40.774322509765625,61.14094161987305
2017-01-12,113.91000366210938,95.64783477783203,25.695188522338867,19.849895477294922,22.563941955566406,40.734764099121094,61.201393127441406
2017-01-13,114.20999908447266,95.19274139404297,25.61941146850586,19.960262298583984,22.632305145263672,40.75849533081055,61.26185989379883
2017-01-17,115.8499984741211,96.18934631347656,25.777849197387695,19.48481559753418,22.545713424682617,41.33601760864258,60.950897216796875
2017-01-18,114.87000274658203,94.95732116699219,25.71929931640625,19.64613151550293,22.604955673217773,41.47840118408203,60.87315368652344
2017-01-19,114.7699966430664,94.30601501464844,25.57808494567871,19.56122589111328,22.573055267333984,41.32810592651367,60.48443603515625
2017-01-20,115.05000305175781,94.11767578125,25.674528121948242,19.654621124267578,22.696104049682617,41.59709167480469,60.32893371582031
2017-01-23,115.79000091552734,95.05933380126953,25.402416229248047,19.527263641357422,22.73711585998535,41.581268310546875,60.078433990478516
2017-01-24,115.2699966430664,94.4080581665039,25.681407928466797,19.773483276367188,22.878398895263672,41.85814666748047,59.66379928588867
2017-01-25,114.31999969482422,93.22313690185547,25.81574249267578,20.10458755493164,23.09716033935547,41.85023880004883,60.22529602050781
2017-01-26,113.26000213623047,93.53700256347656,25.836406707763672,20.155532836914062,23.033357620239258,41.66828155517578,59.75881576538086
2017-01-27,113.48999786376953,93.87443542480469,25.567737579345703,20.079124450683594,23.124507904052734,41.43886184692383,60.251190185546875
2017-01-30,113.97000122070312,93.59192657470703,25.09930419921875,19.91781234741211,22.937654495239258,41.4072265625,59.95749282836914
2017-01-31,115.55000305175781,94.24324035644531,25.10964012145996,19.79045295715332,22.82371711730957,41.60500717163086,60.91633987426758
2017-02-01,115.19999694824219,93.66049194335938,24.923646926879883,19.81593132019043,22.996896743774414,41.2806282043457,61.443267822265625
2017-02-02,115.83999633789062,93.62122344970703,25.064855575561523,19.739521026611328,22.95132827758789,41.66038131713867,61.42599105834961
2017-02-03,116.12999725341797,93.58186340332031,25.281858444213867,20.13855743408203,23.10172462463379,41.92936325073242,61.69375991821289
2017-02-06,117.69999694824219,94.14805603027344,25.06830596923828,20.045162200927734,23.115392684936523,41.69993209838867,61.76287078857422
2017-02-07,117.45999908447266,94.84014129638672,24.713533401489258,19.994218826293945,23.206541061401367,42.04011154174805,61.82334518432617
2017-02-08,118.19000244140625,96.12983703613281,24.772090911865234,19.858375549316406,23.247554779052734,42.21416091918945,61.728309631347656
2017-02-09,117.29000091552734,95.02099609375,25.051090240478516,20.13006019592285,23.320480346679688,42.38821029663086,61.952919006347656
2017-02-10,117.5999984741211,94.96595001220703,25.240530014038086,20.18949317932129,23.388835906982422,42.41985321044922,62.07386779785156
2017-02-13,116.80000305175781,94.6671142578125,25.28874397277832,20.418725967407227,23.493663787841797,42.41985321044922,62.45393753051758
2017-02-14,116.93000030517578,93.9829330444336,25.371410369873047,20.656455993652344,23.57114028930664,42.42776107788086,62.946319580078125
2017-02-15,117.44999694824219,93.5504150390625,25.271526336669922,20.817766189575195,23.648609161376953,42.8154182434082,63.62872314453125
2017-02-16,118.08000183105469,94.06156158447266,24.927085876464844,20.766822814941406,23.703298568725586,42.87078857421875,63.542327880859375
2017-02-17,117.68000030517578,94.61995697021484,24.789316177368164,20.77531623840332,23.78533363342285,43.084388732910156,63.62872314453125
2017-02-21,117.75,94.45475006103516,24.958084106445312,20.8772029876709,23.90839385986328,43.47203063964844,63.91377258300781
2017-02-22,117.91000366210938,94.61209106445312,24.57920265197754,20.89417839050293,23.935739517211914,43.479942321777344,63.81876754760742
2017-02-23,118.94000244140625,94.89517211914062,24.682537078857422,20.89417839050293,23.93117904663086,43.58280944824219,64.28522491455078
2017-02-24,119.69999694824219,95.94893646240234,24.451766967773438,20.732858657836914,23.985872268676758,43.73311233520508,64.59619140625
2017-02-27,119.12000274658203,95.38274383544922,24.6618709564209,20.84323501586914,23.972192764282227,43.53532409667969,64.90716552734375
2017-02-28,119.2300033569336,95.73664093017578,24.586090087890625,20.834741592407227,23.858259201049805,43.5907096862793,64.777587890625
2017-03-01,119.05999755859375,94.13245391845703,25.078641891479492,21.429048538208008,24.19550895690918,43.7963981628418,65.42545318603516
2017-03-02,117.58000183105469,93.79359436035156,24.840978622436523,21.09794044494629,24.035995483398438,43.78848648071289,65.21814727783203
2017-03-03,117.51000213623047,94.03787231445312,24.796199798583984,21.199817657470703,24.09069061279297,43.622344970703125,65.47727966308594
2017-03-06,116.72000122070312,93.5887451171875,24.851308822631836,21.038511276245117,24.054224014282227,43.432498931884766,65.22679138183594
2017-03-07,115.77999877929688,93.30506896972656,24.630876541137695,20.979076385498047,24.054224014282227,43.377098083496094,64.76895904541016
2017-03-08,115.05999755859375,92.80084991455078,23.990211486816406,20.987564086914062,24.081581115722656,43.282169342041016,65.02810668945312
2017-03-09,114.47000122070312,92.06022644042969,24.148656845092773,21.063982009887695,24.077016830444336,43.35336685180664,65.38226318359375
2017-03-10,114.72000122070312,92.38326263427734,24.114212036132812,21.0469970703125,24.204620361328125,43.551143646240234,65.63277435302734
2017-03-13,114.73999786376953,91.8001937866211,24.11765480041504,21.09794044494629,24.227413177490234,43.58280944824219,65.58094787597656
2017-03-14,114.12000274658203,92.2414321899414,23.84555435180664,21.038511276245117,24.172718048095703,43.45622253417969,65.3390884399414
2017-03-15,116.25,93.36814880371094,24.37598419189453,21.00455093383789,24.336795806884766,43.78059005737305,66.15970611572266
2017-03-16,116.7300033569336,92.89542388916016,24.203765869140625,21.038511276245117,24.3504638671875,43.8438606262207,65.52046966552734
2017-03-17,116.98999786376953,93.47840118408203,24.18610191345215,20.832319259643555,24.403076171875,43.724571228027344,65.15982055664062
2017-03-20,117.51000213623047,93.88027954101562,24.151447296142578,20.661903381347656,24.425947189331055,43.81206512451172,65.06449890136719
2017-03-21,118.54000091552734,94.66031646728516,23.98165512084961,20.082523345947266,24.06909942626953,43.77228546142578,64.55297088623047
2017-03-22,118.83000183105469,95.03854370117188,23.947004318237305,20.039920806884766,24.220075607299805,43.684814453125,64.5702896118164
2017-03-23,118.66999816894531,94.90458679199219,23.849979400634766,20.082523345947266,24.156023025512695,43.58937454223633,64.37091064453125
2017-03-24,118.86000061035156,95.24334716796875,23.756423950195312,20.056961059570312,24.174331665039062,43.50190353393555,64.40557861328125
2017-03-27,119.52999877929688,95.67669677734375,23.645545959472656,19.98027992248535,24.174331665039062,43.462135314941406,64.57894134521484
2017-03-28,119.04000091552734,95.03854370117188,23.98165512084961,20.25292205810547,24.348173141479492,43.541648864746094,64.62232208251953
2017-03-29,119.33000183105469,95.60582733154297,24.31083106994629,20.1251220703125,24.389347076416016,43.62118911743164,64.63965606689453
2017-03-30,118.47000122070312,94.83368682861328,24.30389976501465,20.389257431030273,24.43509864807129,43.53370666503906,64.64832305908203
2017-03-31,118.72000122070312,95.1093978881836,24.22074317932129,20.218843460083008,24.389347076416016,43.40645980834961,64.46625518798828
2017-04-03,119.3499984741211,96.06878662109375,24.179162979125977,20.176240921020508,24.36647605895996,43.33488845825195,64.5182876586914
2017-04-04,119.62000274658203,95.54764556884766,24.355876922607422,20.15068817138672,24.3847713470459,43.462135314941406,64.4836196899414
2017-04-05,119.62000274658203,95.83978271484375,24.279651641845703,19.997318267822266,24.284128189086914,43.382598876953125,64.28421020507812
2017-04-06,119.18000030517578,95.69768524169922,24.473690032958984,20.1251220703125,24.288707733154297,43.382598876953125,64.39691162109375
2017-04-07,119.45999908447266,95.31074523925781,24.380138397216797,20.039920806884766,24.27497673034668,43.50190353393555,64.5096206665039
2017-04-10,119.45999908447266,95.75293731689453,24.56378746032715,19.988792419433594,24.22922706604004,43.62913131713867,64.38823699951172
2017-04-11,121.19000244140625,96.66094970703125,24.567251205444336,19.929149627685547,24.137727737426758,43.64504623413086,64.3015365600586
2017-04-12,122.0199966430664,97.19000244140625,24.46330451965332,19.767271041870117,24.055376052856445,43.81206512451172,64.3015365600586
2017-04-13,122.5999984741211,97.49002838134766,24.01630210876465,19.511659622192383,23.959299087524414,43.61322784423828,64.13682556152344
2017-04-17,122.23999786376953,97.19000244140625,24.068283081054688,19.85247230529785,24.178897857666016,43.92339324951172,64.37091064453125
2017-04-18,122.81999969482422,98.46121978759766,23.84305191040039,19.665021896362305,24.174331665039062,44.122215270996094,63.66865539550781
2017-04-19,121.7300033569336,97.92432403564453,23.49308204650879,19.605379104614258,24.156023025512695,43.955204010009766,63.859397888183594
2017-04-20,121.95999908447266,97.54531860351562,23.6074275970459,19.93766975402832,24.375621795654297,43.86772537231445,64.25819396972656
2017-04-21,122.30999755859375,97.54531860351562,23.489620208740234,19.733184814453125,24.325298309326172,43.740482330322266,63.876739501953125
2017-04-24,121.4800033569336,97.06366729736328,23.62822151184082,20.176240921020508,24.613523483276367,44.138118743896484,64.5096206665039
2017-04-25,120.25,95.89506530761719,23.829193115234375,20.355173110961914,24.74163055419922,44.313087463378906,64.78706359863281
2017-04-26,120.83999633789062,96.42410278320312,23.74949836730957,20.338130950927734,24.714176177978516,43.955204010009766,65.14249420166016
2017-04-27,120.38999938964844,96.39250946044922,23.489620208740234,20.244409561157227,24.8148193359375,43.8995361328125,65.28120422363281
2017-04-28,120.7699966430664,96.60570526123047,23.50693702697754,20.04844093322754,24.878875732421875,43.883628845214844,65.45460510253906
2017-05-01,119.66999816894531,95.80260467529297,23.44110870361328,20.176240921020508,25.066452026367188,43.71662521362305,65.60196685791016
2017-05-02,119.6500015258789,96.29316711425781,23.323293685913086,20.15068817138672,25.121349334716797,43.42236328125,65.78402709960938
2017-05-03,117.9800033569336,96.35649871826172,23.389137268066406,20.312572479248047,25.07560157775879,43.462135314941406,65.46326446533203
2017-05-04,116.79000091552734,95.88170623779297,22.959461212158203,20.346654891967773,25.057300567626953,43.7961540222168,65.896728515625
2017-05-05,117.01000213623047,95.96874237060547,23.323293685913086,20.312572479248047,25.148801803588867,43.91544723510742,65.86205291748047
2017-05-08,116.75,95.446533203125,23.489620208740234,20.2955379486084,25.25860595703125,43.8995361328125,65.45460510253906
2017-05-09,116.05000305175781,95.43865203857422,23.29557228088379,20.218843460083008,25.29062843322754,43.740482330322266,65.53260803222656
2017-05-10,116.04000091552734,95.3278579711914,23.603973388671875,20.28701400756836,25.386703491210938,43.77228546142578,65.34188079833984
2017-05-11,116.5,95.3278579711914,23.555452346801758,20.159202575683594,25.354673385620117,43.835906982421875,65.3765869140625
2017-05-12,116.83000183105469,96.04792022705078,23.475759506225586,20.073997497558594,25.418724060058594,43.70866012573242,65.26388549804688
2017-05-15,117.13999938964844,95.78678894042969,23.659400939941406,20.22736358642578,25.5605525970459,43.851810455322266,65.68866729736328
2017-05-16,117.6500015258789,96.1427993774414,23.541595458984375,20.28701400756836,25.67949867248535,43.81206512451172,65.43724822998047
2017-05-17,119.79000091552734,97.54326629638672,23.309431076049805,19.647981643676758,24.979520797729492,43.74843215942383,64.57894134521484
2017-05-18,118.80999755859375,97.65409088134766,23.302505493164062,19.72466278076172,25.125926971435547,43.780235290527344,64.86506652832031
2017-05-19,119.4000015258789,97.88360595703125,23.590099334716797,19.89507293701172,25.272323608398438,44.01882553100586,65.04712677001953
2017-05-22,119.9000015258789,97.614501953125,23.53812599182129,19.946195602416992,25.473628997802734,44.26536178588867,65.22051239013672
2017-05-23,119.13999938964844,96.95781707763672,23.593570709228516,20.099559783935547,25.519380569458008,44.313087463378906,65.43724822998047
2017-05-24,119.61000061035156,97.50373840332031,23.468822479248047,20.091045379638672,25.624597549438477,44.4880485534668,65.60196685791016
2017-05-25,119.4800033569336,97.53543090820312,23.042625427246094,20.1251220703125,25.80760383605957,44.766395568847656,65.91407775878906
2017-05-26,120.54000091552734,97.70154571533203,23.080738067626953,20.11659812927246,25.793880462646484,44.93340301513672,65.792724609375
2017-05-30,120.13999938964844,98.1842041015625,22.77235221862793,19.98027992248535,25.903675079345703,44.9174919128418,65.69734954833984
2017-05-31,120.62000274658203,98.42948150634766,22.675334930419922,19.809865951538086,25.86249351501465,45.04473876953125,65.95741271972656
2017-06-01,120.72000122070312,98.43977355957031,22.817394256591797,20.056961059570312,25.92655372619629,45.410579681396484,66.68565368652344
2017-06-02,121.61000061035156,99.60536193847656,22.554048538208008,19.98027992248535,26.164453506469727,45.545753479003906,67.119140625
2017-06-05,121.7300033569336,98.98690032958984,22.59562873840332,20.01435661315918,26.187328338623047,45.59349060058594,66.92841339111328
2017-06-06,123.0999984741211,99.52607727050781,22.862443923950195,19.929149627685547,26.13700294494629,45.482147216796875,66.76367950439453
2017-06-07,122.44999694824219,99.05033874511719,22.540193557739258,20.082523345947266,26.2193546295166,45.46622848510742,66.94576263427734
2017-06-08,121.6500015258789,98.78868103027344,22.47435760498047,20.312572479248047,26.278823852539062,45.12427520751953,66.75501251220703
2017-06-09,120.54000091552734,98.6380386352539,23.014904022216797,20.695987701416016,25.62917709350586,45.06858444213867,67.20581817626953
2017-06-12,120.36000061035156,98.6063003540039,23.17776107788086,20.738590240478516,25.478200912475586,45.06064987182617,67.119140625
2017-06-13,120.4800033569336,98.62216186523438,23.35102653503418,20.849349975585938,25.661205291748047,45.13222122192383,67.25784301757812
2017-06-14,119.81999969482422,100.14456939697266,22.928279876708984,20.88343620300293,25.537675857543945,45.41852569580078,67.57861328125
2017-06-15,119.31999969482422,99.98601531982422,22.75502586364746,20.79823875427246,25.42329978942871,45.31513595581055,67.50926208496094
2017-06-16,119.33999633789062,100.18417358398438,23.131479263305664,20.77513885498047,25.37874412536621,44.8390998840332,67.62065887451172
2017-06-19,118.43000030517578,100.0414810180664,22.984943389892578,20.988964080810547,25.755409240722656,45.055484771728516,68.32569122314453
2017-06-20,118.18000030517578,100.93746948242188,22.691871643066406,20.809354782104492,25.548702239990234,44.87916564941406,68.5519790649414
2017-06-21,118.5199966430664,101.14363861083984,22.325538635253906,20.63829231262207,25.69110870361328,44.75094223022461,69.42237854003906
2017-06-22,118.91999816894531,101.3656234741211,22.311586380004883,20.50999641418457,25.70028305053711,44.45440673828125,70.1447982788086
2017-06-23,119.43000030517578,101.31806182861328,22.461605072021484,20.433021545410156,25.86105728149414,44.470462799072266,70.04035949707031
2017-06-26,118.36000061035156,101.69865417480469,22.41275978088379,20.544212341308594,25.723255157470703,44.646759033203125,69.97071075439453
2017-06-27,118.80999755859375,100.61237335205078,22.377872467041016,20.64684295654297,25.300661087036133,44.26207733154297,69.33534240722656
2017-06-28,118.9000015258789,100.27936553955078,22.499982833862305,20.97185516357422,25.617603302001953,44.422359466552734,69.70091247558594
2017-06-29,118.31999969482422,99.43888854980469,22.548824310302734,21.117263793945312,25.15825843811035,43.949520111083984,69.06550598144531
2017-06-30,118.0199966430664,99.20890808105469,22.650009155273438,21.10015106201172,25.135292053222656,44.029659271240234,68.96977996826172
2017-07-03,116.08999633789062,98.8895034790039,23.086124420166016,21.408056259155273,24.96074676513672,43.98960494995117,69.09162139892578
2017-07-05,116.5199966430664,98.91333770751953,22.61861228942871,21.442272186279297,25.208789825439453,43.95753860473633,69.5007095336914
2017-07-06,116.47000122070312,98.09492492675781,22.367412567138672,21.27975845336914,24.979122161865234,43.70909881591797,68.6042251586914
2017-07-07,115.27999877929688,97.50699615478516,22.332521438598633,21.4251651763916,25.268503189086914,43.68505859375,68.9523696899414
2017-07-10,115.47000122070312,97.65003204345703,22.405784606933594,21.399503707885742,25.452239990234375,43.380523681640625,68.82181549072266
2017-07-11,115.62000274658203,97.81690216064453,22.527896881103516,21.21133804321289,25.507366180419922,43.260311126708984,68.74349212646484
2017-07-12,116.02999877929688,98.4921646118164,22.5906982421875,21.27975845336914,25.838085174560547,43.50074005126953,69.2134780883789
2017-07-13,115.81999969482422,97.87246704101562,22.68140983581543,21.408056259155273,25.888612747192383,43.508750915527344,69.27440643310547
2017-07-14,116.7699966430664,97.9916763305664,22.817476272583008,21.31397819519043,26.118289947509766,43.85335159301758,69.74443054199219
2017-07-17,117.29000091552734,98.2618408203125,22.789566040039062,21.245553970336914,26.122880935668945,43.90144729614258,69.49201202392578
2017-07-18,118.11000061035156,99.11992645263672,22.68140983581543,21.21133804321289,26.2423095703125,43.90144729614258,69.54421997070312
2017-07-19,118.08000183105469,99.15966033935547,23.01285743713379,21.219898223876953,26.375516891479492,44.06172561645508,70.10997772216797
2017-07-20,118.23999786376953,99.44573974609375,22.943078994750977,21.21133804321289,26.430635452270508,44.06974411010742,70.5712890625
2017-07-21,119.26000213623047,99.86681365966797,22.716297149658203,21.21133804321289,26.39848518371582,44.14188003540039,70.49295043945312
2017-07-24,119.30999755859375,99.47747802734375,22.674428939819336,21.305419921875,26.462799072265625,43.997623443603516,70.46683502197266
2017-07-25,118.91999816894531,98.18235778808594,22.960521697998047,21.5705623626709,26.41226577758789,44.30215072631836,69.96202850341797
2017-07-26,119.87999725341797,98.34124755859375,22.984943389892578,21.4251651763916,26.513328552246094,44.294132232666016,69.7270278930664
2017-07-27,119.79000091552734,97.8565902709961,23.218704223632812,21.305419921875,26.41226577758789,44.72689437866211,69.24830627441406
2017-07-28,120.69000244140625,98.43661499023438,23.190786361694336,21.305419921875,26.384708404541016,44.350242614746094,69.5964584350586
2017-07-31,120.75,98.55582427978516,23.24312400817871,21.459369659423828,26.256093978881836,44.33420944213867,69.53553771972656
2017-08-01,120.6500015258789,99.24778747558594,23.239633560180664,21.613332748413086,26.38929557800293,44.2861213684082,69.37885284423828
2017-08-02,120.4000015258789,99.30350494384766,23.15241241455078,21.647539138793945,26.462799072265625,44.25407028198242,69.22217559814453
2017-08-03,120.58999633789062,100.33069610595703,22.82794189453125,21.5705623626709,26.40308380126953,44.21400451660156,69.33534240722656
2017-08-04,119.6500015258789,99.47868347167969,22.90120506286621,21.715961456298828,26.462799072265625,44.093780517578125,69.1786880493164
2017-08-07,119.51000213623047,99.5902099609375,22.726760864257812,21.681751251220703,26.623563766479492,44.422359466552734,69.3266372680664
2017-08-08,119.86000061035156,99.2318344116211,22.674428939819336,21.62187957763672,26.586820602416992,44.25407028198242,69.00460815429688
2017-08-09,121.30999755859375,99.77332305908203,22.69536781311035,21.62187957763672,26.573040008544922,44.32619857788086,69.08293151855469
2017-08-10,122.20999908447266,100.62529754638672,22.454633712768555,21.236997604370117,26.04938316345215,44.14188003540039,68.22124481201172
2017-08-11,122.79000091552734,100.67306518554688,22.308094024658203,21.151464462280273,26.228527069091797,44.173919677734375,68.41272735595703
2017-08-14,121.91999816894531,100.15552520751953,22.241804122924805,21.442272186279297,26.646535873413086,44.39031219482422,68.8740234375
2017-08-15,120.9800033569336,99.7335205078125,22.158071517944336,21.459369659423828,26.687875747680664,44.61469650268555,68.8740234375
2017-08-16,121.87000274658203,100.09976196289062,21.94525146484375,21.41661262512207,26.765960693359375,44.7669677734375,69.06550598144531
2017-08-17,122.48999786376953,100.84827423095703,21.634737014770508,21.048831939697266,26.2423095703125,44.35824966430664,68.20382690429688
2017-08-18,122.30000305175781,100.82442474365234,21.742889404296875,21.057384490966797,26.21474838256836,44.238037109375,67.89048767089844
2017-08-21,122.76000213623047,101.07123565673828,21.631244659423828,20.997516632080078,26.205562591552734,44.39832305908203,68.19512176513672
2017-08-22,122.20999908447266,100.68106842041016,21.774288177490234,21.228450775146484,26.596006393432617,44.40633010864258,69.02197265625
2017-08-23,122.66999816894531,101.36582946777344,21.868492126464844,21.160018920898438,26.531696319580078,44.278106689453125,68.49974822998047
2017-08-24,122.29000091552734,100.99158477783203,21.882444381713867,21.160018920898438,26.508731842041016,43.669036865234375,68.69996643066406
2017-08-25,122.73999786376953,101.38182830810547,21.98013687133789,21.219898223876953,26.504140853881836,43.81329345703125,68.71734619140625
2017-08-28,124.69000244140625,101.31807708740234,21.882444381713867,21.08304214477539,26.55466651916504,43.68505859375,69.08293151855469
2017-08-29,124.41999816894531,101.64456939697266,21.85453224182129,21.01462173461914,26.66950035095215,43.837337493896484,69.2134780883789
2017-08-30,124.36000061035156,101.61272430419922,21.865001678466797,21.10015106201172,26.8624267578125,43.829315185546875,69.57035827636719
2017-08-31,125.81999969482422,101.9153060913086,21.969669342041016,21.125812530517578,27.02320098876953,43.84534454345703,70.75408935546875
2017-09-01,126.05999755859375,101.13570404052734,22.182493209838867,21.185678482055664,27.000225067138672,44.053714752197266,70.70185089111328
2017-09-05,127.45999908447266,102.73954772949219,22.304601669311523,20.732378005981445,26.761371612548828,44.11781692504883,70.39720916748047
2017-09-06,126.80999755859375,102.10919189453125,22.667457580566406,20.78369140625,26.78433609008789,44.30215072631836,70.73668670654297
2017-09-07,128.1300048828125,103.15446472167969,22.709314346313477,20.424468994140625,26.876211166381836,44.36626052856445,71.52002716064453
2017-09-08,127.97000122070312,102.93104553222656,22.468582153320312,20.61263084411621,26.65572166442871,44.1498908996582,71.8420639038086
2017-09-11,126.19000244140625,101.70223999023438,22.68140983581543,20.97185516357422,27.032379150390625,44.422359466552734,72.39912414550781
2017-09-12,126.55999755859375,101.16764068603516,22.82097053527832,21.219898223876953,27.09668731689453,44.51852798461914,72.55577850341797
2017-09-13,125.61000061035156,100.76869201660156,23.107059478759766,21.254104614257812,27.05994415283203,44.54257583618164,72.28596496582031
2017-09-14,126.16000366210938,101.18362426757812,23.218704223632812,21.21133804321289,26.96807861328125,44.45440673828125,72.38170623779297
2017-09-15,125.52999877929688,101.22352600097656,23.27349281311035,21.274036407470703,27.078250885009766,44.53184127807617,72.15019989013672
2017-09-18,124.36000061035156,100.64099884033203,23.372472763061523,21.52311134338379,27.10130500793457,44.59635543823242,72.13273620605469
2017-09-19,124.62000274658203,100.3936538696289,23.467906951904297,21.686288833618164,27.221158981323242,44.459259033203125,71.56490325927734
2017-09-20,123.62000274658203,100.46548461914062,23.62697410583496,21.81511878967285,27.110519409179688,44.03185272216797,71.6347885131836
2017-09-21,122.68000030517578,100.40962982177734,23.634042739868164,21.866653442382812,26.963003158569336,43.612483978271484,71.26790618896484
2017-09-22,123.23999786376953,100.69688415527344,23.754228591918945,21.840890884399414,26.97683334350586,43.483463287353516,71.26790618896484
2017-09-25,124.52999877929688,101.32726287841797,24.097118377685547,21.81511878967285,26.65875244140625,43.797969818115234,71.0582275390625
2017-09-26,123.13999938964844,101.14373016357422,24.086509704589844,21.80653190612793,26.75556182861328,43.902809143066406,70.94461822509766
2017-09-27,121.9800033569336,99.61971282958984,24.189014434814453,22.072784423828125,27.027542114257812,43.5640983581543,70.9184341430664
2017-09-28,122.20999908447266,99.32445526123047,24.21021842956543,22.10713768005371,27.05980682373047,43.5640983581543,70.97960662841797
2017-09-29,121.58000183105469,99.54792022705078,24.20669174194336,22.210195541381836,27.24420166015625,43.53184509277344,71.39891815185547
2017-10-02,120.7699966430664,99.36558532714844,24.199623107910156,22.399150848388672,27.285688400268555,43.45120620727539,72.12397766113281
2017-10-03,120.83000183105469,99.46150207519531,24.174880981445312,22.476444244384766,27.35022735595703,43.49958038330078,72.10653686523438
2017-10-04,121.16999816894531,99.46952819824219,24.15720558166504,22.373380661010742,27.331790924072266,43.63669204711914,72.45597076416016
2017-10-05,120.5199966430664,99.09378051757812,24.26678466796875,22.60527992248535,27.59455108642578,43.830230712890625,72.50838470458984
2017-10-06,121.08999633789062,98.81393432617188,24.061769485473633,22.63103675842285,27.63603973388672,43.39475631713867,72.41230773925781
2017-10-09,122.08000183105469,99.12574768066406,24.111251831054688,22.54515266418457,27.705183029174805,43.27378845214844,71.95802307128906
2017-10-10,122.4000015258789,99.28565216064453,24.132469177246094,22.64822006225586,27.73284912109375,43.65281295776367,72.12397766113281
2017-10-11,122.79000091552734,99.47750854492188,24.189014434814453,22.60527992248535,27.825050354003906,43.74153137207031,72.2637710571289
2017-10-12,122.88999938964844,99.90125274658203,24.10064125061035,22.43350601196289,27.755897521972656,43.927001953125,72.18513488769531
2017-10-13,123.81999969482422,100.62083435058594,24.086509704589844,22.442089080810547,27.889583587646484,44.00764465332031,72.001708984375
2017-10-16,122.97000122070312,100.54893493652344,24.13953399658203,22.588096618652344,27.99100112915039,44.02378463745117,71.68718719482422
2017-10-17,122.12999725341797,100.67683410644531,24.153671264648438,22.476444244384766,27.99100112915039,43.86248779296875,72.64817810058594
2017-10-18,121.66999816894531,100.01321411132812,23.983993530273438,22.596683502197266,28.060142517089844,43.806034088134766,72.75299072265625
2017-10-19,122.38999938964844,100.1890869140625,23.909767150878906,22.61387062072754,27.9771728515625,43.57217025756836,73.19852447509766
2017-10-20,121.61000061035156,99.12574768066406,23.95571517944336,22.880107879638672,28.166173934936523,43.467323303222656,73.27714538574219
2017-10-23,121.80000305175781,99.30160522460938,23.832002639770508,22.86293601989746,28.032485961914062,43.43507766723633,73.09368896484375
2017-10-24,121.33000183105469,98.68599700927734,23.877952575683594,23.026121139526367,28.110858917236328,43.2818489074707,72.6044692993164
2017-10-25,121.3499984741211,98.2142562866211,23.71181297302246,22.888696670532227,27.958738327026367,43.160888671875,72.4996337890625
2017-10-26,120.33000183105469,97.88644409179688,23.761301040649414,23.017534255981445,28.073974609375,43.193145751953125,71.77458953857422
2017-10-27,120.9000015258789,98.5340576171875,23.80371856689453,23.000350952148438,28.82999610900879,42.822174072265625,71.75706481933594
2017-10-30,121.12999725341797,99.47750854492188,23.927446365356445,22.9058780670166,28.894535064697266,42.45927047729492,70.98834991455078
2017-10-31,120.66999816894531,99.50949096679688,24.005205154418945,22.845760345458984,29.01898956298828,42.814109802246094,70.8572998046875
2017-11-01,121.11000061035156,99.95258331298828,24.277389526367188,22.880107879638672,29.02361297607422,42.95120620727539,71.03199768066406
2017-11-02,121.19000244140625,100.39326477050781,24.20669174194336,23.09482765197754,29.037433624267578,42.84636688232422,70.7087631225586
2017-11-03,120.62000274658203,100.6656723022461,24.277389526367188,23.000350952148438,29.267932891845703,42.854427337646484,71.29409790039062
2017-11-06,121.6500015258789,101.04224395751953,24.83236312866211,22.97458839416504,29.33246612548828,42.39476013183594,71.07569122314453
2017-11-07,121.20999908447266,101.4668960571289,24.8005428314209,22.656810760498047,29.346298217773438,42.87055206298828,71.22420501708984
2017-11-08,121.62999725341797,101.2425537109375,24.68036460876465,22.54515266418457,29.507638931274414,43.33830642700195,71.39019012451172
2017-11-09,122.12999725341797,100.95411682128906,24.754594802856445,22.46785545349121,29.272537231445312,43.330238342285156,71.39891815185547
2017-11-10,121.12999725341797,99.43180084228516,24.623809814453125,22.399150848388672,29.272537231445312,43.773773193359375,70.93592834472656
2017-11-13,121.30999755859375,99.64014434814453,24.48241424560547,22.43350601196289,29.263320922851562,44.02378463745117,71.00579833984375
2017-11-14,121.55999755859375,100.31309509277344,24.086509704589844,22.424917221069336,29.20339012145996,44.17700958251953,70.7175064086914
2017-11-15,121.41000366210938,101.40281677246094,23.814329147338867,22.48504638671875,28.986722946166992,43.70927429199219,70.5166015625
2017-11-16,121.4000015258789,100.52143859863281,23.718887329101562,22.49362564086914,29.39239501953125,44.314090728759766,71.25039672851562
2017-11-17,122.86000061035156,101.26658630371094,23.835533142089844,22.46785545349121,29.20339012145996,44.16086959838867,70.9708480834961
2017-11-20,121.30999755859375,101.22651672363281,23.77897071838379,22.57091522216797,29.314029693603516,44.112491607666016,70.67383575439453
2017-11-21,121.51000213623047,101.54703521728516,23.832002639770508,22.63963508605957,29.622882843017578,44.25764083862305,71.29409790039062
2017-11-22,122.62999725341797,101.8755111694336,23.927446365356445,22.52797508239746,29.56757354736328,44.201194763183594,71.26790618896484
2017-11-24,122.31999969482422,101.5951156616211,23.99459457397461,22.519392013549805,29.733522415161133,44.168941497802734,71.4338607788086
2017-11-27,122.83000183105469,101.45084381103516,23.750696182250977,22.50221061706543,29.733522415161133,44.19313049316406,71.49501037597656
2017-11-28,122.80999755859375,101.5870590209961,23.93450355529785,23.08623504638672,29.83032989501953,44.55603790283203,72.01914978027344
2017-11-29,122.04000091552734,100.58552551269531,24.065296173095703,23.48131561279297,29.171119689941406,44.78990936279297,72.3773422241211
2017-11-30,121.0999984741211,100.2490463256836,24.425853729248047,23.635913848876953,29.429275512695312,45.201175689697266,72.91895294189453
2017-12-01,121.58999633789062,101.60184478759766,24.630874633789062,23.68744659423828,29.277145385742188,45.31407928466797,72.77044677734375
2017-12-04,121.18000030517578,101.65003204345703,24.620267868041992,24.048158645629883,28.80693817138672,45.74149703979492,71.87938690185547
2017-12-05,120.31999969482422,102.15576934814453,24.51422691345215,23.91933822631836,28.816162109375,45.66892623901367,71.75706481933594
2017-12-06,120.06999969482422,102.50910186767578,24.196081161499023,23.833452224731445,29.00055503845215,45.95924758911133,71.69593048095703
2017-12-07,118.48999786376953,101.70623016357422,24.26678466796875,23.910747528076172,29.180339813232422,45.51569747924805,71.7134017944336
2017-12-08,118.4800033569336,101.71427154541016,24.489479064941406,24.056751251220703,29.318635940551758,45.63666915893555,72.51713562011719
2017-12-11,118.01000213623047,101.5055160522461,24.66622543334961,23.99663543701172,29.57217788696289,45.62860107421875,72.82286834716797
2017-12-12,118.1500015258789,101.46536254882812,24.59906005859375,24.237110137939453,29.562950134277344,45.63666915893555,73.11115264892578
2017-12-13,119.16999816894531,102.22811126708984,24.56371307373047,23.93651580810547,29.57217788696289,45.89472961425781,73.364501953125
2017-12-14,118.93000030517578,102.66163635253906,24.475339889526367,23.781919479370117,29.53529930114746,45.693119049072266,72.6219711303711
2017-12-15,119.18000030517578,103.04698181152344,24.453283309936523,23.99590492248535,29.87214469909668,46.21144104003906,73.42095184326172
2017-12-18,119.7300033569336,102.10767364501953,24.641876220703125,24.211618423461914,30.135894775390625,46.18708038330078,73.44727325439453
2017-12-19,119.81999969482422,100.78289794921875,24.677459716796875,24.108076095581055,29.950807571411133,46.24394607543945,73.35958099365234
2017-12-20,120.13999938964844,99.6669692993164,25.026180267333984,24.06493377685547,29.94155502319336,46.1627082824707,73.12276458740234
2017-12-21,120.30999755859375,100.24785614013672,25.55638313293457,24.27201271057129,29.881406784057617,46.130210876464844,72.95613098144531
2017-12-22,120.94000244140625,100.38465881347656,25.609760284423828,24.202983856201172,29.862892150878906,46.20332717895508,72.71930694580078
2017-12-26,121.7699966430664,100.68232727050781,25.833940505981445,24.13396644592285,29.663930892944336,46.30894470214844,72.73685455322266
2017-12-27,122.2300033569336,101.99373626708984,25.74854278564453,24.159839630126953,29.696319580078125,46.30082321166992,72.85963439941406
2017-12-28,122.8499984741211,101.90524291992188,25.787673950195312,24.254758834838867,29.74721908569336,46.22770309448242,72.96491241455078
2017-12-29,123.6500015258789,102.0661392211914,25.71295738220215,24.082191467285156,29.589893341064453,46.21957778930664,72.517578125
2018-01-02,125.1500015258789,100.96390533447266,26.136402130126953,24.090818405151367,29.9554443359375,45.93522262573242,73.33325958251953
2018-01-03,124.81999969482422,101.44664001464844,26.52782440185547,24.220243453979492,30.205293655395508,45.918975830078125,74.03494262695312
2018-01-04,125.45999908447266,101.43055725097656,26.687952041625977,24.44458770751953,30.357988357543945,46.04895782470703,74.14020538330078
2018-01-05,125.33000183105469,101.14093780517578,26.67728042602539,24.51361656188965,30.6772518157959,46.252071380615234,74.77168273925781
2018-01-08,125.30999755859375,101.07658386230469,26.8374080657959,24.479097366333008,30.792930603027344,46.365814208984375,74.49980926513672
2018-01-09,124.7300033569336,99.72489166259766,26.769798278808594,24.668928146362305,30.714258193969727,46.30082321166992,75.37689971923828
2018-01-10,125.02999877929688,99.60420989990234,26.73776626586914,24.876012802124023,30.607847213745117,46.073341369628906,75.24533081054688
2018-01-11,125.44000244140625,100.01451873779297,27.285768508911133,24.996809005737305,30.73278045654297,46.00834274291992,75.56983184814453
2018-01-12,126.95999908447266,100.18345642089844,27.54907989501953,25.221155166625977,30.913223266601562,46.02459716796875,76.1487045288086
2018-01-16,127.16999816894531,100.60189819335938,27.200359344482422,25.152128219604492,30.792930603027344,46.23582458496094,76.52586364746094
2018-01-17,126.13999938964844,100.46508026123047,27.43876838684082,25.34195899963379,31.2556209564209,46.76390075683594,77.26263427734375
2018-01-18,125.86000061035156,99.53177642822266,27.2145938873291,25.307437896728516,31.3111572265625,46.62579345703125,77.28016662597656
2018-01-19,126.41999816894531,99.00884246826172,27.17901039123535,25.488637924194336,31.37130355834961,47.145751953125,77.56961059570312
2018-01-22,126.6500015258789,99.10538482666016,27.766145706176758,25.695724487304688,31.67669677734375,47.503238677978516,78.07830047607422
2018-01-23,127.27999877929688,99.53177642822266,27.723453521728516,25.721607208251953,31.815513610839844,47.3488655090332,77.70116424560547
2018-01-24,128.8300018310547,98.99279022216797,27.648719787597656,25.89418601989746,31.570262908935547,47.446346282958984,77.92920684814453
2018-01-25,127.97000122070312,99.80535888671875,27.431652069091797,25.842411041259766,31.51474380493164,47.470741271972656,78.59578704833984
2018-01-26,128.07000732421875,99.43524932861328,27.58111000061035,26.032236099243164,32.014469146728516,47.69821548461914,80.28855895996094
2018-01-29,127.3499984741211,98.74334716796875,27.164770126342773,25.928691864013672,31.72296905517578,47.51134490966797,80.06929779052734
2018-01-30,126.80000305175781,98.1640625,26.616785049438477,25.592182159423828,31.436080932617188,47.19449996948242,78.38529205322266
2018-01-31,127.6500015258789,98.74334716796875,26.63456916809082,25.661209106445312,31.672069549560547,46.975154876708984,77.27137756347656
2018-02-01,128.07000732421875,97.31227111816406,26.9085750579834,25.90280532836914,31.699825286865234,46.772029876708984,77.2977066040039
2018-02-02,126.38999938964844,96.40927124023438,25.78412437438965,25.33332061767578,30.760536193847656,45.87834548950195,76.2101058959961
2018-02-05,126.70999908447266,97.32034301757812,24.702369689941406,24.056306838989258,29.474224090576172,44.21286392211914,72.83333587646484
2018-02-06,125.37999725341797,96.71563720703125,24.898082733154297,24.496353149414062,30.32097053527832,44.7003173828125,73.64025115966797
2018-02-07,124.79000091552734,95.79657745361328,24.481748580932617,24.51361656188965,29.932300567626953,44.505340576171875,73.55254364013672
2018-02-08,124.9800033569336,95.69176483154297,23.741600036621094,23.4350528717041,28.69224739074707,43.54666519165039,71.00020599365234
2018-02-09,124.7699966430664,95.08705139160156,23.72380828857422,23.88373565673828,29.39556121826172,43.636016845703125,72.00885772705078
2018-02-12,125.37000274658203,95.5063247680664,24.111675262451172,24.220243453979492,29.92304229736328,44.082855224609375,72.6842269897461
2018-02-13,126.08000183105469,95.93363952636719,24.012039184570312,24.323787689208984,29.99708366394043,44.28597640991211,72.73685455322266
2018-02-14,128.22999572753906,94.869384765625,24.360763549804688,24.90190315246582,30.547693252563477,44.26161193847656,73.56130981445312
2018-02-15,128.3800048828125,95.19190216064453,24.300273895263672,25.03995704650879,31.130695343017578,44.99279022216797,74.37700653076172
2018-02-16,127.95999908447266,95.70784759521484,24.239784240722656,25.00543975830078,31.08442497253418,45.17152786254883,74.91200256347656
2018-02-20,126.23999786376953,95.28865051269531,24.108118057250977,24.92778205871582,31.11219024658203,44.147850036621094,74.08757019042969
2018-02-21,125.66000366210938,94.11959838867188,23.70246124267578,24.962295532226562,30.913223266601562,43.61977005004883,73.78057098388672
2018-02-22,126.30000305175781,94.40177917480469,23.962221145629883,24.755212783813477,30.95024299621582,43.7335205078125,73.66653442382812
2018-02-23,126.13999938964844,95.2402572631836,24.481748580932617,25.126239776611328,31.598039627075195,44.15597915649414,74.84186553955078
2018-02-26,126.44999694824219,95.27252960205078,24.627639770507812,25.505895614624023,32.0931396484375,44.43222427368164,75.78912353515625
2018-02-27,125.12999725341797,95.13542938232422,24.30739402770996,25.26429557800293,31.769245147705078,43.847267150878906,74.9997329711914
2018-02-28,125.0,95.7401123046875,23.74871826171875,24.9105224609375,31.542505264282227,43.39229202270508,73.79812622070312
2018-03-01,124.72000122070312,96.39369201660156,23.713136672973633,24.479097366333008,31.0196475982666,43.29480743408203,72.62284088134766
2018-03-02,125.38999938964844,95.61003875732422,23.823444366455078,24.539501190185547,31.31578254699707,43.660400390625,73.35958099365234
2018-03-05,125.18000030517578,95.35152435302734,24.076091766357422,24.884645462036133,31.63504409790039,44.04224395751953,74.02616882324219
2018-03-06,126.52999877929688,95.44042205810547,24.090320587158203,24.988182067871094,31.704442977905273,44.074737548828125,73.9208984375
2018-03-07,125.72000122070312,95.33538055419922,23.908845901489258,24.945039749145508,31.880287170410156,43.676639556884766,74.2980728149414
2018-03-08,125.41999816894531,95.88469696044922,23.9017276763916,25.0226993560791,32.01909255981445,44.074737548828125,74.79798889160156
2018-03-09,125.54000091552734,95.25456237792969,24.357194900512695,25.626693725585938,32.62523651123047,44.359107971191406,75.87682342529297
2018-03-12,125.54000091552734,95.803955078125,24.350082397460938,25.540409088134766,32.72703170776367,44.277854919433594,75.55229187011719
2018-03-13,125.77999877929688,96.28865814208984,24.175722122192383,25.255672454833984,32.35223388671875,44.245357513427734,75.6487808227539
2018-03-14,125.69999694824219,97.13688659667969,24.03339385986328,24.970932006835938,32.3244743347168,43.79851150512695,75.28040313720703
2018-03-15,124.9000015258789,97.13688659667969,23.908845901489258,24.97955894470215,32.342987060546875,43.48978042602539,75.15760803222656
2018-03-16,124.5999984741211,96.78951263427734,24.122074127197266,25.00120735168457,32.309574127197266,43.505313873291016,75.15760803222656
2018-03-19,124.87000274658203,96.48253631591797,23.749374389648438,24.819347381591797,31.669050216674805,43.08045959472656,73.94298553466797
2018-03-20,124.30999755859375,96.09473419189453,23.950057983398438,24.87996482849121,31.655113220214844,42.957916259765625,74.04859924316406
2018-03-21,126.4800033569336,96.19978332519531,24.577207565307617,24.871307373046875,31.464811325073242,42.426856994628906,73.73172760009766
2018-03-22,125.9800033569336,97.153076171875,24.075489044189453,23.953353881835938,30.652551651000977,42.07555389404297,71.61051940917969
2018-03-23,127.61000061035156,97.0803451538086,23.928558349609375,23.225915908813477,29.83563995361328,41.552677154541016,70.12303161621094
2018-03-26,128.27999877929688,96.70873260498047,24.358610153198242,23.979337692260742,30.968168258666992,42.149085998535156,71.5753173828125
2018-03-27,127.48999786376953,97.74281311035156,24.12924575805664,23.51169776916504,29.974889755249023,42.12458038330078,70.73036193847656
2018-03-28,125.7300033569336,98.00129699707031,23.659774780273438,23.55499839782715,29.775299072265625,42.704647064208984,71.10884094238281
2018-03-29,125.79000091552734,98.47794342041016,24.157917022705078,23.875415802001953,30.36476707458496,42.998775482177734,71.645751953125
2018-04-02,127.26000213623047,98.6722412109375,23.674114227294922,23.347158432006836,29.64069366455078,41.94483184814453,70.01744842529297
2018-04-03,126.30000305175781,97.91126251220703,24.179418563842773,23.66758155822754,29.933109283447266,42.500396728515625,71.0824203491211
2018-04-04,126.44999694824219,97.70884704589844,24.147159576416016,23.91871452331543,30.350847244262695,43.162174224853516,72.09461975097656
2018-04-05,125.80000305175781,96.98021697998047,24.58078956604004,24.109233856201172,30.476171493530273,43.26838302612305,72.04181671142578
2018-04-06,126.38999938964844,98.04076385498047,24.136411666870117,23.529016494750977,29.7288818359375,42.82719421386719,70.30786895751953
2018-04-09,126.81999969482422,98.20269012451172,24.251094818115234,23.658916473388672,29.96096420288086,42.80268859863281,71.00322723388672
2018-04-10,127.12000274658203,98.02458190917969,25.053850173950195,24.013975143432617,30.698959350585938,42.900726318359375,72.20023345947266
2018-04-11,128.11000061035156,98.3727035522461,25.31546401977539,23.728195190429688,30.5179386138916,42.81903839111328,71.61051940917969
2018-04-12,126.62000274658203,97.65217590332031,25.311874389648438,24.14387321472168,30.88462257385254,42.75366973876953,72.09461975097656
2018-04-13,127.44999694824219,97.87885284423828,25.591407775878906,23.7801513671875,30.78251075744629,42.966087341308594,72.0594253540039
2018-04-16,127.62999725341797,97.91126251220703,25.853017807006836,23.884078979492188,31.01922607421875,43.431766510009766,72.63152313232422
2018-04-17,127.75,98.17839050292969,25.953365325927734,23.884078979492188,31.594776153564453,43.529815673828125,73.1948471069336
2018-04-18,127.8499984741211,97.39308166503906,26.361907958984375,23.771493911743164,31.511232376098633,43.20301818847656,73.2564468383789
2018-04-19,127.5999984741211,96.59968566894531,26.3941650390625,24.135217666625977,31.163110733032227,41.952999114990234,72.64030456542969
2018-04-20,126.62999725341797,95.90347290039062,26.26873779296875,24.14387321472168,30.7314510345459,41.25038146972656,72.2530517578125
2018-04-23,125.62000274658203,95.92774963378906,26.43000030517578,24.11789321899414,30.620058059692383,41.20137405395508,72.53472137451172
2018-04-24,126.2300033569336,95.4905776977539,26.146883010864258,23.96201515197754,30.086280822753906,40.93992614746094,71.9889907836914
2018-04-25,125.41000366210938,94.85102844238281,26.354736328125,23.94468879699707,30.090925216674805,41.013458251953125,72.31468200683594
2018-04-26,124.97000122070312,95.51486206054688,26.738204956054688,23.953353881835938,30.63861656188965,41.25856018066406,73.23003387451172
2018-04-27,125.5,96.2515869140625,26.455093383789062,23.987991333007812,30.58292579650879,41.47914505004883,73.52931213378906
2018-04-30,124.58999633789062,96.42158508300781,26.451501846313477,23.771493911743164,30.38334083557129,41.217708587646484,72.40267944335938
2018-05-01,123.70999908447266,96.07434844970703,26.290231704711914,23.7801513671875,30.763940811157227,40.85822677612305,72.3674545288086
2018-05-02,123.6500015258789,95.96885681152344,26.397747039794922,23.51169776916504,30.7314510345459,40.05756378173828,71.37287902832031
2018-05-03,124.27999877929688,96.39889526367188,26.336816787719727,23.312524795532227,30.801071166992188,40.01671600341797,70.73036193847656
2018-05-04,124.54000091552734,96.54493713378906,26.465837478637695,23.615617752075195,31.385913848876953,40.59677505493164,71.29368591308594
2018-05-07,124.56999969482422,96.39077758789062,26.501672744750977,23.771493911743164,31.60406494140625,40.34352493286133,71.18802642822266
2018-05-08,124.58999633789062,96.3015365600586,26.70952606201172,23.936038970947266,31.673675537109375,40.18011474609375,70.65111541748047
2018-05-09,124.33000183105469,95.7254409790039,27.254257202148438,24.29109001159668,32.063560485839844,40.237308502197266,71.05603790283203
2018-05-10,125.18000030517578,96.49625396728516,27.458528518676758,24.490266799926758,32.481300354003906,40.474239349365234,72.00662994384766
2018-05-11,125.0,96.7396469116211,27.497955322265625,24.472951889038086,32.43488311767578,40.474239349365234,73.08040618896484
2018-05-14,124.48999786376953,96.22850036621094,27.687889099121094,24.455631256103516,32.43024826049805,40.45790100097656,73.56448364257812
2018-05-15,122.4800033569336,95.13316345214844,27.69504737854004,24.412334442138672,32.12390899658203,40.30266571044922,72.6139144897461
2018-05-16,122.29000091552734,94.7680435180664,27.79181480407715,24.455631256103516,32.26780319213867,40.58860778808594,73.018798828125
2018-05-17,122.36000061035156,94.2893295288086,28.21111488342285,24.403669357299805,32.1006965637207,40.727500915527344,73.04520416259766
2018-05-18,122.41000366210938,95.10071563720703,27.992504119873047,24.204490661621094,31.966096878051758,40.474239349365234,73.23003387451172
2018-05-21,122.4800033569336,95.14935302734375,28.279207229614258,24.3776912689209,32.24458312988281,40.645809173583984,73.30045318603516
2018-05-22,122.41000366210938,95.00331115722656,27.902915954589844,24.542226791381836,32.19816970825195,40.5722770690918,73.15962982177734
2018-05-23,122.54000091552734,95.69297790527344,27.899328231811523,24.3863525390625,32.43488311767578,40.71933364868164,73.39728546142578
2018-05-24,123.58999633789062,96.45567321777344,27.440610885620117,24.195833206176758,32.39776611328125,40.68665313720703,73.10682678222656
2018-05-25,123.20999908447266,97.05608367919922,26.727441787719727,24.11789321899414,32.374549865722656,40.75202560424805,73.00120544433594
2018-05-29,123.19000244140625,99.18189239501953,26.6450252532959,23.312524795532227,32.19816970825195,40.662132263183594,72.2530517578125
2018-05-30,123.37000274658203,98.5165786743164,27.45136070251465,23.736854553222656,32.43488311767578,41.23404312133789,73.33566284179688
2018-05-31,123.0999984741211,98.35427856445312,27.24350357055664,23.537677764892578,32.444175720214844,40.5722770690918,72.53472137451172
2018-06-01,122.48999786376953,97.8346176147461,27.372516632080078,23.797473907470703,32.99650955200195,40.5722770690918,73.37085723876953
2018-06-04,122.37000274658203,97.12708282470703,27.136005401611328,23.875415802001953,33.26107406616211,40.90724563598633,73.64371490478516
2018-06-05,122.8499984741211,97.35479736328125,27.071481704711914,23.771493911743164,33.37711715698242,40.71933364868164,73.49409484863281
2018-06-06,122.91999816894531,96.5658950805664,27.200502395629883,24.204490661621094,33.59526062011719,40.76835250854492,74.32144165039062
2018-06-07,122.86000061035156,97.50117492675781,27.612628936767578,24.28243064880371,33.3260612487793,41.02163314819336,74.41827392578125
2018-06-08,123.01000213623047,97.2083969116211,27.558868408203125,24.31707000732422,33.27035903930664,41.528167724609375,74.84953308105469
2018-06-11,123.2300033569336,97.02947998046875,27.702220916748047,24.26511001586914,33.307491302490234,41.871299743652344,74.99037170410156
2018-06-12,122.81999969482422,97.05387878417969,27.49077796936035,24.204490661621094,33.469947814941406,41.952999114990234,74.94636535644531
2018-06-13,123.19000244140625,97.00508880615234,27.38685417175293,24.11789321899414,33.2982177734375,41.82228088378906,74.9639663696289
2018-06-14,123.37999725341797,97.8102035522461,27.347434997558594,23.892738342285156,33.5349235534668,41.89582443237305,75.35124206542969
2018-06-15,121.33999633789062,97.89965057373047,26.760061264038086,23.891862869262695,33.406829833984375,42.43427276611328,75.49788665771484
2018-06-18,121.11000061035156,97.8102035522461,27.027050018310547,23.848377227783203,33.44410705566406,41.81678009033203,74.77346801757812
2018-06-19,120.80000305175781,98.3795166015625,26.965717315673828,23.78749656677246,33.27174377441406,42.03908920288086,74.96782684326172
2018-06-20,120.26000213623047,97.51741790771484,27.084781646728516,23.726613998413086,33.34162139892578,42.080238342285156,75.1268539428711
2018-06-21,120.05000305175781,98.02980041503906,26.58327865600586,23.65703582763672,33.08543014526367,42.16257095336914,74.6939926147461
2018-06-22,120.33999633789062,98.02166748046875,27.113643646240234,23.54396629333496,32.978302001953125,42.50837326049805,75.02967071533203
2018-06-25,119.88999938964844,98.24124145507812,26.5688419342041,23.291744232177734,32.293575286865234,42.72243118286133,74.34059143066406
2018-06-26,119.26000213623047,98.3795166015625,26.904382705688477,23.213468551635742,32.42401123046875,42.54131317138672,74.11091613769531
2018-06-27,118.58000183105469,99.30660247802734,27.265174865722656,22.926448822021484,31.98149871826172,42.450748443603516,73.48367309570312
2018-06-28,118.22000122070312,99.33101654052734,27.229093551635742,23.12649154663086,32.37276077270508,42.450748443603516,73.58084869384766
2018-06-29,118.6500015258789,98.98944854736328,27.398666381835938,23.12649154663086,32.358787536621094,42.42605209350586,73.73102569580078
2018-07-02,117.45999908447266,98.9120101928711,26.994579315185547,23.239551544189453,32.647586822509766,42.179039001464844,73.96073150634766
2018-07-03,118.6500015258789,99.44183349609375,27.164146423339844,23.030818939208984,32.260986328125,42.27783203125,74.13740539550781
2018-07-05,119.05000305175781,99.72709655761719,27.135292053222656,23.083005905151367,32.71744918823242,42.86240768432617,74.90599822998047
2018-07-06,118.86000061035156,100.05311584472656,27.301250457763672,23.19607162475586,33.099403381347656,42.994144439697266,75.98377227783203
2018-07-09,119.1500015258789,99.40918731689453,27.708948135375977,23.726613998413086,33.35093307495117,42.829471588134766,76.54035186767578
2018-07-10,118.93000030517578,99.40104675292969,27.914600372314453,23.639638900756836,33.43012619018555,43.339927673339844,76.83185577392578
2018-07-11,117.63999938964844,99.78413391113281,27.322898864746094,23.526573181152344,33.29969787597656,43.19997787475586,76.22232818603516
2018-07-12,118.12999725341797,99.77598571777344,27.369802474975586,23.5700626373291,33.82604217529297,43.142333984375,77.07041931152344
2018-07-13,117.61000061035156,100.02864837646484,27.51412582397461,23.465686798095703,33.788795471191406,43.42226791381836,77.21173858642578
2018-07-16,117.55000305175781,99.61298370361328,27.196622848510742,23.883163452148438,33.70960235595703,43.21644592285156,76.74352264404297
2018-07-17,116.27999877929688,99.425537109375,27.088382720947266,23.90926170349121,33.96113204956055,43.58693313598633,77.16756439208984
2018-07-18,116.30999755859375,99.02610778808594,27.10641860961914,24.291942596435547,33.90522766113281,43.232906341552734,77.22941589355469
2018-07-19,115.80999755859375,99.65371704101562,27.113643646240234,23.926652908325195,33.78412628173828,43.25760269165039,76.7965316772461
2018-07-20,116.55999755859375,98.43109130859375,27.01983642578125,23.970138549804688,33.7934455871582,43.521060943603516,76.64636993408203
2018-07-23,116.0,97.21660614013672,26.900766372680664,24.300647735595703,33.965789794921875,43.24936294555664,76.80538177490234
2018-07-24,116.04000091552734,97.55078125,27.23991584777832,24.370223999023438,34.152095794677734,43.33170700073242,77.50328063964844
2018-07-25,116.68000030517578,97.39590454101562,27.467214584350586,24.422407150268555,34.580631256103516,43.661033630371094,78.49272918701172
2018-07-26,115.7699966430664,97.20844268798828,27.766674041748047,24.41370964050293,34.049625396728516,43.89155578613281,78.2718734741211
2018-07-27,115.83000183105469,97.37146759033203,27.647611618041992,24.465896606445312,33.46737289428711,43.94919967651367,77.70645141601562
2018-07-30,115.6500015258789,97.03730010986328,27.874914169311523,24.483291625976562,32.94569778442383,43.89979553222656,77.75064086914062
2018-07-31,115.98999786376953,97.56710052490234,27.82440757751465,24.309341430664062,33.03419876098633,44.105621337890625,78.56340789794922
2018-08-01,115.13999938964844,96.7722396850586,27.4383544921875,24.309341430664062,33.33230209350586,43.73512268066406,78.58106231689453
2018-08-02,114.5199966430664,96.9111099243164,27.286819458007812,24.318037033081055,33.75151824951172,44.17973709106445,78.87259674072266
2018-08-03,114.91999816894531,97.39309692382812,27.14610481262207,24.457199096679688,33.87262725830078,44.69841003417969,79.3407974243164
2018-08-06,114.33000183105469,97.45027160644531,27.24713706970215,24.58765983581543,34.05428695678711,44.73957443237305,79.4821548461914
2018-08-07,114.58999633789062,96.94379425048828,27.449172973632812,24.70073127746582,34.18471145629883,44.46788787841797,79.49100494384766
2018-08-08,114.91000366210938,97.04180145263672,27.250734329223633,24.761611938476562,34.277870178222656,44.130332946777344,79.61467742919922
2018-08-09,114.73999786376953,97.8587417602539,26.998184204101562,24.613750457763672,34.291831970214844,43.998592376708984,79.52632904052734
2018-08-10,114.69000244140625,98.56944274902344,27.164146423339844,24.326738357543945,34.01702880859375,43.833927154541016,79.1817855834961
2018-08-13,112.95999908447266,98.36520385742188,26.817790985107422,24.09190559387207,33.97044372558594,43.833927154541016,79.20830535888672
2018-08-14,113.06999969482422,98.1446533203125,26.882720947265625,24.318037033081055,34.180049896240234,44.1385612487793,79.579345703125
2018-08-15,111.19000244140625,98.71649932861328,25.94467544555664,24.126693725585938,33.87262725830078,44.3196907043457,79.44681549072266
2018-08-16,111.0999984741211,98.70836639404297,26.132282257080078,24.448501586914062,34.02168655395508,44.95365905761719,80.22423553466797
2018-08-17,112.12999725341797,98.83084106445312,26.197223663330078,24.50068473815918,34.07292938232422,45.29945373535156,80.47158813476562
2018-08-20,112.69000244140625,99.49252319335938,26.37401008605957,24.578964233398438,34.02168655395508,45.27476119995117,80.73663330078125
2018-08-21,113.0199966430664,99.15760803222656,26.507505416870117,24.674631118774414,34.07757568359375,44.95365905761719,80.73663330078125
2018-08-22,113.2699966430664,99.54975891113281,26.82500648498535,24.58765983581543,34.180049896240234,44.67372131347656,80.81612396240234
2018-08-23,112.19999694824219,99.70498657226562,26.698728561401367,24.474594116210938,34.254581451416016,44.56669235229492,80.78964233398438
2018-08-24,114.16000366210938,99.90103912353516,26.893556594848633,24.56157112121582,34.59926986694336,44.50906753540039,81.1783447265625
2018-08-27,114.58999633789062,99.32917785644531,27.09198760986328,24.89206886291504,34.91600799560547,44.53375244140625,81.46986389160156
2018-08-28,113.68000030517578,98.7328109741211,26.976543426513672,24.865976333618164,34.97657012939453,44.385562896728516,81.5140380859375
2018-08-29,114.19999694824219,98.86353302001953,27.142507553100586,24.857284545898438,35.293304443359375,44.434974670410156,82.04410552978516
2018-08-30,113.63999938964844,99.07596588134766,27.06673812866211,24.66594123840332,35.186180114746094,44.29498291015625,81.9822769165039
2018-08-31,113.51000213623047,98.84718322753906,26.85747528076172,24.63984489440918,35.214115142822266,44.278526306152344,81.96458435058594
2018-09-04,112.93000030517578,98.27568054199219,26.799747467041016,24.761611938476562,35.07903289794922,44.220890045166016,81.31086730957031
2018-09-05,113.31999969482422,98.0136947631836,26.76366424560547,24.779003143310547,34.64118957519531,44.731353759765625,81.6377182006836
2018-09-06,113.54000091552734,98.37396240234375,26.26938247680664,24.66594123840332,34.38966369628906,44.8548698425293,81.6377182006836
2018-09-07,113.2300033569336,97.53883361816406,26.265783309936523,24.63984489440918,34.27320861816406,44.7642822265625,81.76139831542969
2018-09-10,113.1500015258789,97.89905548095703,26.254955291748047,24.613750457763672,34.38034439086914,44.92072677612305,81.54936981201172
2018-09-11,113.22000122070312,97.15401458740234,26.5039005279541,24.63984489440918,34.67379379272461,44.75606155395508,81.47870635986328
2018-09-12,114.16999816894531,97.38326263427734,26.6409969329834,24.41370964050293,34.529396057128906,45.27476119995117,81.88507843017578
2018-09-13,113.76000213623047,97.53063201904297,26.651826858520508,24.37891960144043,34.934635162353516,45.208885192871094,82.90100860595703
2018-09-14,113.0199966430664,97.06395721435547,26.792537689208984,24.552867889404297,34.90669631958008,45.085391998291016,82.62714385986328
2018-09-17,113.61000061035156,97.06395721435547,26.835824966430664,24.448501586914062,34.468849182128906,45.25005340576172,82.32681274414062
2018-09-18,113.44000244140625,96.04869079589844,27.012624740600586,24.570266723632812,34.68777084350586,45.0606803894043,82.8038558959961
2018-09-19,113.87999725341797,95.4755630493164,27.095600128173828,24.987741470336914,34.59926986694336,44.97835159301758,82.68899536132812
2018-09-20,114.2699966430664,95.91767883300781,27.102813720703125,25.20517921447754,35.009178161621094,45.54645538330078,83.49292755126953
2018-09-21,113.48999786376953,95.87673950195312,27.281909942626953,25.10733413696289,34.8708381652832,45.619422912597656,83.60557556152344
2018-09-24,113.47000122070312,95.6311264038086,27.681516647338867,24.827777862548828,35.04375457763672,44.92293930053711,83.77409362792969
2018-09-25,113.6500015258789,95.5328598022461,27.859516143798828,24.731685638427734,35.00168991088867,44.6576042175293,83.51686096191406
2018-09-26,113.05000305175781,96.20426177978516,27.59068489074707,24.434659957885742,34.8708381652832,44.70735168457031,83.703125
2018-09-27,112.05000305175781,96.26972961425781,27.59068489074707,24.347305297851562,35.07646560668945,44.649322509765625,84.12882232666016
2018-09-28,112.76000213623047,96.01593017578125,27.51439666748047,24.093957901000977,35.20734405517578,44.71565628051758,84.3860092163086
2018-10-01,112.56999969482422,95.31104278564453,27.895845413208008,24.19005584716797,35.37559127807617,44.6824836730957,84.80284881591797
2018-10-02,113.87000274658203,95.89366912841797,27.92491340637207,24.19005584716797,35.38026428222656,44.939517974853516,84.70528411865234
2018-10-03,113.41999816894531,94.22789001464844,28.15013885498047,24.41718864440918,35.48775863647461,44.45861053466797,84.545654296875
2018-10-04,113.4800033569336,93.56321716308594,28.03389549255371,24.583173751831055,34.84745407104492,44.3508415222168,83.72087860107422
2018-10-05,113.80000305175781,92.75901794433594,28.030256271362305,24.460866928100586,34.40812301635742,44.309364318847656,83.62329864501953
2018-10-08,112.54000091552734,92.44722747802734,28.008459091186523,24.62685775756836,34.02020263671875,44.92293930053711,83.58782196044922
2018-10-09,112.5999984741211,93.38270568847656,28.259117126464844,24.53075408935547,34.14171600341797,44.82344055175781,83.72972869873047
2018-10-10,112.87999725341797,93.12826538085938,27.372732162475586,23.770719528198242,32.48720169067383,44.284488677978516,81.75200653076172
2018-10-11,115.77999877929688,94.26071166992188,26.44638442993164,23.063098907470703,32.07592010498047,43.190025329589844,79.54368591308594
2018-10-12,115.2300033569336,93.93247985839844,26.5190372467041,23.08930778503418,33.104148864746094,43.43046951293945,80.76753997802734
2018-10-15,116.0,93.89141845703125,26.297426223754883,22.984477996826172,32.56199264526367,43.695804595947266,80.20884704589844
2018-10-16,115.80000305175781,94.10478210449219,26.51540184020996,23.368864059448242,33.543479919433594,44.185001373291016,82.40827178955078
2018-10-17,115.79000091552734,93.54680633544922,26.348291397094727,23.6047420501709,33.389251708984375,44.39228820800781,82.84285736083984
2018-10-18,115.91999816894531,93.51397705078125,26.217517852783203,23.211612701416016,32.73492431640625,44.334232330322266,81.90275573730469
2018-10-19,116.01000213623047,93.30879211425781,25.98501968383789,23.298978805541992,32.72090530395508,45.34580612182617,81.15779113769531
2018-10-22,115.70999908447266,93.18574523925781,25.698030471801758,22.801027297973633,32.99198532104492,45.00584411621094,80.49264526367188
2018-10-23,116.38999938964844,93.48113250732422,25.025976181030273,22.617565155029297,32.86579513549805,45.204837799072266,80.05806732177734
2018-10-24,116.66000366210938,94.18687438964844,24.037870407104492,22.049728393554688,31.3935489654541,45.39554214477539,77.4151840209961
2018-10-25,116.4000015258789,93.79296875,24.332124710083008,22.39043426513672,32.47319030761719,45.50333023071289,78.41736602783203
2018-10-26,116.7699966430664,94.35914611816406,24.150484085083008,22.06719970703125,31.823543548583984,44.63274002075195,77.53046417236328
2018-10-29,116.30999755859375,94.14582061767578,23.700023651123047,22.259395599365234,31.286062240600586,45.14680480957031,77.72557830810547
2018-10-30,115.80000305175781,93.67808532714844,24.248565673828125,22.64377784729004,31.636592864990234,46.042274475097656,78.55923461914062
2018-10-31,115.1500015258789,93.20213317871094,24.397512435913086,22.958267211914062,32.38906478881836,45.61112594604492,78.6656723022461
2018-11-01,116.62999725341797,93.28852081298828,24.60457992553711,23.063098907470703,32.767635345458984,45.93449783325195,79.65898895263672
2018-11-02,116.6500015258789,92.12869262695312,24.54281997680664,23.04563331604004,32.12733459472656,45.694034576416016,79.16232299804688
2018-11-05,116.37000274658203,92.49061584472656,24.95331573486328,23.41254425048828,32.09461975097656,46.26614761352539,79.86296844482422
2018-11-06,116.04000091552734,92.43302917480469,25.06957244873047,23.534852981567383,32.295589447021484,46.54804229736328,80.27091979980469
2018-11-07,116.02999877929688,92.556396484375,25.48006820678711,23.840612411499023,33.244361877441406,46.81338119506836,82.6299819946289
2018-11-08,115.77999877929688,92.54818725585938,24.927894592285156,23.910499572753906,33.2163200378418,46.83824920654297,82.6743392944336
2018-11-09,114.4800033569336,93.2391357421875,24.884296417236328,23.69209861755371,32.64143371582031,47.11187744140625,82.43487548828125
2018-11-12,113.66000366210938,93.84783172607422,24.36844825744629,23.220354080200195,31.491703033447266,46.86313247680664,81.31743621826172
2018-11-13,113.69999694824219,93.79029846191406,23.809009552001953,23.351398468017578,31.529094696044922,46.755348205566406,80.74982452392578
2018-11-14,114.63999938964844,93.84783172607422,23.76904296875,23.036901473999023,31.150524139404297,46.440269470214844,80.1023941040039
2018-11-15,114.7699966430664,93.80673217773438,24.117786407470703,23.377605438232422,31.9310359954834,46.36564254760742,80.8119125366211
2018-11-16,115.62000274658203,94.34961700439453,24.404775619506836,23.403810501098633,31.87963104248047,46.481719970703125,81.62783813476562
2018-11-19,115.66999816894531,94.61286163330078,24.397512435913086,23.395076751708984,30.664451599121094,46.4070930480957,80.5901870727539
2018-11-20,115.66999816894531,94.64575958251953,23.59830665588379,22.879648208618164,30.005451202392578,45.6359977722168,79.83635711669922
2018-11-21,115.86000061035156,94.61286163330078,23.968847274780273,22.897119522094727,30.225120544433594,45.27116775512695,79.384033203125
2018-11-23,115.7699966430664,94.71157836914062,23.216875076293945,22.71367073059082,29.949369430541992,45.428714752197266,79.49932861328125
2018-11-26,115.63999938964844,94.4977035522461,23.565614700317383,23.176668167114258,30.627059936523438,45.486751556396484,80.27091979980469
2018-11-27,114.94999694824219,94.60467529296875,23.50022315979004,23.194143295288086,30.687822341918945,45.89303970336914,81.10459899902344
2018-11-28,115.37999725341797,94.14398193359375,23.90346336364746,23.639684677124023,31.762773513793945,46.274444580078125,83.05570220947266
2018-11-29,115.73999786376953,94.51412963867188,24.059667587280273,23.438751220703125,31.454315185546875,46.34906768798828,83.33061981201172
2018-11-30,115.54000091552734,94.86785888671875,24.016071319580078,23.561052322387695,31.75342559814453,46.647560119628906,85.02456665039062
2018-12-03,116.41000366210938,95.54144287109375,24.55008888244629,23.709569931030273,32.45450973510742,46.68899917602539,84.6165771484375
2018-12-04,117.12000274658203,97.14093017578125,23.845335006713867,22.6787166595459,31.22530174255371,45.90132141113281,82.72755432128906
2018-12-06,117.13999938964844,97.44602966308594,23.40577507019043,22.364225387573242,31.295406341552734,45.95106887817383,82.41716003417969
2018-12-07,118.08999633789062,97.6274185180664,23.274991989135742,21.936159133911133,30.19240379333496,45.37066650390625,80.31525421142578
2018-12-10,117.68000030517578,98.03141021728516,22.911720275878906,21.63039779663086,30.608360290527344,45.37066650390625,80.62564849853516
2018-12-11,117.54000091552734,98.01493835449219,22.918981552124023,21.420738220214844,30.645755767822266,45.74379348754883,80.87397766113281
2018-12-12,117.79000091552734,97.57794189453125,23.009801864624023,21.543031692504883,30.884122848510742,45.68574142456055,81.56576538085938
2018-12-13,117.52999877929688,97.34711456298828,23.082454681396484,21.385786056518555,30.935529708862305,45.967655181884766,81.64559173583984
2018-12-14,117.05999755859375,97.68513488769531,22.55571174621582,21.176122665405273,30.178380966186523,45.188270568847656,78.89625549316406
2018-12-17,117.87000274658203,98.25403594970703,22.14520835876465,20.966459274291992,29.538076400756836,44.1435432434082,77.32649230957031
2018-12-18,118.1500015258789,98.84247589111328,21.62209701538086,20.887834548950195,29.771764755249023,43.62118148803711,76.65248107910156
2018-12-19,117.43000030517578,100.14823913574219,21.367801666259766,20.625757217407227,29.182876586914062,43.19832229614258,75.65030670166016
2018-12-20,119.23999786376953,99.78459167480469,20.775665283203125,20.44230079650879,28.65941047668457,42.427223205566406,74.5860824584961
2018-12-21,118.72000122070312,99.76802062988281,20.57399559020996,20.033540725708008,27.788667678833008,41.987083435058594,73.6595230102539
2018-12-24,120.0199966430664,100.263916015625,19.741647720336914,19.61159324645996,27.047021865844727,40.773841857910156,71.8955307006836
2018-12-26,119.66000366210938,99.1895523071289,20.97000503540039,20.499435424804688,28.6805362701416,41.91179656982422,75.03150177001953
2018-12-27,120.56999969482422,99.20608520507812,21.08000373840332,20.745574951171875,28.887075424194336,42.313419342041016,75.86004638671875
2018-12-28,121.05999755859375,100.0407943725586,20.918668746948242,20.73677635192871,28.82136344909668,42.313419342041016,75.94913482666016
2018-12-31,121.25,100.42093658447266,21.028667449951172,20.938961029052734,29.093608856201172,42.48912811279297,77.07166290283203
2019-01-02,121.33000183105469,100.94992065429688,21.443010330200195,21.114770889282227,29.112384796142578,42.23812484741211,75.90457153320312
2019-01-03,122.43000030517578,102.09864044189453,21.2303409576416,20.640077590942383,27.643156051635742,41.99546432495117,74.36333465576172
2019-01-04,121.44000244140625,100.91681671142578,21.95268440246582,21.32574462890625,28.868301391601562,42.890769958496094,76.58165740966797
2019-01-07,121.86000061035156,100.61933135986328,22.27901840209961,21.352113723754883,29.12647247314453,42.83219528198242,76.87567901611328
2019-01-08,121.52999877929688,100.3548355102539,22.451356887817383,21.369693756103516,29.370561599731445,43.22545623779297,77.47259521484375
2019-01-09,122.30999755859375,100.19779205322266,22.807031631469727,21.475181579589844,29.750778198242188,42.823822021484375,77.82003021240234
2019-01-10,121.58999633789062,99.55315399169922,22.873031616210938,21.483966827392578,29.882211685180664,43.0748405456543,77.97147369384766
2019-01-11,121.80000305175781,99.9416275024414,22.73736572265625,21.53671646118164,29.82588005065918,43.200347900390625,78.2298355102539
2019-01-14,122.08999633789062,99.56970977783203,22.682361602783203,21.686159133911133,29.548934936523438,42.991172790527344,77.36566925048828
2019-01-15,121.87999725341797,99.20608520507812,22.763032913208008,21.879541397094727,29.994863510131836,43.41790008544922,78.7554702758789
2019-01-16,122.2699966430664,99.3052749633789,22.733694076538086,22.34543800354004,30.023033142089844,43.183624267578125,78.61292266845703
2019-01-17,122.11000061035156,99.33006286621094,22.942697525024414,22.468505859375,30.215492248535156,43.367706298828125,79.30781555175781
2019-01-18,121.0199966430664,98.80939483642578,23.408370971679688,22.85529327392578,30.67549705505371,43.88646697998047,80.2521743774414
2019-01-22,121.44999694824219,99.47879028320312,22.898698806762695,22.591575622558594,30.159160614013672,43.484840393066406,79.69982147216797
2019-01-23,121.27999877929688,99.43753051757812,22.664026260375977,22.617944717407227,30.262428283691406,44.00362014770508,79.78890228271484
2019-01-24,121.08999633789062,100.09038543701172,22.7850284576416,22.670690536499023,30.515907287597656,43.45973587036133,79.12073516845703
2019-01-25,122.86000061035156,99.61105346679688,23.0747013092041,22.85529327392578,30.94775390625,43.28403091430664,79.2187271118164
2019-01-28,123.29000091552734,99.51184844970703,22.84369468688965,22.78496551513672,30.534679412841797,43.468116760253906,78.31890869140625
2019-01-29,123.9800033569336,100.01602172851562,22.913368225097656,22.70585060119629,30.206098556518555,43.56851577758789,78.70201110839844
2019-01-30,124.69000244140625,99.9416275024414,23.236038208007812,22.83770751953125,31.1449031829834,43.86137390136719,79.7800064086914
2019-01-31,124.75,100.80113220214844,23.386371612548828,22.80254364013672,31.112058639526367,44.67300033569336,80.77778625488281
2019-02-01,124.5,100.19230651855469,23.793376922607422,22.899242401123047,31.29511070251465,44.53075408935547,80.84907531738281
2019-02-04,123.95999908447266,99.74502563476562,23.84838104248047,22.995933532714844,31.797367095947266,44.81524658203125,80.61744689941406
2019-02-05,124.27999877929688,100.2005844116211,23.88504409790039,22.934402465820312,32.064937591552734,44.8236198425293,80.50163269042969
2019-02-06,123.44000244140625,100.25031280517578,23.70904541015625,22.90803337097168,32.17289733886719,44.83198165893555,80.86688995361328
2019-02-07,123.73999786376953,100.91295623779297,23.18470001220703,22.679479598999023,31.731645584106445,44.79851150512695,79.97599029541016
2019-02-08,124.20999908447266,101.34366607666016,23.078367233276367,22.565202713012695,31.914730072021484,45.007694244384766,80.1274642944336
2019-02-11,123.5999984741211,100.94609069824219,23.188369750976562,22.635530471801758,31.900644302368164,45.12484359741211,80.02945709228516
2019-02-12,123.86000061035156,100.68928527832031,23.481704711914062,22.96955680847168,32.3231086730957,45.476253509521484,81.12525939941406
2019-02-13,123.37000274658203,100.30831909179688,23.77504539489746,23.031099319458008,32.365352630615234,45.559932708740234,81.30342864990234
2019-02-14,124.05999755859375,100.8797836303711,23.85938262939453,22.749799728393555,32.42167282104492,45.049530029296875,81.49051666259766
2019-02-15,124.80000305175781,101.03719329833984,24.2443904876709,23.2332763671875,32.67985153198242,45.476253509521484,82.71997833251953
2019-02-19,126.69999694824219,101.29399108886719,24.31772232055664,23.26844596862793,32.689247131347656,45.710540771484375,82.52395629882812
2019-02-20,126.4800033569336,101.00408935546875,24.420387268066406,23.417882919311523,32.72679901123047,45.62687301635742,82.42594909667969
2019-02-21,125.05000305175781,100.10118865966797,24.04271697998047,23.294811248779297,32.740875244140625,45.7607536315918,81.70436096191406
2019-02-22,125.5,100.69757843017578,24.112384796142578,23.25965118408203,33.158653259277344,45.54319381713867,82.45270538330078
2019-02-25,125.37000274658203,100.39935302734375,24.15271759033203,23.356342315673828,33.31824493408203,45.29218292236328,82.56851959228516
2019-02-26,125.58000183105469,100.89636993408203,24.075719833374023,23.286022186279297,33.38865280151367,45.317283630371094,82.2745132446289
2019-02-27,124.69000244140625,99.75330352783203,24.16738510131836,23.373929977416992,33.35579299926758,45.250343322753906,81.89142608642578
2019-02-28,123.98999786376953,99.41368103027344,23.925384521484375,23.312397003173828,33.26191329956055,45.467891693115234,81.65090942382812
2019-03-01,121.87999725341797,98.49481964111328,24.365388870239258,23.461835861206055,33.487220764160156,45.384220123291016,82.80904388427734
2019-03-04,121.55999755859375,99.26673126220703,24.409387588500977,23.312397003173828,33.36048889160156,45.30891036987305,81.6865463256836
2019-03-05,121.72000122070312,99.47429656982422,24.328718185424805,23.224491119384766,33.26191329956055,45.275447845458984,81.64198303222656
2019-03-06,121.61000061035156,99.83954620361328,24.020719528198242,23.07505226135254,33.088233947753906,45.2085075378418,80.44817352294922
2019-03-07,121.51000213623047,100.4869613647461,23.877716064453125,22.83770751953125,32.773738861083984,44.9156494140625,79.81563568115234
2019-03-08,122.83999633789062,100.91030883789062,23.43037223815918,22.82891845703125,32.76902770996094,44.94074249267578,79.64636993408203
2019-03-11,122.23999786376953,100.61144256591797,23.797046661376953,23.066261291503906,33.47314453125,45.52646255493164,80.55506134033203
2019-03-12,122.9800033569336,101.31703186035156,23.951051712036133,23.119007110595703,33.670291900634766,45.54319381713867,81.14307403564453
2019-03-13,123.83999633789062,101.12612915039062,24.193052291870117,23.277233123779297,33.890899658203125,45.80259704589844,82.01615905761719
2019-03-14,122.41000366210938,100.39566040039062,24.218717575073242,23.36513900756836,33.96131896972656,45.7607536315918,81.88252258300781
2019-03-15,122.97000122070312,101.05973052978516,24.209115982055664,23.52859115600586,34.372432708740234,46.01987838745117,82.25898742675781
2019-03-18,123.04000091552734,101.00161743164062,24.545400619506836,23.767147064208984,34.518428802490234,46.0871696472168,82.13380432128906
2019-03-19,123.37999725341797,100.77750396728516,24.4788875579834,23.58160400390625,34.58906173706055,46.05353546142578,82.78658294677734
2019-03-20,124.18000030517578,101.83164978027344,24.693218231201172,23.095659255981445,34.494873046875,45.860015869140625,82.21427917480469
2019-03-21,123.68000030517578,102.05579376220703,24.866905212402344,23.024978637695312,35.36137390136719,46.39847183227539,82.53619384765625
2019-03-22,123.97000122070312,103.64120483398438,24.1943302154541,22.388832092285156,34.5278434753418,46.33958053588867,81.0339126586914
2019-03-25,124.91999816894531,103.80721282958984,24.205413818359375,22.29163932800293,34.37714385986328,46.432106018066406,80.98918914794922
2019-03-26,124.30000305175781,103.73249816894531,24.55279541015625,22.55670166015625,34.565513610839844,46.82753372192383,81.54359436035156
2019-03-27,123.6500015258789,104.68708038330078,24.37910270690918,22.459510803222656,34.36772918701172,46.667686462402344,80.8639907836914
2019-03-28,121.9000015258789,105.05229187011719,24.47149085998535,22.65389060974121,34.50899887084961,46.894840240478516,81.06968688964844
2019-03-29,122.01000213623047,104.9526596069336,24.434539794921875,22.715734481811523,34.84806823730469,47.20612335205078,82.04438018798828
2019-04-01,121.52999877929688,103.46197509765625,24.756040573120117,23.272369384765625,35.323692321777344,47.0462760925293,82.16958618164062
2019-04-02,121.9800033569336,103.65324401855469,24.58605194091797,23.254695892333984,35.44613265991211,46.659271240234375,81.98177337646484
2019-04-03,121.80000305175781,102.75484466552734,24.34954071044922,23.32537841796875,35.7333984375,46.432106018066406,81.87446594238281
2019-04-04,122.11000061035156,103.04597473144531,24.55279541015625,23.466747283935547,35.582698822021484,46.608795166015625,81.70457458496094
2019-04-05,121.9800033569336,103.1790771484375,24.985164642333984,23.502084732055664,35.75223159790039,46.768638610839844,82.2679214477539
2019-04-08,122.51000213623047,102.81306457519531,25.096031188964844,23.52859115600586,35.8887939453125,46.96214294433594,82.25005340576172
2019-04-09,123.1500015258789,103.13751983642578,24.789302825927734,23.334213256835938,35.719268798828125,46.90325164794922,82.0354232788086
2019-04-10,123.52999877929688,103.38704681396484,24.881689071655273,23.404895782470703,35.96885299682617,47.037864685058594,82.06224060058594
2019-04-11,121.94999694824219,102.77978515625,24.900163650512695,23.546260833740234,35.9217529296875,47.13040542602539,81.05180358886719
2019-04-12,121.83000183105469,102.0477066040039,24.966686248779297,23.979196548461914,36.17135238647461,47.281837463378906,80.30960083007812
2019-04-15,121.5999984741211,102.30561828613281,24.818866729736328,23.828989028930664,36.157222747802734,47.559478759765625,80.63150787353516
2019-04-16,120.51000213623047,101.66503143310547,24.98146629333496,24.16473960876465,36.340885162353516,47.567893981933594,78.97720336914062
2019-04-17,120.27999877929688,101.70665740966797,24.948205947875977,24.226585388183594,36.543373107910156,47.803470611572266,76.70590209960938
2019-04-18,120.37000274658203,102.23907470703125,24.829954147338867,24.155902862548828,36.646976470947266,47.845523834228516,76.83108520507812
2019-04-22,120.37000274658203,101.74822235107422,25.354705810546875,24.085220336914062,36.73174285888672,47.86235427856445,76.87580108642578
2019-04-23,120.12000274658203,101.96456146240234,25.31406021118164,24.235424041748047,37.132022857666016,47.71092224121094,78.0919418334961
2019-04-24,120.47000122070312,102.79644012451172,24.87060546875,24.20890998840332,37.14616012573242,47.81187057495117,78.00252532958984
2019-04-25,120.56999969482422,102.64669799804688,24.793001174926758,24.253097534179688,37.13673400878906,47.50899124145508,78.80731964111328
2019-04-26,121.37000274658203,102.99608612060547,24.47149085998535,24.473976135253906,36.99546432495117,47.93806457519531,79.59422302246094
2019-04-29,120.83000183105469,102.3388671875,24.44931983947754,24.72136878967285,37.004878997802734,47.9969596862793,79.45115661621094
2019-04-30,121.19999694824219,102.86296844482422,24.430837631225586,24.7567138671875,37.066104888916016,48.5522346496582,79.81777954101562
2019-05-01,120.4000015258789,103.28731536865234,23.943038940429688,24.553495407104492,36.971923828125,47.954898834228516,79.6746826171875
2019-05-02,119.94000244140625,102.79544067382812,23.52544403076172,24.580001831054688,36.77884292602539,47.93806457519531,80.01449584960938
2019-05-03,120.6500015258789,103.08721923828125,23.74348258972168,24.800880432128906,37.127315521240234,48.299827575683594,80.62259674072266
2019-05-06,120.80999755859375,103.37068176269531,23.76565170288086,24.63300895690918,36.84005355834961,48.224117279052734,81.0339126586914
2019-05-07,121.20999908447266,104.16260528564453,23.558706283569336,24.226585388183594,36.048912048339844,47.74456787109375,79.47798919677734
2019-05-08,120.91000366210938,103.71244049072266,23.558706283569336,24.17357063293457,36.00651931762695,47.73615264892578,79.64786529541016
2019-05-09,121.19999694824219,104.13763427734375,23.558706283569336,24.120563507080078,35.76165008544922,47.635196685791016,79.47798919677734
2019-05-10,121.43000030517578,103.99592590332031,23.669572830200195,24.279598236083984,35.874664306640625,48.215702056884766,79.50480651855469
2019-05-13,122.66999816894531,104.81285858154297,23.263063430786133,23.57276725769043,34.523136138916016,47.761390686035156,78.011474609375
2019-05-14,122.45999908447266,104.50440979003906,23.54762077331543,23.758316040039062,35.07881546020508,47.98855209350586,78.40491485595703
2019-05-15,122.38999938964844,105.14632415771484,23.669572830200195,23.669958114624023,35.460262298583984,48.367149353027344,78.63742065429688
2019-05-16,121.51000213623047,104.79618835449219,23.79891586303711,23.908510208129883,35.785186767578125,48.745731353759766,79.2544174194336
2019-05-17,120.6500015258789,105.02962493896484,23.558706283569336,23.749479293823242,35.49793243408203,48.58587646484375,79.08452606201172
2019-05-20,120.63999938964844,104.81285858154297,23.569793701171875,23.77598762512207,34.88102722167969,48.46809387207031,79.04876708984375
2019-05-21,120.36000061035156,104.64613342285156,23.84325408935547,24.023374557495117,35.309566497802734,48.367149353027344,79.79094696044922
2019-05-22,120.23999786376953,105.24635314941406,23.473711013793945,23.88201141357422,35.125911712646484,48.58587646484375,80.24699401855469
2019-05-23,121.16999816894531,106.43008422851562,22.686567306518555,23.546260833740234,34.50899887084961,48.56904602050781,79.96981048583984
2019-05-24,121.30000305175781,106.52179718017578,22.771568298339844,23.731807708740234,34.518428802490234,48.39238357543945,80.0860366821289
2019-05-28,120.83000183105469,107.28872680664062,22.53505516052246,23.457910537719727,34.419525146484375,47.601539611816406,78.94143676757812
2019-05-29,120.87000274658203,107.61386108398438,22.39093589782715,23.41373062133789,34.217037200927734,47.2566032409668,78.18135070800781
2019-05-30,121.69000244140625,108.53922271728516,22.106382369995117,23.334213256835938,34.428951263427734,47.45852279663086,78.61055755615234
2019-05-31,123.33000183105469,109.8980484008789,21.71835708618164,22.980798721313477,33.85442352294922,46.78547286987305,78.04723358154297
2019-06-03,125.11000061035156,110.63313293457031,21.995521545410156,23.13100242614746,33.26105880737305,47.374385833740234,78.23502349853516
2019-06-04,125.1500015258789,109.37171173095703,22.376150131225586,23.758316040039062,34.372432708740234,47.803470611572266,79.5316390991211
2019-06-05,125.47000122070312,108.75357818603516,22.128551483154297,23.908510208129883,34.8198127746582,48.35030746459961,80.13075256347656
2019-06-06,125.87999725341797,109.10445404052734,22.53875160217285,23.99686622619629,35.22480010986328,48.855098724365234,80.54209899902344
2019-06-07,126.58999633789062,110.04837799072266,22.642230987548828,23.961524963378906,35.8793830871582,49.32624435424805,81.38263702392578
2019-06-10,125.33000183105469,109.01258087158203,22.7087459564209,24.16473960876465,36.2467041015625,49.34305953979492,81.62409210205078
2019-06-11,125.18000030517578,109.07940673828125,22.75309181213379,24.17357063293457,36.2467041015625,49.50291442871094,81.48995971679688
2019-06-12,125.83000183105469,109.16287994384766,22.431581497192383,23.93501853942871,36.04420852661133,49.57862854003906,81.88341522216797
2019-06-13,126.5999984741211,109.53882598876953,22.693960189819336,24.014537811279297,36.15250015258789,49.68799591064453,81.78507232666016
2019-06-14,126.55999755859375,109.8144760131836,22.546146392822266,24.067548751831055,35.83699035644531,49.71324157714844,81.5972671508789
2019-06-17,126.4800033569336,110.00666046142578,22.7346134185791,23.846660614013672,35.865257263183594,49.570213317871094,81.9638900756836
2019-06-18,127.12000274658203,110.55795288085938,23.048734664916992,24.16473960876465,36.51512908935547,49.300987243652344,82.66138458251953
2019-06-19,127.88999938964844,110.7166748046875,23.022859573364258,24.120563507080078,36.646976470947266,49.50291442871094,83.4035873413086
2019-06-20,131.11000061035156,111.00902557373047,23.532833099365234,24.226585388183594,37.1838264465332,49.940399169921875,83.77021026611328
2019-06-21,131.97999572753906,109.7894287109375,23.702890396118164,24.172414779663086,37.00802230834961,49.77848434448242,84.17253875732422
2019-06-24,133.94000244140625,110.60806274414062,23.49032211303711,24.074731826782227,37.07891082763672,49.90563201904297,83.73249816894531
2019-06-25,134.1999969482422,110.95057678222656,23.303869247436523,23.99481201171875,36.39838790893555,49.88020706176758,83.39125061035156
2019-06-26,132.97000122070312,110.24049377441406,23.661867141723633,23.950407028198242,36.79064178466797,49.168121337890625,82.3405532836914
2019-06-27,132.83999633789062,111.017333984375,23.486595153808594,24.16353416442871,36.885162353515625,49.2613639831543,82.9153060913086
2019-06-28,133.1999969482422,110.94224548339844,23.75882911682129,24.509872436523438,36.88043212890625,49.22745895385742,83.19366455078125
2019-07-01,130.6199951171875,110.68273162841797,23.781204223632812,24.80292320251465,37.466434478759766,49.5241584777832,83.60677337646484
2019-07-02,133.41000366210938,111.53640747070312,23.400819778442383,24.740764617919922,37.565673828125,49.95649337768555,84.05577087402344
2019-07-03,133.6300048828125,112.33159637451172,23.49405288696289,24.93613052368164,37.85396194458008,50.57535171508789,84.77422332763672
2019-07-05,132.13999938964844,110.84172821044922,23.527618408203125,25.007171630859375,37.783058166503906,50.35493087768555,84.19049072265625
2019-07-08,131.2899932861328,110.99242401123047,23.56117820739746,24.882848739624023,37.49479293823242,50.42275619506836,83.56185913085938
2019-07-09,131.75,110.9505386352539,23.5798282623291,24.927248001098633,37.627113342285156,50.12604904174805,83.6427001953125
2019-07-10,133.8300018310547,110.33961486816406,23.88189125061035,24.83844757080078,37.924835205078125,50.448177337646484,83.9300765991211
2019-07-11,132.6999969482422,108.86649322509766,23.930370330810547,24.98052978515625,38.06661605834961,50.57535171508789,83.94801330566406
2019-07-12,133.52999877929688,108.9920425415039,24.03106117248535,25.149253845214844,38.34543228149414,50.719459533691406,83.0140609741211
2019-07-15,133.52999877929688,109.61973571777344,23.81476593017578,25.007171630859375,38.47304153442383,50.838130950927734,83.19366455078125
2019-07-16,132.39999389648438,109.29335021972656,23.56117820739746,24.94500732421875,38.11387252807617,50.8551025390625,82.78059387207031
2019-07-17,134.5800018310547,110.47350311279297,23.29266929626465,24.731882095336914,38.01462936401367,50.79575729370117,82.79853820800781
2019-07-18,136.47999572753906,110.48187255859375,23.29640007019043,24.91836929321289,38.29818344116211,51.13484191894531,83.26551818847656
2019-07-19,134.47000122070312,110.22240447998047,23.404558181762695,24.811798095703125,38.13277816772461,50.81269836425781,82.40340423583984
2019-07-22,134.4499969482422,110.43167114257812,23.512697219848633,24.865089416503906,38.5722770690918,50.515995025634766,82.23278045654297
2019-07-23,133.69000244140625,109.82901000976562,23.57609748840332,25.12261962890625,38.784934997558594,50.880516052246094,82.7446517944336
2019-07-24,134.3699951171875,110.30610656738281,23.676788330078125,25.380149841308594,39.106300354003906,50.541439056396484,82.78958129882812
2019-07-25,133.4199981689453,109.7787857055664,23.408283233642578,25.202539443969727,38.945621490478516,50.60924530029297,82.38544464111328
2019-07-26,133.63999938964844,110.03821563720703,23.28894805908203,25.477832794189453,39.03068161010742,51.17722702026367,82.6817855834961
2019-07-29,134.52999877929688,110.07173919677734,23.195720672607422,25.2824649810791,39.00706100463867,51.270477294921875,83.0230484008789
2019-07-30,134.97999572753906,110.33961486816406,23.45676040649414,25.211421966552734,38.75658416748047,51.42306900024414,82.6638412475586
2019-07-31,133.2100067138672,111.22676849365234,23.382179260253906,25.087100982666016,38.17058181762695,50.3803596496582,81.84661865234375
2019-08-01,136.41000366210938,113.43577575683594,22.852628707885742,24.518753051757812,37.97682189941406,50.20234680175781,81.95438385009766
2019-08-02,135.88999938964844,114.48406219482422,22.524459838867188,24.509872436523438,37.35772705078125,50.21082305908203,81.76580810546875
2019-08-05,137.7899932861328,116.46331787109375,21.85319709777832,23.692880630493164,35.7982177734375,48.90532684326172,79.84402465820312
2019-08-06,138.91000366210938,117.39423370361328,21.82709312438965,24.074731826782227,36.393672943115234,49.34613800048828,80.87677764892578
2019-08-07,141.02000427246094,117.43616485595703,21.663009643554688,23.755035400390625,36.620506286621094,49.9225959777832,80.90370178222656
2019-08-08,141.72999572753906,117.68775177001953,22.285791397094727,24.207935333251953,37.518409729003906,50.56687927246094,81.98133087158203
2019-08-09,141.25999450683594,117.45295715332031,22.039661407470703,24.128013610839844,37.09309005737305,50.287109375,82.08012390136719
2019-08-12,142.6300048828125,119.9017105102539,21.77861976623535,23.666231155395508,36.60634231567383,49.94802474975586,81.2808837890625
2019-08-13,141.77999877929688,119.49082946777344,21.97999382019043,23.95928192138672,37.52313995361328,50.515995025634766,82.3405532836914
2019-08-14,142.75,122.18291473388672,21.11854362487793,23.07124900817871,36.37004089355469,49.71913528442383,80.05057525634766
2019-08-15,143.6999969482422,123.5415267944336,20.988019943237305,23.186691284179688,36.30388259887695,50.46513748168945,80.32894134521484
2019-08-16,142.77999877929688,122.5518569946289,21.26398277282715,23.595191955566406,36.993858337402344,51.041587829589844,81.31680297851562
2019-08-19,141.11000061035156,120.79911041259766,21.733863830566406,23.834959030151367,37.55622863769531,51.55023956298828,82.09808349609375
2019-08-20,142.2100067138672,122.04871368408203,21.55113410949707,23.515270233154297,37.3671875,50.99073028564453,81.39762115478516
2019-08-21,141.75999450683594,121.23519897460938,21.68911361694336,23.62183380126953,37.80669403076172,51.126373291015625,81.9992904663086
2019-08-22,141.39999389648438,120.43013000488281,21.59215545654297,23.781681060791016,37.716896057128906,51.39764404296875,81.59516906738281
2019-08-23,144.1699981689453,122.40937805175781,20.868684768676758,23.177812576293945,36.46928024291992,50.541439056396484,79.7093276977539
2019-08-26,144.19000244140625,121.91455078125,20.958187103271484,23.39982032775879,36.974945068359375,51.16875076293945,80.54448699951172
2019-08-27,145.57000732421875,123.7931137084961,20.827667236328125,23.257736206054688,36.918235778808594,51.024635314941406,80.06851959228516
2019-08-28,145.16000366210938,123.95246887207031,21.126005172729492,23.470867156982422,36.95132064819336,51.51632308959961,80.65225219726562
2019-08-29,144.1199951171875,123.48280334472656,21.43552589416504,23.82607650756836,37.59403610229492,51.541744232177734,81.26290893554688
2019-08-30,143.75,123.516357421875,21.43552589416504,23.9060001373291,37.58456802368164,51.47393035888672,81.3616943359375
2019-09-03,145.75,123.67601013183594,21.331104278564453,23.657352447509766,37.126182556152344,51.7706413269043,80.88573455810547
2019-09-04,146.66000366210938,123.86082458496094,21.629446029663086,23.888242721557617,37.75943374633789,52.23687744140625,80.93961334228516
2019-09-05,143.13999938964844,121.61763000488281,21.89794921875,24.37666130065918,38.54865646362305,51.91474533081055,81.73886108398438
2019-09-06,141.9199981689453,122.48298645019531,22.0135555267334,24.367786407470703,38.51556396484375,52.08428955078125,81.9633560180664
2019-09-09,141.38999938964844,120.30706787109375,22.45360565185547,24.740764617919922,38.227291107177734,51.96562194824219,81.20901489257812
2019-09-10,140.17999267578125,118.19837188720703,22.718372344970703,24.829561233520508,38.033546447753906,51.64347457885742,81.44249725341797
2019-09-11,141.02999877929688,117.98823547363281,22.740751266479492,24.971654891967773,38.430503845214844,51.82997512817383,82.25074768066406
2019-09-12,141.32000732421875,117.21538543701172,22.59903907775879,25.104854583740234,38.63844299316406,52.041908264160156,82.22380065917969
2019-09-13,140.14999389648438,114.71182250976562,22.77804183959961,25.30022430419922,38.354896545410156,51.74521255493164,82.17890167236328
2019-09-16,141.32000732421875,116.17362213134766,23.542537689208984,25.211421966552734,38.260379791259766,51.24504852294922,81.9992904663086
2019-09-17,141.60000610351562,116.80372619628906,23.21436309814453,25.238065719604492,38.41632080078125,51.52479934692383,82.12503814697266
2019-09-18,140.7100067138672,117.29937744140625,23.102487564086914,25.32686996459961,38.41159439086914,51.60955810546875,82.11604309082031
2019-09-19,141.27999877929688,117.6522216796875,23.042818069458008,25.211421966552734,38.49666976928711,51.6010856628418,82.50218200683594
2019-09-20,142.9499969482422,119.20649719238281,23.06163215637207,25.06325912475586,38.04773712158203,51.4373779296875,82.96208190917969
2019-09-23,143.75,119.18126678466797,23.069162368774414,25.107881546020508,38.166255950927734,51.64202117919922,82.5202407836914
2019-09-24,144.50999450683594,120.61790466308594,22.704126358032227,24.866893768310547,37.79648971557617,51.85520553588867,81.76274108886719
2019-09-25,141.8300018310547,118.85356140136719,22.74175453186035,25.07218360900879,38.24683380126953,51.889312744140625,81.365966796875
2019-09-26,141.7899932861328,119.61821746826172,22.444446563720703,24.956146240234375,38.28950119018555,52.17924880981445,80.91509246826172
2019-09-27,141.05999755859375,119.9122085571289,22.44068717956543,25.05432891845703,37.777530670166016,52.11954879760742,80.55438232421875
2019-09-30,138.8699951171875,120.2061767578125,22.27886390686035,24.991851806640625,38.175724029541016,52.37537384033203,81.27579498291016
2019-10-01,139.6300048828125,120.56813049316406,21.763286590576172,24.46523094177246,37.82018280029297,52.23893356323242,80.48226165771484
2019-10-02,141.25999450683594,120.8626480102539,21.22889518737793,23.965404510498047,37.10911178588867,51.190067291259766,79.3099594116211
2019-10-03,141.89999389648438,121.96516418457031,21.45846176147461,24.063587188720703,37.5641975402832,51.54822540283203,80.02234649658203
2019-10-04,141.89999389648438,122.86575317382812,21.59393882751465,24.509864807128906,38.18521499633789,52.35832977294922,81.27579498291016
2019-10-07,140.69000244140625,121.84736633300781,21.402009963989258,24.384906768798828,38.024024963378906,51.93195724487305,81.00526428222656
2019-10-08,141.9199981689453,122.17559814453125,21.036972045898438,23.90291976928711,37.32716751098633,51.4373779296875,79.46324920654297
2019-10-09,142.0500030517578,121.48548889160156,21.22889518737793,24.12605857849121,37.88182067871094,51.82963180541992,80.04039001464844
2019-10-10,140.80999755859375,119.676025390625,21.496089935302734,24.375978469848633,38.142539978027344,51.93195724487305,80.43714904785156
2019-10-11,140.02999877929688,118.19475555419922,21.785869598388672,24.67945098876953,38.66875457763672,51.880794525146484,81.1044692993164
2019-10-14,140.58999633789062,119.05318450927734,21.774580001831055,24.71515655517578,38.645050048828125,51.62495803833008,81.06838989257812
2019-10-15,139.61000061035156,117.61405181884766,21.864896774291992,25.07218360900879,39.07169723510742,51.40324783325195,82.54727172851562
2019-10-16,140.41000366210938,117.7572250366211,21.560073852539062,25.00970458984375,38.801490783691406,51.45441436767578,82.43907928466797
2019-10-17,140.61000061035156,117.47103118896484,21.575122833251953,25.027559280395508,38.725643157958984,51.69318389892578,83.0522689819336
2019-10-18,140.4600067138672,117.47103118896484,21.46222496032715,25.09003257751465,38.35588455200195,51.79551696777344,82.74568176269531
2019-10-21,139.7899932861328,116.58735656738281,21.846080780029297,25.43813705444336,38.768306732177734,51.966064453125,82.6554946899414
2019-10-22,140.1999969482422,117.26903533935547,22.128332138061523,25.366727828979492,38.24683380126953,51.98310470581055,82.83584594726562
2019-10-23,140.52999877929688,117.38687896728516,22.312734603881836,25.473840713500977,38.280025482177734,52.22188949584961,83.349853515625
2019-10-24,141.52999877929688,117.15122985839844,22.218652725219727,25.43813705444336,38.83940887451172,52.40095901489258,82.926025390625
2019-10-25,141.86000061035156,116.57889556884766,22.399293899536133,25.56309700012207,39.30873107910156,52.093971252441406,83.01620483398438
2019-10-28,140.63999938964844,115.51847839355469,22.271339416503906,25.696975708007812,39.806480407714844,51.99164581298828,83.87287139892578
2019-10-29,140.25,115.59427642822266,22.361661911010742,25.759462356567383,39.44620132446289,51.99164581298828,85.06320190429688
2019-10-30,141.02000427246094,117.28588104248047,21.906293869018555,25.741605758666992,39.68797302246094,52.23041534423828,85.5411376953125
2019-10-31,142.42999267578125,118.86810302734375,21.812217712402344,25.616649627685547,39.66426467895508,52.15367126464844,85.44194030761719
2019-11-01,142.55999755859375,118.50214385986328,22.30897331237793,25.991525650024414,40.138328552246094,52.1451416015625,85.55015563964844
2019-11-04,142.14999389648438,116.94259643554688,23.035293579101562,26.214662551879883,40.346900939941406,51.64202117919922,85.28863525390625
2019-11-05,139.85000610351562,115.62728881835938,23.065399169921875,26.312847137451172,40.29950714111328,51.81256866455078,84.68445587158203
2019-11-06,140.4499969482422,116.32707214355469,22.594982147216797,26.446733474731445,40.28054428100586,52.025760650634766,84.97300720214844
2019-11-07,138.27000427246094,114.21939086914062,22.933683395385742,26.643098831176758,40.59816360473633,51.8466682434082,85.16236877441406
2019-11-08,137.38999938964844,113.73881530761719,22.839599609375,26.634174346923828,40.82571029663086,51.81256866455078,85.78461456298828
2019-11-11,137.05999755859375,113.81470489501953,22.71164894104004,26.56277084350586,40.844661712646484,51.735816955566406,85.43292236328125
2019-11-12,137.42999267578125,114.33740234375,22.594982147216797,26.598466873168945,40.982139587402344,51.906375885009766,85.9468994140625
2019-11-13,137.97999572753906,115.07929992675781,22.497140884399414,26.42888641357422,41.07221984863281,52.298641204833984,86.04612731933594
2019-11-14,138.55999755859375,116.2680435180664,22.43692398071289,26.48243522644043,41.024810791015625,52.281578063964844,86.05513000488281
2019-11-15,138.2100067138672,116.14160919189453,22.610034942626953,26.55384063720703,41.35664749145508,52.298641204833984,87.8857192993164
2019-11-18,138.6199951171875,116.35237121582031,22.335311889648438,26.607393264770508,41.479896545410156,52.57151794433594,87.58811950683594
2019-11-19,138.69000244140625,117.32190704345703,22.004146575927734,26.660945892333984,41.56049346923828,52.5032844543457,88.18328094482422
2019-11-20,138.75999450683594,118.53592681884766,22.226181030273438,26.535991668701172,41.309242248535156,52.622676849365234,88.06607055664062
2019-11-21,138.0,117.79403686523438,22.59122085571289,26.509212493896484,41.10065460205078,52.35832977294922,88.29148864746094
2019-11-22,137.74000549316406,117.94575500488281,22.515954971313477,26.70557975769043,41.04850769042969,52.273048400878906,88.60711669921875
2019-11-25,137.0800018310547,118.29141235351562,22.538532257080078,26.875165939331055,41.645816802978516,52.33274841308594,89.6441421508789
2019-11-26,137.74000549316406,118.98273468017578,22.331552505493164,26.848384857177734,41.68374252319336,52.75911331176758,89.57201385498047
2019-11-27,137.00999450683594,118.63706970214844,22.388002395629883,26.95549201965332,41.9160270690918,52.88702392578125,90.03187561035156
2019-11-29,137.86000061035156,118.38418579101562,22.162206649780273,26.91086769104004,41.79277038574219,52.869964599609375,89.71627807617188
2019-12-02,137.7899932861328,116.80574798583984,22.162206649780273,26.741281509399414,41.19547653198242,52.98936462402344,89.31952667236328
2019-12-03,139.11000061035156,119.25482940673828,21.831029891967773,26.366405487060547,40.830440521240234,52.90408706665039,89.12113189697266
2019-12-04,138.9199981689453,118.06409454345703,22.158435821533203,26.61631965637207,40.99636459350586,53.25370407104492,89.95072937011719
2019-12-05,139.0,117.48979187011719,22.053068161010742,26.741281509399414,41.14806365966797,53.23665237426758,89.95072937011719
2019-12-06,137.6199951171875,116.83954620361328,22.474557876586914,27.098308563232422,41.60315704345703,53.44129943847656,90.54590606689453
2019-12-09,137.5800018310547,117.09290313720703,22.448213577270508,27.035831451416016,41.385093688964844,53.48394012451172,89.91465759277344
2019-12-10,137.97000122070312,117.1013412475586,22.493371963500977,27.044755935668945,41.41828155517578,53.31339645385742,90.11304473876953
2019-12-11,138.9199981689453,118.02184295654297,22.45573616027832,26.982275009155273,41.69796371459961,53.39014434814453,90.19422149658203
2019-12-12,138.42999267578125,116.0794448852539,22.869705200195312,27.50889015197754,42.14358139038086,53.347503662109375,91.03285217285156
2019-12-13,139.0500030517578,117.42220306396484,22.696590423583984,27.41070556640625,42.42327880859375,53.53510665893555,90.96973419189453
2019-12-16,139.0399932861328,116.36661529541016,23.001420974731445,27.50889015197754,42.802520751953125,53.72270965576172,91.95267486572266
2019-12-17,139.00999450683594,116.20614624023438,23.016475677490234,27.615995407104492,42.70297622680664,53.63743591308594,91.85346984863281
2019-12-18,139.02000427246094,115.25179290771484,23.1030330657959,27.499963760375977,42.69822311401367,53.55215835571289,91.97969818115234
2019-12-19,139.3800048828125,115.43620300292969,23.095502853393555,27.491037368774414,43.00636291503906,53.84209442138672,92.34041595458984
2019-12-20,139.52000427246094,115.58844757080078,23.317047119140625,27.523332595825195,43.256046295166016,54.24873733520508,92.99415588378906
2019-12-23,139.9499969482422,115.41928100585938,23.556446075439453,27.46053695678711,43.37971878051758,54.01661682128906,93.36543273925781
2019-12-24,141.27000427246094,115.74922180175781,23.545047760009766,27.523332595825195,43.393985748291016,54.08539962768555,93.24772644042969
2019-12-26,142.3800048828125,116.0282974243164,23.53744888305664,27.67584228515625,43.717384338378906,54.13697814941406,93.184326171875
2019-12-27,142.3300018310547,116.15521240234375,23.438648223876953,27.60407257080078,43.71263122558594,54.37770462036133,93.21148681640625
2019-12-30,142.6300048828125,115.73229217529297,23.364681243896484,27.523332595825195,43.46056365966797,54.093997955322266,92.65190887451172
2019-12-31,142.89999389648438,114.59880065917969,23.497739791870117,27.613046646118164,43.598487854003906,54.14558410644531,92.83419036865234
2020-01-02,143.9499969482422,115.89303588867188,23.709087371826172,27.882179260253906,44.4165153503418,53.715721130371094,93.08023834228516
2020-01-03,145.86000061035156,117.6777572631836,23.638641357421875,27.586132049560547,43.91713333129883,53.62974548339844,92.26911926269531
2020-01-06,147.38999938964844,117.00956726074219,23.822582244873047,27.568187713623047,44.02177047729492,53.74150466918945,92.84330749511719
2020-01-07,147.97000122070312,116.43437957763672,23.759960174560547,27.38876724243164,44.002742767333984,53.328834533691406,92.6610107421875
2020-01-08,146.86000061035156,115.66464233398438,23.368593215942383,27.568187713623047,44.47360610961914,53.526573181152344,93.26254272460938
2020-01-09,146.02999877929688,116.07064056396484,23.54079818725586,27.7386417388916,44.97773742675781,53.90485763549805,93.66354370117188
2020-01-10,146.91000366210938,117.10263061523438,23.407730102539062,27.53230094909668,44.87310028076172,53.8704719543457,93.69087219238281
2020-01-13,145.82000732421875,116.74732971191406,23.415557861328125,27.72069549560547,45.43431854248047,54.22296142578125,93.36278533935547
2020-01-14,145.69000244140625,117.34786987304688,23.41946792602539,27.6668701171875,45.22028732299805,54.24015426635742,93.92784881591797
2020-01-15,146.5399932861328,118.12609100341797,23.247270584106445,27.514366149902344,45.27260208129883,54.62702560424805,94.73898315429688
2020-01-16,146.30999755859375,117.75390625,23.286407470703125,27.75657844543457,45.88138198852539,54.77317428588867,95.23113250732422
2020-01-17,146.5800018310547,116.74732971191406,23.137685775756836,27.837322235107422,46.190521240234375,54.867740631103516,95.23113250732422
2020-01-21,146.74000549316406,117.97384643554688,22.722837448120117,27.60407257080078,46.171504974365234,55.056880950927734,95.33138275146484
2020-01-22,146.7899932861328,118.38829803466797,22.50366973876953,27.6848087310791,46.337955474853516,55.0998649597168,95.44988250732422
2020-01-23,147.1199951171875,119.21724700927734,22.417570114135742,27.613046646118164,46.55674362182617,55.04829406738281,94.96681213378906
2020-01-24,147.97999572753906,120.181640625,22.15926742553711,27.263168334960938,46.337955474853516,54.66999816894531,93.38102722167969
2020-01-27,148.99000549316406,122.05096435546875,21.544815063476562,26.841527938842773,45.23456573486328,54.49806213378906,92.67013549804688
2020-01-28,147.66000366210938,121.09513092041016,21.642656326293945,27.155517578125,46.10015106201172,54.56685256958008,93.1258316040039
2020-01-29,148.4600067138672,122.27928924560547,21.415668487548828,27.110666275024414,46.219051361083984,54.29174041748047,92.87065887451172
2020-01-30,148.47000122070312,122.2962417602539,21.58786964416504,27.45156478881836,46.61856460571289,54.9365234375,92.19619750976562
2020-01-31,149.3300018310547,123.41281127929688,20.914714813232422,26.87741470336914,45.33919143676758,54.31752395629883,90.3552017211914
2020-02-03,148.36000061035156,123.31278228759766,20.64076042175293,27.06580924987793,45.938446044921875,54.31752395629883,91.1754379272461
2020-02-04,146.42999267578125,121.65216827392578,20.715118408203125,27.325969696044922,47.141719818115234,54.64422607421875,92.77950286865234
2020-02-05,146.61000061035156,120.3218994140625,21.49393653869629,27.873207092285156,47.41757583618164,55.08268356323242,94.56583404541016
2020-02-06,147.39999389648438,120.8642349243164,21.274768829345703,27.837322235107422,47.85037612915039,55.17725372314453,94.6478500366211
2020-02-07,147.7899932861328,122.37230682373047,21.126052856445312,27.7386417388916,47.41282653808594,55.246036529541016,93.90962219238281
2020-02-10,148.1699981689453,122.7113265991211,21.020383834838867,27.819379806518555,48.05488967895508,55.4781608581543,94.410888671875
2020-02-11,147.66000366210938,122.0927505493164,21.255205154418945,27.918062210083008,47.893192291259766,55.271820068359375,94.97593688964844
2020-02-12,147.5399932861328,121.47425079345703,21.540903091430664,27.936002731323242,48.411590576171875,55.246036529541016,95.09442138671875
2020-02-13,148.3800048828125,121.94023132324219,21.47437286376953,27.92702865600586,48.28315734863281,55.57272720336914,94.6478500366211
2020-02-14,149.0,122.47402954101562,21.36087417602539,27.962919235229492,48.492431640625,55.701690673828125,94.72076416015625
2020-02-18,150.91000366210938,123.31278228759766,21.18475914001465,27.72069549560547,48.31170654296875,55.50395202636719,94.383544921875
2020-02-19,151.7899932861328,123.30435180664062,21.46654510498047,27.92702865600586,48.8871955871582,55.44377136230469,94.82100677490234
2020-02-20,152.41000366210938,124.27019500732422,21.443063735961914,27.873207092285156,48.3783073425293,55.48674392700195,94.21039581298828
2020-02-21,154.6999969482422,125.43102264404297,21.18867301940918,27.60407257080078,47.293922424316406,55.58131790161133,94.26507568359375
2020-02-24,156.08999633789062,127.3034896850586,20.210254669189453,26.706960678100586,45.33919143676758,54.300323486328125,91.29393768310547
2020-02-25,153.3000030517578,127.98138427734375,19.31793212890625,25.80088233947754,43.88861083984375,53.32023620605469,88.52330017089844
2020-02-26,153.97000122070312,127.3034896850586,18.73479461669922,25.61248779296875,44.08835983276367,53.01933288574219,88.5141830444336
2020-02-27,154.0,128.68460083007812,17.732894897460938,24.51801872253418,41.71034622192383,50.86141586303711,85.5066146850586
2020-02-28,148.3800048828125,131.59075927734375,17.717233657836914,23.854158401489258,42.02899932861328,49.85554504394531,84.40381622314453
2020-03-02,149.1999969482422,130.62255859375,18.433441162109375,25.074220657348633,44.45933151245117,52.52069854736328,88.3592529296875
2020-03-03,153.88999938964844,132.65054321289062,17.869869232177734,24.13225555419922,42.770931243896484,51.80712890625,86.1628189086914
2020-03-04,154.16000366210938,131.24191284179688,18.292552947998047,24.930686950683594,44.60676956176758,54.35190963745117,91.1298599243164
2020-03-05,157.49000549316406,134.50885009765625,17.623313903808594,23.72855567932129,43.19898223876953,53.328834533691406,89.01545715332031
2020-03-06,157.5500030517578,141.5092010498047,16.633146286010742,22.921157836914062,42.285823822021484,52.90757369995117,88.5415267944336
2020-03-09,157.80999755859375,145.34454345703125,13.283036231994629,20.46308135986328,39.07551193237305,50.6035041809082,83.93901824951172
2020-03-10,154.47999572753906,137.89442443847656,13.913140296936035,21.66520118713379,41.68181228637695,52.05644226074219,86.81901550292969
2020-03-11,153.92999267578125,132.8202667236328,13.177363395690918,20.489990234375,39.71281433105469,49.503055572509766,83.50154113769531
2020-03-12,147.7899932861328,133.64332580566406,11.533618927001953,18.27413558959961,35.83665466308594,44.85194396972656,77.26763153076172
2020-03-13,143.27999877929688,130.62255859375,12.59814167022705,20.67838478088379,40.040977478027344,48.669124603271484,82.62662506103516
2020-03-16,141.63999938964844,139.0823516845703,10.883950233459473,17.843517303466797,34.50971603393555,45.367774963378906,74.47879028320312
2020-03-17,143.55999755859375,129.80799865722656,10.958308219909668,18.812395095825195,36.85919952392578,49.19355773925781,79.15421295166016
2020-03-18,140.6999969482422,122.48515319824219,9.385008811950684,17.21554183959961,35.470436096191406,47.92974853515625,76.52941131591797
2020-03-19,138.0399932861328,125.81995391845703,10.022937774658203,17.592327117919922,35.598854064941406,46.330657958984375,74.96179962158203
2020-03-20,140.11000061035156,135.28091430664062,10.120780944824219,16.96434783935547,33.967529296875,43.330230712890625,72.08182525634766
2020-03-23,146.3000030517578,140.8557891845703,9.430962562561035,15.977301597595215,33.65724182128906,42.04794692993164,68.33798217773438
2020-03-24,153.39999389648438,138.23387145996094,10.943438529968262,17.958633422851562,37.10425567626953,44.19227600097656,73.60391235351562
2020-03-25,151.3000030517578,137.91990661621094,11.459602355957031,18.447179794311523,37.05644607543945,44.071231842041016,74.58383178710938
2020-03-26,153.24000549316406,138.5987548828125,12.159821510314941,19.6052188873291,39.35125732421875,46.48360061645508,79.53836059570312
2020-03-27,152.25,142.29830932617188,11.335563659667969,19.008108139038086,37.57277297973633,46.267433166503906,77.83495330810547
2020-03-30,152.9199981689453,141.12728881835938,11.4516019821167,19.3699893951416,39.15524673461914,48.074554443359375,81.47988891601562
2020-03-31,148.0500030517578,139.98182678222656,11.627653121948242,18.83620834350586,38.42377471923828,47.09749984741211,81.12272644042969
2020-04-01,149.4499969482422,141.9430389404297,11.051473617553711,17.68721580505371,36.59270095825195,46.30201721191406,78.03644561767578
2020-04-02,151.89999389648438,142.84381103515625,12.063791275024414,18.130529403686523,37.448486328125,47.48659896850586,80.19776153564453
2020-04-03,152.64999389648438,143.18374633789062,11.935750961303711,17.768646240234375,36.8699951171875,47.8583869934082,79.47428131103516
2020-04-06,156.8800048828125,142.80978393554688,12.567950248718262,19.044288635253906,40.015804290771484,49.63957214355469,83.6412353515625
2020-04-07,156.0399932861328,141.31430053710938,12.836034774780273,19.234283447265625,39.6572380065918,49.068912506103516,82.95436096191406
2020-04-08,154.64999389648438,140.28599548339844,13.692304611206055,20.075674057006836,40.72336959838867,49.79521179199219,86.3703384399414
2020-04-09,158.69000244140625,140.54098510742188,13.56826400756836,21.152284622192383,40.732933044433594,50.262123107910156,86.84657287597656
2020-04-13,161.41000366210938,139.2578582763672,13.524251937866211,20.383272171020508,40.823760986328125,49.890323638916016,86.0864486694336
2020-04-14,162.67999267578125,139.22381591796875,13.460230827331543,20.473745346069336,42.53531265258789,52.00872039794922,88.94377136230469
2020-04-15,161.85000610351562,142.91175842285156,12.828031539916992,19.587125778198242,41.60783004760742,51.187294006347656,88.48588562011719
2020-04-16,161.7100067138672,144.53477478027344,12.279860496520996,19.243330001831055,42.114593505859375,51.52450180053711,90.4182357788086
2020-04-17,158.57000732421875,142.5973663330078,13.584269523620605,20.256616592407227,42.673954010009766,52.311336517333984,92.29566192626953
2020-04-20,159.6999969482422,143.7445068359375,13.160136222839355,19.90377426147461,41.990299224853516,51.28240203857422,91.5630111694336
2020-04-21,158.61000061035156,145.5545196533203,12.928064346313477,19.261428833007812,40.2309455871582,50.192955017089844,88.77893829345703
2020-04-22,161.72999572753906,144.0674591064453,13.38820743560791,19.46950912475586,41.779930114746094,50.677154541015625,90.13433837890625
2020-04-23,163.33999633789062,144.8321990966797,13.820344924926758,19.388086318969727,41.493099212646484,50.2275276184082,90.62887573242188
2020-04-24,162.63999938964844,145.1721649169922,13.852351188659668,19.668550491333008,42.372764587402344,50.76362228393555,91.84690856933594
2020-04-27,161.55999755859375,142.46994018554688,14.152444839477539,20.338043212890625,42.73611068725586,50.91060256958008,93.02832794189453
2020-04-28,160.83999633789062,144.10995483398438,14.476546287536621,20.555173873901367,42.16719055175781,51.19593811035156,91.1509017944336
2020-04-29,161.72999572753906,143.3621368408203,15.5488862991333,21.152284622192383,43.897857666015625,50.97978591918945,91.75533294677734
2020-04-30,158.8000030517578,141.68804931640625,15.204777717590332,20.618499755859375,43.70185470581055,50.3745231628418,91.33406066894531
2020-05-01,159.77999877929688,142.90142822265625,14.34450912475586,19.95805549621582,42.50184631347656,49.8211555480957,89.5940170288086
2020-05-04,160.33999633789062,142.22926330566406,14.840664863586426,19.77711296081543,43.06599426269531,49.79521179199219,89.54821014404297
2020-05-05,161.02000427246094,141.31887817382812,14.852664947509766,19.713781356811523,43.6588134765625,49.838443756103516,91.48973846435547
2020-05-06,158.9499969482422,139.03863525390625,14.464542388916016,19.288564682006836,43.99825668334961,49.29372024536133,90.58307647705078
2020-05-07,161.38999938964844,141.36146545410156,14.840664863586426,19.740928649902344,44.658016204833984,49.155357360839844,90.57392120361328
2020-05-08,160.4199981689453,139.52359008789062,15.516877174377441,20.16614532470703,45.312984466552734,50.253475189208984,91.0409927368164
2020-05-11,159.4199981689453,138.4344940185547,15.244791984558105,19.77711296081543,45.61418914794922,50.184303283691406,92.60702514648438
2020-05-12,160.0399932861328,139.8554229736328,14.97670841217041,19.261428833007812,44.672367095947266,49.7606315612793,91.19669342041016
2020-05-13,161.5800018310547,140.8339385986328,14.296494483947754,18.691450119018555,43.902645111083984,49.311004638671875,90.20760345458984
2020-05-14,163.00999450683594,142.21226501464844,14.456544876098633,19.17095947265625,44.46199035644531,49.1899528503418,91.19669342041016
2020-05-15,163.92999267578125,141.8463897705078,14.400527954101562,19.044288635253906,44.68670654296875,49.622283935546875,91.96595764160156
2020-05-18,162.69000244140625,138.7322235107422,15.57689380645752,20.02138328552246,45.78152847290039,50.40910720825195,92.7260971069336
2020-05-19,164.25999450683594,139.25131225585938,15.140756607055664,19.532840728759766,45.61418914794922,49.48392868041992,91.60877990722656
2020-05-20,164.64999389648438,139.66819763183594,15.744943618774414,19.967105865478516,46.613380432128906,50.0718994140625,91.71868133544922
2020-05-21,162.25,140.01705932617188,15.49286937713623,19.90377426147461,45.96318435668945,49.51850509643555,91.0409927368164
2020-05-22,163.2100067138672,140.85943603515625,15.396839141845703,19.831396102905273,46.130523681640625,49.69145202636719,91.23332214355469
2020-05-26,160.88999938964844,138.9705352783203,15.824970245361328,20.862773895263672,46.08271026611328,49.95949172973633,91.0684814453125
2020-05-27,161.17999267578125,138.7152099609375,16.029041290283203,21.767484664916992,46.34565353393555,50.71174240112305,92.01174926757812
2020-05-28,161.72000122070312,138.2047576904297,15.580896377563477,21.423702239990234,46.254825592041016,51.16135025024414,93.21145629882812
2020-05-29,162.91000366210938,139.1916961669922,15.50887393951416,21.179424285888672,46.83808898925781,51.21323013305664,94.33792114257812
2020-06-01,163.66000366210938,138.25457763671875,15.780957221984863,21.423702239990234,46.82374954223633,51.56774139404297,93.4037857055664
2020-06-02,162.60000610351562,137.751953125,16.22109603881836,21.595596313476562,47.26358413696289,51.706077575683594,93.94413757324219
2020-06-03,159.60000610351562,135.9202423095703,16.697246551513672,22.400794982910156,47.6317138671875,51.7752571105957,93.76095581054688
2020-06-04,161.27999877929688,133.95216369628906,16.701248168945312,22.889341354370117,47.23966979980469,51.52450180053711,93.01912689208984
2020-06-05,158.00999450683594,132.99807739257812,17.941638946533203,23.739768981933594,48.48270797729492,52.24216842651367,94.52108001708984
2020-06-08,159.72000122070312,133.50924682617188,18.749895095825195,24.19213104248047,48.72652816772461,52.804195404052734,95.17131805419922
2020-06-09,161.25999450683594,135.0256805419922,18.045669555664062,23.676443099975586,48.956016540527344,52.371864318847656,94.18224334716797
2020-06-10,163.57000732421875,137.02774047851562,17.157394409179688,22.78982162475586,49.77354049682617,52.224876403808594,94.03571319580078
2020-06-11,162.38999938964844,139.6177978515625,15.540888786315918,20.926103591918945,46.91935729980469,50.24483108520508,88.80641174316406
2020-06-12,162.6199951171875,138.2716522216797,15.933008193969727,21.55940818786621,47.52654266357422,50.253475189208984,89.38338470458984
2020-06-15,162.3300018310547,138.34825134277344,15.981019973754883,21.85796356201172,47.985496520996094,50.832786560058594,89.58485412597656
2020-06-16,162.25,136.22689819335938,16.441165924072266,22.201759338378906,49.008602142333984,51.628265380859375,91.79197692871094
2020-06-17,162.55999755859375,136.78929138183594,15.88099479675293,21.867015838623047,48.9990348815918,51.55044937133789,91.70039367675781
2020-06-18,162.24000549316406,138.23756408691406,16.07705307006836,21.839874267578125,49.21894836425781,51.81849670410156,91.38900756835938
2020-06-19,164.02999877929688,138.34825134277344,15.83297348022461,21.695112228393555,48.8795166015625,51.55044937133789,92.2681884765625
2020-06-22,165.08999633789062,138.3653564453125,15.90632438659668,21.587678909301758,49.80044937133789,51.4031982421875,91.91410827636719
2020-06-23,166.47999572753906,137.41958618164062,15.922536849975586,21.68782615661621,50.15999221801758,51.32476043701172,92.30957794189453
2020-06-24,165.89999389648438,138.89352416992188,15.039074897766113,20.92302131652832,49.02861785888672,50.46209716796875,89.89997863769531
2020-06-25,165.8000030517578,139.29400634765625,15.326812744140625,21.47842025756836,49.65663528442383,50.81935501098633,90.78288269042969
2020-06-26,166.5399932861328,140.78492736816406,14.795921325683594,20.558828353881836,48.67865753173828,49.78240966796875,89.67925262451172
2020-06-29,166.6300048828125,140.3418731689453,14.994495391845703,20.786447525024414,49.21078109741211,50.723506927490234,90.48857879638672
2020-06-30,167.3699951171875,139.66033935546875,15.338964462280273,21.06869888305664,50.09288024902344,51.09820556640625,92.03366088867188
2020-07-01,166.6199951171875,139.38909912109375,14.966133117675781,20.8866024017334,50.17438888549805,51.14177322387695,92.7418212890625
2020-07-02,166.97999572753906,139.5340118408203,15.13228702545166,20.913917541503906,50.466819763183594,51.4031982421875,93.44078826904297
2020-07-06,167.97999572753906,138.96261596679688,15.17686653137207,21.31453514099121,51.34891891479492,51.6558952331543,94.38809204101562
2020-07-07,169.0399932861328,140.9158477783203,14.694610595703125,20.87749671936035,50.81199264526367,52.1264533996582,93.56953430175781
2020-07-08,170.08999633789062,140.3528594970703,14.682452201843262,21.096012115478516,51.641353607177734,51.995731353759766,93.57875061035156
2020-07-09,169.6300048828125,142.5876922607422,13.957042694091797,20.649877548217773,51.82832336425781,51.586181640625,92.84297943115234
2020-07-10,169.19000244140625,141.87110900878906,14.402823448181152,21.360055923461914,51.813941955566406,52.53599166870117,92.62224578857422
2020-07-13,169.39999389648438,142.34031677246094,14.325825691223145,21.45110321044922,50.740081787109375,52.45757293701172,93.14649200439453
2020-07-14,170.19000244140625,142.54502868652344,14.828347206115723,21.560359954833984,51.324951171875,53.224388122558594,94.99506378173828
2020-07-15,170.33999633789062,141.8796844482422,15.148499488830566,21.988290786743164,51.60300827026367,53.2679557800293,96.22745513916016
2020-07-16,168.72999572753906,142.55349731445312,15.079604148864746,21.988290786743164,50.96540451049805,53.38124084472656,96.07111358642578
2020-07-17,170.1199951171875,142.2550506591797,14.868868827819824,21.806194305419922,51.214691162109375,53.668792724609375,97.38627624511719
2020-07-20,170.94000244140625,142.60459899902344,14.621665000915527,21.70604133605957,52.52346420288086,53.128536224365234,97.36788940429688
2020-07-21,173.0,142.68994140625,15.505123138427734,22.133968353271484,51.99610900878906,53.590370178222656,97.30350494384766
2020-07-22,175.6300048828125,143.11647033691406,15.314651489257812,22.133968353271484,52.4131965637207,54.01735305786133,98.17720794677734
2020-07-23,177.17999267578125,144.7882843017578,15.286283493041992,22.15218162536621,51.051700592041016,54.20905303955078,97.73574829101562
2020-07-24,178.6999969482422,144.77969360351562,15.201183319091797,22.09754753112793,50.433258056640625,54.13935089111328,96.65970611572266
2020-07-27,182.22999572753906,144.24237060546875,15.217391014099121,21.915451049804688,51.22908020019531,54.409481048583984,97.38627624511719
2020-07-28,183.75,145.24029541015625,14.958027839660645,21.860822677612305,50.62982177734375,54.60989761352539,97.27593231201172
2020-07-29,185.1300048828125,144.9929656982422,15.270071983337402,22.270540237426758,51.36330032348633,54.688323974609375,98.2967758178711
2020-07-30,183.75999450683594,145.94827270507812,14.670296669006348,21.86992835998535,51.65094757080078,54.688323974609375,97.61618041992188
2020-07-31,185.42999267578125,145.8544158935547,14.601402282714844,21.87903594970703,52.940547943115234,54.63603973388672,97.05517578125
2020-08-03,185.63999938964844,145.12010192871094,14.654084205627441,21.942768096923828,54.24452209472656,54.4879035949707,98.05765533447266
2020-08-04,189.58999633789062,146.50338745117188,15.010710716247559,21.85171890258789,54.383548736572266,55.16758728027344,97.6253890991211
2020-08-05,191.35000610351562,145.22254943847656,15.168761253356934,22.15218162536621,54.584903717041016,55.0543098449707,98.07605743408203
2020-08-06,193.88999938964844,146.03369140625,15.047181129455566,22.1430721282959,55.35193634033203,55.04558181762695,97.55183410644531
2020-08-07,190.80999755859375,145.06027221679688,15.067445755004883,22.616531372070312,54.52736282348633,55.34185791015625,97.8645248413086
2020-08-10,190.14999389648438,144.41131591796875,15.533493041992188,22.780418395996094,54.373966217041016,55.62942123413086,97.53343963623047
2020-08-11,179.94000244140625,142.69496154785156,15.480807304382324,23.044458389282227,53.39598083496094,55.24601745605469,96.91724395751953
2020-08-12,179.10000610351562,141.39707946777344,15.634804725646973,22.980724334716797,54.6088752746582,55.96054458618164,98.54508972167969
2020-08-13,183.3300018310547,139.8856658935547,15.330865859985352,22.835044860839844,54.632843017578125,55.91697692871094,98.41630554199219
2020-08-14,182.5399932861328,139.33920288085938,15.47675609588623,22.92609405517578,54.594486236572266,55.908267974853516,98.22319030761719
2020-08-17,186.5,139.68931579589844,15.387598037719727,22.543685913085938,54.95883560180664,56.22195816040039,98.80259704589844
2020-08-18,188.17999267578125,140.68833923339844,15.193076133728027,22.398014068603516,55.164981842041016,56.44853210449219,98.77500915527344
2020-08-19,182.24000549316406,139.8088836669922,15.018815994262695,22.388906478881836,55.097869873046875,56.00411605834961,98.45314025878906
2020-08-20,183.5,141.07260131835938,14.694610595703125,22.17949104309082,55.83134841918945,55.89082717895508,98.14041900634766
2020-08-21,182.02999877929688,141.91793823242188,14.601402282714844,22.133968353271484,56.540870666503906,56.03025436401367,98.2416000366211
2020-08-24,181.0,141.68740844726562,15.002602577209473,22.66204833984375,57.02985382080078,56.5095100402832,97.79093933105469
2020-08-25,181.22000122070312,140.6029815673828,14.79187297821045,22.725786209106445,57.31748962402344,56.38752365112305,98.45314025878906
2020-08-26,183.36000061035156,140.0649871826172,14.479825973510742,22.616531372070312,58.482452392578125,56.457244873046875,98.33356475830078
2020-08-27,181.24000549316406,137.6826171875,14.508191108703613,22.99893569946289,58.5303840637207,56.8057975769043,99.10610961914062
2020-08-28,184.38999938964844,137.58009338378906,14.767553329467773,23.089981079101562,59.043357849121094,57.311195373535156,99.32682800292969
2020-08-31,184.8300018310547,138.49375915527344,14.447403907775879,22.816837310791016,59.23032760620117,57.1456413269043,99.56595611572266
2020-09-01,185.0500030517578,140.077880859375,14.350143432617188,22.88056755065918,60.361717224121094,57.206634521484375,98.67381286621094
2020-09-02,182.6199951171875,141.41143798828125,14.28124713897705,23.208345413208008,60.89863967895508,58.24357604980469,100.65119171142578
2020-09-03,181.13999938964844,141.8132781982422,14.175881385803223,22.853254318237305,57.42774963378906,57.241493225097656,97.91050720214844
2020-09-04,181.63999938964844,139.1204071044922,14.131303787231445,23.02625274658203,56.62716293334961,57.110774993896484,97.21151733398438
2020-09-08,181.2899932861328,139.9752960205078,13.616625785827637,22.434431076049805,54.06714630126953,55.908267974853516,95.61125946044922
2020-09-09,183.0500030517578,139.5991973876953,13.709834098815918,22.66204833984375,55.83134841918945,56.718658447265625,97.30350494384766
2020-09-10,182.4600067138672,140.3087615966797,13.207317352294922,22.3433837890625,54.570518493652344,56.02153778076172,95.81360626220703
2020-09-11,182.4499969482422,140.60787963867188,13.219475746154785,22.49816131591797,54.15343475341797,56.335235595703125,96.190673828125
2020-09-14,183.88999938964844,140.5993194580078,13.320789337158203,22.80772590637207,55.289615631103516,56.70122528076172,97.57020568847656
2020-09-15,183.4499969482422,140.25741577148438,13.223528861999512,22.49816131591797,55.83613967895508,56.622806549072266,97.69896697998047
2020-09-16,183.97000122070312,139.8385009765625,13.754411697387695,22.753101348876953,54.97320556640625,56.37010192871094,97.53343963623047
2020-09-17,182.9600067138672,140.26589965820312,13.774677276611328,22.51637077331543,54.517791748046875,56.01283264160156,97.21151733398438
2020-09-18,183.1999969482422,139.82997131347656,13.620677947998047,22.470853805541992,53.578155517578125,55.49871826171875,97.06438446044922
2020-09-21,179.52000427246094,140.53952026367188,13.169211387634277,21.907819747924805,54.02354049682617,55.0753288269043,95.271240234375
2020-09-22,178.64999389648438,140.4283905029297,13.03327465057373,21.724720001220703,54.87876892089844,55.399658203125,95.0680923461914
2020-09-23,174.7899932861328,140.61639404296875,12.444226264953613,21.23950958251953,53.168312072753906,54.56690979003906,94.08934783935547
2020-09-24,175.44000244140625,141.1550750732422,12.440105438232422,21.2852840423584,53.46620178222656,54.970130920410156,93.61843872070312
2020-09-25,174.94000244140625,141.1550750732422,12.431864738464355,21.505001068115234,54.744239807128906,55.2593994140625,95.12350463867188
2020-09-28,176.6999969482422,140.7532196044922,12.72433090209961,22.01767921447754,55.791656494140625,55.88177490234375,95.9822006225586
2020-09-29,178.19000244140625,140.91563415527344,12.374197006225586,21.743032455444336,55.604278564453125,55.513607025146484,95.86217498779297
2020-09-30,177.1199951171875,139.56494140625,12.337124824523926,22.035987854003906,56.07032775878906,56.188568115234375,97.39495086669922
2020-10-01,178.6999969482422,139.79518127441406,11.958155632019043,22.07261085510254,56.66130065917969,56.504150390625,97.06253051757812
2020-10-02,178.5399932861328,139.2731475830078,12.073492050170898,22.246553421020508,55.22471237182617,56.188568115234375,96.1761245727539
2020-10-05,179.41000366210938,136.5518798828125,12.435985565185547,22.612754821777344,56.43547821044922,56.565494537353516,98.1520767211914
2020-10-06,177.3000030517578,137.2877655029297,12.250618934631348,22.383878707885742,55.561038970947266,56.19733810424805,96.85016632080078
2020-10-07,177.22000122070312,136.2865753173828,12.423625946044922,22.759235382080078,56.579620361328125,56.80218505859375,98.67842102050781
2020-10-08,177.85000610351562,137.0225067138672,12.889102935791016,23.070499420166016,56.872711181640625,57.179115295410156,99.15853118896484
2020-10-09,181.0800018310547,136.99691772460938,12.683140754699707,23.097963333129883,57.74234390258789,57.626163482666016,100.05419158935547
2020-10-12,180.55999755859375,137.4333038330078,12.716094970703125,23.354307174682617,59.31827163696289,58.292362213134766,100.73748016357422
2020-10-13,177.72000122070312,138.4174346923828,12.51837158203125,22.90571403503418,58.93870162963867,58.24851989746094,99.97111511230469
2020-10-14,178.27000427246094,138.73397827148438,12.571922302246094,22.685991287231445,58.626407623291016,57.950496673583984,99.3893814086914
2020-10-15,178.9199981689453,138.4944305419922,12.72433090209961,22.859935760498047,58.36214065551758,57.985557556152344,98.66917419433594
2020-10-16,178.3000030517578,138.1093292236328,12.435985565185547,22.878246307373047,58.19398880004883,58.003089904785156,99.64791107177734
2020-10-19,178.38999938964844,137.5873565673828,12.172351837158203,22.530359268188477,57.127357482910156,57.249229431152344,98.06900024414062
2020-10-20,179.25,136.27798461914062,12.31652545928955,22.71345329284668,57.3243408203125,57.187870025634766,98.19824981689453
2020-10-21,180.60000610351562,135.807373046875,12.081730842590332,22.59444808959961,57.23786163330078,57.240474700927734,97.70887756347656
2020-10-22,178.8300018310547,134.3953094482422,12.580160140991211,23.04303550720215,56.96879959106445,57.21415710449219,99.18622589111328
2020-10-23,178.63999938964844,135.21688842773438,12.51837158203125,23.116273880004883,56.906341552734375,57.319358825683594,99.55558013916016
2020-10-26,178.5500030517578,136.4748077392578,12.06937313079834,22.59444808959961,55.671539306640625,56.58303451538086,98.44757080078125
2020-10-27,179.02000427246094,137.3905029296875,11.912841796875,22.18247413635254,55.95020294189453,56.43402099609375,97.77352142333984
2020-10-28,176.1300048828125,137.5188751220703,11.414413452148438,21.6148624420166,53.57670974731445,54.786048889160156,94.67105865478516
2020-10-29,175.39999389648438,136.1838836669922,11.764549255371094,21.77964973449707,54.47037124633789,54.768524169921875,93.89545440673828
2020-10-30,176.1999969482422,134.8403778076172,11.830456733703613,21.84373664855957,53.264408111572266,54.57566833496094,93.86774444580078
2020-11-02,177.91000366210938,135.85040283203125,12.234143257141113,22.25571060180664,53.3989372253418,55.4434814453125,95.5574722290039
2020-11-03,178.9199981689453,135.06224060058594,12.164116859436035,22.75007438659668,54.34064865112305,56.35511779785156,96.95173645019531
2020-11-04,178.82000732421875,137.9920654296875,12.18059253692627,22.48458480834961,56.4547004699707,56.38141632080078,101.25456237792969
2020-11-05,182.92999267578125,138.23191833496094,12.18059253692627,23.03388214111328,58.208396911621094,56.79342269897461,101.45767974853516
2020-11-06,183.19000244140625,136.56138610839844,11.916961669921875,22.85078239440918,58.415000915527344,57.056392669677734,101.49462127685547
2020-11-09,175.0800018310547,133.6915740966797,13.618207931518555,24.727548599243164,57.9921875,56.92490005493164,102.4456787109375
2020-11-10,175.66000366210938,132.9206085205078,14.058966636657715,24.855714797973633,56.91114807128906,58.04692459106445,102.74113464355469
2020-11-11,174.89999389648438,133.4003448486328,13.91479206085205,24.755014419555664,58.26124572753906,58.54656982421875,102.61187744140625
2020-11-12,175.9600067138672,135.67050170898438,13.465795516967773,24.34303855895996,57.74234390258789,58.3887825012207,102.23328399658203
2020-11-13,177.16000366210938,135.49058532714844,13.95598316192627,24.74585723876953,58.232421875,59.19523239135742,103.52598571777344
2020-11-16,177.14999389648438,135.16506958007812,14.874574661254883,25.295156478881836,58.7945671081543,59.73872375488281,103.35054016113281
2020-11-17,176.5,136.0474090576172,15.026986122131348,25.25853729248047,58.467857360839844,59.317955017089844,102.67649841308594
2020-11-18,175.49000549316406,136.4415283203125,14.590350151062012,25.020505905151367,57.8432502746582,58.502742767333984,100.76518249511719
2020-11-19,175.16000366210938,137.14393615722656,14.829264640808105,25.102901458740234,58.309295654296875,58.660518646240234,100.6913070678711
2020-11-20,175.69000244140625,138.3604736328125,14.750996589660645,24.8831787109375,57.708717346191406,58.292362213134766,100.4604721069336
2020-11-23,172.22999572753906,137.72653198242188,15.793166160583496,25.35009002685547,57.694313049316406,58.30989074707031,100.2019271850586
2020-11-24,169.58999633789062,136.35577392578125,16.604660034179688,26.238115310668945,58.49668502807617,58.704345703125,100.49739074707031
2020-11-25,169.50999450683594,135.93609619140625,16.217449188232422,26.14656639099121,58.62159729003906,58.66929244995117,100.12808227539062
2020-11-27,167.7899932861328,137.25527954101562,16.02796745300293,26.06416893005371,58.933902740478516,58.660518646240234,101.0514144897461
2020-11-30,166.6699981689453,137.083984375,15.142327308654785,25.524028778076172,59.327877044677734,58.65176010131836,101.32842254638672
2020-12-01,170.17999267578125,135.06275939941406,15.212355613708496,25.91769027709961,60.087013244628906,59.1689338684082,102.17790222167969
2020-12-02,171.4600067138672,133.99081420898438,15.706661224365234,26.20150375366211,59.99573516845703,58.67806625366211,102.94427490234375
2020-12-03,172.80999755859375,135.07135009765625,15.871432304382324,26.21065330505371,59.95729446411133,58.82707595825195,102.81499481201172
2020-12-04,172.32000732421875,133.09039306640625,16.73647117614746,26.531076431274414,60.55787658691406,59.28289031982422,103.9137954711914
2020-12-07,174.88999938964844,134.2909393310547,16.345142364501953,26.347976684570312,60.7308349609375,59.05499267578125,103.27667999267578
2020-12-08,175.5,134.9255828857422,16.588180541992188,26.338823318481445,60.927833557128906,59.379310607910156,104.0615234375
2020-12-09,172.5,134.4796142578125,16.62525177001953,26.274736404418945,59.76030349731445,59.142642974853516,103.70142364501953
2020-12-10,172.1699981689453,135.67164611816406,17.136037826538086,26.320507049560547,59.84678268432617,58.87965774536133,103.52598571777344
2020-12-11,172.49000549316406,136.15185546875,16.938310623168945,26.055017471313477,59.72187423706055,59.01116180419922,103.1197280883789
2020-12-14,171.5399932861328,135.77455139160156,16.345142364501953,25.752904891967773,59.938072204589844,58.78324508666992,102.3440933227539
2020-12-15,173.94000244140625,135.3200225830078,16.66644287109375,26.19234275817871,60.93743896484375,58.923500061035156,103.45211029052734
2020-12-16,174.89999389648438,134.9599151611328,16.584060668945312,26.238115310668945,61.35064697265625,59.03744888305664,103.14740753173828
2020-12-17,176.74000549316406,134.60276794433594,16.505796432495117,26.311357498168945,61.83590316772461,59.41438674926758,104.25544738769531
2020-12-18,176.44000244140625,134.19924926757812,16.22980499267578,26.08247947692871,61.61969757080078,59.54586410522461,104.33853149414062
2020-12-21,175.8800048828125,134.7315216064453,15.916733741760254,26.4340763092041,61.68134307861328,58.904151916503906,103.29456329345703
2020-12-22,174.49000549316406,135.4268035888672,15.649578094482422,26.17636489868164,62.21589660644531,58.488704681396484,102.97933197021484
2020-12-23,175.64999389648438,134.49111938476562,15.996045112609863,26.60895538330078,61.74395751953125,58.68315887451172,103.0534896850586
2020-12-24,176.35000610351562,135.0233917236328,15.912555694580078,26.645771026611328,62.153297424316406,58.9748649597168,103.3501968383789
2020-12-28,175.7100067138672,135.08348083496094,15.81237506866455,26.774633407592773,62.85641860961914,59.443336486816406,103.60980224609375
2020-12-29,176.35000610351562,134.9117889404297,15.708013534545898,26.68259048461914,62.55782699584961,59.26655960083008,104.10116577148438
2020-12-30,177.6999969482422,135.20362854003906,15.954301834106445,26.802242279052734,62.524112701416016,59.20467758178711,104.08265686035156
2020-12-31,178.36000061035156,135.40109252929688,15.820724487304688,27.133586883544922,62.61561584472656,59.6201286315918,105.17669677734375
2021-01-04,182.3300018310547,135.23794555664062,15.8457670211792,26.765422821044922,61.594661712646484,58.9748649597168,104.7223892211914
2021-01-05,182.8699951171875,134.2335662841797,16.55540657043457,26.88507843017578,61.99436569213867,58.9748649597168,105.48263549804688
2021-01-06,179.89999389648438,131.4780731201172,17.060501098632812,28.072402954101562,60.925262451171875,59.01905059814453,106.92902374267578
2021-01-07,179.47999572753906,130.31922912597656,17.31096076965332,28.47738265991211,62.567466735839844,58.84225845336914,108.31974029541016
2021-01-08,173.33999633789062,129.8985595703125,17.290088653564453,28.458972930908203,62.971988677978516,59.133968353271484,108.8389663696289
2021-01-11,173.0,129.6838836669922,17.56141471862793,28.55101203918457,62.45188903808594,58.630126953125,109.3488998413086
2021-01-12,174.1199951171875,129.5808563232422,18.175046920776367,28.84554100036621,62.153297424316406,58.435665130615234,108.16213989257812
2021-01-13,173.3699951171875,131.0402069091797,18.03311538696289,28.827136993408203,62.54819107055664,58.52406311035156,108.45883178710938
2021-01-14,173.27999877929688,129.81265258789062,18.56743049621582,28.955991744995117,61.99919509887695,58.21468734741211,108.11576080322266
2021-01-15,171.1300048828125,130.3277587890625,17.845273971557617,28.47738265991211,61.363494873046875,58.01139450073242,108.44955444335938
2021-01-19,172.5800018310547,130.7483367919922,18.204265594482422,28.55101203918457,62.162925720214844,57.75505065917969,109.26543426513672
2021-01-20,175.38999938964844,130.8771209716797,18.271053314208984,28.431358337402344,63.395790100097656,57.861114501953125,109.86809539794922
2021-01-21,175.27999877929688,129.95860290527344,17.65325355529785,28.12763023376465,64.21446990966797,57.666664123535156,109.3488998413086
2021-01-22,173.89999389648438,130.3792266845703,17.56141471862793,27.92513656616211,63.96886444091797,57.51639938354492,109.02438354492188
2021-01-25,174.0500030517578,131.91586303710938,17.38192367553711,27.72264862060547,64.50342559814453,58.090938568115234,109.73829650878906
2021-01-26,173.6199951171875,131.66693115234375,17.010408401489258,27.50174903869629,64.5467758178711,58.612457275390625,109.33036041259766
2021-01-27,172.52000427246094,132.001708984375,16.78081703186035,26.69179344177246,63.32834243774414,57.62247085571289,106.01114654541016
2021-01-28,172.67999267578125,131.27197265625,16.97701072692871,27.188812255859375,63.58842086791992,57.843448638916016,107.55947875976562
2021-01-29,172.61000061035156,130.4822998046875,16.413475036621094,26.645771026611328,62.0906867980957,56.65015411376953,106.65087127685547
2021-02-01,174.22999572753906,130.63356018066406,16.53036117553711,26.995529174804688,63.646209716796875,56.703189849853516,107.05882263183594
2021-02-02,172.11000061035156,129.79132080078125,16.709854125976562,27.649011611938477,64.50823974609375,57.08328628540039,107.36478424072266
2021-02-03,171.85000610351562,128.6395721435547,17.423667907714844,27.805484771728516,64.2867202758789,57.171661376953125,106.60452270507812
2021-02-04,168.14999389648438,128.29583740234375,17.615686416625977,28.42215347290039,65.31248474121094,57.58711242675781,107.04953002929688
2021-02-05,169.80999755859375,127.22154235839844,17.765958786010742,28.431358337402344,65.16801452636719,58.12629699707031,107.24424743652344
2021-02-08,171.52000427246094,127.78015899658203,18.508989334106445,28.799528121948242,65.85186767578125,58.3472785949707,107.37405395507812
2021-02-09,172.0800018310547,127.8747329711914,18.31279945373535,28.808727264404297,65.77482604980469,58.29423141479492,107.53167724609375
2021-02-10,172.7100067138672,128.72555541992188,18.663440704345703,28.808727264404297,65.67851257324219,58.23237228393555,107.72638702392578
2021-02-11,171.2100067138672,128.0208282470703,18.37541389465332,28.716690063476562,66.40087127685547,57.976036071777344,107.93034362792969
2021-02-12,170.69000244140625,126.43083953857422,18.646745681762695,29.011215209960938,66.74279022216797,58.06443405151367,108.73696899414062
2021-02-16,168.24000549316406,124.50578308105469,19.114269256591797,29.508235931396484,66.52607727050781,57.95835494995117,107.66146087646484
2021-02-17,166.3300018310547,125.29646301269531,19.39812469482422,29.65550422668457,65.93855285644531,58.170494079589844,108.0508804321289
2021-02-18,166.32000732421875,124.78935241699219,18.959815979003906,29.480623245239258,65.61589813232422,58.135128021240234,107.37405395507812
2021-02-19,167.00999450683594,123.13068389892578,19.277067184448242,29.83037757873535,65.51957702636719,57.40148162841797,106.07601928710938
2021-02-22,169.50999450683594,122.19387817382812,19.944961547851562,30.106496810913086,64.07481384277344,57.45451736450195,105.82569885253906
2021-02-23,169.1199951171875,121.84156799316406,20.27473258972168,30.29058074951172,63.8966178894043,57.53407669067383,105.6495361328125
2021-02-24,169.0,121.04222106933594,20.99272346496582,30.8796329498291,64.87425994873047,57.49871826171875,106.3819808959961
2021-02-25,165.82000732421875,119.06556701660156,20.587806701660156,30.318195343017578,62.60598373413086,56.87113571166992,105.31575775146484
2021-02-26,161.80999755859375,123.00180053710938,20.099414825439453,29.73833465576172,62.93827819824219,55.95186996459961,104.40713500976562
2021-03-01,161.52999877929688,121.37721252441406,20.621204376220703,30.667940139770508,64.96573638916016,56.51757049560547,105.77008056640625
2021-03-02,162.41000366210938,121.38581848144531,20.508499145507812,30.557504653930664,63.93517303466797,56.420345306396484,105.46410369873047
2021-03-03,160.6199951171875,120.06932067871094,20.80904769897461,30.796802520751953,62.32666778564453,56.1551628112793,104.12901306152344
2021-03-04,159.0399932861328,119.2948989868164,21.30579376220703,30.447050094604492,60.949337005615234,55.95186996459961,102.72899627685547
2021-03-05,159.13999938964844,119.52725982666016,22.10309600830078,31.02691078186035,62.10032653808594,57.18933868408203,104.78726959228516
2021-03-08,157.49000549316406,118.5978775024414,22.14482879638672,31.422677993774414,60.5977783203125,57.43684768676758,104.52767944335938
2021-03-09,160.83999633789062,120.24143981933594,21.75661849975586,31.137361526489258,62.658958435058594,57.38381576538086,105.13960266113281
2021-03-10,161.66000366210938,120.48234558105469,22.307632446289062,31.77243995666504,62.40852737426758,58.135128021240234,105.38068389892578
2021-03-11,161.52000427246094,119.6132583618164,22.315980911254883,31.68039894104004,63.742530822753906,57.99370193481445,106.02040100097656
2021-03-12,161.49000549316406,117.07487487792969,22.361906051635742,32.00254440307617,63.28502655029297,58.47103500366211,106.252197265625
2021-03-15,162.1999969482422,117.76325988769531,22.107263565063477,31.818458557128906,63.95924377441406,58.72736740112305,106.98465728759766
2021-03-16,162.35000610351562,117.2900161743164,21.47694206237793,31.487106323242188,64.44081115722656,58.79807662963867,106.91974639892578
2021-03-17,163.50999450683594,116.41233825683594,21.6439151763916,31.698802947998047,64.38783264160156,58.70968246459961,106.53032684326172
2021-03-18,162.55999755859375,115.2334976196289,20.671295166015625,31.864479064941406,62.60116195678711,58.47103500366211,106.30782318115234
2021-03-19,163.24000549316406,115.94766998291016,20.675472259521484,31.49631690979004,62.41335678100586,58.674320220947266,106.68795776367188
2021-03-22,163.0,117.24700164794922,20.477195739746094,31.090469360351562,63.64060592651367,59.293758392333984,107.616455078125
2021-03-23,161.80999755859375,118.3053207397461,20.177675247192383,30.655960083007812,63.2448616027832,59.542579650878906,106.5279312133789
2021-03-24,162.3699951171875,118.94210815429688,20.68390655517578,30.766895294189453,62.47754669189453,59.3115119934082,106.40697479248047
2021-03-25,161.77999877929688,118.00419616699219,20.75984001159668,31.284610748291016,62.43891525268555,59.889163970947266,106.85355377197266
2021-03-26,162.24000549316406,117.59119415283203,21.27451515197754,31.77458381652832,64.02667999267578,60.94673156738281,108.8724594116211
2021-03-29,160.30999755859375,116.593017578125,21.021398544311523,31.49724578857422,63.69369125366211,61.55990982055664,109.3841781616211
2021-03-30,157.57000732421875,117.2039794921875,20.839998245239258,31.719125747680664,63.09043884277344,60.90227127075195,108.39797973632812
2021-03-31,159.9600067138672,116.5500259399414,20.696561813354492,31.478750228881836,64.0942611694336,60.70677185058594,108.6119613647461
2021-04-01,161.97999572753906,118.48435974121094,21.223888397216797,31.867036819458008,65.3827896118164,60.41349792480469,108.2863540649414
2021-04-05,161.9199981689453,117.96741485595703,20.717655181884766,32.11664581298828,66.73407745361328,61.1866455078125,109.03992462158203
2021-04-06,163.22000122070312,118.76872253417969,20.66281509399414,32.05192565917969,66.44934844970703,61.44438171386719,108.62126922607422
2021-04-07,162.75999450683594,117.94153594970703,20.734533309936523,32.20909118652344,66.8016357421875,61.293312072753906,108.3793716430664
2021-04-08,164.50999450683594,118.9151840209961,20.464536666870117,32.21833801269531,67.766845703125,61.355525970458984,108.54683685302734
2021-04-09,163.27000427246094,118.48435974121094,20.32954216003418,32.49568557739258,68.41834259033203,61.248878479003906,109.73771667480469
2021-04-12,162.27999877929688,118.43266296386719,20.169235229492188,32.63435363769531,68.09017944335938,61.57769775390625,109.84938049316406
2021-04-13,163.42999267578125,119.3201675415039,20.19032859802246,32.32927703857422,68.7320327758789,61.248878479003906,110.30524444580078
2021-04-14,162.72000122070312,118.94105529785156,20.75140380859375,32.52341842651367,68.00332641601562,61.195552825927734,110.29594421386719
2021-04-15,165.35000610351562,120.93147277832031,20.58266258239746,32.49568557739258,69.17121124267578,61.68434143066406,112.18460845947266
2021-04-16,166.35000610351562,119.99224853515625,20.41813087463379,32.726802825927734,69.15674591064453,62.03980255126953,113.02195739746094
2021-04-19,165.88999938964844,119.64762115478516,20.39704132080078,32.63435363769531,68.58245086669922,61.79985427856445,113.04984283447266
2021-04-20,166.47999572753906,120.19905853271484,19.857057571411133,32.024200439453125,67.97437286376953,62.1375732421875,113.48713684082031
2021-04-21,168.1300048828125,120.44031524658203,20.110172271728516,32.46794509887695,68.65966033935547,62.4485969543457,114.82685852050781
2021-04-22,167.0399932861328,120.9659194946289,19.87392807006836,32.107398986816406,67.85372161865234,61.98649597167969,114.3151626586914
2021-04-23,166.39999389648438,120.68154907226562,20.055334091186523,32.70832443237305,68.86717987060547,61.82652282714844,115.06877136230469
2021-04-26,166.83999633789062,120.50924682617188,20.19032859802246,32.83773422241211,69.21946716308594,61.13335418701172,114.6780014038086
2021-04-27,166.4199981689453,119.45806121826172,20.435007095336914,33.09659957885742,69.05056762695312,61.088905334472656,114.01744842529297
2021-04-28,166.91000366210938,119.53558349609375,21.13951873779297,33.22602081298828,68.40869903564453,61.13335418701172,113.67321014404297
2021-04-29,166.22000122070312,119.18228912353516,21.37575912475586,33.81769943237305,68.35079956054688,61.78208541870117,113.21731567382812
2021-04-30,165.66000366210938,119.45806121826172,20.83578109741211,33.5218620300293,67.41937255859375,61.83541488647461,112.88240051269531
2021-05-03,167.80999755859375,119.52969360351562,21.40951156616211,33.68827438354492,67.2311782836914,62.341983795166016,114.16629028320312
2021-05-04,166.5800018310547,120.3408203125,21.422163009643555,33.95637512207031,66.024658203125,62.02203369140625,114.2872543334961
2021-05-05,167.27000427246094,120.53927612304688,22.114017486572266,34.23371124267578,65.86539459228516,61.97758865356445,114.49195098876953
2021-05-06,170.05999755859375,120.73772430419922,22.227924346923828,34.7421875,66.52656555175781,62.777427673339844,114.64080047607422
2021-05-07,171.58999633789062,120.14232635498047,22.624475479125977,34.92708206176758,67.09603118896484,62.777427673339844,115.43161010742188
2021-05-10,172.11000061035156,118.92564392089844,22.632915496826172,34.89935302734375,65.402099609375,63.25733184814453,115.58048248291016
2021-05-11,172.13999938964844,118.25257110595703,22.050745010375977,34.279945373535156,65.20421600341797,62.706329345703125,114.33378601074219
2021-05-12,170.42999267578125,117.0099868774414,22.156204223632812,33.92863845825195,63.3703498840332,61.87096405029297,113.2545394897461
2021-05-13,171.1300048828125,117.19123077392578,21.886211395263672,34.47408676147461,64.21007537841797,62.74190139770508,114.27793884277344
2021-05-14,172.69000244140625,118.28709411621094,22.56541633605957,35.019535064697266,65.62409973144531,63.01739501953125,114.85478210449219
2021-05-17,174.6999969482422,118.03682708740234,23.088523864746094,35.084251403808594,65.1415023803711,62.928504943847656,114.64080047607422
2021-05-18,175.0399932861328,117.73486328125,22.552757263183594,34.594268798828125,64.62028503417969,62.733001708984375,114.6780014038086
2021-05-19,175.16000366210938,117.4500732421875,21.991682052612305,34.38163375854492,64.84711456298828,62.528594970703125,114.48265075683594
2021-05-20,175.9600067138672,118.4165267944336,21.95793342590332,34.40012741088867,66.08740234375,63.10625457763672,115.68282318115234
2021-05-21,176.0399932861328,118.79621124267578,22.00434112548828,34.7421875,65.72544860839844,63.11513900756836,115.7014389038086
2021-05-24,176.35000610351562,119.23627471923828,22.223705291748047,34.90859603881836,66.8933334350586,63.3017578125,115.81307220458984
2021-05-25,177.9499969482422,120.3408203125,21.772315979003906,34.55729293823242,66.91265106201172,63.319522857666016,115.46882629394531
2021-05-26,177.63999938964844,120.13365173339844,21.96636962890625,34.65898132324219,66.9078140258789,63.18622970581055,114.79895782470703
2021-05-27,177.7100067138672,119.65054321289062,21.98324203491211,35.056514739990234,66.55552673339844,62.79520034790039,114.54776000976562
2021-05-28,178.3800048828125,119.4605941772461,22.025428771972656,35.1212272644043,66.79198455810547,62.928504943847656,114.99433898925781
2021-06-01,177.89999389648438,119.43383026123047,22.873371124267578,35.333866119384766,66.46382904052734,62.7152099609375,113.10567474365234
2021-06-02,178.77000427246094,119.71034240722656,23.299453735351562,35.389320373535156,66.92227935791016,62.94627380371094,112.88240051269531
2021-06-03,175.27000427246094,119.26097106933594,23.362735748291016,35.4725227355957,66.29974365234375,63.337303161621094,113.22661590576172
2021-06-04,177.16000366210938,120.89420318603516,23.518821716308594,35.56497573852539,67.57380676269531,63.55949783325195,113.58946228027344
2021-06-07,177.8699951171875,120.52266693115234,23.417573928833008,35.333866119384766,67.55933380126953,63.452842712402344,113.99883270263672
2021-06-08,177.32000732421875,121.36955261230469,23.62006950378418,35.24140167236328,67.56416320800781,62.919620513916016,113.64530181884766
2021-06-09,176.97999572753906,122.44107055664062,23.472414016723633,34.90859603881836,67.6124038696289,62.61747360229492,114.74313354492188
2021-06-10,177.74000549316406,123.17562866210938,23.442886352539062,34.50182342529297,68.10950469970703,63.00849151611328,116.70622253417969
2021-06-11,175.74000549316406,122.9768295288086,23.362735748291016,34.723697662353516,68.51488494873047,63.04405212402344,115.8781967163086
2021-06-14,174.7100067138672,122.03489685058594,23.261486053466797,34.36314010620117,69.20984649658203,63.00849151611328,115.98052978515625
2021-06-15,174.0500030517578,121.88801574707031,23.704439163208008,34.42786407470703,68.7851333618164,62.85741424560547,116.01774597167969
2021-06-16,171.11000061035156,121.7843246459961,23.577880859375,34.39088439941406,68.41352081298828,62.02203369140625,115.5711669921875
2021-06-17,165.85000610351562,123.60770416259766,22.776342391967773,33.37394332885742,69.20498657226562,62.24420928955078,116.45501708984375
2021-06-18,164.92999267578125,125.93222045898438,22.101360321044922,32.56965255737305,68.57279205322266,61.142242431640625,115.12458801269531
2021-06-21,166.9499969482422,123.82373809814453,23.043209075927734,33.329795837402344,69.30768585205078,61.8434944152832,116.5078353881836
2021-06-22,166.25,124.12619018554688,23.196630477905273,33.3854866027832,69.93621826171875,61.93293380737305,116.7600326538086
2021-06-23,166.13999938964844,123.80638885498047,23.260555267333984,33.45046615600586,69.85885620117188,61.54833221435547,116.27436828613281
2021-06-24,166.0399932861328,124.00519561767578,23.460857391357422,33.86812973022461,70.29883575439453,61.85244369506836,116.87211608886719
2021-06-25,166.58999633789062,122.71759796142578,23.584449768066406,34.27650833129883,70.21664428710938,62.326515197753906,117.40448760986328
2021-06-28,166.5800018310547,123.979248046875,22.787511825561523,34.025901794433594,70.95153045654297,62.38018035888672,117.58195495605469
2021-06-29,164.8300018310547,124.18661499023438,22.676700592041016,33.90525436401367,71.4688720703125,62.10288619995117,117.71271514892578
2021-06-30,165.6300048828125,124.73970031738281,22.95797348022461,34.05375289916992,71.3915023803711,62.58592224121094,117.63798522949219
2021-07-01,166.1999969482422,124.74661254882812,23.35858154296875,34.32292175292969,71.51239013671875,62.3980712890625,118.68408203125
2021-07-02,167.2899932861328,125.49939727783203,23.307437896728516,34.28578567504883,72.45518493652344,62.55012130737305,119.82357025146484
2021-07-06,168.1199951171875,126.97038269042969,22.548851013183594,33.74746322631836,72.73076629638672,62.29072189331055,119.71149444580078
2021-07-07,168.75999450683594,128.09527587890625,22.182336807250977,33.79387664794922,73.12723541259766,62.62168884277344,120.46802520751953
2021-07-08,168.64999389648438,128.59706115722656,22.054487228393555,33.11632537841797,72.43583679199219,62.38911819458008,119.80489349365234
2021-07-09,169.2100067138672,126.78865051269531,22.523277282714844,34.07231521606445,73.10304260253906,62.74691390991211,120.21586608886719
2021-07-12,169.0,126.62425994873047,22.489185333251953,34.40644836425781,73.16106414794922,62.64851379394531,120.44935607910156
2021-07-13,169.22000122070312,125.6551513671875,22.31871223449707,34.035186767578125,73.4608383178711,62.63063430786133,120.33727264404297
2021-07-14,171.0399932861328,127.08283233642578,21.653884887695312,33.877403259277344,74.0023193359375,63.185203552246094,120.2251968383789
2021-07-15,171.07000732421875,128.4845733642578,21.351299285888672,33.98878860473633,73.39313507080078,63.4445915222168,119.80489349365234
2021-07-16,169.41000366210938,128.2423095703125,20.746135711669922,33.52471160888672,72.66790008544922,63.54299545288086,120.13179016113281
2021-07-19,169.61000061035156,131.05445861816406,20.01311492919922,32.587284088134766,71.66709899902344,63.35515213012695,118.87089538574219
2021-07-20,169.38999938964844,129.79116821289062,20.281604766845703,33.39476013183594,72.73076629638672,63.373023986816406,120.31859588623047
2021-07-21,168.75999450683594,128.14710998535156,20.98905372619629,33.97022247314453,73.43180847167969,63.21202087402344,120.51473236083984
2021-07-22,169.08999633789062,129.35855102539062,20.754655838012695,33.59895706176758,73.97331237792969,63.10470962524414,121.40203094482422
2021-07-23,168.55999755859375,128.49322509765625,20.67794418334961,33.65464782714844,74.70823669433594,63.864990234375,122.80303955078125
2021-07-26,168.16000366210938,128.11257934570312,21.189355850219727,33.84956359863281,74.66954803466797,63.97233200073242,122.00914001464844
2021-07-27,168.44000244140625,129.47967529296875,20.993310928344727,33.84027862548828,73.96366119384766,64.10649108886719,122.57890319824219
2021-07-28,169.2899932861328,129.48834228515625,21.185091018676758,33.79387664794922,73.87178802490234,63.54299545288086,123.01789093017578
2021-07-29,171.1699981689453,128.77020263671875,21.38965606689453,34.165130615234375,74.21507263183594,63.856048583984375,123.3167724609375
2021-07-30,169.82000732421875,129.3758544921875,21.048717498779297,33.89597702026367,74.16671752929688,63.9633903503418,123.4288330078125
2021-08-02,169.61000061035156,130.52981567382812,20.891033172607422,33.90525436401367,73.90081024169922,63.695037841796875,123.5969467163086
2021-08-03,169.49000549316406,130.59912109375,21.2490177154541,34.28578567504883,74.37460327148438,63.98127365112305,125.31554412841797
2021-08-04,169.52999877929688,130.86769104003906,20.67367935180664,33.998069763183594,74.52449798583984,63.14942932128906,124.78316497802734
2021-08-05,168.86000061035156,130.2006378173828,20.908077239990234,34.44357681274414,74.93547058105469,63.453548431396484,124.26944732666016
2021-08-06,164.63999938964844,128.0260772705078,21.099855422973633,35.13968276977539,74.87261199951172,63.453548431396484,124.16670227050781
2021-08-09,161.72000122070312,127.56696319580078,20.801532745361328,35.23249816894531,74.630859375,63.68609619140625,124.64302825927734
2021-08-10,161.77000427246094,126.97786712646484,21.16804313659668,35.603763580322266,74.09420013427734,64.14228057861328,124.35348510742188
2021-08-11,164.0,126.89986419677734,21.334253311157227,36.012142181396484,74.10387420654297,64.35693359375,123.12059783935547
2021-08-12,164.0399932861328,126.69198608398438,21.31294059753418,36.07711410522461,74.52934265136719,64.3211898803711,124.09200286865234
2021-08-13,166.38999938964844,128.69314575195312,21.061500549316406,35.80794906616211,74.93547058105469,64.85787200927734,124.86719512939453
2021-08-16,167.22000122070312,129.00509643554688,20.67367935180664,35.71512985229492,75.27391815185547,65.23353576660156,126.28692626953125
2021-08-17,166.97000122070312,128.95306396484375,20.46059799194336,35.464534759521484,74.65019226074219,65.26931762695312,127.78133392333984
2021-08-18,167.10000610351562,129.38626098632812,20.034421920776367,35.0283088684082,73.62036895751953,64.4553451538086,125.83854675292969
2021-08-19,166.61000061035156,130.33921813964844,19.514488220214844,34.7684326171875,74.34078216552734,64.97412109375,126.40831756591797
2021-08-20,166.6999969482422,130.42584228515625,19.55710792541504,34.981895446777344,75.29808807373047,65.08145904541016,127.12749481201172
2021-08-23,168.72999572753906,130.33921813964844,20.290124893188477,35.26962661743164,76.26988983154297,64.87574005126953,127.17418670654297
2021-08-24,168.64999389648438,129.32559204101562,20.626798629760742,35.483097076416016,76.18284606933594,64.38377380371094,126.72588348388672
2021-08-25,167.47999572753906,128.25140380859375,20.784488677978516,35.9007682800293,76.13934326171875,64.27644348144531,126.38029479980469
2021-08-26,167.6699981689453,128.60655212402344,20.4691219329834,35.72441864013672,75.66069030761719,63.98127365112305,125.88524627685547
2021-08-27,170.19000244140625,129.4815216064453,21.014619827270508,36.197776794433594,76.3907470703125,64.20487213134766,125.74517822265625
2021-08-30,169.35000610351562,129.8194122314453,20.767440795898438,35.68729782104492,77.2126693725586,64.49111938476562,126.45501708984375
2021-08-31,169.69000244140625,128.93577575683594,20.626798629760742,35.64088439941406,76.80656433105469,64.63423919677734,126.28692626953125
2021-09-01,169.6999969482422,129.15171813964844,20.32421875,35.43669509887695,76.82588958740234,64.97412109375,126.32424926757812
2021-09-02,169.25,129.71551513671875,20.83989143371582,35.557350158691406,76.74369049072266,65.22457122802734,127.67855834960938
2021-09-03,171.05999755859375,128.53587341308594,20.720558166503906,35.3345947265625,77.04828643798828,65.14410400390625,127.81866455078125
2021-09-07,167.7100067138672,127.45159149169922,20.59697723388672,35.121116638183594,77.06763458251953,64.39273071289062,127.07144927978516
2021-09-08,167.2899932861328,128.3190155029297,20.332744598388672,35.03759002685547,76.77269744873047,64.94729614257812,127.01542663574219
2021-09-09,168.02999877929688,129.87168884277344,20.375364303588867,35.13968276977539,76.48258972167969,64.57162475585938,125.54901885986328
2021-09-10,167.17999267578125,128.72666931152344,20.366840362548828,34.87980270385742,75.72838592529297,64.2943344116211,124.40021514892578
2021-09-13,167.74000549316406,129.50741577148438,20.950693130493164,35.27890396118164,75.75254821777344,64.4553451538086,123.63428497314453
2021-09-14,168.82000732421875,131.07742309570312,20.648113250732422,34.80554962158203,75.6558609008789,64.16018676757812,123.61563873291016
2021-09-15,167.8300018310547,130.61767578125,21.419485092163086,35.13968276977539,76.31822204589844,64.39273071289062,124.41886901855469
2021-09-16,164.02999877929688,130.0191650390625,21.17656707763672,35.03759002685547,76.36175537109375,64.17807006835938,124.10131072998047
2021-09-17,163.77000427246094,129.39462280273438,21.018882751464844,34.87980270385742,75.17237854003906,63.829227447509766,124.22272491455078
2021-09-20,164.94000244140625,130.9994354248047,20.377031326293945,34.070682525634766,73.80313110351562,63.19197463989258,122.92644500732422
2021-09-21,166.0399932861328,130.88658142089844,20.424482345581055,34.02407455444336,73.83221435546875,63.11997604370117,123.1139144897461
2021-09-22,165.4199981689453,131.66726684570312,21.054256439208984,34.59270477294922,74.844482421875,63.29999923706055,123.32010650634766
2021-09-23,163.50999450683594,128.6919708251953,21.791868209838867,35.440975189208984,75.8470458984375,63.53400421142578,124.21057891845703
2021-09-24,163.3000030517578,127.43425750732422,21.955781936645508,35.62740707397461,75.90032196044922,63.561004638671875,123.70441436767578
2021-09-27,163.63999938964844,126.96575927734375,22.736522674560547,36.11212158203125,75.16413879394531,63.272979736328125,121.94229888916016
2021-09-28,162.0500030517578,124.98810577392578,22.81416893005371,35.515541076660156,72.93617248535156,62.52595901489258,119.85212707519531
2021-09-29,161.32000732421875,125.2049560546875,22.81416893005371,35.54350280761719,72.84417724609375,63.09298324584961,120.7988052368164
2021-09-30,164.22000122070312,125.1876449584961,22.469085693359375,34.98420333862305,72.32109069824219,61.958919525146484,119.31787109375
2021-10-01,164.58999633789062,126.24108123779297,23.22395133972168,35.56214904785156,73.41082763671875,62.120933532714844,119.3459701538086
2021-10-04,165.36000061035156,125.91971588134766,23.603538513183594,35.25453186035156,71.71082305908203,61.92292785644531,117.52761840820312
2021-10-05,164.58999633789062,124.70384979248047,23.741573333740234,35.94434356689453,72.73277282714844,62.237953186035156,118.23060607910156
2021-10-06,165.02999877929688,125.40731811523438,23.491390228271484,35.981632232666016,73.20742797851562,62.84095764160156,118.01502227783203
2021-10-07,164.16000366210938,124.09587097167969,23.672557830810547,36.19602966308594,73.87580108642578,63.11997604370117,119.5802993774414
2021-10-08,164.22999572753906,123.22731018066406,24.401538848876953,36.373138427734375,73.59973907470703,63.0479850769043,118.98043060302734
2021-10-11,163.9199981689453,122.91464233398438,24.310955047607422,36.00959014892578,73.19287872314453,63.029972076416016,118.05250549316406
2021-10-12,164.66000366210938,125.01651763916016,24.3325252532959,35.897727966308594,72.81510162353516,63.056983947753906,117.48075103759766
2021-10-13,167.58999633789062,126.23246765136719,24.310955047607422,35.692657470703125,73.26069641113281,63.173980712890625,117.6682357788086
2021-10-14,168.0,126.70144653320312,24.60858726501465,36.289241790771484,74.91226959228516,63.885009765625,119.35533905029297
2021-10-15,165.3300018310547,125.96317291259766,24.729366302490234,36.829898834228516,75.51284790039062,63.73200607299805,119.94584655761719
2021-10-18,164.9199981689453,126.55375671386719,24.74661636352539,36.83921813964844,76.15216064453125,63.3539924621582,119.13040161132812
2021-10-19,165.4499969482422,124.80803680419922,25.02699851989746,37.20275115966797,76.90774536132812,63.3809928894043,120.69569396972656
2021-10-20,166.89999389648438,123.9655990600586,25.229734420776367,37.501060485839844,76.69462585449219,63.75001907348633,122.4203109741211
2021-10-21,166.75,123.81793975830078,24.763872146606445,37.342594146728516,76.99007415771484,63.669010162353516,122.91707611083984
2021-10-22,167.77000427246094,125.18156433105469,24.996807098388672,37.864601135253906,76.72368621826172,64.16402435302734,123.41384887695312
2021-10-25,168.92999267578125,124.9904556274414,25.363454818725586,37.817989349365234,76.97553253173828,64.11902618408203,123.5638198852539
2021-10-26,167.67999267578125,126.02397918701172,25.51011085510254,37.8459587097168,77.19349670410156,64.34403228759766,124.17303466796875
2021-10-27,168.1199951171875,128.3169708251953,24.776817321777344,37.221405029296875,77.1257095336914,63.966026306152344,123.18890380859375
2021-10-28,168.0800018310547,127.8826675415039,24.95366859436035,37.678157806396484,77.90064239501953,64.19103240966797,124.21992492675781
2021-10-29,166.64999389648438,128.27345275878906,24.789758682250977,37.529022216796875,78.23481750488281,64.12801361083984,125.42904663085938
2021-11-01,167.52000427246094,127.34992980957031,25.216793060302734,37.54766082763672,78.11856842041016,64.22704315185547,125.27908325195312
2021-11-02,167.16000366210938,127.91519927978516,24.979549407958984,37.640872955322266,78.80635833740234,64.65904998779297,126.06640625
2021-11-03,165.77000427246094,126.5933609008789,24.77250099182129,37.780704498291016,79.26646423339844,65.2620849609375,126.8068618774414
2021-11-04,167.64999389648438,127.92385864257812,24.807008743286133,37.28666305541992,80.50637817382812,65.3250732421875,125.93517303466797
2021-11-05,169.83999633789062,129.83706665039062,25.130521774291992,37.3052978515625,80.92288970947266,65.70309448242188,124.52925109863281
2021-11-08,170.4499969482422,129.5935821533203,25.3591365814209,37.510379791259766,81.35880279541016,65.18106842041016,125.26969909667969
2021-11-09,171.2899932861328,131.28070068359375,25.462661743164062,37.3052978515625,81.02460479736328,65.40609741210938,124.81041717529297
2021-11-10,173.14999389648438,128.8804931640625,24.789758682250977,37.240047454833984,79.6878433227539,65.60408782958984,125.16658782958984
2021-11-11,174.1199951171875,128.68917846679688,24.88465118408203,37.342594146728516,80.06077575683594,65.55908966064453,124.80106353759766
2021-11-12,174.4499969482422,128.12391662597656,24.824262619018555,37.426483154296875,81.03429412841797,65.55908966064453,125.41967010498047
2021-11-15,174.17999267578125,126.5150375366211,25.031314849853516,37.426483154296875,80.9519271850586,65.87411499023438,124.64169311523438
2021-11-16,172.9199981689453,126.1933364868164,25.070133209228516,37.38919448852539,81.80437469482422,65.46007537841797,125.16658782958984
2021-11-17,174.5,127.19340515136719,24.686229705810547,36.96040344238281,81.557373046875,65.31607055664062,125.34466552734375
2021-11-18,173.94000244140625,127.67166137695312,24.53957176208496,36.77396774291992,82.37104797363281,65.08209228515625,125.39154052734375
2021-11-19,172.61000061035156,129.01959228515625,23.58197021484375,36.373138427734375,82.97164154052734,64.84806823730469,124.63232421875
2021-11-22,168.74000549316406,127.50643920898438,24.000383377075195,36.885826110839844,82.04655456542969,65.36109161376953,124.06993865966797
2021-11-23,167.27999877929688,125.66282653808594,24.737991333007812,37.46376419067383,81.857666015625,65.79309844970703,124.2011489868164
2021-11-24,167.1199951171875,127.68038940429688,24.979549407958984,37.37987518310547,82.4533920288086,65.5950927734375,124.15433502197266
2021-11-26,166.85000610351562,130.9067840576172,23.974502563476562,36.14009475708008,80.39496612548828,64.76704406738281,123.69505310058594
2021-11-29,166.6199951171875,129.85450744628906,24.112539291381836,36.251953125,82.40497589111328,64.92906188964844,124.032470703125
2021-11-30,165.5,131.8285369873047,23.547466278076172,35.38503646850586,81.71720886230469,63.26398849487305,121.5954818725586
2021-12-01,166.16000366210938,132.6417694091797,23.29728126525879,34.9935302734375,80.59839630126953,62.95796585083008,121.37989807128906
2021-12-02,165.24000549316406,132.8072509765625,23.974502563476562,36.037559509277344,81.33941650390625,63.62401580810547,121.9704360961914
2021-12-03,166.6300048828125,134.3919219970703,23.784704208374023,35.45029067993164,79.97843170166016,64.4160385131836,122.19534301757812
2021-12-06,166.22000122070312,132.5460205078125,24.138418197631836,35.99095916748047,80.73883819580078,65.55008697509766,122.8889389038086
2021-12-07,166.80999755859375,131.4750518798828,24.7034854888916,36.63414764404297,83.55767059326172,65.69409942626953,124.47298431396484
2021-12-08,166.89999389648438,129.20254516601562,24.699172973632812,36.43838882446289,83.9403076171875,65.48709106445312,125.41029357910156
2021-12-09,165.8800048828125,129.92518615722656,24.50937843322754,36.363807678222656,83.03461456298828,65.66709899902344,125.70085906982422
2021-12-10,166.5800018310547,129.6117706298828,24.690547943115234,36.40109634399414,84.70071411132812,66.77415466308594,126.1413803100586
2021-12-13,167.0,131.5272979736328,24.00469970703125,36.00959014892578,83.44145965576172,67.64720916748047,127.33175659179688
2021-12-14,165.44000244140625,131.2138671875,23.90548324584961,36.223995208740234,82.07075500488281,67.69219970703125,126.81624603271484
2021-12-15,166.14999389648438,129.9513397216797,23.789024353027344,36.32652282714844,84.24543762207031,68.37622833251953,129.41253662109375
2021-12-16,168.16000366210938,130.00189208984375,23.93999481201172,36.783287048339844,81.857666015625,68.86224365234375,130.18113708496094
2021-12-17,167.8000030517578,131.47503662109375,23.452566146850586,35.97230529785156,81.31035614013672,67.6832046508789,129.27195739746094
2021-12-20,167.08999633789062,130.49000549316406,23.162006378173828,35.27357864379883,80.34326171875,67.703125,128.48910522460938
2021-12-21,167.02000427246094,129.9931640625,23.821779251098633,36.00414276123047,82.37646484375,67.61251068115234,129.02545166015625
2021-12-22,168.58999633789062,130.59458923339844,23.97470474243164,36.17274475097656,83.45372009277344,68.03842163085938,130.5308380126953
2021-12-23,168.97000122070312,129.46148681640625,23.987817764282227,36.36007308959961,83.9195785522461,68.19248962402344,131.06719970703125
2021-12-27,169.3699951171875,129.7752685546875,24.512136459350586,36.73472213745117,85.71985626220703,68.91747283935547,132.45030212402344
2021-12-28,168.63999938964844,129.26089477539062,24.494665145874023,36.753448486328125,85.27342224121094,69.30712127685547,132.1021728515625
2021-12-29,168.58999633789062,127.84883880615234,24.337360382080078,36.706626892089844,85.3462142944336,69.62429809570312,132.85487365722656
2021-12-30,169.8000030517578,128.92098999023438,24.18880844116211,36.64105987548828,84.7833023071289,69.40681457519531,133.1277313232422
2021-12-31,170.9600067138672,129.17381286621094,24.24997901916504,36.57548904418945,84.37083435058594,69.8780288696289,132.56321716308594
2022-01-03,168.3300018310547,125.78300476074219,25.001510620117188,37.025081634521484,85.1715316772461,69.86898803710938,131.19891357421875
2022-01-04,169.57000732421875,125.25997161865234,25.866641998291016,37.99917221069336,84.26895141601562,70.34021759033203,129.46766662597656
2022-01-05,169.05999755859375,124.58003997802734,25.862274169921875,37.558956146240234,81.67770385742188,70.27678680419922,128.54556274414062
2022-01-06,166.99000549316406,124.90261840820312,26.439027786254883,38.1115608215332,81.26524353027344,70.08647155761719,127.0589599609375
2022-01-07,167.75,124.00474548339844,26.80168914794922,38.56114959716797,80.51795959472656,70.15896606445312,126.40974426269531
2022-01-10,168.25999450683594,124.3098373413086,26.71866798400879,38.43002700805664,80.53250885009766,69.6061782836914,127.70819854736328
2022-01-11,170.2899932861328,125.13790893554688,27.62749671936035,38.7672119140625,81.49816131591797,69.52461242675781,128.724365234375
2022-01-12,170.74000549316406,124.65851593017578,27.679927825927734,38.79530715942383,81.88151550292969,69.55181121826172,128.3573760986328
2022-01-13,170.16000366210938,125.76548767089844,27.54010581970215,38.645442962646484,79.76094818115234,69.67865753173828,126.36268615722656
2022-01-14,169.6699981689453,123.86531829833984,28.186777114868164,38.24270248413086,80.43547058105469,69.8055419921875,126.14629364013672
2022-01-18,169.38999938964844,122.12193298339844,28.30038070678711,37.39036178588867,78.504150390625,68.79964447021484,124.37739562988281
2022-01-19,172.0800018310547,122.96746063232422,28.095020294189453,36.762821197509766,77.40746307373047,69.2346420288086,123.86930084228516
2022-01-20,171.64999389648438,123.72584533691406,27.837223052978516,36.528663635253906,76.4078598022461,68.78152465820312,123.06012725830078
2022-01-21,171.08999633789062,125.19896697998047,27.286685943603516,35.779354095458984,74.88902282714844,68.83589935302734,121.8181381225586
2022-01-24,172.02999877929688,124.17034912109375,27.470203399658203,35.882381439208984,75.27722930908203,68.60933685302734,121.41356658935547
2022-01-25,172.5800018310547,123.96993255615234,28.53632354736328,36.032249450683594,73.53514099121094,67.84814453125,120.63262176513672
2022-01-26,169.7899932861328,122.47061157226562,28.488256454467773,36.12590789794922,73.96702575683594,67.33158874511719,120.00220489501953
2022-01-27,167.60000610351562,124.71952056884766,28.798486709594727,35.798095703125,73.45751953125,67.78471374511719,120.31271362304688
2022-01-28,167.10000610351562,124.7630844116211,28.67613983154297,36.26640701293945,76.66988372802734,68.58216094970703,122.76847076416016
2022-01-31,168.08999633789062,124.11807250976562,28.80286407470703,36.584869384765625,78.59635162353516,68.84496307373047,123.47412109375
2022-02-01,168.22999572753906,123.70608520507812,29.82965850830078,37.09064483642578,78.80015563964844,68.78152465820312,123.80345153808594
2022-02-02,168.83999633789062,124.12509155273438,29.925783157348633,37.34353256225586,79.44070434570312,69.6061782836914,125.4688720703125
2022-02-03,168.60000610351562,123.1561279296875,29.64177131652832,36.931419372558594,77.13572692871094,69.62429809570312,124.9325180053711
2022-02-04,168.86000061035156,121.34053802490234,30.104928970336914,37.558956146240234,77.44629669189453,68.7724609375,124.48089599609375
2022-02-07,170.11000061035156,121.41911315917969,30.489429473876953,37.67135238647461,76.93193817138672,68.89935302734375,124.26451873779297
2022-02-08,170.6300048828125,120.60731506347656,29.834030151367188,38.19587707519531,77.88301849365234,69.1621322631836,125.2806625366211
2022-02-09,171.2100067138672,120.8342514038086,30.083084106445312,38.439388275146484,79.61053466796875,69.18025970458984,126.24977111816406
2022-02-10,170.55999755859375,118.91392517089844,29.895198822021484,38.102203369140625,77.52879333496094,68.43717956542969,124.27388763427734
2022-02-11,173.80999755859375,120.67706298828125,30.76470375061035,37.56832504272461,75.16075134277344,68.19248962402344,122.55203247070312
2022-02-14,174.74000549316406,119.17578887939453,30.03938865661621,37.14684295654297,75.1364974975586,68.00218200683594,121.3006591796875
2022-02-15,173.0800018310547,117.82281494140625,29.72478485107422,37.652618408203125,77.11148834228516,68.11997985839844,122.66494750976562
2022-02-16,174.86000061035156,118.5210952758789,29.965106964111328,37.680721282958984,77.0338363647461,68.24685668945312,122.85313415527344
2022-02-17,177.25,119.40270233154297,29.91704559326172,36.74409103393555,74.72887420654297,68.7724609375,120.87725830078125
2022-02-18,177.1199951171875,120.65966033935547,29.733530044555664,36.73472213745117,73.97189331054688,68.89935302734375,119.97398376464844
2022-02-22,177.49000549316406,120.97388458251953,29.252897262573242,36.54739761352539,73.28767395019531,68.36465454101562,119.67290496826172
2022-02-23,178.2899932861328,119.30671691894531,29.554386138916016,35.910491943359375,71.45343780517578,67.81188201904297,119.07073211669922
2022-02-24,177.13999938964844,119.38529205322266,29.322805404663086,35.47963333129883,73.89423370361328,66.64286804199219,119.55057525634766
2022-02-25,176.5500030517578,119.47258758544922,30.096189498901367,36.62232971191406,74.89872741699219,68.79059600830078,123.21070098876953
2022-02-28,178.3800048828125,122.09126281738281,30.83898162841797,36.07908248901367,74.76285552978516,67.87531280517578,122.27919006347656
2022-03-01,181.6199951171875,123.50281524658203,31.14920425415039,34.74905776977539,73.2682876586914,67.4765853881836,121.60175323486328
2022-03-02,179.72999572753906,119.28116607666016,31.861413955688477,35.648231506347656,74.85504913330078,68.19248962402344,123.43648529052734
2022-03-03,180.8000030517578,120.49610900878906,31.948802947998047,35.53583526611328,73.96218872070312,68.74527740478516,124.06689453125
2022-03-04,183.67999267578125,122.57636260986328,32.8707389831543,34.87081527709961,72.66656494140625,68.75434112548828,124.68791961669922
2022-03-07,186.41000366210938,121.64112091064453,33.35573196411133,33.597007751464844,70.00737762451172,67.50375366210938,122.5144271850586
2022-03-08,191.50999450683594,120.41744232177734,33.88005828857422,33.40032196044922,69.6677017211914,65.6822738647461,120.0116195678711
2022-03-09,185.82000732421875,119.23746490478516,32.844520568847656,34.62730407714844,72.42394256591797,66.12633514404297,122.27919006347656
2022-03-10,186.39999389648438,117.52433013916016,33.84947204589844,34.33694076538086,71.15742492675781,65.50103759765625,122.23213195800781
2022-03-11,185.08999633789062,117.91766357421875,33.57857131958008,34.093421936035156,69.90547943115234,64.73981475830078,121.31947326660156
2022-03-14,182.3000030517578,115.16441345214844,32.57361602783203,34.524269104003906,68.60985565185547,65.08417510986328,122.17569732666016
2022-03-15,178.88999938964844,114.9634017944336,31.380781173706055,35.011322021484375,70.914794921875,66.54317474365234,124.61263275146484
2022-03-16,180.00999450683594,116.09091186523438,31.236591339111328,35.994781494140625,73.21974182128906,66.6156997680664,126.10865783691406
2022-03-17,180.88999938964844,115.2255859375,32.31144714355469,36.44436264038086,73.73897552490234,67.07785034179688,128.1033477783203
2022-03-18,179.3000030517578,116.63276672363281,32.2808723449707,36.528663635253906,75.24810791015625,67.23189544677734,128.8936767578125
2022-03-21,180.6699981689453,113.93201446533203,33.5821533203125,36.4929313659668,75.10518646240234,67.31837463378906,128.79554748535156
2022-03-22,179.36000061035156,112.4723129272461,33.33513259887695,37.0853157043457,76.18443298339844,67.8190689086914,128.8238525390625
2022-03-23,181.80999755859375,114.9371566772461,33.90858840942383,36.398895263671875,75.01280212402344,67.27287292480469,126.51145935058594
2022-03-24,183.1300048828125,114.03689575195312,33.99239730834961,36.69039535522461,76.96226501464844,67.7462387084961,128.02159118652344
2022-03-25,182.3800048828125,112.4548568725586,34.737884521484375,37.16053771972656,76.91851043701172,68.31063842773438,128.6162109375
2022-03-28,179.05999755859375,113.41629028320312,33.877708435058594,37.05711364746094,77.83248138427734,68.59284210205078,129.5505828857422
2022-03-29,179.13999938964844,114.27286529541016,33.78949737548828,37.14173889160156,79.4853744506836,69.20275115966797,130.3151092529297
2022-03-30,180.5800018310547,115.16441345214844,34.18208312988281,36.878448486328125,78.42557525634766,69.24826049804688,130.56996154785156
2022-03-31,180.64999389648438,115.44412231445312,33.71891403198242,36.03218460083008,77.26366424560547,69.08441162109375,129.29576110839844
2022-04-01,179.5,115.88356018066406,33.99239730834961,35.93815612792969,77.03518676757812,69.77625274658203,130.3151092529297
2022-04-04,180.3699951171875,115.07820892333984,34.0365104675293,35.77830123901367,78.49848937988281,69.55776977539062,129.22967529296875
2022-04-05,179.24000549316406,112.47830963134766,33.50275802612305,35.552642822265625,76.84559631347656,69.62150573730469,129.50341796875
2022-04-06,179.66000366210938,111.56787109375,33.70126724243164,35.30815124511719,75.02738952636719,70.50450134277344,131.47604370117188
2022-04-07,180.33999633789062,110.72752380371094,34.14237976074219,35.270545959472656,75.1440658569336,71.36021423339844,134.00550842285156
2022-04-08,181.47000122070312,109.52825164794922,35.081947326660156,35.62786102294922,74.09398651123047,71.6606216430664,134.80775451660156
2022-04-11,182.3699951171875,107.79499053955078,34.02769088745117,35.468013763427734,72.22718048095703,71.36932373046875,132.1272735595703
2022-04-12,183.77000427246094,107.64618682861328,34.59231948852539,35.08248519897461,71.90631103515625,71.38751983642578,130.8436737060547
2022-04-13,184.64999389648438,107.86502075195312,35.108428955078125,35.08248519897461,73.06334686279297,71.7880630493164,131.48544311523438
2022-04-14,184.0399932861328,105.70283508300781,35.223114013671875,34.68756103515625,71.28890228271484,71.76984405517578,130.8531036376953
2022-04-18,184.61000061035156,105.1775894165039,35.73921585083008,34.8944206237793,71.52224731445312,71.17815399169922,129.40904235839844
2022-04-19,181.82000732421875,104.38973236083984,35.44808578491211,35.37397766113281,72.864013671875,72.26143646240234,130.64544677734375
2022-04-20,182.7100067138672,106.49068450927734,35.58483123779297,35.61845016479492,72.79596710205078,73.34471893310547,132.40098571777344
2022-04-21,182.05999755859375,105.70283508300781,34.45557403564453,35.054283142089844,71.56114196777344,73.28099060058594,130.93804931640625
2022-04-22,180.2899932861328,105.03751373291016,33.613040924072266,34.01054000854492,69.55821228027344,72.13399505615234,126.1622543334961
2022-04-25,177.0500030517578,106.08799743652344,32.50142288208008,34.06696319580078,70.6034164428711,72.45259857177734,127.01171875
2022-04-26,177.32000732421875,107.15594482421875,32.545536041259766,33.2112922668457,67.97338104248047,71.33289337158203,124.77482604980469
2022-04-27,175.97999572753906,105.78160858154297,33.02195358276367,33.18309020996094,68.97969818115234,71.5969009399414,124.50111389160156
2022-04-28,176.92999267578125,105.93917083740234,34.02328872680664,33.606224060058594,71.74101257324219,72.65287017822266,126.2188949584961
2022-04-29,176.91000366210938,104.5648193359375,33.14986801147461,32.449649810791016,68.75120544433594,70.67748260498047,122.97209167480469
2022-05-02,173.6300048828125,102.75230407714844,33.67920684814453,32.45905303955078,69.79643249511719,69.74895477294922,122.20756530761719
2022-05-03,174.08999633789062,103.44503021240234,34.62319564819336,32.8821907043457,69.91796112060547,69.5486831665039,122.59455871582031
2022-05-04,175.8000030517578,104.01499938964844,36.06123733520508,33.8883056640625,72.3730239868164,71.11442565917969,125.31278991699219
2022-05-05,175.1300048828125,101.16516876220703,35.51865768432617,32.9010009765625,68.89219665527344,69.76715087890625,122.87770080566406
2022-05-06,175.4199981689453,99.67448425292969,36.57733917236328,32.66592788696289,68.3379898071289,69.8399658203125,122.49073791503906
2022-05-09,172.8800048828125,100.55136108398438,33.55128860473633,31.885478973388672,65.69332885742188,69.81266021728516,119.31944274902344
2022-05-10,171.4199981689453,101.46329498291016,33.855655670166016,31.60338592529297,66.6948013305664,69.3302001953125,119.74418640136719
2022-05-11,172.82000732421875,103.41874694824219,34.310001373291016,31.311893463134766,64.58977508544922,69.02980041503906,118.95137786865234
2022-05-12,170.1699981689453,103.22579956054688,34.45557403564453,31.076820373535156,63.92374038696289,69.01158142089844,120.10282897949219
2022-05-13,168.7899932861328,101.70006561279297,35.63335418701172,31.52815818786621,66.04822540283203,70.04935455322266,121.37702178955078
2022-05-16,170.39999389648438,101.5948257446289,36.57292556762695,31.26487922668457,65.46483612060547,70.36796569824219,122.273681640625
2022-05-17,169.3300018310547,100.3671875,36.996402740478516,32.10174560546875,67.36082458496094,69.88548278808594,123.95369720458984
2022-05-18,169.4199981689453,102.50679779052734,36.04800796508789,31.217863082885742,64.27861785888672,65.38848876953125,120.75408935546875
2022-05-19,171.91000366210938,102.75230407714844,35.91566848754883,31.010995864868164,63.57372283935547,64.2232894897461,121.01836395263672
2022-05-20,172.02999877929688,103.91857147216797,36.07004928588867,30.9545841217041,63.71469497680664,64.35982513427734,122.49073791503906
2022-05-23,172.8300018310547,102.20864868164062,37.02287292480469,31.96070671081543,65.17802429199219,65.68891906738281,123.56671142578125
2022-05-24,174.1300048828125,104.22545623779297,37.16402053833008,31.894878387451172,64.2105712890625,66.76309204101562,123.93478393554688
2022-05-25,173.0800018310547,104.6375732421875,37.93156814575195,32.14875411987305,64.9592514038086,66.78128814697266,123.89706420898438
2022-05-26,172.75999450683594,104.1640853881836,38.35062789916992,32.89159393310547,66.51979064941406,67.49134063720703,124.42559051513672
2022-05-27,172.85000610351562,104.41837310791016,39.0519905090332,33.44637680053711,68.7706527709961,68.27422332763672,126.49258422851562
2022-05-31,171.13999938964844,102.20864868164062,38.46532440185547,33.35233688354492,68.27963256835938,67.791748046875,124.8031234741211
2022-06-01,172.22999572753906,102.09181213378906,39.091705322265625,32.816368103027344,68.07546997070312,66.90872955322266,123.00984954833984
2022-06-02,174.35000610351562,102.14453125,38.96819305419922,33.267723083496094,69.72351837158203,67.88277435302734,123.98199462890625
2022-06-03,172.5800018310547,101.92488098144531,39.48429489135742,32.78815460205078,68.05601501464844,67.20003509521484,122.5284652709961
2022-06-06,171.82000732421875,100.0450439453125,39.4401741027832,32.8821907043457,68.06087493896484,67.22734832763672,122.54735565185547
2022-06-07,172.94000244140625,101.12554931640625,40.61796569824219,33.13606262207031,68.87272644042969,67.58236694335938,124.1424331665039
2022-06-08,172.77999877929688,100.22952270507812,40.706180572509766,32.5530891418457,68.09490966796875,66.75399017333984,123.16087341308594
2022-06-09,172.22999572753906,100.56333923339844,39.80630874633789,31.735021591186523,66.2767105102539,65.75262451171875,120.37654113769531
2022-06-10,174.5399932861328,99.93964385986328,39.13139724731445,30.587867736816406,63.72929000854492,65.47042846679688,118.44168090820312
2022-06-13,169.92999267578125,96.80360412597656,37.08903884887695,29.6757755279541,60.904762268066406,64.05941772460938,114.8551254272461
2022-06-14,168.57000732421875,95.58258056640625,37.15961837768555,29.421897888183594,61.2888298034668,63.303855895996094,113.76026916503906
2022-06-15,170.77000427246094,97.36582946777344,36.33913803100586,29.75099754333496,62.58197784423828,63.367576599121094,114.9117431640625
2022-06-16,172.69000244140625,98.13886260986328,34.292354583740234,28.998764038085938,60.034549713134766,62.88511657714844,113.22229766845703
2022-06-17,171.27000427246094,98.45509338378906,32.41761016845703,29.083389282226562,60.58390426635742,62.65752029418945,113.15621948242188
2022-06-21,170.6300048828125,96.78607177734375,34.0970458984375,29.6638126373291,62.125587463378906,64.32950592041016,116.2025146484375
2022-06-22,171.30999755859375,99.44770812988281,32.73208999633789,29.597637176513672,61.862388610839844,64.28363800048828,117.81381225585938
2022-06-23,170.25999450683594,100.26465606689453,31.518798828125,29.484201431274414,62.78846740722656,65.53099822998047,120.45821380615234
2022-06-24,170.08999633789062,98.87673950195312,31.933639526367188,30.571306228637695,65.04517364501953,66.81501770019531,122.45809936523438
2022-06-27,169.89999389648438,98.033447265625,32.87037658691406,30.467321395874023,64.60652160644531,66.6315689086914,122.91304779052734
2022-06-28,169.6199951171875,98.490234375,33.75803756713867,30.164823532104492,62.67149353027344,65.74192810058594,120.77098083496094
2022-06-29,169.49000549316406,100.02749633789062,32.58488845825195,29.99466896057129,62.7982177734375,66.15464782714844,121.82305908203125
2022-06-30,168.4600067138672,100.90592193603516,31.897953033447266,29.729982376098633,61.959869384765625,66.20050811767578,121.54821014404297
2022-07-01,168.32000732421875,101.94189453125,32.375240325927734,30.136465072631836,62.101219177246094,67.15435028076172,122.91304779052734
2022-07-05,164.75,102.74285125732422,31.090579986572266,30.032485961914062,62.881080627441406,66.72330474853516,122.20219421386719
2022-07-06,162.13999938964844,101.01769256591797,30.55976104736328,29.95685577392578,63.42211151123047,66.9158935546875,123.02680206298828
2022-07-07,162.22999572753906,100.12875366210938,31.661537170410156,30.39169692993164,64.73323059082031,66.9801025390625,123.54808807373047
2022-07-08,162.3000030517578,99.01972961425781,31.648157119750977,30.32552719116211,64.76248168945312,66.86087799072266,123.91775512695312
2022-07-11,161.42999267578125,100.72726440429688,31.344831466674805,30.079744338989258,63.87052536010742,66.7691650390625,123.60498809814453
2022-07-12,160.8300018310547,101.32575988769531,30.733722686767578,29.890687942504883,62.99806594848633,66.57653045654297,122.0315933227539
2022-07-13,161.60000610351562,102.48761749267578,30.684659957885742,29.62599754333496,62.832340240478516,66.6224136352539,120.8468246459961
2022-07-14,159.3300018310547,101.65142822265625,30.10477638244629,29.058809280395508,63.407470703125,66.67744445800781,120.49612426757812
2022-07-15,159.00999450683594,102.22354888916016,30.5954532623291,30.041933059692383,64.5236587524414,66.89754486083984,123.40593719482422
2022-07-18,159.16000366210938,101.15853881835938,31.295766830444336,29.928495407104492,63.8997802734375,66.24636840820312,120.79942321777344
2022-07-19,159.5399932861328,100.61284637451172,32.25926208496094,30.82654571533203,65.84944152832031,66.94341278076172,122.85620880126953
2022-07-20,158.0399932861328,100.87689208984375,32.57150650024414,30.939977645874023,66.87785339355469,66.49400329589844,121.64297485351562
2022-07-21,160.27000427246094,102.61959075927734,32.000545501708984,31.138492584228516,67.81855773925781,66.69577026367188,123.56704711914062
2022-07-22,160.6699981689453,104.34476470947266,31.737369537353516,30.95888328552246,66.88274383544922,67.1360092163086,123.05524444580078
2022-07-25,160.22999572753906,103.32376098632812,32.90159606933594,31.15739631652832,66.45867919921875,67.46617889404297,123.69976043701172
2022-07-26,160.0399932861328,103.40299224853516,32.60273361206055,30.722557067871094,65.38150787353516,67.31026458740234,124.33477020263672
2022-07-27,161.6699981689453,102.82205963134766,33.3387336730957,31.195215225219727,68.19387817382812,67.76885223388672,125.11200714111328
2022-07-28,163.63999938964844,103.64063262939453,33.52608108520508,31.422088623046875,69.23204040527344,68.8510971069336,125.90818786621094
2022-07-29,164.10000610351562,103.35897064208984,34.98024368286133,31.86638069152832,70.29462432861328,68.31915283203125,125.49112701416016
2022-08-01,165.02999877929688,105.84820556640625,34.257625579833984,31.60169792175293,70.14352416992188,69.17210388183594,124.56227111816406
2022-08-02,164.0500030517578,103.60851287841797,34.177330017089844,31.251934051513672,69.64637756347656,68.62181091308594,124.11676788330078
2022-08-03,164.4499969482422,105.23979949951172,33.19599533081055,31.724590301513672,71.49851989746094,69.07121276855469,125.25411987304688
2022-08-04,167.1699981689453,105.20453643798828,31.964862823486328,31.6205997467041,71.82511138916016,68.61263275146484,124.63809204101562
2022-08-05,165.2899932861328,102.70030212402344,32.5982666015625,31.84746742248535,71.65938568115234,68.45671081542969,124.59070587158203
2022-08-08,166.69000244140625,104.35802459716797,32.76776885986328,31.828561782836914,71.05010986328125,68.42003631591797,124.884521484375
2022-08-09,167.1999969482422,103.95240020751953,33.34318923950195,31.989269256591797,70.33849334716797,68.31915283203125,124.50540161132812
2022-08-10,166.77999877929688,103.27345275878906,33.584075927734375,32.707698822021484,72.25890350341797,68.82359313964844,125.86076354980469
2022-08-11,166.33999633789062,100.86619567871094,34.7393684387207,33.09529113769531,71.97618865966797,68.65849304199219,125.04564666748047
2022-08-12,167.8699951171875,101.88905334472656,35.0025520324707,33.61520004272461,73.40918731689453,69.25465393066406,126.64743041992188
2022-08-15,165.7100067138672,101.80087280273438,34.320072174072266,33.605743408203125,73.87222290039062,69.9425277709961,127.28252410888672
2022-08-16,165.4199981689453,102.22410583496094,34.23978042602539,33.851531982421875,73.67240142822266,70.73126983642578,126.9412841796875
2022-08-17,164.35000610351562,101.15718078613281,34.525264739990234,33.68138122558594,73.14598846435547,70.52950286865234,126.20199584960938
2022-08-18,163.9199981689453,101.30708312988281,35.45307540893555,33.71918487548828,73.52617645263672,70.76797485351562,125.64276885986328
2022-08-19,162.72000122070312,99.6758041381836,35.444149017333984,33.04801940917969,72.19066619873047,70.53868865966797,125.98397827148438
2022-08-22,161.63999938964844,99.34075164794922,35.377235412597656,32.32012939453125,70.17765045166016,69.82328033447266,124.33477020263672
2022-08-23,162.77000427246094,98.79400634765625,36.65298080444336,32.187782287597656,69.99242401123047,69.52062225341797,122.60028839111328
2022-08-24,163.25,98.07097625732422,37.10350036621094,32.357940673828125,70.03631591796875,69.69488525390625,122.75193786621094
2022-08-25,163.75,99.43771362304688,37.38898468017578,32.85895919799805,71.22068786621094,70.01589965820312,124.10731506347656
2022-08-26,161.75999450683594,100.18720245361328,36.951839447021484,31.87583351135254,68.17926025390625,68.28248596191406,120.64777374267578
2022-08-29,161.86000061035156,99.35836029052734,37.50941848754883,31.648958206176758,67.27752685546875,68.17240905761719,119.80421447753906
2022-08-30,160.50999450683594,99.60526275634766,36.2381477355957,31.478801727294922,66.57565307617188,67.46617889404297,119.008056640625
2022-08-31,159.27000427246094,98.6529312133789,35.90806198120117,31.242475509643555,65.92739868164062,67.053466796875,118.24980163574219
2022-09-01,157.8699951171875,96.84677124023438,35.02485275268555,31.337017059326172,65.6057357788086,67.42951202392578,120.19281768798828
2022-09-02,159.25999450683594,97.39464569091797,35.66718673706055,31.091228485107422,64.75276184082031,66.54903411865234,118.4677963256836
2022-09-06,158.3300018310547,94.98230743408203,35.337100982666016,31.01560401916504,64.3238296508789,66.1729965209961,118.58153533935547
2022-09-07,159.94000244140625,96.48452758789062,34.92672348022461,31.630050659179688,65.35227966308594,67.36531066894531,120.51508331298828
2022-09-08,158.97999572753906,95.49481964111328,35.07837677001953,32.187782287597656,65.57646942138672,67.1910629272461,122.6097640991211
2022-09-09,159.82000732421875,95.7069091796875,35.95267105102539,32.480831146240234,66.87298583984375,67.85140991210938,123.69026947021484
2022-09-12,160.6300048828125,94.9204330444336,36.61283493041992,32.745513916015625,67.94530487060547,68.11736297607422,124.51485443115234
2022-09-13,158.5399932861328,95.14136505126953,35.689483642578125,31.52606964111328,64.33843231201172,65.84282684326172,120.4013442993164
2022-09-14,157.92999267578125,95.46832275390625,36.69758987426758,31.43153190612793,64.57240295410156,65.8153076171875,120.46768951416016
2022-09-15,154.97999572753906,95.40644836425781,35.75193405151367,31.5355224609375,63.08578109741211,65.26500701904297,121.14063262939453
2022-09-16,155.83999633789062,94.61116790771484,34.989173889160156,31.251934051513672,62.73485565185547,65.42093658447266,120.79942321777344
2022-09-19,155.9600067138672,94.83208465576172,35.009910583496094,31.606388092041016,63.24642562866211,65.85572052001953,120.1485366821289
2022-09-20,155.07000732421875,93.88658905029297,34.76641082763672,31.140745162963867,62.87507629394531,65.49569702148438,118.74018096923828
2022-09-21,155.7899932861328,95.4594955444336,34.256866455078125,30.494556427001953,61.89295959472656,65.2464599609375,116.77037811279297
2022-09-22,155.6999969482422,93.02062225341797,34.135101318359375,29.981401443481445,61.262657165527344,65.15415954589844,117.38890838623047
2022-09-23,153.00999450683594,93.40059661865234,31.781282424926758,29.506261825561523,60.46132278442383,64.04639434814453,116.78939819335938
2022-09-26,151.22999572753906,91.6156234741211,31.001176834106445,29.040624618530273,60.04111862182617,64.09253692626953,115.67604064941406
2022-09-27,151.5399932861328,89.20331573486328,31.348392486572266,28.917089462280273,60.119300842285156,62.98480224609375,115.32394409179688
2022-09-28,154.69000244140625,92.19000244140625,32.737247467041016,29.48725700378418,60.75449752807617,63.74177551269531,117.84566497802734
2022-09-29,154.66000366210938,91.71283721923828,32.737247467041016,29.11664581298828,59.17138671875,62.68941116333008,116.85601806640625
2022-09-30,154.6699981689453,90.52876281738281,32.4757080078125,28.85057258605957,58.03778839111328,61.60012435913086,115.2478256225586
2022-10-03,158.42999267578125,91.96720886230469,34.310977935791016,29.629798889160156,59.835899353027344,62.661705017089844,117.61729431152344
2022-10-04,160.6999969482422,91.71036529541016,35.78550720214844,30.732126235961914,61.844112396240234,63.612525939941406,120.34837341308594
2022-10-05,159.80999755859375,90.83344268798828,36.525020599365234,30.494556427001953,62.0493278503418,63.2432861328125,120.748046875
2022-10-06,159.6300048828125,90.32859802246094,37.17436218261719,30.066926956176758,61.54116439819336,62.32015609741211,119.20645904541016
2022-10-07,157.8800048828125,89.4516830444336,36.885765075683594,29.354215621948242,59.010135650634766,61.38779830932617,116.6847152709961
2022-10-10,155.47999572753906,88.06108093261719,36.12820816040039,29.221181869506836,58.018253326416016,61.60934829711914,115.95199584960938
2022-10-11,155.16000366210938,88.4508056640625,35.839622497558594,28.85057258605957,57.128963470458984,62.117069244384766,116.5705337524414
2022-10-12,155.99000549316406,88.88481140136719,36.12820816040039,28.78404998779297,56.953067779541016,62.44938278198242,115.99958038330078
2022-10-13,154.91000366210938,88.03447723388672,37.60273361206055,29.971899032592773,58.72185516357422,63.4832763671875,118.70211029052734
2022-10-14,152.97999572753906,87.30819702148438,36.200355529785156,29.468250274658203,57.07033920288086,62.3386116027832,117.90277099609375
2022-10-17,153.4199981689453,86.88301086425781,36.651283264160156,30.209470748901367,58.80980682373047,63.01250457763672,119.79644775390625
2022-10-18,153.75,87.08675384521484,36.97144317626953,30.69411277770996,59.30819320678711,63.834083557128906,120.46256256103516
2022-10-19,151.69000244140625,85.50126647949219,38.06268310546875,30.19046974182129,59.137184143066406,63.53867721557617,118.77824401855469
2022-10-20,151.4499969482422,84.03975677490234,38.098751068115234,29.70582389831543,59.17138671875,62.652488708496094,117.7695541381836
2022-10-21,154.14999389648438,82.52513122558594,39.19901657104492,30.589582443237305,60.75449752807617,63.612525939941406,120.41497802734375
2022-10-24,153.64999389648438,81.8431167602539,39.38389587402344,30.998205184936523,61.59490966796875,64.75720977783203,122.73686981201172
2022-10-25,154.0,84.22578430175781,39.42448043823242,31.368810653686523,62.772483825683594,65.6064682006836,123.66947174072266
2022-10-26,154.97999572753906,85.43926239013672,39.961090087890625,31.444839477539062,61.37504196166992,66.04035186767578,125.03974151611328
2022-10-27,154.74000549316406,86.33387756347656,40.10538101196289,31.701414108276367,60.67631912231445,66.09573364257812,124.38314819335938
2022-10-28,153.16000366210938,85.74041748046875,40.24516677856445,32.49014663696289,63.314842224121094,67.5450439453125,126.42906951904297
2022-10-31,151.91000366210938,85.12924194335938,40.58334732055664,32.290584564208984,62.47931671142578,67.14810943603516,126.32440948486328
2022-11-01,153.4600067138672,85.9248275756836,40.97566604614258,32.37611770629883,61.95649337768555,66.9357681274414,126.40052795410156
2022-11-02,152.38999938964844,85.55192565917969,39.98813247680664,31.967498779296875,59.81635284423828,65.77262878417969,124.24993896484375
2022-11-03,151.80999755859375,85.09020233154297,40.7276611328125,31.644393920898438,58.05733871459961,65.55109405517578,123.7265396118164
2022-11-04,156.47000122070312,83.6606216430664,41.22367477416992,32.22406768798828,59.11763000488281,66.32650756835938,124.47828674316406
2022-11-07,155.85000610351562,82.82594299316406,41.9316291809082,32.54716110229492,60.104637145996094,66.91731262207031,125.81053161621094
2022-11-08,159.4499969482422,83.73163604736328,41.97220993041992,32.73722839355469,60.68120574951172,67.11116790771484,126.43860626220703
2022-11-09,158.64999389648438,84.00691986083984,39.920494079589844,32.18605422973633,59.10297775268555,66.38188934326172,125.07781219482422
2022-11-10,163.47999572753906,87.23897552490234,40.80882263183594,33.81105041503906,63.95981216430664,67.94197082519531,128.256103515625
2022-11-11,164.55999755859375,86.91931915283203,41.99475860595703,34.08662033081055,65.05432891845703,67.86813354492188,126.68602752685547
2022-11-14,164.9199981689453,86.70621490478516,41.981231689453125,33.60198211669922,64.49728393554688,67.33271789550781,126.8001937866211
2022-11-15,165.5,88.10913848876953,42.423133850097656,33.67799758911133,65.27908325195312,67.89582824707031,126.638427734375
2022-11-16,165.1199951171875,90.03593444824219,41.55736541748047,33.516456604003906,64.38490295410156,68.22816467285156,126.58130645751953
2022-11-17,163.9199981689453,89.08584594726562,41.647544860839844,33.33590316772461,64.46796417236328,68.20968627929688,126.52423095703125
2022-11-18,162.7899932861328,88.47319793701172,41.3183708190918,33.611480712890625,64.541259765625,68.93894958496094,128.05630493164062
2022-11-21,161.8800048828125,88.8460922241211,40.75922393798828,33.71601867675781,63.847434997558594,69.5943832397461,128.11338806152344
2022-11-22,162.07000732421875,90.1069564819336,42.03534698486328,34.058109283447266,65.08365631103516,70.10208129882812,129.22677612304688
2022-11-23,163.0800018310547,91.67859649658203,41.57990264892578,34.200653076171875,65.66020965576172,70.34210968017578,129.74063110351562
2022-11-25,163.22000122070312,91.36784362792969,41.42658996582031,34.314693450927734,65.27908325195312,70.38826751708984,130.5114288330078
2022-11-28,161.92999267578125,91.62532806396484,40.290260314941406,33.725521087646484,63.88163757324219,70.12055206298828,129.53125
2022-11-29,162.72999572753906,90.55094146728516,40.899009704589844,33.925071716308594,63.25621795654297,69.85285186767578,129.20773315429688
2022-11-30,164.80999755859375,91.21686553955078,41.10192108154297,34.504756927490234,66.4322280883789,71.25599670410156,132.29090881347656
2022-12-01,167.83999633789062,94.13089752197266,40.96664810180664,34.30519104003906,66.52503967285156,70.93289947509766,132.67153930664062
2022-12-02,167.25999450683594,95.31464385986328,40.72314453125,34.14364242553711,66.1390380859375,71.25599670410156,133.01412963867188
2022-12-05,164.38999938964844,93.97957611083984,39.51465606689453,33.29789352416992,65.03965759277344,70.36058044433594,131.73899841308594
2022-12-06,164.83999633789062,95.19002532958984,38.47303009033203,33.003299713134766,63.647098541259766,69.92670440673828,130.73980712890625
2022-12-07,166.3300018310547,97.43295288085938,38.382835388183594,32.870262145996094,63.324615478515625,70.22208404541016,131.81509399414062
2022-12-08,166.47000122070312,97.16593170166016,38.211483001708984,32.89876937866211,64.36048889160156,70.60057830810547,133.00460815429688
2022-12-09,167.05999755859375,94.63819885253906,37.28258514404297,32.81324005126953,63.96470260620117,70.0559310913086,131.30123901367188
2022-12-12,165.67999267578125,94.94083404541016,38.26108932495117,33.25037384033203,65.36213684082031,70.79444885253906,132.70005798339844
2022-12-13,168.50999450683594,95.85755157470703,38.987083435058594,33.33590316772461,66.1341552734375,70.6928939819336,133.1092987060547
2022-12-14,168.10000610351562,96.2669906616211,38.74809646606445,32.91777038574219,65.5771484375,70.646728515625,133.31863403320312
2022-12-15,165.35000610351562,96.64260864257812,38.513607025146484,32.271575927734375,63.1242790222168,69.44667053222656,130.87306213378906
2022-12-16,166.7899932861328,95.56303405761719,38.04014587402344,32.02450942993164,62.28874969482422,69.1051254272461,128.96983337402344
2022-12-19,166.32000732421875,93.95708465576172,38.03558349609375,31.938446044921875,61.458168029785156,69.06140899658203,128.48826599121094
2022-12-20,169.0800018310547,92.2886734008789,38.60960006713867,32.072322845458984,61.551273345947266,69.00563049316406,128.4595947265625
2022-12-21,168.8000030517578,92.5206527709961,39.34306335449219,32.569576263427734,62.57051467895508,69.69364166259766,130.1508331298828
2022-12-22,166.75999450683594,92.5028076171875,38.43648910522461,32.28268814086914,60.99265670776367,69.53559875488281,129.9693145751953
2022-12-23,167.25999450683594,91.14669799804688,39.661964416503906,32.46438217163086,61.05634689331055,69.898193359375,130.0457763671875
2022-12-27,168.6699981689453,89.34444427490234,40.08565139770508,32.4548225402832,60.47812271118164,70.23289489746094,129.7113494873047
2022-12-28,167.91000366210938,88.81806182861328,39.18817138671875,32.3400764465332,59.502994537353516,69.35894775390625,128.87046813964844
2022-12-29,168.85000610351562,89.82622528076172,39.59818649291992,32.78950500488281,61.06125259399414,69.65646362304688,130.27508544921875
2022-12-30,169.63999938964844,88.82696533203125,39.848751068115234,32.70344161987305,60.97795104980469,69.31246948242188,129.80686950683594
2023-01-03,171.05999755859375,90.52213287353516,38.450157165527344,32.81818771362305,60.39973068237305,69.0521240234375,129.43421936035156
2023-01-04,172.6699981689453,91.7623062133789,38.445587158203125,33.344120025634766,60.55653762817383,69.32173919677734,129.77821350097656
2023-01-05,170.52000427246094,92.14590454101562,39.14717483520508,33.095497131347656,59.380489349365234,68.62443542480469,128.4500274658203
2023-01-06,173.7100067138672,93.84110260009766,39.889747619628906,33.83180618286133,61.120052337646484,70.4560317993164,129.63487243652344
2023-01-09,174.10000610351562,94.34072875976562,39.7485237121582,33.70749282836914,61.83058547973633,69.76803588867188,127.46585083007812
2023-01-10,174.74000549316406,92.7793960571289,40.030982971191406,33.898746490478516,62.212791442871094,69.67504119873047,128.5360107421875
2023-01-11,174.6199951171875,94.2872085571289,40.15398025512695,34.21430206298828,63.29083251953125,69.71224212646484,129.26222229003906
2023-01-12,176.63999938964844,96.14297485351562,40.91934585571289,34.281227111816406,63.761253356933594,69.1636962890625,128.85137939453125
2023-01-13,178.75999450683594,95.2418441772461,40.97856521606445,34.53942108154297,63.942562103271484,69.48910522460938,129.4246368408203
2023-01-17,177.58999633789062,94.62622833251953,41.06512451171875,34.3099250793457,64.23168182373047,69.53559875488281,128.82269287109375
2023-01-18,177.0800018310547,96.91920471191406,40.31343078613281,33.669246673583984,63.40354919433594,67.63892364501953,127.00721740722656
2023-01-19,179.88999938964844,96.31248474121094,40.8145637512207,33.277183532714844,62.663612365722656,66.99739074707031,127.31298065185547
2023-01-20,179.2899932861328,94.75114440917969,41.22002410888672,33.80311965942383,64.35907745361328,67.51803588867188,127.95317077636719
2023-01-23,179.6300048828125,94.30504608154297,41.27468490600586,34.19517517089844,65.82424926757812,67.73188018798828,128.39268493652344
2023-01-24,180.27999877929688,95.66117858886719,41.115234375,34.21430206298828,65.79483795166016,68.01080322265625,127.54228210449219
2023-01-25,181.11000061035156,95.89315795898438,41.11979675292969,34.4820556640625,65.65763092041016,68.17816925048828,127.58051300048828
2023-01-26,179.47000122070312,95.44705200195312,42.41817092895508,34.66373825073242,66.70626831054688,67.93643188476562,127.81938171386719
2023-01-27,179.22000122070312,95.2061767578125,41.56169509887695,34.66373825073242,66.9855728149414,67.74118041992188,126.94989013671875
2023-01-30,178.75999450683594,94.85821533203125,40.609554290771484,34.49161148071289,65.70662689208984,67.82486724853516,125.80326080322266
2023-01-31,179.41000366210938,95.6165771484375,40.969451904296875,34.96017074584961,66.62297058105469,68.55935668945312,127.42765045166016
2023-02-01,181.6699981689453,96.76599884033203,40.1630973815918,34.96017074584961,68.19102478027344,69.10791015625,128.02963256835938
2023-02-02,177.89999389648438,96.8912353515625,39.24740219116211,35.0557975769043,70.05311584472656,68.51287841796875,127.16007995605469
2023-02-03,173.4600067138672,95.4421615600586,39.16084289550781,34.98885726928711,69.4699935913086,68.24325561523438,126.78743743896484
2023-02-06,173.82000732421875,94.73551940917969,38.9831657409668,34.979286193847656,68.62223815917969,68.32691955566406,126.0803451538086
2023-02-07,173.97999572753906,93.97518157958984,40.249656677246094,35.380916595458984,70.33731079101562,68.0386962890625,126.89253997802734
2023-02-08,174.41000366210938,94.42244720458984,39.889747619628906,35.17054748535156,69.48957061767578,67.51803588867188,126.51988220214844
2023-02-09,173.02999877929688,93.52793884277344,39.54806900024414,34.77849197387695,69.10736083984375,67.22053527832031,125.4114990234375
2023-02-10,173.36000061035156,92.48139953613281,41.09701919555664,34.89323425292969,68.7888412475586,67.84345245361328,126.5963363647461
2023-02-13,172.47999572753906,93.25960540771484,40.99223327636719,35.29484939575195,69.9795913696289,68.61515045166016,127.64740753173828
2023-02-14,172.61000061035156,93.04491424560547,41.005897521972656,35.103607177734375,70.27851867675781,67.9922103881836,126.89253997802734
2023-02-15,170.88999938964844,92.1772689819336,40.30888366699219,35.14185333251953,70.6068115234375,68.12237548828125,126.26190948486328
2023-02-16,170.75,90.87129211425781,39.912532806396484,34.788047790527344,69.38177490234375,67.6296157836914,125.0006332397461
2023-02-17,171.25999450683594,91.57796478271484,38.491153717041016,34.797607421875,68.51444244384766,68.50357818603516,126.11858367919922
2023-02-21,170.6199951171875,89.79788970947266,38.29981231689453,34.0804328918457,66.88758087158203,68.24325561523438,124.48465728759766
2023-02-22,169.66000366210938,90.62083435058594,38.0446891784668,34.04218292236328,66.7895736694336,68.14097595214844,124.064208984375
2023-02-23,169.57000732421875,91.50639343261719,38.618709564208984,34.07086944580078,67.89701843261719,68.05728912353516,124.39862823486328
2023-02-24,168.35000610351562,90.31673431396484,38.568599700927734,34.099552154541016,66.68666076660156,67.60173034667969,122.79337310791016
2023-02-27,169.00999450683594,90.56716918945312,38.682498931884766,34.089988708496094,67.04438018798828,67.52734375,122.42073059082031
2023-02-28,169.77999877929688,90.97863006591797,38.12670135498047,34.15692901611328,66.89739227294922,66.9695053100586,121.51298522949219
2023-03-01,170.75999450683594,90.00126647949219,38.87838363647461,34.04218292236328,66.40736389160156,66.47673797607422,121.31231689453125
2023-03-02,170.66000366210938,89.20318603515625,39.22006607055664,33.87961196899414,67.2256851196289,67.38787078857422,122.05762481689453
2023-03-03,172.49000549316406,91.36421966552734,39.753089904785156,34.41511154174805,68.67123413085938,67.44365692138672,123.42402648925781
2023-03-06,171.6199951171875,90.65582275390625,39.77130889892578,34.44379425048828,68.99954986572266,67.62033081054688,123.36668395996094
2023-03-07,168.6199951171875,91.2117919921875,39.07883834838867,33.55449295043945,68.14202117919922,66.9509048461914,121.37921142578125
2023-03-08,168.5399932861328,91.30145263671875,38.67793655395508,33.43018341064453,68.70555877685547,67.06246185302734,120.72946166992188
2023-03-09,170.1999969482422,91.52559661865234,38.13125228881836,32.072322845458984,67.72061157226562,66.43953704833984,119.50640106201172
2023-03-10,173.8699951171875,94.68199157714844,37.6437873840332,31.489013671875,66.52986145019531,66.1141357421875,118.62732696533203
2023-03-13,177.86000061035156,94.89717864990234,36.8784294128418,30.24589729309082,66.8924789428711,66.4488525390625,119.73572540283203
2023-03-14,176.8300018310547,93.33692932128906,37.242889404296875,30.85789680480957,68.43601989746094,67.05316925048828,120.80589294433594
2023-03-15,178.2100067138672,95.1392822265625,35.24293899536133,30.03553009033203,68.4752426147461,67.49015808105469,120.70079040527344
2023-03-16,178.57000732421875,94.39505004882812,35.625606536865234,30.609270095825195,70.39611053466797,67.53665161132812,121.82831573486328
2023-03-17,183.77000427246094,95.81183624267578,35.06526184082031,29.62434196472168,70.29811096191406,67.04387664794922,120.26126098632812
2023-03-20,183.83999633789062,94.96896362304688,35.76725769042969,29.95396614074707,70.4876708984375,67.97341918945312,121.7854995727539
2023-03-21,180.3699951171875,94.15294647216797,37.00552749633789,30.71314239501953,71.0573501586914,67.9173583984375,122.52410888671875
2023-03-22,183.44000244140625,95.40830993652344,36.21837615966797,30.002010345458984,70.35017395019531,67.29145050048828,120.67278289794922
2023-03-23,185.74000549316406,95.40830993652344,35.716617584228516,29.800207138061523,71.49443054199219,67.02986907958984,120.44256591796875
2023-03-24,183.64999389648438,95.81183624267578,35.85471725463867,29.780982971191406,71.6810531616211,68.16959381103516,122.11164093017578
2023-03-27,181.9499969482422,93.56112670898438,36.61886215209961,30.1942081451416,71.12610626220703,68.53394317626953,122.61044311523438
2023-03-28,183.44000244140625,93.73150634765625,37.185054779052734,30.184600830078125,70.79215240478516,68.65538787841797,121.87183380126953
2023-03-29,182.52999877929688,93.54318237304688,37.70062255859375,30.62665557861328,72.27526092529297,69.03842163085938,122.20756530761719
2023-03-30,184.17999267578125,93.97360229492188,37.86634063720703,30.559385299682617,73.11506652832031,69.23461151123047,122.86943817138672
2023-03-31,183.22000122070312,95.38142395019531,38.12872314453125,30.89573097229004,74.1611099243164,69.79511260986328,124.18363189697266
2023-04-03,184.5399932861328,95.83000183105469,39.854942321777344,30.953386306762695,74.0432357788086,70.15948486328125,125.57453155517578
2023-04-04,187.97999572753906,96.30647277832031,39.13223648071289,30.66509437561035,73.6356201171875,70.01934051513672,125.59368896484375
2023-04-05,187.8300018310547,97.31332397460938,39.7214469909668,30.62665557861328,72.79584503173828,70.34632110595703,127.76158905029297
2023-04-06,186.49000549316406,97.56498718261719,39.11842346191406,30.741971969604492,73.2083740234375,70.4023666381836,128.07814025878906
2023-04-10,185.11000061035156,95.9917984008789,39.43144226074219,30.80924415588379,73.16908264160156,70.4023666381836,127.99178314208984
2023-04-11,186.27999877929688,96.1895751953125,39.80430603027344,31.078319549560547,72.48153686523438,70.60789489746094,128.42344665527344
2023-04-12,187.19000244140625,96.09068298339844,39.831932067871094,31.011049270629883,72.06901550292969,70.29026794433594,128.4618377685547
2023-04-13,189.72000122070312,95.33558654785156,40.08050537109375,31.28973960876465,73.40971374511719,70.68263244628906,130.13095092773438
2023-04-14,186.36000061035156,94.46358489990234,40.15415954589844,31.59724998474121,73.00211334228516,70.23420715332031,129.08534240722656
2023-04-17,185.52999877929688,93.33987426757812,39.680015563964844,31.962430953979492,73.26729583740234,70.68263244628906,128.97984313964844
2023-04-18,186.25,93.67247772216797,39.83652877807617,32.05852508544922,73.49321746826172,70.89751434326172,128.09730529785156
2023-04-19,185.36000061035156,93.58256530761719,39.69843673706055,32.13540267944336,73.28204345703125,70.85078430175781,128.4906005859375
2023-04-20,186.08999633789062,94.38264465332031,39.34858703613281,32.039306640625,72.8007583618164,71.01896667480469,127.96304321289062
2023-04-21,184.25,93.85225677490234,39.11842346191406,31.923986434936523,72.56502532958984,71.53278350830078,128.8263397216797
2023-04-24,184.80999755859375,94.7602310180664,39.71684646606445,31.847108840942383,72.24581146240234,71.82237243652344,129.54579162597656
2023-04-25,185.75,96.15361785888672,38.97112274169922,31.299345016479492,70.70376586914062,71.72895050048828,128.1644744873047
2023-04-26,184.74000549316406,95.1288070678711,38.45095443725586,31.001436233520508,71.75470733642578,71.16842651367188,126.34190368652344
2023-04-27,184.75,94.18486785888672,38.589054107666016,31.50115203857422,73.27713012695312,71.96250915527344,127.00376892089844
2023-04-28,184.8000030517578,95.70413970947266,39.187469482421875,31.875934600830078,74.07270050048828,72.34552764892578,128.08770751953125
2023-05-01,183.97000122070312,92.9445571899414,38.74555587768555,31.78944969177246,74.11689758300781,72.4015884399414,128.74961853027344
2023-05-02,187.52000427246094,95.2607421875,37.06077194213867,31.068706512451172,73.4244613647461,72.20539855957031,128.19325256347656
2023-05-03,189.11000061035156,95.79247283935547,36.3610725402832,30.71314239501953,72.80567169189453,71.61685943603516,128.0205841064453
2023-05-04,190.44000244140625,94.8461685180664,35.95599365234375,30.31913948059082,72.45699310302734,71.43936157226562,127.00376892089844
2023-05-05,187.4600067138672,94.53072357177734,36.931880950927734,31.068706512451172,74.2740478515625,72.10264587402344,128.145263671875
2023-05-08,187.69000244140625,93.2059326171875,36.931880950927734,31.116758346557617,74.23477935791016,71.88777160644531,127.8670883178711
2023-05-09,189.02000427246094,92.8724594116211,36.9456901550293,31.001436233520508,73.66509246826172,71.66355895996094,127.01336669921875
2023-05-10,188.75,93.773681640625,36.526790618896484,30.82846450805664,74.56381225585938,71.55146026611328,127.36827087402344
2023-05-11,187.1300048828125,94.76505279541016,36.08948516845703,30.78040885925293,74.22986602783203,71.76632690429688,126.97500610351562
2023-05-12,186.80999755859375,93.97198486328125,36.144718170166016,30.655485153198242,74.13162994384766,72.04659271240234,126.8023452758789
2023-05-15,187.2100067138672,92.99864959716797,36.328853607177734,30.905338287353516,74.74552154541016,71.86911010742188,126.58171844482422
2023-05-16,184.8699951171875,92.71925354003906,35.435829162597656,30.617042541503906,74.8240966796875,71.26185607910156,125.52654266357422
2023-05-17,184.22999572753906,92.44888305664062,36.11709976196289,31.232078552246094,75.82102966308594,71.22447204589844,125.68003845214844
2023-05-18,181.83999633789062,91.76393127441406,36.379486083984375,31.462709426879883,77.37291717529297,70.87882995605469,125.3730697631836
2023-05-19,183.63999938964844,91.11502838134766,36.6602897644043,31.328168869018555,77.33851623535156,70.925537109375,125.95819854736328
2023-05-22,183.2100067138672,90.79060363769531,36.50838088989258,31.385833740234375,77.48585510253906,69.8511734008789,126.0829086303711
2023-05-23,183.42999267578125,91.05194854736328,36.899654388427734,31.020660400390625,76.3415756225586,69.33737182617188,124.70159912109375
2023-05-24,181.9499969482422,90.60133361816406,37.06077194213867,30.617042541503906,75.78173828125,68.88894653320312,123.84786224365234
2023-05-25,180.1999969482422,90.37602233886719,36.402503967285156,30.60743522644043,78.68905639648438,68.36579132080078,122.58167266845703
2023-05-26,180.9199981689453,91.10603332519531,36.259803771972656,30.85729217529297,80.9235610961914,68.59932708740234,122.33226013183594
2023-05-30,182.0399932861328,92.01630401611328,35.88694381713867,30.84767723083496,81.35572814941406,67.81460571289062,121.57447052001953
2023-05-31,182.32000732421875,92.8183822631836,35.25629806518555,30.52094268798828,80.67802429199219,67.88934326171875,122.62004089355469
2023-06-01,183.75999450683594,93.18254852294922,35.693603515625,30.84767723083496,81.4981460571289,67.83329010009766,123.4258041381836
2023-06-02,181.0500030517578,92.16144561767578,36.77996826171875,31.520376205444336,81.96469116210938,68.76750183105469,125.00857543945312
2023-06-05,182.13999938964844,91.98975372314453,36.536006927490234,31.35700798034668,81.49324035644531,68.51527404785156,125.45939636230469
2023-06-06,182.33999633789062,92.53192901611328,36.83060836791992,31.751012802124023,81.47358703613281,68.16959381103516,124.41381072998047
2023-06-07,180.14999389648438,91.15840148925781,37.806495666503906,31.875934600830078,80.25566101074219,67.94539642333984,123.92462158203125
2023-06-08,182.52999877929688,92.22471618652344,37.6453857421875,31.847108840942383,81.12491607666016,68.41250610351562,124.72078704833984
2023-06-09,182.0399932861328,92.09819793701172,37.4382438659668,31.85672378540039,81.5276107788086,68.3003921508789,125.10448455810547
2023-06-12,181.8800048828125,92.36929321289062,37.07918167114258,31.847108840942383,83.30049133300781,68.28170013427734,125.55532836914062
2023-06-13,180.5399932861328,91.45661926269531,37.254112243652344,32.039306640625,83.80630493164062,68.56197357177734,126.18843841552734
2023-06-14,180.63999938964844,92.18855285644531,36.872039794921875,31.914382934570312,84.67066192626953,68.98236083984375,124.89344024658203
2023-06-15,181.91000366210938,93.07410430908203,37.27712631225586,32.337215423583984,85.76090240478516,69.67369079589844,126.83112335205078
2023-06-16,181.6300048828125,92.71266174316406,37.221885681152344,32.26994323730469,85.0537109375,69.75776672363281,126.82152557373047
2023-06-20,179.75,93.3542251586914,36.388790130615234,32.02861785888672,84.4789047241211,69.22711944580078,126.67898559570312
2023-06-21,179.49000549316406,93.58013916015625,36.67670822143555,31.990005493164062,83.22891235351562,69.47173309326172,126.69823455810547
2023-06-22,177.7100067138672,92.45059204101562,36.18445587158203,31.73902702331543,83.90803527832031,69.87629699707031,127.56509399414062
2023-06-23,178.1999969482422,93.37230682373047,35.92441177368164,31.603883743286133,82.99759674072266,69.41529846191406,127.14129638671875
2023-06-26,178.50999450683594,93.47168731689453,36.569889068603516,31.536314010620117,82.40211486816406,69.5093765258789,126.41888427734375
2023-06-27,177.69000244140625,93.22772979736328,36.65348434448242,31.78729248046875,84.02616119384766,69.71636199951172,126.12993621826172
2023-06-28,177.27999877929688,93.62535095214844,37.024986267089844,31.710067749023438,84.07536315917969,69.2459487915039,125.72541809082031
2023-06-29,177.08999633789062,91.935546875,37.45221710205078,32.26028060913086,84.22300720214844,69.18008422851562,126.54412078857422
2023-06-30,178.27000427246094,93.01990509033203,37.69369125366211,32.540225982666016,85.56159210205078,69.78223419189453,127.84442901611328
2023-07-03,178.47000122070312,92.49256896972656,37.781925201416016,32.7236328125,85.3795166015625,70.32791137695312,126.7945556640625
2023-07-05,177.83999633789062,91.61366271972656,37.572959899902344,32.65606689453125,84.85292053222656,70.20559692382812,126.72716522216797
2023-07-06,177.30999755859375,90.3179702758789,36.727779388427734,32.376129150390625,84.62654876708984,70.02684020996094,125.71576690673828
2023-07-07,178.63999938964844,89.77432250976562,37.517234802246094,32.42438888549805,84.2574462890625,69.11421966552734,124.2517318725586
2023-07-10,178.77999877929688,89.89210510253906,37.80978775024414,32.569183349609375,84.4789047241211,69.09542846679688,125.23419189453125
2023-07-11,179.4499969482422,90.35421752929688,38.641029357910156,32.95530319213867,84.6610107421875,69.19891357421875,125.26307678222656
2023-07-12,181.8800048828125,91.35995483398438,38.998600006103516,33.16767120361328,85.62064361572266,69.35884857177734,124.92594909667969
2023-07-13,182.00999450683594,92.32039642333984,38.849998474121094,33.283504486083984,86.73778533935547,69.65050506591797,124.97412109375
2023-07-14,181.42999267578125,91.77677154541016,37.8237190246582,33.061485290527344,86.6098403930664,69.8857192993164,126.85234069824219
2023-07-17,181.55999755859375,91.82206726074219,37.749420166015625,33.380035400390625,87.71711730957031,69.67874145507812,126.2744369506836
2023-07-18,183.63999938964844,92.2388687133789,38.13021469116211,33.756500244140625,88.71122741699219,69.60347747802734,127.20870971679688
2023-07-19,183.6699981689453,93.28084564208984,38.353111267089844,33.90129470825195,88.48976135253906,70.30909729003906,127.7962646484375
2023-07-20,182.74000549316406,92.14823150634766,38.80356216430664,34.15227508544922,86.7230224609375,70.91123962402344,129.91529846191406
2023-07-21,182.17999267578125,92.17542266845703,39.1472053527832,34.036434173583984,86.67872619628906,71.1558609008789,131.22525024414062
2023-07-24,181.39999389648438,91.84017944335938,39.77875518798828,34.36464309692383,86.83129119873047,71.42869567871094,130.93626403808594
2023-07-25,182.41000366210938,91.66803741455078,39.98773193359375,34.14262008666992,87.82539367675781,71.4098892211914,130.87847900390625
2023-07-26,183.3000030517578,91.75862884521484,40.00165557861328,34.3453369140625,86.64427947998047,71.49455261230469,130.7917938232422
2023-07-27,180.4199981689453,89.9736557006836,39.74625015258789,33.910953521728516,86.3932876586914,70.86420440673828,129.82862854003906
2023-07-28,181.86000061035156,90.4357681274414,39.86698913574219,33.978519439697266,87.5694808959961,71.5980453491211,130.21388244628906
2023-07-31,182.35000610351562,90.6532211303711,40.623931884765625,34.10401153564453,87.77127075195312,71.26876068115234,129.21217346191406
2023-08-01,180.4600067138672,89.16767883300781,40.433536529541016,34.10401153564453,87.91889190673828,70.88301849365234,128.53793334960938
2023-08-02,179.60000610351562,88.21366882324219,39.90414047241211,33.814422607421875,85.74369812011719,71.13703918457031,128.62461853027344
2023-08-03,179.5399932861328,86.17848205566406,40.30815505981445,33.83372116088867,85.39427185058594,70.93946075439453,127.97926330566406
2023-08-04,180.19000244140625,87.70488739013672,40.36387634277344,33.69858169555664,84.23284912109375,70.23384094238281,127.52655792236328
2023-08-07,179.77999877929688,86.84175109863281,40.410308837890625,34.17157745361328,84.46905517578125,70.80774688720703,129.00025939941406
2023-08-08,178.63999938964844,87.85025787353516,40.6099967956543,33.86268997192383,83.81946563720703,70.29969024658203,129.99237060546875
2023-08-09,177.7899932861328,88.3045425415039,41.120811462402344,33.6117057800293,82.73678588867188,70.4031753540039,129.95382690429688
2023-08-10,177.60000610351562,86.85082244873047,41.116172790527344,33.64067077636719,82.74661254882812,70.26205444335938,129.8671112060547
2023-08-11,177.60000610351562,86.65092468261719,41.74773025512695,33.70823669433594,82.1363754272461,70.37496185302734,130.6762237548828
2023-08-14,177.05999755859375,86.46013641357422,41.571258544921875,33.64067077636719,83.44544219970703,70.02684020996094,131.0711212158203
2023-08-15,176.58999633789062,85.93318176269531,40.707515716552734,33.02287292480469,82.62357330322266,69.27417755126953,130.58953857421875
2023-08-16,175.57000732421875,85.26082611083984,40.35458755493164,32.974613189697266,81.83616638183594,69.11421966552734,129.59747314453125
2023-08-17,175.3000030517578,84.89739227294922,40.837547302246094,32.81051254272461,81.0586166381836,68.44623565673828,128.56683349609375
2023-08-18,175.3300018310547,85.19721221923828,41.241554260253906,32.80085372924805,81.18164825439453,68.70026397705078,128.61497497558594
2023-08-21,175.80999755859375,84.06147766113281,40.98149490356445,32.76224899291992,82.73185729980469,68.23924255371094,128.74984741210938
2023-08-22,176.10000610351562,84.70661163330078,40.66572189331055,32.45335006713867,82.63834381103516,67.853515625,128.29713439941406
2023-08-23,177.88999938964844,86.80540466308594,40.563560485839844,32.77189254760742,84.1294937133789,68.30510711669922,128.6824188232422
2023-08-24,177.85000610351562,86.2330093383789,40.28493118286133,32.65606689453125,82.19049835205078,67.75940704345703,127.56509399414062
2023-08-25,177.6199951171875,86.5146713256836,40.675010681152344,32.81051254272461,83.02713012695312,68.13574981689453,128.4993896484375
2023-08-28,178.1300048828125,86.60549926757812,40.94900131225586,32.99391555786133,83.70626831054688,68.44623565673828,128.79798889160156
2023-08-29,179.8699951171875,87.5050048828125,41.06044387817383,33.29315948486328,85.3844223022461,68.69085693359375,129.95382690429688
2023-08-30,180.32000732421875,87.41413116455078,41.264774322509766,33.312469482421875,86.02912139892578,68.80374145507812,129.85751342773438
2023-08-31,180.02000427246094,87.8048324584961,41.29262924194336,33.186973571777344,86.44743347167969,68.45564270019531,128.30677795410156
2023-09-01,180.11000061035156,86.4369888305664,42.13780975341797,33.4862174987793,86.71318054199219,67.872314453125,128.65353393554688
2023-09-05,178.63999938964844,85.22492980957031,42.3607063293457,33.14836120605469,87.02322387695312,67.28898620605469,127.32430267333984
2023-09-06,177.8300018310547,85.43453979492188,42.37928009033203,33.129058837890625,86.10293579101562,67.21372985839844,126.63080596923828
2023-09-07,178.02000427246094,85.67147064208984,42.337486267089844,33.04217529296875,84.85784149169922,67.37366485595703,127.1990966796875
2023-09-08,178.0800018310547,85.99952697753906,42.74614334106445,33.1097526550293,85.0350112915039,67.4583511352539,127.1990966796875
2023-09-11,178.41000366210938,85.37985229492188,42.18424606323242,33.26420211791992,85.47793579101562,68.04167175292969,128.0756072998047
2023-09-12,177.49000549316406,85.8719711303711,43.17801284790039,33.4862174987793,83.927734375,67.4583511352539,127.91185760498047
2023-09-13,177.0800018310547,85.85375213623047,42.85294723510742,33.4862174987793,84.13934326171875,67.66532897949219,127.9311294555664
2023-09-14,177.1699981689453,85.23406219482422,43.35448455810547,33.79511642456055,84.74959564208984,68.35214233398438,128.335693359375
2023-09-15,178.33999633789062,84.71459197998047,42.72756576538086,33.62135696411133,83.1206283569336,67.78765106201172,127.32430267333984
2023-09-18,179.38999938964844,85.19760131835938,43.08965301513672,33.71347427368164,83.5201187133789,67.76396179199219,127.13089752197266
2023-09-19,179.22000122070312,84.56880950927734,42.687339782714844,33.674686431884766,83.4757308959961,67.60293579101562,127.23724365234375
2023-09-20,179.35000610351562,84.83308410644531,42.289695739746094,33.441978454589844,82.16387176513672,67.66924285888672,127.2469711303711
2023-09-21,178.0500030517578,82.65506744384766,41.709625244140625,32.88929748535156,80.91119384765625,66.79780578613281,126.13473510742188
2023-09-22,178.6199951171875,83.32032775878906,41.779788970947266,32.637203216552734,81.08380889892578,66.43785095214844,125.87359619140625
2023-09-25,177.6999969482422,81.2698745727539,42.303741455078125,32.71477127075195,81.3451919555664,66.20105743408203,126.56025695800781
2023-09-26,176.27999877929688,80.98736572265625,42.06047821044922,32.27845001220703,79.88044738769531,65.70850372314453,125.48673248291016
2023-09-27,174.10000610351562,80.56819152832031,43.10836410522461,32.22996520996094,80.00373840332031,65.16859436035156,124.85811614990234
2023-09-28,173.22999572753906,80.81422424316406,43.1551399230957,32.462669372558594,80.57088470458984,65.36751556396484,125.45771789550781
2023-09-29,171.4499969482422,80.82333374023438,42.28502655029297,32.16209030151367,80.84707641601562,65.17805480957031,124.50993347167969
2023-10-02,169.64999389648438,79.47035217285156,41.44297409057617,31.890594482421875,81.71507263183594,64.73287200927734,124.3358383178711
2023-10-03,169.16000366210938,77.76080322265625,41.41489791870117,31.386402130126953,80.32923126220703,64.26873016357422,123.2332992553711
2023-10-04,169.13999938964844,78.85786437988281,40.11439895629883,31.619112014770508,81.33039093017578,64.78022003173828,123.75555419921875
2023-10-05,168.8300018310547,78.46473693847656,39.86646270751953,31.764554977416992,81.43889617919922,63.50148010253906,124.43255615234375
2023-10-06,169.6999969482422,77.51399230957031,40.105045318603516,32.03604507446289,82.96282196044922,63.15101623535156,125.73818969726562
2023-10-09,172.82000732421875,79.33323669433594,41.44297409057617,32.05543899536133,83.39187622070312,63.207847595214844,126.17340850830078
2023-10-10,172.52999877929688,79.2235107421875,41.49442672729492,32.28813934326172,83.5201187133789,63.851966857910156,126.7730484008789
2023-10-11,173.7899932861328,80.87818145751953,40.96112823486328,32.33662033081055,84.29440307617188,63.416236877441406,126.21209716796875
2023-10-12,173.25999450683594,78.68415832519531,41.007911682128906,32.13300323486328,84.37330627441406,62.72476577758789,125.12890625
2023-10-13,178.8300018310547,80.09201049804688,41.910770416259766,32.20088195800781,83.16503143310547,63.27415084838867,125.91226959228516
2023-10-16,177.9600067138672,78.80299377441406,42.191463470458984,32.540245056152344,83.96397399902344,63.927738189697266,126.8600845336914
2023-10-17,178.2899932861328,77.93451690673828,42.63119888305664,32.69538116455078,83.5743637084961,64.20242309570312,126.68599700927734
2023-10-18,180.8699951171875,77.24888610839844,43.01948165893555,32.13300323486328,82.71622467041016,64.4392318725586,125.58346557617188
2023-10-19,183.08999633789062,75.66734313964844,42.94463348388672,31.706377029418945,82.24276733398438,63.96561050415039,124.34550476074219
2023-10-20,183.58999633789062,76.09699249267578,42.224212646484375,31.221567153930664,80.85201263427734,63.719337463378906,123.85226440429688
2023-10-23,182.97000122070312,77.01119232177734,41.54121017456055,31.027645111083984,80.94571685791016,63.59620666503906,123.07855987548828
2023-10-24,182.9499969482422,78.02592468261719,40.95645523071289,31.24095916748047,81.50299835205078,64.13611602783203,123.45574188232422
2023-10-25,183.72000122070312,76.28898620605469,40.8816032409668,31.124601364135742,80.54129028320312,64.3539810180664,122.35320281982422
2023-10-26,184.00999450683594,77.45914459228516,40.563499450683594,31.056730270385742,79.00257873535156,63.93720245361328,121.14427185058594
2023-10-27,186.14999389648438,77.13003540039062,39.590457916259766,30.49435806274414,79.46122741699219,63.06576919555664,119.09391021728516
2023-10-30,185.10000610351562,76.78266143798828,39.7214469909668,31.037338256835938,80.314453125,64.05087280273438,119.7612533569336
2023-10-31,184.08999633789062,76.40780639648438,39.85243225097656,31.376705169677734,80.88653564453125,64.27819061279297,120.44792938232422
2023-11-01,183.50999450683594,78.06452941894531,39.75886917114258,31.580324172973633,82.44990539550781,64.21189880371094,120.69939422607422
2023-11-02,184.1199951171875,79.84413146972656,40.96112823486328,32.32693099975586,83.84561157226562,65.04544067382812,122.61431121826172
2023-11-03,184.7899932861328,80.3853530883789,40.549461364746094,32.75355529785156,84.70866394042969,65.12123107910156,123.2236328125
2023-11-06,183.35000610351562,79.60562896728516,40.091007232666016,32.65660095214844,85.2659683227539,65.22542572021484,124.04569244384766
2023-11-07,182.58999633789062,80.7798080444336,39.202178955078125,32.608116149902344,86.19808197021484,65.3864517211914,124.13275909423828
2023-11-08,180.77000427246094,82.1557846069336,38.71097946166992,32.64689636230469,86.68633270263672,65.13070678710938,123.95864868164062
2023-11-09,181.49000549316406,80.26610565185547,38.594032287597656,32.51115417480469,86.28192901611328,64.86547088623047,121.39571380615234
2023-11-10,179.50999450683594,80.71559143066406,39.019737243652344,32.87960433959961,88.53575897216797,65.32013702392578,122.12107849121094
2023-11-13,180.50999450683594,80.53214263916016,39.300411224365234,32.83112716674805,88.01791381835938,65.52853393554688,122.82708740234375
2023-11-14,182.1199951171875,82.35759735107422,39.65127182006836,33.451683044433594,89.778564453125,66.20105743408203,123.6588363647461
2023-11-15,181.63999938964844,81.20176696777344,39.5764274597168,33.63590621948242,89.89200592041016,66.73150634765625,123.75555419921875
2023-11-16,183.69000244140625,82.21083068847656,38.804534912109375,33.77164840698242,90.34080505371094,65.90740966796875,124.2874755859375
2023-11-17,183.6699981689453,82.59611511230469,39.6185302734375,33.94618225097656,90.15338897705078,65.82217407226562,124.03602600097656
2023-11-20,183.3699951171875,83.10063171386719,39.67466735839844,34.081932067871094,91.4603271484375,65.77481842041016,124.7904052734375
2023-11-21,185.35000610351562,83.06394958496094,39.585784912109375,34.062538146972656,90.72054290771484,65.97371673583984,125.54476165771484
2023-11-22,184.55999755859375,83.35750579833984,39.56707000732422,34.198280334472656,91.12496185302734,66.44733428955078,126.14437866210938
2023-11-24,185.52000427246094,82.3759536743164,39.730796813964844,34.30493927001953,90.94740295410156,66.69361114501953,126.82136535644531
2023-11-27,186.77000427246094,83.75194549560547,39.590457916259766,34.18858337402344,90.94245910644531,66.50416564941406,126.02832794189453
2023-11-28,189.25999450683594,83.91706085205078,39.599815368652344,34.17888259887695,91.11509704589844,66.8072738647461,125.38035583496094
2023-11-29,189.5399932861328,84.97196960449219,39.30509948730469,34.421295166015625,91.18414306640625,66.26734924316406,125.41902923583984
2023-11-30,188.75,83.9904556274414,39.56707000732422,34.80913543701172,91.31730651855469,66.93041229248047,126.99546813964844
2023-12-01,192.00999450683594,85.57232666015625,39.77289581298828,35.070926666259766,91.52442932128906,67.20510864257812,127.49838256835938
2023-12-04,187.86000061035156,85.23185729980469,39.590457916259766,35.03215026855469,90.40985107421875,67.29035949707031,127.74016571044922
2023-12-05,187.14999389648438,87.06310272216797,38.89810562133789,34.85762023925781,90.95233917236328,66.75991821289062,127.57577514648438
2023-12-06,187.83999633789062,88.22260284423828,38.31802749633789,34.68309020996094,90.18297576904297,66.58942413330078,127.67245483398438
2023-12-07,188.14999389648438,87.7164535522461,38.05604934692383,34.847923278808594,91.27783966064453,66.87358856201172,127.51773834228516
2023-12-08,185.63999938964844,86.99867248535156,38.46773147583008,35.03215026855469,92.05706787109375,66.4094467163086,127.7304916381836
2023-12-11,183.58999633789062,86.81464385986328,38.514503479003906,35.24546432495117,92.86095428466797,67.04407501220703,128.5718994140625
2023-12-12,183.49000549316406,87.07231140136719,37.98588180541992,35.497562408447266,93.47742462158203,67.2619400024414,129.12318420410156
2023-12-13,187.6300048828125,89.11520385742188,38.514503479003906,36.06963348388672,94.3010482788086,68.4838638305664,131.50234985351562
2023-12-14,188.72999572753906,91.43335723876953,39.6465950012207,36.42839431762695,94.06924438476562,67.47979736328125,130.86404418945312
2023-12-15,187.0,91.53491973876953,39.43608474731445,36.2150764465332,94.54269409179688,67.47979736328125,129.7518310546875
2023-12-18,187.85000610351562,90.80558776855469,39.7581901550293,36.33590316772461,94.8254165649414,68.18223571777344,129.963623046875
2023-12-19,189.1300048828125,91.29488372802734,40.23521423339844,36.608741760253906,95.18623352050781,68.31584167480469,130.83792114257812
2023-12-20,188.10000610351562,91.91342163085938,39.862098693847656,35.95588684082031,93.74790954589844,66.98924255371094,128.9435577392578
2023-12-21,189.42999267578125,91.33180236816406,40.01795959472656,36.30666732788086,94.80070495605469,67.4568862915039,130.51736450195312
2023-12-22,190.27000427246094,90.91637420654297,40.13603210449219,36.38462829589844,94.92427825927734,67.97227478027344,131.16822814941406
2023-12-26,191.72000122070312,91.17485046386719,40.48080825805664,36.53078842163086,95.31968688964844,68.25857543945312,131.45968627929688
2023-12-27,192.58999633789062,92.79048156738281,40.30133819580078,36.64772033691406,95.31474304199219,68.57352447509766,132.01344299316406
2023-12-28,191.47000122070312,92.11652374267578,39.68734359741211,36.754905700683594,95.42842864990234,68.60216522216797,132.35345458984375
2023-12-29,191.1699981689453,91.2856674194336,39.59760284423828,36.637969970703125,95.13681030273438,68.74533081054688,132.48944091796875
2024-01-02,190.72000122070312,90.75941467285156,40.022674560546875,36.79387664794922,92.64569854736328,69.51837921142578,134.82098388671875
2024-01-03,189.1300048828125,91.137939453125,40.67445373535156,36.482059478759766,91.7016372680664,68.97438049316406,134.5975341796875
2024-01-04,189.32000732421875,89.75314331054688,39.961280822753906,36.62822723388672,91.0294418334961,68.87894439697266,135.2678680419922
2024-01-05,189.35000610351562,88.89457702636719,39.99433898925781,36.784141540527344,91.00472259521484,68.72624969482422,135.1512908935547
2024-01-08,187.8699951171875,89.7716064453125,39.53148651123047,37.01799774169922,93.28823852539062,69.2320785522461,136.34620666503906
2024-01-09,187.92999267578125,89.19922637939453,38.89860153198242,36.784141540527344,93.43650817871094,69.41341400146484,136.32676696777344
2024-01-10,187.5,88.78377532958984,38.51604080200195,36.84260177612305,94.23229217529297,69.2702407836914,136.94850158691406
2024-01-11,187.8699951171875,89.28228759765625,38.61522674560547,36.70618438720703,94.71173095703125,69.26070404052734,136.85134887695312
2024-01-12,189.7100067138672,89.10690307617188,39.049747467041016,36.637969970703125,95.01819610595703,69.480224609375,136.51136779785156
2024-01-16,187.91000366210938,87.5374526977539,38.11930847167969,36.38462829589844,95.25543212890625,69.09845733642578,135.69528198242188
2024-01-17,185.83999633789062,87.39899444580078,37.80287170410156,36.3164176940918,94.785888671875,69.05073547363281,135.42327880859375
2024-01-18,187.3699951171875,86.5865707397461,37.74147415161133,36.37488555908203,96.70858001708984,68.96484375,135.40386962890625
2024-01-19,187.92999267578125,86.86351776123047,37.86426544189453,36.959529876708984,98.93772888183594,68.76441955566406,135.4816131591797
2024-01-22,187.22000122070312,87.38054656982422,38.00596237182617,37.134925842285156,99.37269592285156,68.43037414550781,136.07418823242188
2024-01-23,187.9499969482422,86.68812561035156,38.08625411987305,37.19338607788086,99.77305603027344,69.17481231689453,135.97702026367188
2024-01-24,186.39999389648438,86.18037414550781,38.629390716552734,37.33955383300781,100.4600830078125,68.32539367675781,134.7335662841797
2024-01-25,187.13999938964844,86.7435302734375,39.49842071533203,37.52468490600586,100.88021087646484,68.9839096069336,134.52952575683594
2024-01-26,187.00999450683594,86.57735443115234,39.79125213623047,37.66110610961914,99.71867370605469,69.3179702758789,135.2969970703125
2024-01-29,188.3300018310547,87.57438659667969,39.73457717895508,37.75855255126953,100.6330795288086,69.71882629394531,136.2490692138672
2024-01-30,188.58999633789062,88.36837005615234,40.145477294921875,38.23601150512695,99.80269622802734,70.110107421875,136.55992126464844
2024-01-31,188.4499969482422,89.23617553710938,39.3945198059082,37.76829528808594,97.70699310302734,69.59474182128906,136.37535095214844
2024-02-01,190.41000366210938,90.98660278320312,39.389793395996094,37.826759338378906,98.93772888183594,71.01679992675781,138.14341735839844
2024-02-02,188.61000061035156,88.97683715820312,39.44647216796875,37.982666015625,99.96087646484375,70.7877426147461,137.93942260742188
2024-02-05,187.57000732421875,87.1800537109375,39.347286224365234,37.75855255126953,100.188232421875,70.34870147705078,138.36685180664062
2024-02-06,188.5500030517578,88.03213500976562,39.47481155395508,37.83650588989258,99.72856903076172,70.51097106933594,139.87261962890625
2024-02-07,188.5,87.6061019897461,39.55510330200195,38.11907958984375,101.04825592041016,70.44416809082031,140.2515106201172
2024-02-08,188.3300018310547,87.09671020507812,39.961280822753906,37.972923278808594,101.36459350585938,70.4250717163086,140.00863647460938
2024-02-09,187.60000610351562,86.92073822021484,39.347286224365234,38.080108642578125,102.72877502441406,69.77608489990234,139.90179443359375
2024-02-12,187.11000061035156,87.02261352539062,39.781803131103516,38.2555046081543,101.94783020019531,70.2723617553711,140.0863494873047
2024-02-13,184.52999877929688,85.531494140625,39.38034439086914,37.73906326293945,100.21788787841797,69.51837921142578,138.78460693359375
2024-02-14,184.4199981689453,85.96678924560547,39.342567443847656,38.09959030151367,101.26573944091797,69.384765625,139.9892120361328
2024-02-15,185.66000366210938,86.41136169433594,40.43830490112305,38.75245666503906,101.05319213867188,69.8333511352539,141.00924682617188
2024-02-16,186.33999633789062,85.91121673583984,40.4146842956543,38.616031646728516,100.12398529052734,69.93832397460938,141.4658660888672
2024-02-20,187.47000122070312,85.98529815673828,40.046295166015625,38.50885009765625,99.10578918457031,70.6732177734375,140.98983764648438
2024-02-21,187.47999572753906,85.3740463256836,40.79724884033203,38.62577438354492,98.48300170898438,70.930908203125,141.3007049560547
2024-02-22,187.55999755859375,85.79081726074219,40.868099212646484,39.074005126953125,101.70564270019531,71.15040588378906,142.96192932128906
2024-02-23,188.6199951171875,86.93924713134766,40.59888458251953,39.268890380859375,101.4683837890625,71.36991882324219,143.64195251464844
2024-02-26,188.1999969482422,86.679931640625,40.740577697753906,39.074005126953125,101.56725311279297,71.08361053466797,142.9036407470703
2024-02-27,188.0,86.06864929199219,40.56582260131836,39.18119430541992,101.65621948242188,71.09315490722656,142.55392456054688
2024-02-28,188.33999633789062,86.6150894165039,40.48553466796875,39.327354431152344,101.17676544189453,71.16950225830078,141.8447265625
2024-02-29,189.30999755859375,87.22637176513672,40.68389129638672,39.30786895751953,102.30370330810547,71.05497741699219,140.6886749267578
2024-03-01,192.88999938964844,87.76990509033203,41.15620040893555,39.259151458740234,104.17203521728516,71.06452178955078,142.16531372070312
2024-03-04,196.00999450683594,87.41681671142578,40.716957092285156,39.35658645629883,104.17203521728516,71.12178039550781,141.95155334472656
2024-03-05,197.19000244140625,88.66180419921875,41.01922607421875,39.366336822509766,101.6117172241211,71.29357147216797,140.89268493652344
2024-03-06,198.80999755859375,89.18208312988281,41.146751403808594,39.570960998535156,102.41738891601562,71.89485931396484,141.85446166992188
2024-03-07,199.94000244140625,89.09845733642578,41.496253967285156,39.51249313354492,104.03363037109375,72.30523681640625,142.51504516601562
2024-03-08,201.6300048828125,88.94051361083984,41.64266586303711,39.58070373535156,102.48657989501953,71.73261260986328,142.2527313232422
2024-03-11,202.0,88.89407348632812,42.07245635986328,39.64891052246094,102.20484924316406,72.1239013671875,142.17501831054688
2024-03-12,199.7899932861328,88.15080261230469,42.0063362121582,39.81456756591797,104.30054473876953,72.49610900878906,142.8356170654297
2024-03-13,201.19000244140625,87.72344207763672,42.677005767822266,40.10688781738281,103.17362976074219,72.67744445800781,142.28189086914062
2024-03-14,200.35000610351562,86.37627410888672,43.11624526977539,39.785335540771484,103.19337463378906,72.11434936523438,141.77671813964844
2024-03-15,199.7100067138672,86.3484115600586,43.24375915527344,39.74635696411133,101.63644409179688,72.08572387695312,141.21328735351562
2024-03-18,200.02999877929688,86.0882568359375,43.39325714111328,39.974246978759766,102.135986328125,72.54913330078125,141.19671630859375
2024-03-19,199.8000030517578,86.32982635498047,43.888423919677734,40.16986083984375,102.66571044921875,72.8183364868164,142.13267517089844
2024-03-20,202.17999267578125,86.30194854736328,43.82653045654297,40.64912796020508,103.81431579589844,73.0394515991211,141.81092834472656
2024-03-21,201.97000122070312,86.48773956298828,44.0883903503418,40.98167037963867,103.88858795166016,73.07791137695312,141.99618530273438
2024-03-22,200.35000610351562,87.31464385986328,43.993167877197266,40.51219177246094,103.9232406616211,72.7221908569336,141.8011932373047
2024-03-25,200.99000549316406,86.87799835205078,44.40263366699219,40.3557014465332,103.23506927490234,72.5202865600586,141.606201171875
2024-03-26,201.63999938964844,87.11953735351562,44.0598258972168,40.49263000488281,102.80929565429688,72.55874633789062,142.1229248046875
2024-03-27,203.10000610351562,87.98355865478516,44.46928787231445,40.971893310546875,103.3340835571289,73.31826782226562,144.01438903808594
2024-03-28,205.72000122070312,87.90926361083984,44.950164794921875,41.19684982299805,103.11129760742188,73.41441345214844,144.03387451171875
2024-04-01,207.82000732421875,86.2705307006836,45.283447265625,40.971893310546875,103.39845275878906,72.82794952392578,142.805419921875
2024-04-02,210.88999938964844,85.79512786865234,45.916683197021484,40.7567138671875,102.40332794189453,72.45299530029297,140.5824737548828
2024-04-03,212.74000549316406,85.77647399902344,46.23091506958008,40.737159729003906,102.67562866210938,71.6550064086914,140.4264678955078
2024-04-04,211.52000427246094,86.39168548583984,46.20234680175781,40.27745819091797,101.05174255371094,71.34734344482422,138.3985137939453
2024-04-05,215.13999938964844,85.18924713134766,46.697509765625,40.658905029296875,102.21024322509766,71.46273040771484,139.63673400878906
2024-04-08,216.47999572753906,85.1799087524414,46.402313232421875,40.8349609375,102.0914306640625,71.35697174072266,139.188232421875
2024-04-09,217.6699981689453,85.97222900390625,46.41659927368164,40.6002197265625,102.60630798339844,71.70307159423828,139.68548583984375
2024-04-10,215.61000061035156,84.09862518310547,46.55944061279297,39.993812561035156,101.34880065917969,71.44349670410156,138.0474853515625
2024-04-11,219.8000030517578,83.71642303466797,46.52610778808594,39.71016311645508,103.37369537353516,71.27042388916016,137.4820098876953
2024-04-12,216.88999938964844,84.16387939453125,45.76908493041992,39.182003021240234,101.70030212402344,70.54936981201172,135.4345703125
2024-04-15,220.9499969482422,82.85884857177734,45.340579986572266,38.986385345458984,99.76947784423828,70.26094055175781,135.16156005859375
2024-04-16,221.22000122070312,82.30888366699219,44.94540023803711,38.7223014831543,99.88829803466797,70.28977966308594,135.21031188964844
2024-04-17,219.58999633789062,83.22237396240234,44.81685256958008,38.820106506347656,98.4476089477539,70.54936981201172,134.97633361816406
2024-04-18,220.33999633789062,82.80292510986328,44.678775787353516,38.95703887939453,97.32376098632812,70.87625885009766,134.96658325195312
2024-04-19,221.02999877929688,83.10120391845703,45.21678924560547,39.49498748779297,95.31867218017578,71.56847381591797,135.47354125976562
2024-04-22,215.57000732421875,82.96139526367188,45.51198196411133,39.974246978759766,96.17021179199219,72.25108337402344,135.9903106689453
2024-04-23,215.0399932861328,82.98934936523438,45.76432800292969,40.22854995727539,97.59605407714844,72.45299530029297,137.76475524902344
2024-04-24,214.63999938964844,82.4021224975586,45.79765319824219,40.21876907348633,98.0416259765625,73.0009994506836,137.33578491210938
2024-04-25,215.9199981689453,81.82415008544922,46.00714111328125,39.984031677246094,97.82874298095703,72.82794952392578,136.41928100585938
2024-04-26,216.6199951171875,82.25294494628906,45.583396911621094,39.925350189208984,98.93278503417969,72.67411804199219,136.4582977294922
2024-04-29,216.17999267578125,82.94274139404297,45.89287185668945,39.86665725708008,99.35855102539062,72.90486145019531,136.91651916503906
2024-04-30,211.8699951171875,82.23432159423828,44.52642059326172,39.47542190551758,97.17027282714844,72.58759307861328,136.8190460205078
2024-05-01,213.7899932861328,82.84046936035156,43.8170051574707,39.47542190551758,96.1751480102539,72.12610626220703,137.06277465820312
2024-05-02,213.1300048828125,83.19593048095703,44.0693473815918,39.57323455810547,97.56139373779297,72.73179626464844,136.96527099609375
2024-05-03,212.9600067138672,84.03778839111328,44.0741081237793,39.66126251220703,100.27941131591797,72.95292663574219,137.3065185546875
2024-05-06,215.1999969482422,84.36520385742188,44.42167663574219,40.16986083984375,101.45771789550781,72.99139404296875,137.8622589111328
2024-05-07,214.2100067138672,84.87966918945312,44.378822326660156,40.30679702758789,101.1259994506836,73.78937530517578,139.00299072265625
2024-05-08,213.5800018310547,84.36520385742188,44.326446533203125,40.453514099121094,101.41316223144531,73.56824493408203,138.52523803710938
2024-05-09,216.9499969482422,84.77677917480469,44.92159652709961,40.7567138671875,101.38345336914062,74.20278930664062,139.7147216796875
2024-05-10,218.7100067138672,84.29971313476562,44.674015045166016,40.9132080078125,101.75970458984375,74.62581634521484,139.99745178222656
2024-05-13,216.25999450683594,84.51486206054688,44.55498504638672,40.7469367980957,102.23994445800781,74.41429138183594,139.8609619140625
2024-05-14,218.08999633789062,84.9919204711914,44.612117767333984,40.95233154296875,103.14595031738281,74.27008056640625,140.45570373535156
2024-05-15,220.88999938964844,86.15181732177734,44.71210479736328,41.25553894042969,105.46790313720703,74.31814575195312,142.54217529296875
2024-05-16,220.02999877929688,86.06764221191406,44.58831787109375,41.25553894042969,105.1015396118164,75.37571716308594,142.3764190673828
2024-05-17,223.66000366210938,85.48770141601562,45.21202850341797,41.558746337890625,104.86885833740234,75.19304656982422,142.64942932128906
2024-05-20,224.55999755859375,85.23511505126953,44.916831970214844,40.991451263427734,106.10160827636719,74.67387390136719,142.34716796875
2024-05-21,224.22999572753906,85.67475128173828,44.697818756103516,41.25553894042969,106.27488708496094,75.11614227294922,142.59092712402344
2024-05-22,220.11000061035156,85.77765655517578,43.84080505371094,41.02079772949219,106.51252746582031,74.81809997558594,142.84442138671875
2024-05-23,215.72000122070312,85.22578430175781,43.44086837768555,40.453514099121094,105.64612579345703,73.93357849121094,141.28445434570312
2024-05-24,215.9199981689453,85.47832489013672,43.50276565551758,40.69803237915039,106.53728485107422,74.12586212158203,140.8067169189453
2024-05-28,218.19000244140625,84.2529296875,43.950313568115234,40.248111724853516,106.98780822753906,73.54901123046875,139.10049438476562
2024-05-29,216.16000366210938,83.23333740234375,43.17424774169922,39.925350189208984,106.3095474243164,73.02022552490234,138.01824951171875
2024-05-30,216.57000732421875,84.03778839111328,43.29804229736328,40.14052200317383,103.88363647460938,73.21250915527344,138.08651733398438
2024-05-31,215.3000030517578,84.60841369628906,44.374061584472656,40.72737121582031,104.04700469970703,74.35661315917969,140.10472106933594
2024-06-03,217.22000122070312,85.97689056396484,43.21233367919922,40.47307205200195,104.30940246582031,74.32776641845703,141.08946228027344
2024-06-04,215.27000427246094,86.98121643066406,42.79811477661133,40.287235260009766,104.5272445678711,74.97191619873047,141.4989471435547
2024-06-05,217.82000732421875,87.61947631835938,42.79335403442383,40.404605865478516,106.84918212890625,74.8084716796875,142.1424102783203
2024-06-06,219.42999267578125,87.4880599975586,43.017127990722656,40.385047912597656,106.49273681640625,75.03922271728516,142.6104278564453
2024-06-07,211.60000610351562,85.883056640625,42.84572982788086,40.57088088989258,106.74028015136719,74.66426849365234,142.7664031982422
2024-06-10,213.5399932861328,85.31049346923828,43.16948699951172,40.414390563964844,107.0125732421875,74.6065902709961,143.29290771484375
2024-06-11,214.14999389648438,86.19277954101562,43.08378601074219,39.95468521118164,109.0028076171875,74.568115234375,142.69818115234375
2024-06-12,214.72000122070312,86.84040832519531,42.6219482421875,39.915565490722656,111.41386413574219,73.75090789794922,142.3959197998047
2024-06-13,212.97000122070312,88.11692810058594,42.23153305053711,39.88621520996094,112.29512023925781,73.84705352783203,142.27890014648438
2024-06-14,215.72999572753906,88.8584213256836,41.91730499267578,39.75907516479492,112.71593475341797,73.98165893554688,142.2301788330078
2024-06-17,214.61000061035156,87.97613525390625,42.02680969238281,40.111175537109375,114.42398071289062,74.6834945678711,142.0839385986328
2024-06-18,215.47000122070312,88.78335571289062,42.202972412109375,40.36548614501953,114.56756591796875,74.77963256835938,142.2691650390625
2024-06-20,218.16000366210938,88.19200897216797,42.979042053222656,40.58066177368164,113.28034210205078,74.61619567871094,142.7371368408203
2024-06-21,214.77999877929688,88.19200897216797,42.7314567565918,40.42416763305664,113.08231353759766,74.67387390136719,143.1369171142578
2024-06-24,215.6300048828125,88.54869842529297,43.80892562866211,40.839534759521484,110.30992889404297,75.47013854980469,143.97181701660156
2024-06-25,214.55999755859375,88.6988754272461,43.90970993041992,40.53512191772461,112.33341979980469,74.98580169677734,143.52157592773438
2024-06-26,212.5800018310547,87.4317626953125,43.47776794433594,40.279823303222656,112.2044677734375,74.83080291748047,143.01260375976562
2024-06-27,214.99000549316406,87.77902221679688,43.578556060791016,40.2307243347168,112.259033203125,74.51115417480469,142.77769470214844
2024-06-28,215.00999450683594,86.14583587646484,43.74653244018555,40.36819839477539,112.19951629638672,74.18179321289062,142.6602325439453
2024-07-01,215.57000732421875,84.6590576171875,43.770530700683594,40.45657730102539,113.04759216308594,73.65869903564453,141.8576202392578
2024-07-02,215.55999755859375,85.31818389892578,43.73693084716797,40.927913665771484,113.61296844482422,74.17210388183594,141.33885192871094
2024-07-03,217.99000549316406,86.43869018554688,43.92891311645508,40.800254821777344,115.14547729492188,74.04618072509766,140.26217651367188
2024-07-05,220.92999267578125,87.15431213378906,43.24259567260742,40.790435791015625,115.49760437011719,74.95673370361328,141.34866333007812
2024-07-08,218.19000244140625,87.34262084960938,42.978633880615234,40.68242263793945,116.28616333007812,74.84049224853516,141.19204711914062
2024-07-09,218.55999755859375,86.95655059814453,42.5994758605957,40.99665069580078,116.19193267822266,74.64675903320312,141.877197265625
2024-07-10,219.36000061035156,87.22960662841797,42.88744354248047,41.15375900268555,117.87816619873047,74.97611236572266,143.21817016601562
2024-07-11,223.25,88.07706451416016,43.33378219604492,41.47780990600586,114.92724609375,74.6951904296875,144.226318359375
2024-07-12,223.11000061035156,88.45370483398438,43.44416427612305,41.61527633666992,115.9538803100586,75.02455139160156,145.1268310546875
2024-07-15,223.8300018310547,87.436767578125,44.1016845703125,42.224090576171875,116.16217803955078,74.58863830566406,144.61782836914062
2024-07-16,228.2899932861328,88.67027282714844,44.2984619140625,42.70524978637695,115.77533721923828,75.30545806884766,146.68310546875
2024-07-17,227.22999572753906,88.68912506103516,44.74000930786133,43.029296875,111.27207946777344,76.2741470336914,147.34869384765625
2024-07-18,225.77999877929688,88.01115417480469,44.821598052978516,42.50885772705078,111.28199768066406,75.8963623046875,144.00119018554688
2024-07-19,221.72999572753906,87.49325561523438,44.33206558227539,42.07679748535156,109.54119873046875,75.64449310302734,144.7352752685547
2024-07-22,221.8000030517578,87.23904418945312,44.05369186401367,42.31246566772461,112.13502502441406,75.69293212890625,145.56727600097656
2024-07-23,222.5800018310547,87.11663055419922,43.35298156738281,42.39101791381836,111.68867492675781,75.42170715332031,145.47918701171875
2024-07-24,221.8000030517578,86.17501831054688,43.3577766418457,41.81167221069336,107.06639099121094,75.35389709472656,146.69288635253906
2024-07-25,218.3300018310547,86.8812255859375,44.10648727416992,41.96878433227539,105.92074584960938,75.26670837402344,145.95880126953125
2024-07-26,220.6300048828125,87.55917358398438,44.24567413330078,42.62669372558594,107.26476287841797,76.03197479248047,146.78097534179688
2024-07-29,220.32000732421875,88.02999114990234,43.866519927978516,42.56777572631836,106.78866577148438,76.06103515625,146.8690948486328
2024-07-30,222.52000427246094,88.36897277832031,44.548030853271484,43.058753967285156,104.10555267333984,75.54762268066406,146.99632263183594
2024-07-31,226.5500030517578,89.27287292480469,44.73521041870117,42.95073699951172,108.51457214355469,75.41201782226562,146.4580078125
2024-08-01,225.77000427246094,90.04285430908203,43.54975128173828,42.3419189453125,104.46759796142578,76.10946655273438,147.95555114746094
2024-08-02,225.33999633789062,92.8487319946289,42.426700592041016,41.301055908203125,101.53156280517578,76.77786254882812,147.66192626953125
2024-08-05,222.47999572753906,93.3399887084961,41.49081039428711,40.103065490722656,98.1491470336914,75.26670837402344,143.7173309326172
2024-08-06,220.6999969482422,91.25212097167969,41.74518585205078,40.75115966796875,99.48326873779297,75.78980255126953,144.38291931152344
2024-08-07,220.5500030517578,90.60971069335938,41.91316223144531,40.800254821777344,97.87142181396484,75.86730194091797,142.91473388671875
2024-08-08,224.00999450683594,90.05229187011719,42.815452575683594,41.45817184448242,101.52659606933594,76.55506896972656,146.07626342773438
2024-08-09,224.55999755859375,90.94034576416016,42.911434173583984,41.634918212890625,101.98287200927734,76.67131042480469,146.80055236816406
2024-08-12,228.41000366210938,91.2710189819336,43.12261199951172,41.418888092041016,102.81607055664062,76.28382873535156,146.24264526367188
2024-08-13,228.05999755859375,91.90396881103516,42.70506286621094,41.762569427490234,105.97529602050781,76.632568359375,148.0142822265625
2024-08-14,226.1999969482422,92.48027801513672,42.954627990722656,42.273193359375,106.5555648803711,76.98129272460938,148.54283142089844
2024-08-15,226.91000366210938,91.73393249511719,43.46816635131836,42.66597366333008,109.62055969238281,77.7756118774414,149.47268676757812
2024-08-16,231.99000549316406,92.05513763427734,43.4201774597168,42.980194091796875,109.80404663085938,77.98872375488281,149.62928771972656
2024-08-19,231.61000061035156,92.48027801513672,43.71294403076172,43.21586608886719,111.61428833007812,78.2502670288086,150.53956604003906
2024-08-20,232.4600067138672,93.2171630859375,42.56108093261719,43.078392028808594,111.22248077392578,78.63774108886719,151.1464385986328
2024-08-21,232.14999389648438,93.27384948730469,42.63307571411133,43.0096549987793,111.87713623046875,79.1705093383789,151.40090942382812
2024-08-22,229.3699951171875,92.3479995727539,42.74345397949219,43.25514221191406,109.30314636230469,79.05426788330078,151.49880981445312
2024-08-23,232.02000427246094,92.95265197753906,43.38178253173828,43.628292083740234,111.07369995117188,79.27706146240234,152.15460205078125
2024-08-26,232.75999450683594,92.71644592285156,43.770530700683594,43.7657585144043,109.68006896972656,79.83889770507812,152.0762939453125
2024-08-27,233.38999938964844,92.55585479736328,43.362579345703125,43.99161148071289,110.34465026855469,80.03264617919922,152.3112030029297
2024-08-28,231.75,92.44248962402344,43.08421325683594,44.09962844848633,108.82206726074219,79.69359588623047,152.48739624023438
2024-08-29,232.9499969482422,92.14018249511719,43.645748138427734,44.49241256713867,107.84008026123047,79.29643249511719,152.81039428710938
2024-08-30,231.2899932861328,91.15763854980469,43.80892562866211,44.91465377807617,109.27338409423828,79.92608642578125,153.8675079345703
2024-09-03,230.2899932861328,92.64854431152344,42.71946334838867,44.58078384399414,104.25433349609375,80.4879150390625,153.57386779785156
2024-09-04,230.42999267578125,93.8427963256836,42.12913513183594,44.6298828125,103.98651885986328,80.86570739746094,153.30958557128906
2024-09-05,232.35000610351562,94.3735580444336,41.80277633666992,44.1389045715332,103.82781982421875,80.55573272705078,151.20516967773438
2024-09-06,230.6300048828125,94.36408996582031,41.279640197753906,43.490814208984375,101.1347885131836,80.39104461669922,150.6864013671875
2024-09-09,231.60000610351562,94.7716293334961,41.57719802856445,44.1389045715332,102.79126739501953,81.0110092163086,151.74351501464844
2024-09-10,232.6199951171875,95.43511962890625,40.86209487915039,43.68720626831055,104.32872772216797,80.99163818359375,152.43844604492188
2024-09-11,232.25,95.35929870605469,40.482940673828125,43.480995178222656,107.8896713256836,80.23607635498047,151.98822021484375
2024-09-12,236.3300018310547,94.91382598876953,40.847694396972656,43.579193115234375,108.78238677978516,80.73008728027344,152.5363311767578
2024-09-13,238.67999267578125,95.16973114013672,41.078067779541016,43.70684051513672,109.32793426513672,81.30162048339844,152.84954833984375
2024-09-16,238.66000366210938,96.04170227050781,41.548404693603516,44.27638244628906,108.91133117675781,81.62128448486328,153.9066619873047
2024-09-17,237.33999633789062,95.57727813720703,42.10993576049805,44.51205062866211,108.69807434082031,80.8463363647461,152.3209991455078
2024-09-18,235.50999450683594,94.39252471923828,42.1915283203125,44.374576568603516,107.70618438720703,80.53634643554688,152.06649780273438
2024-09-19,239.1699981689453,94.07974243164062,42.69546127319336,44.86555099487305,110.90506744384766,80.06169891357422,152.61463928222656
2024-09-20,242.2100067138672,93.71957397460938,42.5994758605957,44.836097717285156,110.3644790649414,80.44918060302734,151.98822021484375
2024-09-23,242.67999267578125,93.52052307128906,43.125484466552734,44.781890869140625,110.34410858154297,80.9156265258789,151.69052124023438
2024-09-24,246.07000732421875,93.5015869140625,43.01902389526367,44.40739440917969,111.09930419921875,80.72087097167969,151.38597106933594
2024-09-25,245.72999572753906,92.724365234375,42.17702865600586,44.141300201416016,111.41729736328125,80.51636505126953,149.9122772216797
2024-09-26,246.97999572753906,92.9423599243164,41.34955596923828,44.36797332763672,112.8929214477539,80.7013931274414,150.41334533691406
2024-09-27,245.02000427246094,93.42576599121094,42.19154357910156,44.496089935302734,111.8396224975586,80.84746551513672,150.3347625732422
2024-09-30,243.05999755859375,92.98027801513672,42.48672866821289,44.66362380981445,112.16752624511719,80.82799530029297,151.31719970703125
2024-10-01,245.61000061035156,93.65160369873047,43.454532623291016,44.42710876464844,109.43489074707031,80.55531311035156,150.52142333984375
2024-10-02,245.66000366210938,92.86236572265625,43.899723052978516,44.476383209228516,110.24474334716797,79.87364196777344,150.2168426513672
2024-10-03,245.49000549316406,91.98757934570312,44.67396926879883,44.2398567199707,110.70183563232422,79.0750961303711,148.861083984375
2024-10-04,245.0,90.85602569580078,45.09012985229492,44.98884963989258,111.93400573730469,79.3380355834961,148.97897338867188
2024-10-07,244.1699981689453,90.17140197753906,45.249820709228516,44.43696212768555,111.16390228271484,78.54924011230469,148.32070922851562
2024-10-08,242.3699951171875,90.32353210449219,44.069091796875,44.69319152832031,113.24070739746094,78.93875122070312,149.12631225585938
2024-10-09,241.0500030517578,89.81007385253906,44.33523941040039,45.10710906982422,114.5076675415039,79.41593933105469,150.6491241455078
2024-10-10,242.82000732421875,89.45824432373047,44.635257720947266,44.969139099121094,114.47785186767578,79.06536102294922,150.08914184570312
2024-10-11,245.47000122070312,89.0969009399414,44.91107940673828,45.83639144897461,114.67659759521484,79.50358581542969,151.18948364257812
2024-10-14,245.07000732421875,89.16346740722656,44.891727447509766,46.1221923828125,116.1720962524414,79.82494354248047,152.02455139160156
2024-10-15,245.9199981689453,90.24747467041016,43.444854736328125,46.220741271972656,113.6183090209961,80.33134460449219,150.167724609375
2024-10-16,247.14999389648438,90.6278076171875,43.652931213378906,46.79234313964844,113.97108459472656,80.27290344238281,150.5901641845703
2024-10-17,248.6300048828125,89.1920166015625,43.86101150512695,46.92045974731445,114.31886291503906,79.91259002685547,149.71578979492188
2024-10-18,251.27000427246094,89.25857543945312,43.71583938598633,46.93031311035156,114.72628021240234,80.08788299560547,150.44281005859375
2024-10-21,251.22000122070312,87.69913482666016,43.58518981933594,46.555824279785156,115.26287078857422,79.41593933105469,148.6743927001953
2024-10-22,253.92999267578125,87.78470611572266,43.686805725097656,46.467124938964844,115.14363098144531,79.86389923095703,148.458251953125
2024-10-23,250.8699951171875,87.5469970703125,43.45936965942383,46.42770767211914,113.49410247802734,79.70808410644531,147.76071166992188
2024-10-24,252.8000030517578,88.10802459716797,43.454532623291016,46.467124938964844,113.82699584960938,79.6009750366211,146.7880859375
2024-10-25,253.32000732421875,87.6135482788086,43.44001770019531,45.95465087890625,114.41822052001953,78.93875122070312,145.9824676513672
2024-10-28,253.3300018310547,87.37582397460938,43.1641960144043,46.52625274658203,114.38345336914062,79.08483123779297,146.19862365722656
2024-10-29,256.0899963378906,87.50894927978516,42.506080627441406,46.24045181274414,115.92366790771484,78.30577850341797,145.79580688476562
2024-10-30,257.5,87.76569366455078,42.60286331176758,46.44741439819336,114.08037567138672,78.17916870117188,145.52073669433594
2024-10-31,253.50999450683594,87.90830993652344,42.8690071105957,45.80682373046875,110.41864013671875,78.02336120605469,144.2926788330078
2024-11-01,252.47000122070312,86.66897583007812,42.5980224609375,45.96451187133789,111.24836730957031,78.05257415771484,145.1474151611328
2024-11-04,252.8300018310547,88.01422882080078,43.343238830566406,45.60972213745117,111.16390228271484,78.2668228149414,144.1944122314453
2024-11-05,253.39999389648438,88.48173522949219,43.633575439453125,46.03349685668945,112.72895812988281,78.76347351074219,145.25547790527344
2024-11-06,245.6999969482422,86.05834197998047,45.274009704589844,48.83236312866211,115.9385757446289,77.47801208496094,145.44212341308594
2024-11-07,249.64999389648438,87.136474609375,45.06593322753906,48.043949127197266,117.96073913574219,77.76042175292969,146.4933624267578
2024-11-08,247.9600067138672,88.24319458007812,45.36595153808594,48.47757339477539,117.83155822753906,78.70504760742188,147.54457092285156
2024-11-11,242.13999938964844,87.8138656616211,45.62242126464844,49.16743850708008,117.1806869506836,78.43236541748047,146.68002319335938
2024-11-12,240.0500030517578,86.49724578857422,45.38046646118164,49.01961135864258,117.3297348022461,78.52001190185547,144.6365203857422
2024-11-13,237.6300048828125,85.67671203613281,45.73371887207031,49.04917526245117,116.92232513427734,78.75373840332031,144.2533721923828
2024-11-14,237.00999450683594,86.1728515625,45.907928466796875,48.921058654785156,116.52485656738281,78.55896759033203,141.98391723632812
2024-11-15,236.58999633789062,85.94387817382812,45.84018325805664,49.14773178100586,113.63323211669922,77.86754608154297,139.35093688964844
2024-11-18,241.08999633789062,86.09650421142578,46.449893951416016,49.29555892944336,114.00088500976562,78.41288757324219,139.44918823242188
2024-11-19,243.25,86.53539276123047,46.154720306396484,48.9703369140625,114.93495178222656,78.52001190185547,138.7319793701172
2024-11-20,244.6199951171875,86.25871276855469,46.6192626953125,48.822509765625,114.83558654785156,78.12074279785156,140.37269592285156
2024-11-21,246.66000366210938,86.19193267822266,46.996707916259766,49.44338607788086,116.00316619873047,78.96797180175781,141.5024871826172
2024-11-22,249.83999633789062,86.2396240234375,47.06929397583008,49.99527359008789,116.06278991699219,79.6983413696289,141.63021850585938
2024-11-25,242.47999572753906,88.47217559814453,46.140193939208984,50.320491790771484,116.05782318115234,80.1365737915039,142.83863830566406
2024-11-26,242.9499969482422,88.12871551513672,46.077293395996094,50.41904830932617,116.63912963867188,80.4676742553711,143.60494995117188
2024-11-27,243.49000549316406,88.73933410644531,46.028900146484375,50.51759719848633,115.05915832519531,80.63323211669922,144.3712615966797
2024-11-29,245.58999633789062,89.6552505493164,46.227298736572266,50.596439361572266,116.12738037109375,81.042236328125,144.8231964111328
2024-12-02,243.44000244140625,89.87067413330078,45.738555908203125,50.09383010864258,117.23037719726562,80.94485473632812,144.5677490234375
2024-12-03,243.92999267578125,89.09516906738281,45.73371887207031,49.719329833984375,117.6526870727539,80.52611541748047,144.24354553222656
2024-12-04,244.6699981689453,90.05256652832031,44.63042449951172,49.532081604003906,119.80401611328125,80.3021240234375,144.1649627685547
2024-12-05,242.86000061035156,90.2344741821289,44.804622650146484,49.67990493774414,119.1978759765625,80.62348937988281,142.55372619628906
2024-12-06,242.9499969482422,90.3685073852539,44.04489517211914,49.67005157470703,119.65994262695312,80.22421264648438,141.74810791015625
2024-12-09,245.36000061035156,89.53557586669922,43.972312927246094,48.990047454833984,118.87989807128906,80.09761810302734,142.1607666015625
2024-12-10,248.58999633789062,89.11431121826172,43.67229080200195,48.980194091796875,117.23037719726562,80.4774169921875,141.5712890625
2024-12-11,250.9600067138672,88.27181243896484,43.744876861572266,49.07874298095703,118.92957305908203,79.86389923095703,139.6456756591797
2024-12-12,247.27999877929688,87.19953155517578,43.39162826538086,48.86193084716797,118.26380920410156,80.09761810302734,138.53549194335938
2024-12-13,244.2899932861328,86.30916595458984,43.17387390136719,48.822509765625,118.77059173583984,79.89311981201172,138.51585388183594
2024-12-16,244.8800048828125,86.5676498413086,42.22541809082031,48.73381423950195,119.95805358886719,79.47437286376953,136.86534118652344
2024-12-17,243.94000244140625,86.77827453613281,41.91088104248047,48.38888168334961,119.23265075683594,79.3380355834961,136.76708984375
2024-12-18,239.25999450683594,85.69318389892578,40.672088623046875,46.94017028808594,115.3870849609375,78.13047790527344,134.91024780273438
2024-12-19,239.60000610351562,84.39567565917969,40.3188362121582,47.10770797729492,115.51129150390625,77.57540130615234,133.8885040283203
2024-12-20,242.10000610351562,84.876220703125,40.715641021728516,47.80742645263672,117.23533630371094,77.84806823730469,135.5783233642578
2024-12-23,240.9600067138672,84.09771728515625,40.95474624633789,47.92223358154297,118.47749328613281,77.43791961669922,136.93235778808594
2024-12-24,241.44000244140625,84.45333862304688,41.30120086669922,48.48637390136719,119.70173645019531,77.94815063476562,137.49488830566406
2024-12-26,243.07000732421875,84.4052734375,41.26704025268555,48.60513687133789,119.78135681152344,78.1934585571289,137.77120971679688
2024-12-27,241.39999389648438,83.71327209472656,41.26215744018555,48.24884033203125,118.18885040283203,77.81078338623047,137.12973022460938
2024-12-30,240.6300048828125,84.38606262207031,41.25728225708008,47.783668518066406,116.68592834472656,76.89825439453125,135.44212341308594
2024-12-31,242.1300048828125,83.93433380126953,41.79892349243164,47.833160400390625,115.71549224853516,77.13374328613281,135.767822265625
