Date,GLD,TLT,XLE,XLF,XLK,XLP,XLV
2010-01-04,109.80000305175781,56.98406982421875,17.529258728027344,9.019770622253418,9.404687881469727,17.487051010131836,24.186006546020508
2010-01-05,109.69999694824219,57.35213088989258,17.672325134277344,9.185553550720215,9.392561912536621,17.49361228942871,23.94881248474121
2010-01-06,111.51000213623047,56.58434295654297,17.883955001831055,9.203972816467285,9.287481307983398,17.480493545532227,24.193662643432617
2010-01-07,110.81999969482422,56.679527282714844,17.85712432861328,9.400456428527832,9.251104354858398,17.480493545532227,24.27782440185547
2010-01-08,111.37000274658203,56.65415573120117,17.973371505737305,9.345191955566406,9.311727523803711,17.421485900878906,24.316083908081055
2010-01-11,112.8499984741211,56.34321594238281,17.94952964782715,9.351332664489746,9.275359153747559,17.467382431030273,24.45380210876465
2010-01-12,110.48999786376953,57.30762481689453,17.690210342407227,9.216251373291016,9.174315452575684,17.565732955932617,24.27782440185547
2010-01-13,111.54000091552734,56.6414794921875,17.755783081054688,9.320636749267578,9.263233184814453,17.690317153930664,24.59917640686035
2010-01-14,112.02999877929688,57.43459701538086,17.806453704833984,9.363616943359375,9.287481307983398,17.637859344482422,24.82106590270996
2010-01-15,110.86000061035156,57.78990173339844,17.663387298583984,9.173271179199219,9.15815258026123,17.552614212036133,24.65273666381836
2010-01-19,111.5199966430664,57.62491989135742,17.8243408203125,9.289931297302246,9.315773010253906,17.657533645629883,25.249553680419922
2010-01-20,108.94000244140625,58.20865249633789,17.547142028808594,9.265371322631836,9.16623306274414,17.526395797729492,25.035308837890625
2010-01-21,107.37000274658203,58.47515106201172,17.189456939697266,9.001352310180664,9.06923770904541,17.277233123779297,24.49205207824707
2010-01-22,107.16999816894531,58.37363815307617,16.78110694885254,8.706624031066895,8.753997802734375,17.23789405822754,24.22426986694336
2010-01-25,107.4800033569336,58.107112884521484,16.891389846801758,8.755744934082031,8.826746940612793,17.270675659179688,24.22426986694336
2010-01-26,107.55999755859375,58.12615966796875,16.784090042114258,8.602245330810547,8.802497863769531,17.251008987426758,24.086536407470703
2010-01-27,106.52999877929688,58.09440612792969,16.718517303466797,8.811009407043457,8.875246047973633,17.290346145629883,24.254867553710938
2010-01-28,106.4800033569336,58.062744140625,16.54265785217285,8.768026351928711,8.62062931060791,17.24445152282715,24.101835250854492
2010-01-29,105.95999908447266,58.57033157348633,16.244590759277344,8.706624031066895,8.471087455749512,17.178884506225586,23.933513641357422
2010-02-01,108.3499984741211,58.038665771484375,16.78110694885254,8.853984832763672,8.568085670471191,17.310026168823242,24.07123374938965
2010-02-02,109.12999725341797,58.204185485839844,17.00168228149414,8.939950942993164,8.652960777282715,17.559179306030273,24.568571090698242
2010-02-03,108.69999694824219,57.52923583984375,16.85562515258789,8.841708183288574,8.673165321350098,17.43459129333496,24.23956871032715
2010-02-04,104.37000274658203,58.43979263305664,16.164113998413086,8.46102237701416,8.43067455291748,17.08053207397461,23.627458572387695
2010-02-05,104.68000030517578,58.56714630126953,16.16709327697754,8.55926513671875,8.515546798706055,17.034631729125977,23.589197158813477
2010-02-08,104.04000091552734,58.64354705810547,16.018068313598633,8.38734245300293,8.47917652130127,17.01496696472168,23.474424362182617
2010-02-09,105.41000366210938,58.05775451660156,16.354873657226562,8.473302841186523,8.551918983459473,17.21822166442871,23.658061981201172
2010-02-10,105.12000274658203,57.50374984741211,16.28632164001465,8.540843963623047,8.52767276763916,17.19855499267578,23.512693405151367
2010-02-11,107.12999725341797,57.19178771972656,16.563520431518555,8.55926513671875,8.616585731506348,17.336240768432617,23.673364639282227
2010-02-12,107.04000091552734,57.4273567199707,16.56948471069336,8.565403938293457,8.632752418518066,17.336240768432617,23.61980438232422
2010-02-16,109.62000274658203,57.53562927246094,16.95995330810547,8.743465423583984,8.762080192565918,17.51327896118164,23.82638931274414
2010-02-17,109.25,56.87977981567383,16.936107635498047,8.774168014526367,8.78632926940918,17.637859344482422,24.010021209716797
2010-02-18,109.9800033569336,56.650543212890625,17.03148651123047,8.829431533813477,8.842909812927246,17.742769241333008,24.124794006347656
2010-02-19,109.47000122070312,56.956214904785156,17.09705352783203,8.878549575805664,8.818662643432617,17.782108306884766,24.124794006347656
2010-02-22,109.06999969482422,56.72062301635742,16.86158561706543,8.995209693908691,8.802497863769531,17.782108306884766,24.055936813354492
2010-02-23,107.88999938964844,57.60567092895508,16.58139991760254,8.829431533813477,8.693374633789062,17.68375587463379,23.82638931274414
2010-02-24,107.36000061035156,57.74574279785156,16.685728073120117,8.982930183410645,8.77824592590332,17.795217514038086,24.002370834350586
2010-02-25,108.30999755859375,58.07048416137695,16.694673538208008,8.95837116241455,8.753997802734375,17.808334350585938,24.01767349243164
2010-02-26,109.43000030517578,58.369720458984375,16.733427047729492,9.013626098632812,8.766122817993164,17.723093032836914,24.02532386779785
2010-03-01,109.43000030517578,58.344207763671875,16.88841438293457,9.038189888000488,8.879286766052246,17.847679138183594,24.254867553710938
2010-03-02,111.0199966430664,58.2675895690918,17.02849769592285,9.068888664245605,8.867159843444824,17.913244247436523,24.339033126831055
2010-03-03,111.62999725341797,58.12062072753906,17.103023529052734,9.075030326843262,8.871203422546387,17.919801712036133,24.23956871032715
2010-03-04,110.83000183105469,58.4272575378418,17.01359748840332,9.167130470275879,8.907578468322754,17.978811264038086,24.16305923461914
2010-03-05,110.80999755859375,57.66071319580078,17.332536697387695,9.345191955566406,9.016703605651855,18.09027862548828,24.49970817565918
2010-03-08,109.87999725341797,57.36050796508789,17.305702209472656,9.363616943359375,9.065199851989746,18.02471351623535,24.354341506958008
2010-03-09,109.72000122070312,57.37328338623047,17.305702209472656,9.394315719604492,9.105615615844727,17.99848175048828,24.339033126831055
2010-03-10,108.47000122070312,57.22636032104492,17.457719802856445,9.498697280883789,9.16623306274414,17.972251892089844,24.354341506958008
2010-03-11,108.5999984741211,57.43719482421875,17.427915573120117,9.578521728515625,9.202608108520508,18.00503921508789,24.545625686645508
2010-03-12,107.94999694824219,57.79490280151367,17.436853408813477,9.541677474975586,9.194525718688965,18.018152236938477,24.36199188232422
2010-03-15,108.36000061035156,57.71823501586914,17.258020401000977,9.541677474975586,9.186447143554688,18.155841827392578,24.522666931152344
2010-03-16,110.4000015258789,58.178123474121094,17.41301155090332,9.658336639404297,9.255148887634277,18.2410888671875,24.591535568237305
2010-03-17,109.58999633789062,58.4272575378418,17.603769302368164,9.774993896484375,9.283438682556152,18.31976890563965,24.59917640686035
2010-03-18,110.33999633789062,58.235599517822266,17.341472625732422,9.719738006591797,9.29556655883789,18.33943748474121,24.76750946044922
2010-03-19,108.27999877929688,58.2930908203125,17.13298988342285,9.65573787689209,9.240020751953125,18.285449981689453,24.758298873901367
2010-03-22,107.75,58.35694885253906,17.088123321533203,9.704971313476562,9.308941841125488,18.377628326416016,24.919513702392578
2010-03-23,108.31999969482422,58.082298278808594,17.153928756713867,9.784971237182617,9.39814281463623,18.522493362426758,25.042346954345703
2010-03-24,106.30000305175781,57.0219841003418,17.055225372314453,9.791126251220703,9.353541374206543,18.390798568725586,24.773653030395508
2010-03-25,106.77999877929688,56.657901763916016,16.768083572387695,9.834205627441406,9.369760513305664,18.364459991455078,24.673851013183594
2010-03-26,108.58999633789062,56.81755065917969,16.774065017700195,9.846513748168945,9.325163841247559,18.377628326416016,24.48959732055664
2010-03-29,108.75,56.60039138793945,17.100093841552734,9.8588228225708,9.353541374206543,18.46323013305664,24.750625610351562
2010-03-30,107.97000122070312,56.77919006347656,17.12700653076172,9.79727840423584,9.394084930419922,18.496156692504883,24.750625610351562
2010-03-31,108.94999694824219,57.168853759765625,17.20477867126465,9.815741539001465,9.365706443786621,18.390798568725586,24.666170120239258
2010-04-01,110.26000213623047,57.029144287109375,17.50987434387207,9.895747184753418,9.3494873046875,18.50931739807129,24.804357528686523
2010-04-05,110.88999938964844,56.08022689819336,17.82094955444336,9.994210243225098,9.45895767211914,18.50931739807129,24.73526382446289
2010-04-06,111.02999877929688,56.169952392578125,17.82094955444336,10.098831176757812,9.467061996459961,18.45006561279297,24.719911575317383
2010-04-07,112.48999786376953,56.8880615234375,17.644474029541016,10.061905860900879,9.430580139160156,18.3315372467041,24.612436294555664
2010-04-08,112.6500015258789,56.9137077331543,17.707279205322266,10.1419095993042,9.446795463562012,18.364459991455078,24.520315170288086
2010-04-09,113.63999938964844,57.048336029052734,17.895723342895508,10.178833961486816,9.519769668579102,18.46323013305664,24.62778663635254
2010-04-12,113.01000213623047,57.34972381591797,17.937593460083008,10.221911430358887,9.540046691894531,18.522493362426758,24.558692932128906
2010-04-13,112.69000244140625,57.53561019897461,17.874786376953125,10.228067398071289,9.568426132202148,18.46323013305664,24.58172035217285
2010-04-14,113.02999877929688,57.13166809082031,18.045278549194336,10.492691040039062,9.706277847290039,18.48956871032715,24.497272491455078
2010-04-15,113.6500015258789,57.19584274291992,18.042285919189453,10.449614524841309,9.750877380371094,18.456647872924805,24.42818832397461
2010-04-16,111.23999786376953,57.61254119873047,17.737194061279297,10.068056106567383,9.621133804321289,18.377628326416016,24.282318115234375
2010-04-19,111.1500015258789,57.47151565551758,17.76112937927246,10.166524887084961,9.641406059265137,18.45006561279297,24.481924057006836
2010-04-20,111.45999908447266,57.67665100097656,18.108091354370117,10.301918029785156,9.694112777709961,18.50273323059082,24.535659790039062
2010-04-21,112.30999755859375,58.151100158691406,18.090145111083984,10.240371704101562,9.714384078979492,18.50273323059082,24.105756759643555
2010-04-22,111.83999633789062,57.97801208496094,18.135009765625,10.295762062072754,9.738713264465332,18.50273323059082,23.82938575744629
2010-04-23,113.19000244140625,57.77281951904297,18.571712493896484,10.326526641845703,9.763038635253906,18.456647872924805,24.067371368408203
2010-04-26,112.75,57.836936950683594,18.50889778137207,10.166524887084961,9.750877380371094,18.41713523864746,23.814023971557617
2010-04-27,114.62999725341797,58.651241302490234,17.940587997436523,9.821900367736816,9.560323715209961,18.094491958618164,23.53765869140625
2010-04-28,114.30999755859375,58.151100158691406,18.123044967651367,9.963436126708984,9.588701248168945,18.239360809326172,23.691194534301758
2010-04-29,114.27999877929688,58.39474868774414,18.143980026245117,10.191143035888672,9.686007499694824,18.29861068725586,24.01362419128418
2010-04-30,115.36000061035156,59.06794357299805,17.91965103149414,9.944978713989258,9.483283042907715,18.19325828552246,23.706546783447266
2010-05-03,115.7300033569336,58.9907112121582,18.123044967651367,10.135753631591797,9.61302661895752,18.29861068725586,23.821701049804688
2010-05-04,114.87000274658203,60.05228042602539,17.638484954833984,9.8588228225708,9.337326049804688,18.114248275756836,23.68352508544922
2010-05-05,115.08999633789062,60.40613555908203,17.360321044921875,9.803434371948242,9.296780586242676,18.180089950561523,23.76028823852539
2010-05-06,118.48999786376953,62.27190399169922,16.768083572387695,9.39111042022705,9.017026901245117,17.725751876831055,23.123096466064453
2010-05-07,118.2699966430664,61.49341583251953,16.448034286499023,9.286491394042969,8.818358421325684,17.607240676879883,22.81601333618164
2010-05-10,117.56999969482422,60.219600677490234,17.15093994140625,9.803434371948242,9.223797798156738,18.12083625793457,23.430173873901367
2010-05-11,120.66000366210938,60.065162658691406,17.037282943725586,9.766509056091309,9.16298770904541,18.114248275756836,23.384111404418945
2010-05-12,121.4000015258789,59.608333587646484,17.273574829101562,9.877284049987793,9.40219497680664,18.239360809326172,23.576034545898438
2010-05-13,120.55999755859375,60.00081253051758,17.162904739379883,9.698817253112793,9.264348030090332,18.127416610717773,23.32269859313965
2010-05-14,120.37000274658203,61.04304885864258,16.821916580200195,9.44649887084961,9.085951805114746,17.956220626831055,23.007938385009766
2010-05-17,119.36000061035156,60.81785583496094,16.648439407348633,9.45265007019043,9.130550384521484,18.147165298461914,23.007938385009766
2010-05-18,119.48999786376953,61.75081253051758,16.519819259643555,9.181873321533203,8.992696762084961,18.041812896728516,22.82369613647461
2010-05-19,116.62999725341797,61.95664978027344,16.33138084411621,9.194180488586426,8.923773765563965,17.995723724365234,22.76995849609375
2010-05-20,115.83999633789062,63.262718200683594,15.601553916931152,8.769551277160645,8.63996410369873,17.462371826171875,22.055994033813477
2010-05-21,115.22000122070312,63.327049255371094,15.873735427856445,9.077253341674805,8.704833030700684,17.528215408325195,22.10973358154297
2010-05-24,116.83999633789062,63.1082878112793,15.511821746826172,8.818781852722168,8.66429328918457,17.403108596801758,22.055994033813477
2010-05-25,117.36000061035156,63.41712951660156,15.547712326049805,8.898788452148438,8.63996410369873,17.198984146118164,21.9638729095459
2010-05-26,118.47000122070312,63.236995697021484,15.514811515808105,8.83724594116211,8.554825782775879,17.087055206298828,21.82569122314453
2010-05-27,118.69000244140625,61.80222702026367,16.17285919189453,9.237261772155762,8.8467435836792,17.43602752685547,22.270954132080078
2010-05-28,118.87999725341797,62.085330963134766,15.867765426635742,9.034174919128418,8.773761749267578,17.350433349609375,22.163475036621094
2010-06-01,119.91000366210938,62.52171325683594,15.114005088806152,8.84339714050293,8.688619613647461,17.310924530029297,21.917804718017578
2010-06-02,119.77999877929688,61.927852630615234,15.769062042236328,9.120333671569824,8.883231163024902,17.607240676879883,22.393789291381836
2010-06-03,117.95999908447266,61.475921630859375,15.981427192687988,9.071098327636719,8.972427368164062,17.63357162475586,22.5242977142334
2010-06-04,119.19000244140625,63.12851333618164,15.41910171508789,8.708009719848633,8.684563636779785,17.166061401367188,21.864070892333984
2010-06-07,121.48999786376953,63.61272430419922,15.284499168395996,8.535696983337402,8.558877944946289,17.03437614440918,21.833362579345703
2010-06-08,121.0,63.29635238647461,15.538737297058105,8.714164733886719,8.575095176696777,17.310924530029297,21.887104034423828
2010-06-09,120.55999755859375,63.2253532409668,15.377220153808594,8.621851921081543,8.530496597290039,17.27800178527832,21.787302017211914
2010-06-10,118.97000122070312,62.09567642211914,16.14892578125,8.904940605163574,8.737272262573242,17.574304580688477,22.201860427856445
2010-06-11,120.01000213623047,62.88327407836914,16.247631072998047,8.92955493927002,8.814303398132324,17.4294490814209,22.3861083984375
2010-06-14,119.5999984741211,62.56046676635742,16.163881301879883,8.892630577087402,8.798087120056152,17.528215408325195,22.42448616027832
2010-06-15,120.98999786376953,62.30225372314453,16.636476516723633,9.101869583129883,9.029186248779297,17.705995559692383,22.808338165283203
2010-06-16,120.33000183105469,62.65733337402344,16.6245059967041,9.108026504516602,9.05351448059082,17.587480545043945,22.892793655395508
2010-06-17,121.9000015258789,63.16734313964844,16.606569290161133,9.09571361541748,9.085951805114746,17.745512008666992,22.923494338989258
2010-06-18,122.83000183105469,63.063995361328125,16.70932388305664,9.14566707611084,9.085545539855957,17.680511474609375,22.800813674926758
2010-06-21,120.38999938964844,62.88327407836914,16.673269271850586,9.13333511352539,9.020444869995117,17.63408660888672,22.762231826782227
2010-06-22,121.44999694824219,63.63209915161133,16.18650245666504,8.991491317749023,8.943136215209961,17.441768646240234,22.538461685180664
2010-06-23,120.94999694824219,64.06459045410156,16.063310623168945,8.948323249816895,8.926861763000488,17.55450439453125,22.445877075195312
2010-06-24,121.30000305175781,63.6837158203125,15.726778030395508,8.787983894348145,8.74783706665039,17.34229278564453,22.28383445739746
2010-06-25,122.76000213623047,63.94193649291992,15.771846771240234,9.028494834899902,8.739702224731445,17.16323471069336,22.38414764404297
2010-06-28,121.08999633789062,64.54228973388672,15.558513641357422,8.942159652709961,8.755972862243652,17.309131622314453,22.34556770324707
2010-06-29,121.2699966430664,65.24593353271484,15.044697761535645,8.621474266052246,8.430472373962402,17.030597686767578,21.936616897583008
2010-06-30,121.68000030517578,65.6849594116211,14.927515983581543,8.516636848449707,8.300270080566406,16.911224365234375,21.759159088134766
2010-07-01,117.04000091552734,65.78855895996094,14.873433113098145,8.4364652633667,8.267720222473145,16.944377899169922,21.57396697998047
2010-07-02,118.48999786376953,65.2640609741211,14.83737850189209,8.337793350219727,8.255520820617676,16.878061294555664,21.627979278564453
2010-07-06,116.51000213623047,65.80154418945312,14.981597900390625,8.387125968933105,8.336891174316406,16.9775390625,21.73599624633789
2010-07-07,117.7300033569336,65.03093719482422,15.510437965393066,8.757149696350098,8.60543155670166,17.302501678466797,22.16037940979004
2010-07-08,117.20999908447266,64.61649322509766,15.729783058166504,8.824984550476074,8.65832233428955,17.561140060424805,22.34556770324707
2010-07-09,118.36000061035156,64.24749755859375,15.8109130859375,8.948323249816895,8.70307731628418,17.561140060424805,22.399580001831055
2010-07-12,117.33999633789062,64.22150421142578,15.768839836120605,8.960658073425293,8.743768692016602,17.620832443237305,22.36100196838379
2010-07-13,118.36000061035156,63.67115020751953,15.958138465881348,9.182670593261719,8.869900703430176,17.779991149902344,22.530750274658203
2010-07-14,118.30000305175781,64.31216430664062,15.94011116027832,9.11483383178711,8.922792434692383,17.786623001098633,22.530750274658203
2010-07-15,118.2300033569336,64.9532241821289,15.922078132629395,9.096334457397461,8.951275825500488,17.839679718017578,22.600210189819336
2010-07-16,116.66999816894531,65.2705078125,15.543481826782227,8.713980674743652,8.694942474365234,17.58766746520996,22.129514694213867
2010-07-19,115.7300033569336,64.86905670166016,15.64263916015625,8.70781135559082,8.780385971069336,17.620832443237305,22.229827880859375
2010-07-20,116.6500015258789,64.9661865234375,16.000207901000977,8.800320625305176,8.83735179901123,17.83304786682129,22.1680965423584
2010-07-21,115.8499984741211,66.06700897216797,15.738794326782227,8.658475875854492,8.731563568115234,17.64072608947754,21.805444717407227
2010-07-22,116.86000061035156,65.30294036865234,16.08734130859375,8.911320686340332,8.967548370361328,17.839679718017578,21.944332122802734
2010-07-23,116.08999633789062,64.61006164550781,16.159454345703125,8.979159355163574,9.028579711914062,18.00547981262207,21.936616897583008
2010-07-26,115.5199966430664,64.49994659423828,16.30068016052246,9.102499961853027,9.085545539855957,18.098325729370117,22.252973556518555
2010-07-27,113.51000213623047,63.878353118896484,16.222551345825195,9.127167701721191,9.109955787658691,18.164642333984375,22.276124954223633
2010-07-28,113.77999877929688,64.08555603027344,16.18650245666504,9.046996116638184,9.036718368530273,18.06516456604004,21.975202560424805
2010-07-29,114.29000091552734,64.0661392211914,16.21053695678711,9.07783317565918,8.955345153808594,17.846309661865234,21.95976448059082
2010-07-30,115.48999786376953,65.06329345703125,16.177488327026367,9.071666717529297,8.91872501373291,17.892732620239258,22.044639587402344
2010-08-02,115.54000091552734,64.14996337890625,16.74238395690918,9.299843788146973,9.105887413024902,18.098325729370117,22.461307525634766
2010-08-03,115.98999786376953,64.52020263671875,16.736366271972656,9.195005416870117,9.0570650100708,17.93915557861328,22.64649200439453
2010-08-04,116.72000122070312,64.02655792236328,16.865571975708008,9.232009887695312,9.130303382873535,18.00547981262207,22.870250701904297
2010-08-05,116.9800033569336,64.32534790039062,16.919654846191406,9.195005416870117,9.08961296081543,17.925891876220703,22.87797737121582
2010-08-06,117.83999633789062,65.02694702148438,16.718334197998047,9.11483383178711,9.065201759338379,17.965682983398438,22.92426109313965
2010-08-09,117.4000015258789,64.78655242919922,16.787446975708008,9.164172172546387,9.12623405456543,18.058534622192383,22.985990524291992
2010-08-10,117.7300033569336,64.92295837402344,16.649221420288086,9.083998680114746,9.032651901245117,18.098325729370117,23.040010452270508
2010-08-11,117.33999633789062,65.79345703125,16.153440475463867,8.763313293457031,8.817008018493652,17.79988670349121,22.445877075195312
2010-08-12,118.7699966430664,65.63106536865234,16.05729103088379,8.701644897460938,8.694942474365234,17.779991149902344,22.538461685180664
2010-08-13,118.73999786376953,66.44963836669922,16.030254364013672,8.67697811126709,8.654257774353027,17.773361206054688,22.453596115112305
2010-08-16,119.7300033569336,68.11264038085938,16.027246475219727,8.65230941772461,8.670531272888184,17.753467559814453,22.33785057067871
2010-08-17,119.75,67.7228775024414,16.294666290283203,8.720146179199219,8.764114379882812,17.925891876220703,22.64649200439453
2010-08-18,120.22000122070312,67.9047622680664,16.138423919677734,8.757149696350098,8.81293773651123,17.93915557861328,22.615631103515625
2010-08-19,120.38999938964844,68.96361541748047,15.8770170211792,8.553635597229004,8.707146644592285,17.7269344329834,22.198963165283203
2010-08-20,119.97000122070312,68.88569641113281,15.681705474853516,8.528969764709473,8.686806678771973,17.7269344329834,22.12180519104004
2010-08-23,119.77999877929688,68.898681640625,15.687716484069824,8.473466873168945,8.609498977661133,17.766733169555664,22.222110748291016
2010-08-24,120.36000061035156,70.0030288696289,15.4443359375,8.331622123718262,8.491506576538086,17.680511474609375,21.74371910095215
2010-08-25,121.36000061035156,69.77565002441406,15.396255493164062,8.356293678283691,8.544398307800293,17.720298767089844,21.95976448059082
2010-08-26,120.95999908447266,70.43173217773438,15.258035659790039,8.288457870483398,8.458954811096191,17.58766746520996,21.820871353149414
2010-08-27,121.01000213623047,68.4374771118164,15.654664993286133,8.467296600341797,8.560670852661133,17.70041275024414,22.044639587402344
2010-08-30,120.91000366210938,69.7496566772461,15.426300048828125,8.288457870483398,8.446751594543457,17.54787254333496,21.766864776611328
2010-08-31,122.08000183105469,70.52275085449219,15.384234428405762,8.36246109008789,8.418265342712402,17.561140060424805,21.681989669799805
2010-09-01,121.69000244140625,69.06454467773438,15.958138465881348,8.683145523071289,8.633910179138184,17.872846603393555,22.183528900146484
2010-09-02,122.29000091552734,68.33480072021484,16.090349197387695,8.76948356628418,8.71121597290039,17.985578536987305,22.299272537231445
2010-09-03,121.86000061035156,67.4878158569336,16.285659790039062,8.954493522644043,8.841418266296387,18.098325729370117,22.507604598999023
2010-09-07,122.69999694824219,68.86907958984375,16.042272567749023,8.750980377197266,8.768180847167969,18.02536964416504,22.376434326171875
2010-09-08,122.70999908447266,68.32179260253906,16.180490493774414,8.837319374084473,8.817008018493652,18.10495948791504,22.49989128112793
2010-09-09,121.55999755859375,66.97308349609375,16.213539123535156,8.948323249816895,8.841418266296387,18.164642333984375,22.73908233642578
2010-09-10,121.7300033569336,66.66685485839844,16.38180923461914,8.960658073425293,8.84548568725586,18.25086212158203,22.970571517944336
2010-09-13,121.62000274658203,66.99259948730469,16.51401138305664,9.151838302612305,9.004168510437012,18.270751953125,23.024580001831055
2010-09-14,124.0199966430664,67.63763427734375,16.45693016052246,9.071666717529297,9.040788650512695,18.30390739440918,23.10173797607422
2010-09-15,123.94000244140625,66.63426971435547,16.423877716064453,9.102499961853027,9.097750663757324,18.42991828918457,23.31778335571289
2010-09-16,124.62999725341797,65.97627258300781,16.3487548828125,9.07783317565918,9.150647163391113,18.449810028076172,23.22519302368164
2010-09-17,124.54000091552734,66.2432861328125,16.266948699951172,9.030241012573242,9.200056076049805,18.40105628967285,23.220542907714844
2010-09-20,124.87000274658203,66.62775421142578,16.541637420654297,9.203302383422852,9.334809303283691,18.60142707824707,23.53077507019043
2010-09-21,126.01000213623047,67.55293273925781,16.553714752197266,9.11677074432373,9.318476676940918,18.568031311035156,23.546287536621094
2010-09-22,126.19999694824219,68.15885925292969,16.432971954345703,8.968424797058105,9.273554801940918,18.60142707824707,23.585054397583008
2010-09-23,126.30000305175781,68.3543472290039,16.33034324645996,8.795365333557129,9.261308670043945,18.481201171875,23.460969924926758
2010-09-24,126.69000244140625,67.43568420410156,16.68351173400879,9.030241012573242,9.440978050231934,18.72833251953125,23.778947830200195
2010-09-27,126.72000122070312,68.6084976196289,16.62012481689453,8.931344985961914,9.445062637329102,18.621463775634766,23.60056495666504
2010-09-28,127.8499984741211,69.07755279541016,16.73784637451172,8.949884414672852,9.457313537597656,18.74169158935547,23.794456481933594
2010-09-29,127.94999694824219,68.79090881347656,16.915937423706055,8.8818998336792,9.436893463134766,18.688255310058594,23.70914649963379
2010-09-30,127.91000366210938,68.74531555175781,16.921974182128906,8.86953353881836,9.400146484375,18.621463775634766,23.647096633911133
2010-10-01,128.91000366210938,68.41305541992188,17.14836883544922,8.962250709533691,9.404230117797852,18.65485954284668,23.647096633911133
2010-10-04,128.4600067138672,68.5896224975586,16.93404769897461,8.900444030761719,9.326638221740723,18.60142707824707,23.4144344329834
2010-10-05,130.99000549316406,68.1776123046875,17.332500457763672,9.104408264160156,9.510397911071777,18.77508544921875,23.848752975463867
2010-10-06,131.80999755859375,69.03434753417969,17.4864444732666,9.098230361938477,9.465479850769043,18.855234146118164,23.75568199157715
2010-10-07,130.3699951171875,68.45881652832031,17.398908615112305,9.061142921447754,9.465479850769043,18.78844451904297,23.802217483520508
2010-10-08,131.66000366210938,68.15801239013672,17.616241455078125,9.08586597442627,9.518563270568848,18.828519821166992,23.86427116394043
2010-10-11,132.2899932861328,68.17107391357422,17.664541244506836,9.073503494262695,9.534896850585938,18.848556518554688,23.87977409362793
2010-10-12,131.9600067138672,67.49749755859375,17.63737678527832,9.178582191467285,9.592065811157227,18.895309448242188,23.93406867980957
2010-10-13,134.07000732421875,67.392822265625,17.851688385009766,9.184761047363281,9.669652938842773,19.05560874938965,24.104692459106445
2010-10-14,134.75,66.38575744628906,17.82452392578125,9.024059295654297,9.673738479614258,19.06229019165039,24.058155059814453
2010-10-15,133.67999267578125,65.57479858398438,17.87281608581543,8.86953353881836,9.837074279785156,19.109041213989258,24.158973693847656
2010-10-18,134.27999877929688,66.1045150756836,17.921113967895508,9.067323684692383,9.902410507202148,19.175832748413086,24.383893966674805
2010-10-19,130.11000061035156,66.50343322753906,17.564924240112305,8.943704605102539,9.726822853088379,18.942066192626953,23.926315307617188
2010-10-20,131.32000732421875,66.64729309082031,17.79132080078125,9.030241012573242,9.808491706848145,19.109041213989258,24.151222229003906
2010-10-21,129.47000122070312,65.85601806640625,17.782262802124023,9.030241012573242,9.81666088104248,19.175832748413086,24.213266372680664
2010-10-22,129.72999572753906,66.30068969726562,17.89998435974121,9.024059295654297,9.84523868560791,19.242624282836914,24.221019744873047
2010-10-25,130.85000610351562,66.49032592773438,17.948287963867188,8.993158340454102,9.87382698059082,19.289379119873047,24.352869033813477
2010-10-26,130.8800048828125,65.46357727050781,17.984508514404297,9.005515098571777,9.89832878112793,19.182518005371094,24.283071517944336
2010-10-27,129.52000427246094,64.88809967041016,17.909040451049805,9.011696815490723,9.926916122436523,19.082319259643555,24.135705947875977
2010-10-28,131.24000549316406,65.06471252441406,17.86980628967285,9.011696815490723,9.926916122436523,19.149118423461914,24.27530860900879
2010-10-29,132.6199951171875,65.67283630371094,17.881872177124023,8.9993314743042,9.943243026733398,19.215909957885742,24.174482345581055
2010-11-01,131.9199981689453,65.39009094238281,17.903003692626953,8.9993314743042,9.951416015625,19.135766983032227,24.174482345581055
2010-11-02,132.49000549316406,66.24955749511719,18.099214553833008,9.024059295654297,10.049415588378906,19.249300003051758,24.407155990600586
2010-11-03,131.57000732421875,64.89803314208984,18.13845443725586,9.11059284210205,10.106585502624512,19.309415817260742,24.422664642333984
2010-11-04,136.02999877929688,65.40325927734375,18.714996337890625,9.4134521484375,10.257672309875488,19.54318618774414,24.53900909423828
2010-11-05,136.3800048828125,64.2813491821289,18.808574676513672,9.629783630371094,10.249505043029785,19.4429988861084,24.39164924621582
2010-11-08,137.77999877929688,64.56999206542969,18.865922927856445,9.555611610412598,10.257672309875488,19.409597396850586,24.329599380493164
2010-11-09,135.58999633789062,63.14634704589844,18.829702377319336,9.376367568969727,10.229089736938477,19.309415817260742,24.228776931762695
2010-11-10,137.24000549316406,63.231658935546875,19.071186065673828,9.481440544128418,10.23725700378418,19.249300003051758,24.221019744873047
2010-11-11,137.66000366210938,63.19887161254883,19.282487869262695,9.388728141784668,10.082083702087402,19.269346237182617,24.290828704833984
2010-11-12,133.69000244140625,62.85768127441406,18.99873924255371,9.234208106994629,9.939163208007812,19.175832748413086,23.98834991455078
2010-11-15,132.4199981689453,61.54556655883789,18.90214729309082,9.277474403381348,9.910577774047852,19.182518005371094,23.99610710144043
2010-11-16,130.97000122070312,63.07420349121094,18.548973083496094,9.122950553894043,9.73090648651123,18.968774795532227,23.647096633911133
2010-11-17,130.3800048828125,62.72645950317383,18.624439239501953,9.061142921447754,9.734990119934082,18.9754581451416,23.685882568359375
2010-11-18,132.08999633789062,62.98237228393555,19.034961700439453,9.184761047363281,9.89832878112793,19.229267120361328,24.01936912536621
2010-11-19,132.1999969482422,63.36941909790039,19.194944381713867,9.184761047363281,9.926916122436523,19.242624282836914,24.04264259338379
2010-11-22,133.47999572753906,63.63837814331055,19.13457679748535,9.048778533935547,9.984078407287598,19.242624282836914,24.05039405822754
2010-11-23,134.41000366210938,63.953346252441406,18.760276794433594,8.906620979309082,9.837074279785156,19.01553726196289,23.70139503479004
2010-11-24,134.17999267578125,62.81175231933594,19.098346710205078,9.042601585388184,10.000412940979004,19.162479400634766,23.926315307617188
2010-11-26,133.11000061035156,63.68430709838867,18.86893653869629,8.912798881530762,9.902410507202148,19.03557014465332,23.716899871826172
2010-11-29,133.50999450683594,64.22885131835938,18.995712280273438,8.986971855163574,9.877908706665039,19.002178192138672,23.693634033203125
2010-11-30,135.4199981689453,64.56346130371094,18.9293155670166,8.937527656555176,9.779909133911133,18.915346145629883,23.476482391357422
2010-12-01,135.3800048828125,63.128257751464844,19.49076271057129,9.11677074432373,9.988165855407715,19.22258949279785,23.926315307617188
2010-12-02,135.1999969482422,62.96366882324219,19.780540466308594,9.351643562316895,10.106585502624512,19.235942840576172,24.11244010925293
2010-12-03,138.07000732421875,62.46992492675781,19.868083953857422,9.382549285888672,10.131085395812988,19.242624282836914,24.11244010925293
2010-12-06,139.11000061035156,63.352115631103516,19.934492111206055,9.370186805725098,10.131085395812988,19.19586753845215,23.95732879638672
2010-12-07,136.5,61.995933532714844,19.859024047851562,9.382549285888672,10.143340110778809,19.302732467651367,23.972837448120117
2010-12-08,134.7899932861328,61.3968620300293,19.765457153320312,9.537066459655762,10.229089736938477,19.37620735168457,23.99610710144043
2010-12-09,135.3699951171875,61.699649810791016,19.810726165771484,9.65450668334961,10.23725700378418,19.42963981628418,24.034881591796875
2010-12-10,135.41000366210938,61.32440948486328,19.89222526550293,9.741039276123047,10.286255836486816,19.46303939819336,24.267562866210938
2010-12-13,136.0500030517578,61.55487060546875,20.06127166748047,9.734858512878418,10.265839576721191,19.46303939819336,24.306339263916016
2010-12-14,136.17999267578125,60.65951919555664,19.967693328857422,9.648324012756348,10.282175064086914,19.556547164916992,24.55451774597168
2010-12-15,134.6999969482422,59.86946105957031,19.859024047851562,9.567972183227539,10.24134349822998,19.576574325561523,24.47695541381836
2010-12-16,133.80999755859375,60.28424072265625,19.970712661743164,9.58033561706543,10.257672309875488,19.750240325927734,24.6475887298584
2010-12-17,134.1999969482422,61.383663177490234,19.97768783569336,9.633683204650879,10.278165817260742,19.781234741210938,24.689682006835938
2010-12-20,135.11000061035156,61.31781005859375,20.108062744140625,9.639886856079102,10.286359786987305,19.761024475097656,24.681888580322266
2010-12-21,135.32000732421875,61.74573516845703,20.311195373535156,9.807374000549316,10.347830772399902,19.71385955810547,24.619518280029297
2010-12-22,135.0500030517578,61.30467224121094,20.380937576293945,9.919029235839844,10.335535049438477,19.80144500732422,24.689682006835938
2010-12-23,134.66000366210938,61.17960739135742,20.43854522705078,9.844596862792969,10.331438064575195,19.808181762695312,24.674095153808594
2010-12-27,135.02000427246094,61.72601318359375,20.365774154663086,9.931440353393555,10.3519287109375,19.71385955810547,24.627307891845703
2010-12-28,137.22000122070312,60.517120361328125,20.441570281982422,9.931440353393555,10.33963680267334,19.767757415771484,24.642908096313477
2010-12-29,137.7100067138672,61.541080474853516,20.64472007751465,9.91283130645752,10.360127449035645,19.77449607849121,24.65070915222168
2010-12-30,137.02999877929688,61.49481201171875,20.66291618347168,9.881810188293457,10.335535049438477,19.740806579589844,24.564952850341797
2010-12-31,138.72000122070312,62.175254821777344,20.693235397338867,9.894224166870117,10.32323932647705,19.747539520263672,24.557153701782227
2011-01-03,138.0,61.70621871948242,20.84786033630371,10.111337661743164,10.437987327575684,19.77449607849121,24.783235549926758
2011-01-04,134.75,61.778873443603516,20.668973922729492,10.098930358886719,10.478972434997559,19.720590591430664,24.86119270324707
2011-01-05,134.3699951171875,60.41804122924805,20.75084114074707,10.216791152954102,10.540445327758789,19.727336883544922,24.915760040283203
2011-01-06,133.8300018310547,60.682289123535156,20.55375862121582,10.148555755615234,10.601917266845703,19.659954071044922,25.01710319519043
2011-01-07,133.5800018310547,61.0059928894043,20.70232391357422,10.0617094039917,10.552742004394531,19.558897018432617,25.00151824951172
2011-01-10,134.1199951171875,61.33622741699219,20.62046241760254,10.036895751953125,10.560935020446777,19.572370529174805,24.931358337402344
2011-01-11,134.91000366210938,60.99277114868164,20.96307945251465,10.074115753173828,10.54454231262207,19.558897018432617,25.056093215942383
2011-01-12,135.4600067138672,60.517120361328125,21.251110076904297,10.241606712341309,10.638799667358398,19.720590591430664,25.188623428344727
2011-01-13,134.0500030517578,61.05884552001953,21.19046974182129,10.210586547851562,10.630606651306152,19.761024475097656,25.056093215942383
2011-01-14,132.69000244140625,60.669036865234375,21.4209041595459,10.371868133544922,10.724861145019531,19.761024475097656,25.087276458740234
2011-01-18,133.42999267578125,60.38499450683594,21.554309844970703,10.309844017028809,10.737157821655273,19.77449607849121,25.180830001831055
2011-01-19,133.72000122070312,60.82103729248047,21.293563842773438,10.080320358276367,10.659293174743652,19.73406982421875,25.00931739807129
2011-01-20,131.1999969482422,59.98207092285156,21.1419677734375,10.129945755004883,10.601917266845703,19.835134506225586,25.071678161621094
2011-01-21,131.02999877929688,60.45770263671875,21.254148483276367,10.210586547851562,10.540445327758789,19.868818283081055,25.095075607299805
2011-01-24,130.36000061035156,60.484066009521484,21.33297348022461,10.198179244995117,10.687978744506836,19.90250587463379,25.063892364501953
2011-01-25,130.10000610351562,61.05884552001953,21.272342681884766,10.179572105407715,10.737157821655273,19.969884872436523,25.063892364501953
2011-01-26,131.16000366210938,60.13397979736328,21.781707763671875,10.17336654663086,10.798629760742188,19.915979385375977,25.032705307006836
2011-01-27,127.93000030517578,60.40481948852539,21.65436553955078,10.260215759277344,10.835512161254883,19.71385955810547,25.095075607299805
2011-01-28,130.27999877929688,60.7219123840332,21.560379028320312,10.080320358276367,10.585526466369629,19.52520751953125,24.642908096313477
2011-01-31,129.8699951171875,60.25952911376953,22.17889404296875,10.17336654663086,10.651094436645508,19.45783042907715,24.697481155395508
2011-02-01,130.8000030517578,59.96117401123047,22.53970718383789,10.384276390075684,10.831415176391602,19.599323272705078,25.1418514251709
2011-02-02,130.4499969482422,59.97444152832031,22.521512985229492,10.30363941192627,10.851906776428223,19.52520751953125,25.056093215942383
2011-02-03,132.1999969482422,59.47720718383789,22.533634185791016,10.309844017028809,10.86829662322998,19.626272201538086,25.087276458740234
2011-02-04,131.66000366210938,58.873958587646484,22.476032257080078,10.30363941192627,10.93796443939209,19.740806579589844,25.204208374023438
2011-02-07,131.67999267578125,59.178924560546875,22.60641098022461,10.452513694763184,10.991238594055176,19.767757415771484,25.165233612060547
2011-02-08,133.13999938964844,58.63534927368164,22.530607223510742,10.526955604553223,11.036323547363281,19.862079620361328,25.235403060913086
2011-02-09,133.07000732421875,59.145809173583984,22.245603561401367,10.452513694763184,11.015828132629395,19.895771026611328,25.180830001831055
2011-02-10,132.85000610351562,58.46293258666992,22.473007202148438,10.452513694763184,10.96665096282959,19.821657180786133,25.188623428344727
2011-02-11,132.32000732421875,59.30491638183594,22.469972610473633,10.595191955566406,11.024025917053223,19.929454803466797,25.243192672729492
2011-02-14,132.9499969482422,59.34467315673828,22.964183807373047,10.601396560668945,11.040421485900879,19.841875076293945,25.32894515991211
2011-02-15,133.97000122070312,59.60980987548828,22.724653244018555,10.588988304138184,10.999436378479004,19.835134506225586,25.27437973022461
2011-02-16,134.10000610351562,59.417579650878906,23.02785301208496,10.644815444946289,11.060914993286133,19.889034271240234,25.40690803527832
2011-02-17,135.0399932861328,59.510398864746094,23.2552490234375,10.63241195678711,11.081402778625488,20.023784637451172,25.516048431396484
2011-02-18,135.41000366210938,59.324806213378906,23.352266311645508,10.657221794128418,11.065010070800781,20.077682495117188,25.578420639038086
2011-02-22,136.2899932861328,60.21311950683594,23.124874114990234,10.328451156616211,10.794528007507324,19.93619728088379,25.188623428344727
2011-02-23,137.50999450683594,60.431854248046875,23.594833374023438,10.285024642944336,10.667489051818848,19.889034271240234,24.94695281982422
2011-02-24,136.47999572753906,60.81635665893555,23.261306762695312,10.260215759277344,10.70437240600586,19.808181762695312,25.032705307006836
2011-02-25,137.3800048828125,61.17432403564453,23.63121795654297,10.402889251708984,10.839608192443848,19.90924835205078,25.188623428344727
2011-02-28,137.66000366210938,61.25385284423828,23.813138961791992,10.452513694763184,10.884690284729004,20.023784637451172,25.46927261352539
2011-03-01,140.02999877929688,61.43147277832031,23.367429733276367,10.229199409484863,10.675683975219727,19.868818283081055,25.266586303710938
2011-03-02,139.9199981689453,60.487098693847656,23.5008487701416,10.167167663574219,10.741252899169922,19.814926147460938,25.344541549682617
2011-03-03,138.08999633789062,59.895172119140625,23.904094696044922,10.378081321716309,10.913376808166504,20.01704216003418,25.86686897277832
2011-03-04,139.35000610351562,60.39396286010742,23.752490997314453,10.247807502746582,10.827313423156738,19.929454803466797,25.82788848876953
2011-03-07,139.72000122070312,60.00821304321289,23.585739135742188,10.179572105407715,10.687978744506836,19.875560760498047,25.632991790771484
2011-03-08,139.36000061035156,59.642417907714844,23.391691207885742,10.402889251708984,10.778136253356934,20.050731658935547,25.773319244384766
2011-03-09,139.41000366210938,60.221046447753906,23.230998992919922,10.402889251708984,10.733057975769043,20.151792526245117,25.812294006347656
2011-03-10,137.77000427246094,61.231937408447266,22.385072708129883,10.191977500915527,10.532248497009277,20.01704216003418,25.40690803527832
2011-03-11,138.22000122070312,60.8860969543457,22.773170471191406,10.260215759277344,10.573230743408203,20.0305118560791,25.492658615112305
2011-03-14,138.86000061035156,60.859519958496094,22.897478103637695,10.167167663574219,10.524052619934082,19.889034271240234,25.36793327331543
2011-03-15,136.27000427246094,61.770652770996094,22.724653244018555,10.049304962158203,10.368325233459473,19.71385955810547,25.071678161621094
2011-03-16,136.24000549316406,62.46895980834961,22.360824584960938,9.86320686340332,10.114236831665039,19.430885314941406,24.63511848449707
2011-03-17,136.97000122070312,61.99009323120117,23.043010711669922,9.981067657470703,10.22078800201416,19.52520751953125,24.92356300354004
2011-03-18,138.3699951171875,62.156349182128906,22.93501853942871,10.119142532348633,10.238884925842285,19.683765411376953,25.037111282348633
2011-03-21,139.13999938964844,61.79058837890625,23.63166618347168,10.16889762878418,10.41158676147461,19.927688598632812,25.24856185913086
2011-03-22,139.0500030517578,61.996761322021484,23.579965591430664,10.112918853759766,10.395139694213867,19.900588989257812,25.23289680480957
2011-03-23,140.33999633789062,61.91698455810547,23.640798568725586,10.088040351867676,10.452707290649414,19.934465408325195,25.217239379882812
2011-03-24,139.22000122070312,61.45138931274414,23.725976943969727,10.137801170349121,10.617183685302734,20.117420196533203,25.514835357666016
2011-03-25,139.25999450683594,61.29844284057617,23.93893814086914,10.162676811218262,10.64185905456543,20.117420196533203,25.58531379699707
2011-03-28,138.5399932861328,61.3848876953125,23.88113784790039,10.131580352783203,10.617183685302734,20.110641479492188,25.577489852905273
2011-03-29,138.2100067138672,60.912689208984375,24.173185348510742,10.150238037109375,10.691202163696289,20.20549774169922,25.726289749145508
2011-03-30,138.6699981689453,61.39818572998047,24.34050941467285,10.231086730957031,10.736432075500488,20.31391716003418,25.91423797607422
2011-03-31,139.86000061035156,61.271827697753906,24.261404037475586,10.19377613067627,10.715871810913086,20.273258209228516,25.92989730834961
2011-04-01,139.1999969482422,61.569698333740234,24.33441734313965,10.280847549438477,10.695314407348633,20.37489128112793,26.063037872314453
2011-04-04,139.83999633789062,61.6364860534668,24.349632263183594,10.268407821655273,10.658306121826172,20.415557861328125,26.219663619995117
2011-04-05,142.0500030517578,61.38935089111328,24.422639846801758,10.262191772460938,10.64185905456543,20.435876846313477,26.102191925048828
2011-04-06,142.3800048828125,60.467716217041016,24.167102813720703,10.38035774230957,10.71998405456543,20.530742645263672,26.157005310058594
2011-04-07,142.50999450683594,60.34754180908203,24.167102813720703,10.330606460571289,10.724098205566406,20.557842254638672,26.110029220581055
2011-04-08,143.66000366210938,60.02693176269531,24.252277374267578,10.237311363220215,10.662420272827148,20.496858596801758,26.094358444213867
2011-04-11,142.63999938964844,60.080387115478516,23.774654388427734,10.237311363220215,10.645967483520508,20.60528564453125,26.243154525756836
2011-04-12,141.61000061035156,60.72822189331055,23.038448333740234,10.199991226196289,10.55962085723877,20.67304229736328,26.21183204650879
2011-04-13,141.89999389648438,61.108856201171875,23.13275909423828,10.125359535217285,10.625409126281738,20.68659019470215,26.188339233398438
2011-04-14,143.80999755859375,61.06209945678711,23.290956497192383,10.03206729888916,10.604850769042969,20.808549880981445,26.32931137084961
2011-04-15,145.0500030517578,61.890262603759766,23.48260498046875,10.038285255432129,10.584290504455566,20.896631240844727,26.56424903869629
2011-04-18,145.92999267578125,62.03055191040039,23.13275909423828,9.901453971862793,10.489712715148926,20.781450271606445,26.266643524169922
2011-04-19,145.92999267578125,62.29765319824219,23.367006301879883,9.9325532913208,10.518503189086914,20.82210350036621,26.485933303833008
2011-04-20,146.5,61.896934509277344,23.917638778686523,9.957433700561523,10.740548133850098,20.93051528930664,26.74437713623047
2011-04-21,146.74000549316406,61.84357833862305,24.02716827392578,10.013404846191406,10.835122108459473,20.937297821044922,26.822683334350586
2011-04-25,146.8699951171875,62.07727813720703,23.902433395385742,10.000968933105469,10.84334945678711,20.883085250854492,26.8540096282959
2011-04-26,146.3800048828125,62.67831802368164,24.139719009399414,10.063164710998535,10.93381404876709,21.025379180908203,27.16727066040039
2011-04-27,149.1999969482422,62.03718948364258,24.12755012512207,10.125359535217285,10.999602317810059,21.16089630126953,27.472686767578125
2011-04-28,149.82000732421875,62.51139450073242,24.124509811401367,10.206214904785156,11.003710746765137,21.29641342163086,27.613656997680664
2011-04-29,152.3699951171875,62.705101013183594,24.483495712280273,10.187554359436035,10.995489120483398,21.357391357421875,27.598007202148438
2011-05-02,150.41000366210938,62.805667877197266,24.15797233581543,10.144018173217773,10.954370498657227,21.384498596191406,27.87993812561035
2011-05-03,149.8800048828125,63.1611328125,23.552579879760742,10.187554359436035,10.958486557006836,21.438697814941406,27.8094425201416
2011-05-04,147.72999572753906,63.44281768798828,23.13579750061035,10.100481986999512,10.92558479309082,21.411602020263672,27.78594970703125
2011-05-05,143.47000122070312,64.04647064208984,22.655128479003906,9.969871520996094,10.868019104003906,21.248981475830078,27.605831146240234
2011-05-06,145.3000030517578,63.76479721069336,22.755521774291992,10.01962661743164,10.888578414916992,21.303178787231445,27.801603317260742
2011-05-09,147.3800048828125,63.69773483276367,23.15406036376953,9.994747161865234,10.93381404876709,21.37771224975586,27.95824432373047
2011-05-10,147.89999389648438,63.24162292480469,23.263568878173828,10.088040351867676,11.032498359680176,21.506458282470703,28.13054084777832
2011-05-11,146.5399932861328,63.60383605957031,22.59125328063965,9.951215744018555,10.93381404876709,21.465808868408203,28.083553314208984
2011-05-12,146.58999633789062,63.20136260986328,22.55778694152832,9.951215744018555,11.0160493850708,21.784263610839844,28.34197235107422
2011-05-13,145.6300048828125,63.771514892578125,22.448257446289062,9.808161735534668,10.880352020263672,21.75716781616211,28.255842208862305
2011-05-16,145.3699951171875,64.1269760131836,22.277908325195312,9.795727729797363,10.724098205566406,21.76394271850586,28.30283546447754
2011-05-17,144.74000549316406,64.7842788696289,22.277908325195312,9.870362281799316,10.724098205566406,21.811370849609375,28.30283546447754
2011-05-18,145.60000610351562,63.92575454711914,22.72814178466797,9.913897514343262,10.802224159240723,21.845247268676758,28.522106170654297
2011-05-19,145.64999389648438,63.89886474609375,22.73118782043457,9.913897514343262,10.822784423828125,21.96721649169922,28.459457397460938
2011-05-20,147.49000549316406,63.93246078491211,22.703811645507812,9.777067184448242,10.761102676391602,21.89945411682129,28.22451400756836
2011-05-23,147.8300018310547,64.24095916748047,22.350914001464844,9.640237808227539,10.60896110534668,21.750385284423828,27.934738159179688
2011-05-24,148.58999633789062,64.48247528076172,22.66731071472168,9.62779712677002,10.576066017150879,21.730070114135742,27.8564453125
2011-05-25,148.5800018310547,64.18061828613281,23.050609588623047,9.63401985168457,10.60896110534668,21.5877742767334,27.89559555053711
2011-05-26,148.22000122070312,64.73059844970703,23.166221618652344,9.683773040771484,10.678863525390625,21.621646881103516,27.934738159179688
2011-05-27,149.6999969482422,64.70380401611328,23.224018096923828,9.752190589904785,10.732320785522461,21.709735870361328,27.95041847229004
2011-05-31,149.63999938964844,64.85133361816406,23.45827293395996,9.851700782775879,10.880352020263672,21.892681121826172,28.279329299926758
2011-06-01,149.91000366210938,65.727783203125,22.89850616455078,9.522066116333008,10.654195785522461,21.669078826904297,27.887758255004883
2011-06-02,149.5,64.47569274902344,22.88939094543457,9.528287887573242,10.662420272827148,21.418373107910156,27.825115203857422
2011-06-03,150.22000122070312,64.84598541259766,22.895465850830078,9.466092109680176,10.502047538757324,21.215097427368164,27.558834075927734
2011-06-06,150.47999572753906,64.35456848144531,22.378297805786133,9.285725593566895,10.423925399780273,21.106689453125,27.394386291503906
2011-06-07,150.4199981689453,64.6507568359375,22.378297805786133,9.267066955566406,10.39102554321289,21.059261322021484,27.449190139770508
2011-06-08,149.80999755859375,65.15560913085938,22.445222854614258,9.179994583129883,10.321124076843262,21.072811126708984,27.480527877807617
2011-06-09,150.55999755859375,64.89305877685547,22.74944496154785,9.285725593566895,10.329345703125,21.18799591064453,27.770294189453125
2011-06-10,149.24000549316406,65.3912124633789,22.308320999145508,9.223526954650879,10.185426712036133,20.944063186645508,27.26124382019043
2011-06-13,147.77000427246094,65.06133270263672,21.95543670654297,9.316822052001953,10.19365119934082,21.038923263549805,27.394386291503906
2011-06-14,148.6699981689453,64.07855224609375,22.423925399780273,9.366580963134766,10.321124076843262,21.262529373168945,27.629314422607422
2011-06-15,149.1199951171875,65.24311065673828,21.90980339050293,9.161336898803711,10.127856254577637,20.944063186645508,27.253414154052734
2011-06-16,148.97000122070312,65.539306640625,21.94325828552246,9.211091995239258,10.10318660736084,21.113454818725586,27.30040168762207
2011-06-17,149.94000244140625,65.22964477539062,21.88677978515625,9.294106483459473,10.09410285949707,21.247880935668945,27.36336326599121
2011-06-20,150.02999877929688,65.31045532226562,21.947847366333008,9.287870407104492,10.131261825561523,21.404827117919922,27.638809204101562
2011-06-21,150.75999450683594,65.02095794677734,22.384479522705078,9.418943405151367,10.312911987304688,21.384347915649414,27.811935424804688
2011-06-22,150.99000549316406,65.06133270263672,22.320354461669922,9.362765312194824,10.238597869873047,21.247880935668945,27.64667510986328
2011-06-23,148.33999633789062,65.55953216552734,22.076087951660156,9.269139289855957,10.308785438537598,21.05682373046875,27.615192413330078
2011-06-24,146.25999450683594,65.28350067138672,21.657766342163086,9.212964057922363,10.131261825561523,20.886245727539062,27.292531967163086
2011-06-27,145.72999572753906,64.38819885253906,21.773794174194336,9.306589126586914,10.267502784729004,20.98177146911621,27.434194564819336
2011-06-28,146.24000549316406,63.869869232177734,22.408912658691406,9.350282669067383,10.39548110961914,21.022708892822266,27.819812774658203
2011-06-29,147.17999267578125,63.445777893066406,22.671504974365234,9.543780326843262,10.478053092956543,21.145530700683594,27.874910354614258
2011-06-30,146.0,63.34486770629883,23.00736427307129,9.581230163574219,10.610162734985352,21.309295654296875,27.96147346496582
2011-07-01,144.92999267578125,63.2435302734375,23.22416114807129,9.75600528717041,10.783559799194336,21.473051071166992,28.29987335205078
2011-07-05,147.6300048828125,63.38529968261719,23.36766815185547,9.668620109558105,10.800071716308594,21.46622085571289,28.22119140625
2011-07-06,148.91000366210938,63.70956802368164,23.324926376342773,9.618684768676758,10.849614143371582,21.58222770690918,28.29987335205078
2011-07-07,149.14999389648438,63.52039337158203,23.67607307434082,9.77472972869873,10.981719017028809,21.73233985900879,28.284130096435547
2011-07-08,150.25,64.41877746582031,23.47759437561035,9.649893760681152,10.928055763244629,21.65728187561035,28.158212661743164
2011-07-11,151.58999633789062,65.38471221923828,22.921878814697266,9.387734413146973,10.746404647827148,21.50034523010254,27.772581100463867
2011-07-12,152.77000427246094,65.60762786865234,22.836376190185547,9.350282669067383,10.651450157165527,21.432109832763672,27.772581100463867
2011-07-13,154.13999938964844,65.79000854492188,23.00736427307129,9.356528282165527,10.67621898651123,21.432109832763672,27.882770538330078
2011-07-14,154.5399932861328,64.85102844238281,22.854705810546875,9.287870407104492,10.585387229919434,21.33658218383789,27.83554458618164
2011-07-15,155.1999969482422,64.95915985107422,23.468442916870117,9.269139289855957,10.700989723205566,21.39799690246582,27.693891525268555
2011-07-18,156.57000732421875,64.33096313476562,23.3890380859375,9.144302368164062,10.663833618164062,21.261526107788086,27.489280700683594
2011-07-19,154.66000366210938,65.6683349609375,23.816524505615234,9.256656646728516,10.919797897338867,21.554929733276367,27.73325538635254
2011-07-20,156.02000427246094,64.8916015625,23.755451202392578,9.362765312194824,10.886770248413086,21.520811080932617,27.638809204101562
2011-07-21,154.8300018310547,64.39179992675781,24.222627639770508,9.587471008300781,10.936309814453125,21.69822120666504,28.055910110473633
2011-07-22,156.1199951171875,64.87812805175781,24.344764709472656,9.562509536743164,11.031265258789062,21.65728187561035,28.008689880371094
2011-07-25,157.33999633789062,64.16888427734375,24.24705696105957,9.493844985961914,11.002367973327637,21.45940399169922,27.717506408691406
2011-07-26,157.77000427246094,64.60790252685547,24.13102912902832,9.481364250183105,11.051910400390625,21.404827117919922,27.497150421142578
2011-07-27,157.19000244140625,64.61463165283203,23.67607307434082,9.256656646728516,10.758783340454102,21.172828674316406,27.0170955657959
2011-07-28,157.32000732421875,64.85787200927734,23.57835578918457,9.262897491455078,10.742277145385742,21.172828674316406,26.993480682373047
2011-07-29,158.2899932861328,66.14118957519531,23.343246459960938,9.237932205200195,10.6555757522583,21.036357879638672,26.851835250854492
2011-08-01,157.72000122070312,66.80876159667969,23.309661865234375,9.206721305847168,10.647318840026855,20.96129608154297,26.395370483398438
2011-08-02,161.52000427246094,68.81478118896484,22.659284591674805,8.957047462463379,10.424379348754883,20.688365936279297,25.828744888305664
2011-08-03,161.49000549316406,68.95030975341797,22.531034469604492,9.000741958618164,10.531720161437988,20.770246505737305,25.875972747802734
2011-08-04,160.63999938964844,71.40363311767578,20.98602867126465,8.545086860656738,10.106487274169922,20.122024536132812,24.84501838684082
2011-08-05,161.75,69.34339904785156,20.784507751464844,8.38279914855957,10.044565200805664,20.408607482910156,25.033891677856445
2011-08-08,167.1199951171875,71.53240203857422,19.016578674316406,7.590084075927734,9.478960037231445,19.6375732421875,23.751123428344727
2011-08-09,168.61000061035156,71.749267578125,19.984500885009766,8.17681884765625,9.912449836730957,20.11520004272461,24.61679458618164
2011-08-10,174.5800018310547,73.8840560913086,19.2944393157959,7.608811378479004,9.524372100830078,19.34417152404785,23.57798194885254
2011-08-11,170.75,70.15666198730469,20.29595184326172,8.033255577087402,9.887679100036621,19.917327880859375,24.656147003173828
2011-08-12,169.97000122070312,71.54596710205078,20.445575714111328,7.977080345153809,9.957863807678223,20.15614128112793,24.900108337402344
2011-08-15,171.8000030517578,70.82076263427734,21.135637283325195,8.232994079589844,10.135387420654297,20.44272804260254,25.317201614379883
2011-08-16,173.9199981689453,71.99327087402344,20.784507751464844,8.070707321166992,10.061075210571289,20.49049186706543,25.293603897094727
2011-08-17,174.4199981689453,73.25375366210938,20.866941452026367,8.120638847351074,10.015665054321289,20.626956939697266,25.317201614379883
2011-08-18,177.72000122070312,74.7582778930664,19.657798767089844,7.727406024932861,9.52850341796875,20.25849151611328,24.48301124572754
2011-08-19,179.9499969482422,75.3614730834961,19.309701919555664,7.5713582038879395,9.29731273651123,20.162967681884766,24.420047760009766
2011-08-22,184.58999633789062,75.17169189453125,19.15398406982422,7.477729797363281,9.346850395202637,20.224382400512695,24.40431022644043
2011-08-23,177.6699981689453,74.13480377197266,20.018095016479492,7.721161842346191,9.6895170211792,20.64060401916504,25.199159622192383
2011-08-24,171.64999389648438,72.02719116210938,20.137170791625977,7.927143573760986,9.776212692260742,20.72930908203125,25.490337371826172
2011-08-25,172.36000061035156,72.8065185546875,19.712759017944336,7.902174472808838,9.635844230651855,20.415428161621094,25.057506561279297
2011-08-26,177.47000122070312,73.52485656738281,20.094432830810547,7.970834255218506,9.825752258300781,20.586015701293945,25.37230110168457
2011-08-29,173.88999938964844,72.50830841064453,20.680683135986328,8.301655769348145,10.07346248626709,20.954479217529297,26.017620086669922
2011-08-30,179.10000610351562,73.67395782470703,20.802814483642578,8.245478630065918,10.114745140075684,21.009069442749023,26.104190826416016
2011-08-31,177.72000122070312,72.53544616699219,20.958539962768555,8.351593017578125,10.08997631072998,21.07729721069336,26.28519630432129
2011-09-01,177.8699951171875,74.07301330566406,20.799760818481445,8.164335250854492,9.978506088256836,21.002241134643555,26.112064361572266
2011-09-02,183.24000549316406,76.47935485839844,20.21961784362793,7.827271938323975,9.75144100189209,20.702016830444336,25.537567138671875
2011-09-06,182.89999389648438,77.27466583251953,19.999774932861328,7.689953327178955,9.706028938293457,20.62013053894043,25.60051918029785
2011-09-07,177.0800018310547,75.79959106445312,20.73259735107422,8.05822467803955,9.957863807678223,20.988588333129883,26.214365005493164
2011-09-08,181.80999755859375,76.47935485839844,20.49138069152832,7.883448123931885,9.908321380615234,20.934009552001953,25.93105697631836
2011-09-09,180.6999969482422,77.2950668334961,19.813520431518555,7.633780479431152,9.697768211364746,20.47002410888672,25.15981101989746
2011-09-12,176.6699981689453,77.37664031982422,19.908170700073242,7.721161842346191,9.813368797302246,20.49049186706543,25.246379852294922
2011-09-13,178.5399932861328,76.27540588378906,19.963130950927734,7.771096706390381,9.928963661193848,20.56554412841797,25.50608253479004
2011-09-14,177.2100067138672,76.92121887207031,20.210460662841797,7.864725589752197,10.077589988708496,20.811189651489258,25.750051498413086
2011-09-15,174.39999389648438,75.74520111083984,20.610454559326172,8.06446361541748,10.238597869873047,21.05682373046875,25.986143112182617
2011-09-16,176.02999877929688,76.29581451416016,20.565698623657227,8.089529991149902,10.352151870727539,21.19359016418457,26.126190185546875
2011-09-19,173.30999755859375,77.7505111694336,20.240768432617188,7.870212554931641,10.327285766601562,21.01490592956543,25.880916595458984
2011-09-20,175.77999877929688,78.07678985595703,20.115081787109375,7.845149993896484,10.302422523498535,21.056140899658203,26.11827850341797
2011-09-21,173.58999633789062,80.65984344482422,19.27823829650879,7.456653118133545,10.14908218383789,20.623199462890625,25.414087295532227
2011-09-22,169.0500030517578,83.69152069091797,18.190021514892578,7.243605613708496,9.834125518798828,20.231494903564453,24.899795532226562
2011-09-23,159.8000030517578,82.13488006591797,17.99383544921875,7.318799018859863,9.946022033691406,20.272720336914062,24.9077091217041
2011-09-26,157.5800018310547,80.81614685058594,18.649829864501953,7.644635200500488,10.070343971252441,20.6644287109375,25.319141387939453
2011-09-27,160.6300048828125,79.57906341552734,18.92264747619629,7.682234764099121,10.198819160461426,20.78812599182129,25.70684242248535
2011-09-28,156.22000122070312,79.55184173583984,18.303442001342773,7.462917327880859,10.053770065307617,20.39641571044922,25.263757705688477
2011-09-29,157.6999969482422,80.10247802734375,18.47816276550293,7.66969633102417,10.033047676086426,20.59571075439453,25.429912567138672
2011-09-30,158.05999755859375,82.11454010009766,17.935596466064453,7.400259494781494,9.780251502990723,20.38267707824707,25.10551643371582
2011-10-03,160.9600067138672,84.3742904663086,17.32558250427246,7.068155765533447,9.560614585876465,20.087175369262695,24.306381225585938
2011-10-04,157.63999938964844,83.30438995361328,17.892677307128906,7.350130558013916,9.755386352539062,20.279586791992188,24.56747817993164
2011-10-05,159.4600067138672,82.70470428466797,18.551734924316406,7.456653118133545,9.958453178405762,20.30707359313965,24.963090896606445
2011-10-06,160.49000549316406,81.17823028564453,18.90118980407715,7.68850040435791,10.107643127441406,20.54759979248047,25.263757705688477
2011-10-07,159.17999267578125,80.5784683227539,18.668222427368164,7.412787914276123,10.070343971252441,20.6644287109375,25.240020751953125
2011-10-10,163.27000427246094,79.44039154052734,19.514270782470703,7.7950215339660645,10.381159782409668,20.987415313720703,25.817611694335938
2011-10-11,162.10000610351562,79.17463684082031,19.554119110107422,7.788753986358643,10.426745414733887,20.946184158325195,25.778053283691406
2011-10-12,163.25999450683594,78.02288055419922,19.658342361450195,7.989272594451904,10.472328186035156,21.111116409301758,25.793874740600586
2011-10-13,162.3000030517578,78.7997817993164,19.630752563476562,7.8012871742248535,10.588370323181152,21.049266815185547,25.7701473236084
2011-10-14,163.39999389648438,77.6548843383789,20.415494918823242,7.895279884338379,10.774855613708496,21.214202880859375,26.015419006347656
2011-10-17,162.6199951171875,78.99745178222656,20.04458236694336,7.650903224945068,10.604945182800293,21.069887161254883,25.564420700073242
2011-10-18,161.83999633789062,78.5067367553711,20.688316345214844,8.014336585998535,10.7002592086792,21.22793960571289,25.754316329956055
2011-10-19,159.8699951171875,78.47949981689453,20.473743438720703,7.901547908782959,10.49305248260498,21.16609764099121,25.70684242248535
2011-10-20,157.77000427246094,77.92068481445312,20.633142471313477,8.020601272583008,10.447467803955078,21.282928466796875,25.683101654052734
2011-10-21,159.52000427246094,77.09609985351562,21.01325225830078,8.227385520935059,10.580082893371582,21.626523971557617,26.1973934173584
2011-10-24,161.02000427246094,77.22560119628906,21.28912925720215,8.409100532531738,10.745849609375,21.475339889526367,26.593013763427734
2011-10-25,165.58999633789062,79.18826293945312,20.84465789794922,8.15845775604248,10.575933456420898,21.221073150634766,26.054975509643555
2011-10-26,167.39999389648438,77.80486297607422,21.29526138305664,8.302573204040527,10.62152099609375,21.434112548828125,26.40312385559082
2011-10-27,169.5500030517578,75.16749572753906,22.239404678344727,8.797595977783203,10.936480522155762,21.70899200439453,27.044008255004883
2011-10-28,169.6199951171875,75.95808410644531,22.389612197875977,8.803864479064941,10.973774909973145,21.654006958007812,27.06774139404297
2011-10-31,167.33999633789062,78.97013854980469,21.368831634521484,8.45922565460205,10.778996467590332,21.33102035522461,26.553449630737305
2011-11-01,167.3800048828125,81.61367797851562,20.679113388061523,8.058198928833008,10.480621337890625,20.959938049316406,26.047073364257812
2011-11-02,169.05999755859375,80.59561920166016,21.3013973236084,8.296308517456055,10.609088897705078,21.159223556518555,26.221139907836914
2011-11-03,171.72000122070312,79.48873901367188,21.862356185913086,8.4404296875,10.86188793182373,21.42036247253418,26.505985260009766
2011-11-04,170.85000610351562,79.58444213867188,21.843965530395508,8.327643394470215,10.795578956604004,21.296663284301758,26.260696411132812
2011-11-07,174.97999572753906,80.09001159667969,21.963518142700195,8.371501922607422,10.86188793182373,21.475339889526367,26.56928825378418
2011-11-08,173.52999877929688,79.06510162353516,22.32217025756836,8.52815055847168,10.986212730407715,21.68837547302246,26.89366912841797
2011-11-09,172.07000732421875,80.7049560546875,21.335115432739258,8.064464569091797,10.604945182800293,21.17983627319336,26.11827850341797
2011-11-10,171.13999938964844,79.50244140625,21.706024169921875,8.102062225341797,10.638100624084473,21.38599967956543,26.490148544311523
2011-11-11,173.9600067138672,79.01728820800781,22.150508880615234,8.296308517456055,10.841164588928223,21.633394241333008,26.956974029541016
2011-11-14,173.1999969482422,80.28819274902344,21.859291076660156,8.12712287902832,10.75827693939209,21.44784927368164,26.774995803833008
2011-11-15,173.36000061035156,80.1788330078125,21.83477210998535,8.164719581604004,10.903324127197266,21.550931930541992,26.838289260864258
2011-11-16,171.50999450683594,80.90988159179688,21.506772994995117,7.964207172393799,10.741703033447266,21.3585147857666,26.323997497558594
2011-11-17,167.10000610351562,81.55897521972656,21.016307830810547,7.807558536529541,10.534493446350098,21.282928466796875,26.047073364257812
2011-11-18,167.6199951171875,81.53849029541016,20.89063262939453,7.8326191902160645,10.447467803955078,21.34476661682129,25.991682052612305
2011-11-21,163.5,82.02363586425781,20.516651153564453,7.63837194442749,10.265121459960938,21.00116729736328,25.493207931518555
2011-11-22,165.30999755859375,82.93914794921875,20.323535919189453,7.569443702697754,10.248546600341797,21.02178192138672,25.55650520324707
2011-11-23,164.8300018310547,83.7521743774414,19.7073917388916,7.3626604080200195,10.004040718078613,20.795001983642578,25.184633255004883
2011-11-25,163.39999389648438,82.5360336303711,19.56638526916504,7.381460666656494,9.950165748596191,20.870590209960938,25.089689254760742
2011-11-28,166.6300048828125,82.49508666992188,20.299013137817383,7.600772857666016,10.27755355834961,21.200456619262695,25.762235641479492
2011-11-29,166.8800048828125,81.81865692138672,20.590221405029297,7.563177585601807,10.223682403564453,21.42036247253418,25.873001098632812
2011-11-30,170.1300048828125,80.5409164428711,21.724414825439453,8.026864051818848,10.617376327514648,21.92202377319336,26.806644439697266
2011-12-01,169.6300048828125,80.13682556152344,21.60486602783203,7.983007431030273,10.675393104553223,21.887670516967773,26.846206665039062
2011-12-02,169.82000732421875,81.26016998291016,21.58647346496582,8.089529991149902,10.667107582092285,21.81207275390625,26.513877868652344
2011-12-05,167.32000732421875,81.095703125,21.853160858154297,8.252447128295898,10.787288665771484,21.942646026611328,26.561368942260742
2011-12-06,168.17999267578125,80.32180786132812,21.8501033782959,8.258711814880371,10.783148765563965,21.97012710571289,26.672138214111328
2011-12-07,169.39999389648438,80.60944366455078,21.64164924621582,8.358968734741211,10.795578956604004,22.025108337402344,26.869935989379883
2011-12-08,165.97999572753906,81.61627960205078,21.03777313232422,8.03313159942627,10.625664710998535,21.77083969116211,26.371463775634766
2011-12-09,166.39999389648438,79.93821716308594,21.515972137451172,8.208585739135742,10.791431427001953,21.997621536254883,26.759172439575195
2011-12-12,161.99000549316406,80.82860565185547,21.01325225830078,8.014336585998535,10.65467643737793,21.798322677612305,26.44268226623535
2011-12-13,158.4499969482422,81.58206176757812,20.817062377929688,7.901547908782959,10.555215835571289,21.750226974487305,26.395214080810547
2011-12-14,152.88999938964844,83.12311553955078,20.2315673828125,7.870212554931641,10.393594741821289,21.640274047851562,26.37938690185547
2011-12-15,152.3300018310547,82.81493377685547,20.145742416381836,7.876485347747803,10.368725776672363,21.86017417907715,26.672138214111328
2011-12-16,155.22999572753906,83.78068542480469,20.36030387878418,7.908015727996826,10.397448539733887,21.835908889770508,26.5830135345459
2011-12-19,154.8699951171875,84.8423080444336,20.00320816040039,7.731441974639893,10.297550201416016,21.74576187133789,26.5830135345459
2011-12-20,156.97999572753906,82.72588348388672,20.825136184692383,8.021526336669922,10.588913917541504,22.19648551940918,27.139976501464844
2011-12-21,157.16000366210938,81.57518768310547,21.05601692199707,8.065664291381836,10.414094924926758,22.4322509765625,27.315031051635742
2011-12-22,156.0399932861328,81.91767883300781,21.302284240722656,8.23593807220459,10.534804344177246,22.425315856933594,27.513944625854492
2011-12-23,156.30999755859375,81.00670623779297,21.4254150390625,8.292691230773926,10.638862609863281,22.58480453491211,27.688989639282227
2011-12-27,154.91000366210938,81.3915023803711,21.480833053588867,8.24854850769043,10.655508995056152,22.626415252685547,27.752649307250977
2011-12-28,151.02999877929688,82.89636993408203,21.071401596069336,8.116121292114258,10.547289848327637,22.515464782714844,27.450288772583008
2011-12-29,150.33999633789062,83.0475082397461,21.28997230529785,8.242242813110352,10.62637710571289,22.63334846496582,27.64920997619629
2011-12-30,151.99000549316406,83.31548309326172,21.280729293823242,8.198099136352539,10.5930757522583,22.529335021972656,27.60146141052246
2012-01-03,155.9199981689453,82.06492614746094,21.871780395507812,8.41250991821289,10.742919921875,22.508533477783203,27.959514617919922
2012-01-04,156.7100067138672,81.08914947509766,21.917957305908203,8.387287139892578,10.772052764892578,22.459989547729492,27.82424545288086
2012-01-05,157.77999877929688,80.94487762451172,21.81328773498535,8.500798225402832,10.805349349975586,22.44611930847168,27.9038143157959
2012-01-06,157.1999969482422,81.58389282226562,21.684003829956055,8.450345993041992,10.8095121383667,22.300498962402344,27.951555252075195
2012-01-09,156.5,81.43960571289062,21.788663864135742,8.49449348449707,10.792867660522461,22.335172653198242,27.999298095703125
2012-01-10,158.63999938964844,81.30217742919922,21.98259925842285,8.645843505859375,10.830331802368164,22.41144561767578,28.2061767578125
2012-01-11,159.6699981689453,82.3603515625,21.687076568603516,8.74674129486084,10.863628387451172,22.314369201660156,28.23004722595215
2012-01-12,160.3800048828125,82.2435531616211,21.483903884887695,8.778273582458496,10.917736053466797,22.307430267333984,28.317554473876953
2012-01-13,159.25999450683594,83.06126403808594,21.37616539001465,8.71521282196045,10.855302810668945,22.286630630493164,28.19025230407715
2012-01-17,160.5,83.44603729248047,21.527002334594727,8.645843505859375,10.905247688293457,22.369840621948242,28.36530113220215
2012-01-18,161.60000610351562,82.43592071533203,21.881025314331055,8.778273582458496,11.063417434692383,22.418386459350586,28.52443504333496
2012-01-19,161.22000122070312,81.30217742919922,21.97028923034668,8.860250473022461,11.142500877380371,22.459989547729492,28.52443504333496
2012-01-20,162.07000732421875,80.38141632080078,21.973369598388672,8.917011260986328,11.154982566833496,22.466928482055664,28.52443504333496
2012-01-23,163.16000366210938,79.87295532226562,22.148828506469727,8.948540687561035,11.192447662353516,22.44611930847168,28.39713478088379
2012-01-24,162.00999450683594,80.01725769042969,22.084186553955078,8.935925483703613,11.184123992919922,22.32129669189453,28.40509605407715
2012-01-25,166.4199981689453,79.82482147216797,22.355079650878906,8.954848289489746,11.271533966064453,22.577869415283203,28.611953735351562
2012-01-26,167.27000427246094,80.88301086425781,22.050323486328125,8.879172325134277,11.196613311767578,22.494661331176758,28.484634399414062
2012-01-27,168.97000122070312,81.13728332519531,22.00414276123047,8.9107027053833,11.196613311767578,22.34210205078125,28.50055694580078
2012-01-30,168.02999877929688,82.09239959716797,21.89948081970215,8.828725814819336,11.229907035827637,22.19648551940918,28.460771560668945
2012-01-31,169.30999755859375,83.04063415527344,21.760963439941406,8.866558074951172,11.250720977783203,22.210355758666992,28.484634399414062
2012-02-01,169.55999755859375,82.08943176269531,21.84715461730957,9.005298614501953,11.363102912902832,22.369840621948242,28.76312828063965
2012-02-02,171.0500030517578,82.05497741699219,22.01338005065918,9.049443244934082,11.392237663269043,22.45305633544922,28.6517391204834
2012-02-03,167.63999938964844,80.29170989990234,22.401254653930664,9.295381546020508,11.537919044494629,22.522396087646484,28.81882095336914
2012-02-06,167.17999267578125,81.0907211303711,22.66907501220703,9.251240730285645,11.542081832885742,22.508533477783203,28.659690856933594
2012-02-07,169.6999969482422,80.08502197265625,22.786054611206055,9.244933128356934,11.571216583251953,22.529335021972656,28.76312828063965
2012-02-08,168.5,80.1470718383789,22.709091186523438,9.314305305480957,11.641975402832031,22.53626823425293,28.76312828063965
2012-02-09,168.02000427246094,79.54781341552734,22.712175369262695,9.276466369628906,11.75436019897461,22.661083221435547,28.611953735351562
2012-02-10,167.13999938964844,80.58097076416016,22.484375,9.188179016113281,11.666950225830078,22.612537384033203,28.492610931396484
2012-02-13,167.50999450683594,80.684326171875,22.66291618347168,9.270159721374512,11.74187183380127,22.709623336791992,28.707441329956055
2012-02-14,167.1199951171875,81.11132049560547,22.702939987182617,9.18187427520752,11.762683868408203,22.765094757080078,28.826778411865234
2012-02-15,168.11000061035156,80.96673583984375,22.665996551513672,9.125114440917969,11.700247764587402,22.758163452148438,28.771087646484375
2012-02-16,168.0,80.31920623779297,22.961519241333008,9.270159721374512,11.870903015136719,22.903776168823242,28.930219650268555
2012-02-17,167.35000610351562,80.29859161376953,23.047712326049805,9.32691478729248,11.870903015136719,22.924577713012695,28.834745407104492
2012-02-21,171.02000427246094,79.41006469726562,23.204710006713867,9.32060718536377,11.920851707458496,22.792821884155273,28.627872467041016
2012-02-22,172.94000244140625,80.40878295898438,23.25704574584961,9.200790405273438,11.879229545593262,22.730419158935547,28.627872467041016
2012-02-23,173.02000427246094,80.40878295898438,23.374021530151367,9.282771110534668,11.925012588500977,22.848310470581055,28.6517391204834
2012-02-24,172.22999572753906,80.93228149414062,23.466379165649414,9.251240730285645,11.99577522277832,22.924577713012695,28.794963836669922
2012-02-27,171.6999969482422,81.64864349365234,23.39249610900879,9.32060718536377,12.016586303710938,22.924577713012695,28.850662231445312
2012-02-28,173.49000549316406,81.3799819946289,23.315528869628906,9.345829963684082,12.103991508483887,23.00086212158203,28.96204948425293
2012-02-29,164.2899932861328,80.8840560913086,23.05078887939453,9.307995796203613,12.049883842468262,23.042469024658203,28.787002563476562
2012-03-01,166.61000061035156,80.12261962890625,23.272430419921875,9.408902168273926,12.120644569396973,23.007795333862305,28.93817138671875
2012-03-02,166.33999633789062,80.87505340576172,23.0076961517334,9.377365112304688,12.103991508483887,23.02858543395996,28.890430450439453
2012-03-05,165.64999389648438,80.23303985595703,22.85993766784668,9.339526176452637,11.999937057495117,23.132610321044922,28.826778411865234
2012-03-06,162.6999969482422,81.20645141601562,22.48744773864746,9.112499237060547,11.883391380310059,22.938451766967773,28.45281219482422
2012-03-07,163.6300048828125,80.70938110351562,22.675233840942383,9.2260160446167,11.97080135345459,22.973119735717773,28.580127716064453
2012-03-08,165.27999877929688,79.90167999267578,22.85993766784668,9.314305305480957,12.091509819030762,23.132610321044922,28.898380279541016
2012-03-09,166.3800048828125,80.06045532226562,22.838380813598633,9.389976501464844,12.14561653137207,23.20888328552246,29.017736434936523
2012-03-12,165.07000732421875,80.0466537475586,22.712175369262695,9.364753723144531,12.162264823913574,23.292098999023438,29.017736434936523
2012-03-13,162.3000030517578,78.63835144042969,22.986148834228516,9.724206924438477,12.403675079345703,23.4654541015625,29.431489944458008
2012-03-14,159.57000732421875,76.65699768066406,22.764503479003906,9.736820220947266,12.449462890625,23.3961124420166,29.42352294921875
2012-03-15,161.0800018310547,76.77436828613281,22.801448822021484,9.907088279724121,12.482763290405273,23.437715530395508,29.47127342224121
2012-03-16,161.3000030517578,76.9262466430664,23.11510467529297,9.945045471191406,12.47691822052002,23.422380447387695,29.46807098388672
2012-03-19,161.58999633789062,76.00804901123047,23.220170974731445,9.99565315246582,12.568784713745117,23.436317443847656,29.460086822509766
2012-03-20,160.1300048828125,76.3118667602539,22.8709716796875,10.046266555786133,12.556256294250488,23.422380447387695,29.30812644958496
2012-03-21,160.2100067138672,77.17477416992188,22.599029541015625,10.001981735229492,12.552078247070312,23.457231521606445,29.292137145996094
2012-03-22,159.57000732421875,77.4233169555664,22.08914566040039,9.86913013458252,12.522849082946777,23.4781436920166,29.19617462158203
2012-03-23,161.52999877929688,78.15509033203125,22.330183029174805,9.951372146606445,12.522849082946777,23.533916473388672,29.28413963317871
2012-03-26,164.39999389648438,77.75467681884766,22.49705696105957,10.109530448913574,12.706581115722656,23.694246292114258,29.795934677124023
2012-03-27,163.24000549316406,78.31387329101562,22.271469116210938,10.01463508605957,12.70240306854248,23.680313110351562,29.851919174194336
2012-03-28,161.50999450683594,78.2033920288086,21.99334716796875,10.039937973022461,12.656471252441406,23.62453269958496,29.787933349609375
2012-03-29,161.27999877929688,78.79022979736328,21.99334716796875,9.938719749450684,12.631420135498047,23.617568969726562,29.851919174194336
2012-03-30,162.1199951171875,77.45779418945312,22.172576904296875,9.99565315246582,12.59383487701416,23.75697898864746,30.075828552246094
2012-04-02,162.94000244140625,77.886962890625,22.388904571533203,10.071574211120605,12.727458000183105,23.94519805908203,30.179784774780273
2012-04-03,159.88999938964844,76.53724670410156,22.1942081451416,10.01463508605957,12.719106674194336,23.81275749206543,30.163803100585938
2012-04-04,157.2100067138672,77.58934783935547,21.909910202026367,9.856477737426758,12.568784713745117,23.736080169677734,30.003860473632812
2012-04-05,158.30999755859375,78.14991760253906,21.786298751831055,9.831171989440918,12.598010063171387,23.736080169677734,29.995853424072266
2012-04-09,159.3699951171875,79.97724914550781,21.511262893676758,9.679336547851562,12.510321617126465,23.519975662231445,29.62001609802246
2012-04-10,161.10000610351562,80.88389587402344,21.087900161743164,9.470571517944336,12.334940910339355,23.310840606689453,29.28413963317871
2012-04-11,161.07000732421875,79.91495513916016,21.09407615661621,9.62240219116211,12.405932426452637,23.429349899291992,29.388105392456055
2012-04-12,162.6999969482422,79.58267974853516,21.554527282714844,9.799540519714355,12.560429573059082,23.443286895751953,29.54804039001465
2012-04-13,160.85000610351562,80.87007904052734,21.230052947998047,9.57178783416748,12.364174842834473,23.443286895751953,29.252166748046875
2012-04-16,160.4600067138672,80.75243377685547,21.087900161743164,9.641385078430176,12.234731674194336,23.54088592529297,29.26015853881836
2012-04-17,160.25,80.70401763916016,21.43091583251953,9.767909049987793,12.501974105834961,23.777896881103516,29.691972732543945
2012-04-18,159.30999755859375,80.93929290771484,21.387653350830078,9.704643249511719,12.41010570526123,23.777896881103516,29.612014770507812
2012-04-19,159.42999267578125,81.01546478271484,21.35984230041504,9.660359382629395,12.272308349609375,23.701210021972656,29.65999412536621
2012-04-20,159.5399932861328,81.029296875,21.310405731201172,9.609748840332031,12.226378440856934,23.91731834411621,29.819917678833008
2012-04-23,159.07000732421875,81.61759948730469,21.28876304626465,9.540159225463867,12.130335807800293,23.54785919189453,29.588016510009766
2012-04-24,159.3000030517578,81.04312896728516,21.446369171142578,9.647706985473633,12.105283737182617,23.554828643798828,29.691972732543945
2012-04-25,159.6199951171875,80.62779998779297,21.659591674804688,9.729952812194824,12.447688102722168,23.708189010620117,30.003860473632812
2012-04-26,161.02999877929688,81.11238098144531,21.888277053833008,9.812192916870117,12.543730735778809,23.924283981323242,29.995853424072266
2012-04-27,161.3800048828125,81.18159484863281,21.87900733947754,9.818516731262207,12.539551734924316,23.889432907104492,30.011852264404297
2012-04-30,161.8800048828125,81.20232391357422,22.014970779418945,9.761582374572754,12.451862335205078,23.826698303222656,29.995853424072266
2012-05-01,161.32000732421875,80.78120422363281,22.330183029174805,9.862802505493164,12.49361801147461,23.889432907104492,30.107803344726562
2012-05-02,160.58999633789062,81.35012817382812,21.965532302856445,9.786890029907227,12.501974105834961,23.91033935546875,30.051841735839844
2012-05-03,158.97000122070312,81.3293228149414,21.600887298583984,9.704643249511719,12.397578239440918,23.94519805908203,29.939878463745117
2012-05-04,159.47000122070312,81.96762084960938,21.106447219848633,9.552813529968262,12.138689994812012,23.75697898864746,29.54804039001465
2012-05-07,159.0800018310547,81.98150634765625,21.044633865356445,9.609748840332031,12.105283737182617,23.791845321655273,29.612014770507812
2012-05-08,156.0,82.41859436035156,20.97665023803711,9.546479225158691,12.063526153564453,23.736080169677734,29.62001609802246
2012-05-09,154.47000122070312,82.47417449951172,20.87467384338379,9.43894100189209,12.063526153564453,23.617568969726562,29.420085906982422
2012-05-10,154.77000427246094,82.23125457763672,20.96428871154785,9.476896286010742,11.971657752990723,23.784866333007812,29.628005981445312
2012-05-11,153.55999755859375,82.91118621826172,20.809776306152344,9.369345664978027,11.980012893676758,23.722126007080078,29.596033096313477
2012-05-14,151.3300018310547,84.06990051269531,20.463666915893555,9.17955493927002,11.875618934631348,23.62453269958496,29.50005340576172
2012-05-15,149.74000549316406,84.40985870361328,20.12374496459961,9.128946304321289,11.84221363067627,23.596656799316406,29.324127197265625
2012-05-16,149.4600067138672,84.65267944335938,20.009401321411133,8.996092796325684,11.746174812316895,23.67333221435547,29.372100830078125
2012-05-17,152.8000030517578,86.15133666992188,19.8826904296875,8.812626838684082,11.579150199890137,23.50604248046875,29.100234985351562
2012-05-18,154.5500030517578,86.17213439941406,19.759090423583984,8.711402893066406,11.470580101013184,23.366615295410156,28.84432029724121
2012-05-21,154.64999389648438,85.99179077148438,20.213361740112305,8.79365062713623,11.754523277282715,23.457231521606445,29.124197006225586
2012-05-22,152.0800018310547,85.03429412841797,20.163908004760742,8.863238334655762,11.716943740844727,23.485118865966797,29.04422950744629
2012-05-23,151.6199951171875,85.62403106689453,20.238079071044922,8.894865036010742,11.729471206665039,23.422380447387695,28.916292190551758
2012-05-24,151.41000366210938,85.29792022705078,20.222627639770508,8.901196479797363,11.662659645080566,23.64544677734375,29.19617462158203
2012-05-25,152.67999267578125,85.61708068847656,20.126834869384766,8.869562149047852,11.637605667114258,23.62453269958496,29.124197006225586
2012-05-29,151.02000427246094,85.35342407226562,20.463666915893555,8.996092796325684,11.792105674743652,23.791845321655273,29.220163345336914
2012-05-30,151.91000366210938,87.51815795898438,19.83634376525879,8.787320137023926,11.716943740844727,23.596656799316406,29.052236557006836
2012-05-31,151.6199951171875,88.5311508178711,19.663288116455078,8.863238334655762,11.662659645080566,23.54785919189453,28.908292770385742
2012-06-01,157.5,90.63287353515625,19.171937942504883,8.53426742553711,11.35783863067627,23.115657806396484,28.396493911743164
2012-06-04,157.32000732421875,89.91674041748047,19.156494140625,8.452025413513184,11.424643516540527,23.19234275817871,28.460472106933594
2012-06-05,157.13999938964844,88.71395874023438,19.320270538330078,8.591204643249512,11.495635032653809,23.164461135864258,28.620410919189453
2012-06-06,157.2100067138672,86.9410629272461,19.916688919067383,8.844259262084961,11.758702278137207,23.4781436920166,29.0682430267334
2012-06-07,154.5,87.07318878173828,19.929052352905273,8.837933540344238,11.700240135192871,23.561805725097656,29.084218978881836
2012-06-08,154.72999572753906,87.05233001708984,19.932147979736328,8.94548225402832,11.829689025878906,23.763959884643555,29.26015853881836
2012-06-11,155.36000061035156,87.4486083984375,19.660202026367188,8.780994415283203,11.662659645080566,23.65241813659668,29.004247665405273
2012-06-12,156.4600067138672,86.64910125732422,19.938325881958008,8.913846015930176,11.779579162597656,23.763959884643555,29.27614402770996
2012-06-13,157.1199951171875,87.50426483154297,19.684917449951172,8.882217407226562,11.708598136901855,23.729101181030273,29.244159698486328
2012-06-14,157.75,87.39298248291016,19.99394989013672,8.989768028259277,11.767048835754395,24.05673599243164,29.683979034423828
2012-06-15,157.83999633789062,87.87967681884766,20.376201629638672,9.115629196166992,11.8923921585083,24.096040725708008,29.795740127563477
2012-06-18,157.92999267578125,88.35247802734375,20.192995071411133,9.064775466918945,11.980422973632812,24.159210205078125,29.99673843383789
2012-06-19,157.16000366210938,87.19830322265625,20.484886169433594,9.217341423034668,12.07264232635498,24.138160705566406,30.270090103149414
2012-06-20,155.97000122070312,87.62937927246094,20.40414810180664,9.236410140991211,12.093603134155273,24.01181983947754,30.1896915435791
2012-06-21,152.02000427246094,88.09518432617188,19.56884765625,9.032992362976074,11.808553695678711,23.731056213378906,29.771617889404297
2012-06-22,152.63999938964844,86.9202651977539,19.699264526367188,9.115629196166992,11.93850326538086,23.80124855041504,30.085174560546875
2012-06-25,153.75999450683594,88.18557739257812,19.258333206176758,8.9249267578125,11.695371627807617,23.65384864807129,29.7153377532959
2012-06-26,152.6199951171875,87.83799743652344,19.466384887695312,8.969422340393066,11.741480827331543,23.709999084472656,29.80377960205078
2012-06-27,152.8300018310547,87.97700500488281,19.870052337646484,9.077486991882324,11.81274700164795,23.850379943847656,30.125354766845703
2012-06-28,151.0500030517578,88.19249725341797,20.006683349609375,9.071131706237793,11.71633243560791,23.955669403076172,29.98868751525879
2012-06-29,155.19000244140625,87.04540252685547,20.60908317565918,9.306333541870117,12.04329776763916,24.40487289428711,30.559526443481445
2012-07-02,155.08999633789062,87.94343566894531,20.61839485168457,9.363546371459961,12.110367774963379,24.54525375366211,30.65599822998047
2012-07-03,157.4600067138672,87.26762390136719,21.112123489379883,9.414398193359375,12.206783294677734,24.657560348510742,30.647953033447266
2012-07-05,155.67999267578125,87.7135009765625,20.835758209228516,9.274548530578613,12.206783294677734,24.56631851196289,30.45500373840332
2012-07-06,153.7100067138672,88.52873229980469,20.584245681762695,9.198270797729492,12.026529312133789,24.53822898864746,30.254018783569336
2012-07-09,154.0399932861328,89.30909729003906,20.491086959838867,9.185550689697266,12.001380920410156,24.510154724121094,30.414806365966797
2012-07-10,152.14999389648438,89.49028015136719,20.171260833740234,9.115629196166992,11.867238998413086,24.53822898864746,30.270090103149414
2012-07-11,152.99000549316406,89.60176849365234,20.44451141357422,9.191912651062012,11.81274700164795,24.503141403198242,30.245954513549805
2012-07-12,152.58999633789062,90.23577880859375,20.376201629638672,9.096555709838867,11.695371627807617,24.524192810058594,30.318334579467773
2012-07-13,154.13999938964844,89.99889373779297,20.733293533325195,9.350830078125,11.850470542907715,24.797937393188477,30.65599822998047
2012-07-16,154.2100067138672,90.41690063476562,20.801610946655273,9.33176040649414,11.837897300720215,24.671598434448242,30.71227264404297
2012-07-17,153.47000122070312,89.70626068115234,21.06244468688965,9.382615089416504,11.88400650024414,24.776880264282227,31.10622787475586
2012-07-18,153.0500030517578,89.75504302978516,21.24564552307129,9.338115692138672,12.089409828186035,24.78390884399414,31.154476165771484
2012-07-19,153.3800048828125,89.52505493164062,21.31085968017578,9.280908584594727,12.194208145141602,24.748804092407227,31.154476165771484
2012-07-20,153.6699981689453,90.61898040771484,21.360544204711914,9.141056060791016,12.055876731872559,24.594383239746094,30.752483367919922
2012-07-23,153.02999877929688,91.12760925292969,21.15559959411621,9.064775466918945,11.93850326538086,24.38382339477539,30.39067840576172
2012-07-24,153.52000427246094,91.84526824951172,20.8171329498291,9.039350509643555,11.816935539245605,24.30661392211914,30.053003311157227
2012-07-25,155.6699981689453,92.08216094970703,20.83265495300293,9.071131706237793,11.770827293395996,24.313627243041992,30.197717666625977
2012-07-26,156.77000427246094,91.23909759521484,21.425748825073242,9.210981369018555,11.951078414916992,24.713712692260742,30.487171173095703
2012-07-27,157.5399932861328,89.51810455322266,21.80457878112793,9.382615089416504,12.21097469329834,24.994474411010742,31.218799591064453
2012-07-30,157.42999267578125,90.18701171875,21.866680145263672,9.363546371459961,12.215163230895996,25.12080955505371,31.058000564575195
2012-07-31,156.49000549316406,90.36813354492188,21.62758445739746,9.319047927856445,12.26546859741211,25.008501052856445,30.865047454833984
2012-08-01,155.13999938964844,89.9163818359375,21.733158111572266,9.274548530578613,12.22354793548584,24.882164001464844,30.881128311157227
2012-08-02,154.1300048828125,90.42610931396484,21.369855880737305,9.204622268676758,12.143900871276855,24.678619384765625,30.58364486694336
2012-08-03,155.5500030517578,88.96680450439453,21.872892379760742,9.420751571655273,12.382844924926758,25.092737197875977,30.945436477661133
2012-08-06,156.3000030517578,89.00177764892578,21.931888580322266,9.458897590637207,12.47087287902832,25.078691482543945,30.95347785949707
2012-08-07,156.27999877929688,87.85667419433594,22.261045455932617,9.497038841247559,12.554709434509277,24.945331573486328,30.881128311157227
2012-08-08,156.47999572753906,87.388916015625,22.279672622680664,9.497038841247559,12.558902740478516,25.12080955505371,30.993675231933594
2012-08-09,156.99000549316406,87.32603454589844,22.43182373046875,9.490680694580078,12.600820541381836,25.015527725219727,30.977596282958984
2012-08-10,157.17999267578125,87.76586151123047,22.472196578979492,9.497038841247559,12.630160331726074,25.008501052856445,31.10622787475586
2012-08-13,155.99000549316406,87.6192855834961,22.388355255126953,9.503396987915039,12.667890548706055,25.001487731933594,31.02583885192871
2012-08-14,155.1300048828125,86.43229675292969,22.347993850708008,9.490680694580078,12.642736434936523,25.09975814819336,31.10622787475586
2012-08-15,155.6300048828125,85.21741485595703,22.344884872436523,9.52246379852295,12.646930694580078,25.11379051208496,31.178606033325195
2012-08-16,156.55999755859375,84.49128723144531,22.54361343383789,9.58603286743164,12.81879997253418,25.176959991455078,31.098201751708984
2012-08-17,156.72000122070312,84.90323638916016,22.5343017578125,9.617813110351562,12.89006519317627,25.19801902770996,30.93740463256836
2012-08-20,157.25999450683594,85.0777587890625,22.4566650390625,9.643243789672852,12.902637481689453,25.19801902770996,31.001712799072266
2012-08-21,158.8300018310547,85.45480346679688,22.38524627685547,9.675025939941406,12.81879997253418,25.043603897094727,30.897192001342773
2012-08-22,160.5399932861328,86.86518859863281,22.469091415405273,9.662313461303711,12.839759826660156,24.96639633178711,30.921314239501953
2012-08-23,161.88999938964844,87.22826385498047,22.220674514770508,9.566960334777832,12.734963417053223,24.76985740661621,30.881128311157227
2012-08-24,161.97000122070312,87.14452362060547,22.35109519958496,9.617813110351562,12.814604759216309,24.987451553344727,31.14642333984375
2012-08-27,161.36000061035156,87.65422058105469,22.360408782958984,9.611457824707031,12.827179908752441,25.02254295349121,31.178606033325195
2012-08-28,161.63999938964844,87.8636703491211,22.375930786132812,9.598746299743652,12.79784107208252,25.036575317382812,31.130353927612305
2012-08-29,160.58999633789062,87.47962951660156,22.226886749267578,9.617813110351562,12.822992324829102,24.980430603027344,31.23486328125
2012-08-30,160.52000427246094,87.93345642089844,21.99088478088379,9.566960334777832,12.680465698242188,24.882164001464844,31.130353927612305
2012-08-31,164.22000122070312,89.17630767822266,22.211355209350586,9.636887550354004,12.781071662902832,24.889188766479492,31.226837158203125
2012-09-04,164.47999572753906,89.08673095703125,22.040573120117188,9.636887550354004,12.781071662902832,25.036575317382812,31.2911434173584
2012-09-05,164.30999755859375,88.66693115234375,21.95673179626465,9.636887550354004,12.768495559692383,24.994474411010742,31.299192428588867
2012-09-06,164.88999938964844,87.1905288696289,22.419408798217773,9.865730285644531,13.053544044494629,25.303298950195312,31.797666549682617
2012-09-07,168.44000244140625,86.78466796875,22.807554244995117,9.967437744140625,13.03258228302002,25.09975814819336,31.78158950805664
2012-09-10,167.2899932861328,86.99461364746094,22.70818519592285,9.884799003601074,12.894251823425293,25.07166862487793,31.66902732849121
2012-09-11,167.89999389648438,86.44882202148438,22.950393676757812,9.967437744140625,12.927787780761719,24.994474411010742,31.685094833374023
2012-09-12,167.9199981689453,85.37129974365234,23.090124130249023,10.00557804107666,12.999051094055176,24.861101150512695,31.701189041137695
2012-09-13,171.30999755859375,85.03541564941406,23.465852737426758,10.266207695007324,13.1751070022583,25.303298950195312,32.02277755737305
2012-09-14,171.8000030517578,82.775390625,23.776369094848633,10.348843574523926,13.237988471984863,25.11379051208496,31.894140243530273
2012-09-17,170.39999389648438,83.76896667480469,23.596267700195312,10.253497123718262,13.250563621520996,25.183975219726562,32.079044342041016
2012-09-18,171.72000122070312,84.18879699707031,23.42858123779297,10.202641487121582,13.25894546508789,25.324356079101562,32.183570861816406
2012-09-19,171.74000549316406,84.74156951904297,23.201913833618164,10.196281433105469,13.271522521972656,25.394554138183594,32.215728759765625
2012-09-20,171.47000122070312,84.95147705078125,23.267120361328125,10.139074325561523,13.24637222290039,25.534931182861328,32.3524284362793
2012-09-21,171.9600067138672,85.04943084716797,23.29332160949707,10.10460376739502,13.263206481933594,25.418298721313477,32.472801208496094
2012-09-24,171.0500030517578,85.71411895751953,23.174802780151367,10.11098575592041,13.179020881652832,25.50312042236328,32.561676025390625
2012-09-25,170.77000427246094,86.56079864501953,22.922151565551758,9.95778751373291,12.993817329406738,25.326414108276367,32.537452697753906
2012-09-26,169.80999755859375,87.49137878417969,22.70381736755371,9.893956184387207,12.901217460632324,25.326414108276367,32.36775588989258
2012-09-27,172.33999633789062,86.8686294555664,23.012603759765625,9.983325004577637,13.069579124450684,25.411222457885742,32.55359649658203
2012-09-28,171.88999938964844,86.91761016845703,22.90343475341797,9.95140552520752,12.976980209350586,25.326414108276367,32.41623306274414
2012-10-01,172.2899932861328,87.2402114868164,23.018840789794922,9.996087074279785,12.947517395019531,25.488983154296875,32.610172271728516
2012-10-02,172.10000610351562,87.12103271484375,23.059389114379883,10.015238761901855,12.964354515075684,25.51019287109375,32.75559616088867
2012-10-03,172.41000366210938,87.14904022216797,22.775548934936523,10.10460376739502,13.03170108795166,25.587940216064453,33.03031539916992
2012-10-04,173.61000061035156,86.06220245361328,23.00324249267578,10.257797241210938,13.069579124450684,25.708101272583008,33.232295989990234
2012-10-05,172.6199951171875,84.94735717773438,22.95021629333496,10.251413345336914,13.002236366271973,25.807064056396484,33.264625549316406
2012-10-08,172.0500030517578,85.66253662109375,22.98764991760254,10.245034217834473,12.867538452148438,25.72930908203125,33.24038314819336
2012-10-09,170.99000549316406,85.50830841064453,23.018840789794922,10.18120002746582,12.703384399414062,25.48191261291504,32.83638381958008
2012-10-10,170.83999633789062,86.11128234863281,22.588403701782227,10.174816131591797,12.652873992919922,25.375883102416992,32.59400177001953
2012-10-11,171.32000732421875,86.70729064941406,22.756837844848633,10.23226547241211,12.602363586425781,25.31932830810547,32.61823272705078
2012-10-12,170.05999755859375,86.92464447021484,22.63207244873047,10.091837882995605,12.59394645690918,25.340545654296875,32.569759368896484
2012-10-15,168.35000610351562,86.72833251953125,22.747488021850586,10.206731796264648,12.657082557678223,25.51019287109375,33.038394927978516
2012-10-16,169.4199981689453,85.5293197631836,23.109291076660156,10.270565032958984,12.829659461975098,25.573808670043945,33.3939094543457
2012-10-17,169.5399932861328,84.7370376586914,23.399372100830078,10.40461540222168,12.762309074401855,25.6868953704834,33.3939094543457
2012-10-18,168.7899932861328,84.21810913085938,23.396251678466797,10.423760414123535,12.614988327026367,25.54552459716797,33.401973724365234
2012-10-19,166.97000122070312,85.36100769042969,23.028200149536133,10.283330917358398,12.328764915466309,25.241580963134766,32.804073333740234
2012-10-22,167.5800018310547,84.81412506103516,22.91280174255371,10.283330917358398,12.412948608398438,25.255722045898438,32.828304290771484
2012-10-23,165.42999267578125,86.02716064453125,22.37942886352539,10.11098575592041,12.278253555297852,24.916439056396484,32.39200973510742
2012-10-24,164.86000061035156,85.17871856689453,22.207876205444336,10.11098575592041,12.206693649291992,24.916439056396484,32.44856643676758
2012-10-25,166.02000427246094,84.74396514892578,22.416854858398438,10.136517524719238,12.181441307067871,25.071937561035156,32.70711135864258
2012-10-26,165.92999267578125,85.99207305908203,22.444931030273438,10.085450172424316,12.202485084533691,24.987117767333984,32.57783508300781
2012-10-31,166.8300018310547,86.49691772460938,22.438688278198242,10.14928913116455,12.1519775390625,25.015390396118164,32.34351348876953
2012-11-01,166.07000732421875,85.78878784179688,22.535383224487305,10.276946067810059,12.349804878234863,25.02952766418457,32.610172271728516
2012-11-02,162.60000610351562,85.72562408447266,22.16421890258789,10.213115692138672,12.189860343933105,24.881093978881836,32.43239974975586
2012-11-05,163.22999572753906,86.20945739746094,22.3326473236084,10.193968772888184,12.257208824157715,24.838674545288086,32.44856643676758
2012-11-06,166.3000030517578,85.39614868164062,22.69133949279785,10.308866500854492,12.311928749084473,25.022462844848633,32.48088455200195
2012-11-07,166.49000549316406,86.94574737548828,22.098711013793945,9.964173316955566,12.004655838012695,24.725582122802734,31.93953514099121
2012-11-08,167.99000549316406,88.23587799072266,21.699466705322266,9.88119125366211,11.832073211669922,24.45697593688965,31.559772491455078
2012-11-09,167.82000732421875,88.33403015136719,21.69322967529297,9.893956184387207,11.886797904968262,24.45697593688965,31.64866065979004
2012-11-12,167.4499969482422,88.48124694824219,21.736894607543945,9.913106918334961,11.869961738586426,24.45697593688965,31.810256958007812
2012-11-13,167.10000610351562,88.77577209472656,21.646446228027344,9.842890739440918,11.811028480529785,24.442848205566406,31.68906021118164
2012-11-14,167.13999938964844,88.85990905761719,21.384437561035156,9.67054557800293,11.693178176879883,24.174238204956055,31.309303283691406
2012-11-15,166.08999633789062,88.68458557128906,21.412508010864258,9.689695358276367,11.625826835632324,24.16716957092285,31.220430374145508
2012-11-16,165.8800048828125,88.60746765136719,21.496732711791992,9.75352668762207,11.64266300201416,24.322681427001953,31.454742431640625
2012-11-19,167.8699951171875,88.10967254638672,21.99266242980957,9.938638687133789,11.962564468383789,24.718517303466797,31.786022186279297
2012-11-20,167.38999938964844,87.22610473632812,21.905324935913086,9.989706039428711,11.912054061889648,24.810401916503906,31.963781356811523
2012-11-21,167.55999755859375,87.17707061767578,22.023849487304688,9.989706039428711,11.949935913085938,24.845746994018555,31.93953514099121
2012-11-23,169.61000061035156,87.09297180175781,22.33576774597168,10.11098575592041,12.143560409545898,25.213306427001953,32.335445404052734
2012-11-26,169.42999267578125,87.50666046142578,22.11742401123047,10.07268238067627,12.19827651977539,25.02952766418457,32.19001007080078
2012-11-27,168.7100067138672,87.8502197265625,21.933401107788086,9.983325004577637,12.143560409545898,25.00832176208496,31.996082305908203
2012-11-28,166.5500030517578,87.7239990234375,22.133018493652344,10.021621704101562,12.215115547180176,25.24864387512207,32.24658203125
2012-11-29,167.17999267578125,87.738037109375,22.18292808532715,10.07268238067627,12.274043083190918,25.38295555114746,32.472801208496094
2012-11-30,166.0500030517578,87.49962615966797,22.16421890258789,10.059922218322754,12.261418342590332,25.474842071533203,32.513214111328125
2012-12-03,166.1300048828125,87.5804443359375,22.04256248474121,10.021621704101562,12.244580268859863,25.375883102416992,32.44049072265625
2012-12-04,164.4199981689453,88.08627319335938,21.96147346496582,9.996087074279785,12.223532676696777,25.326414108276367,32.513214111328125
2012-12-05,164.1199951171875,88.0440902709961,22.114309310913086,10.117369651794434,12.10146427154541,25.36882209777832,32.61823272705078
2012-12-06,164.5,88.23377990722656,22.186037063598633,10.14928913116455,12.173020362854004,25.3970947265625,32.602073669433594
2012-12-07,165.16000366210938,87.41880798339844,22.320171356201172,10.23226547241211,12.109886169433594,25.573808670043945,32.70711135864258
2012-12-10,165.8000030517578,87.80522155761719,22.295211791992188,10.206731796264648,12.139349937438965,25.54552459716797,32.84446716308594
2012-12-11,165.64999389648438,87.13780212402344,22.426206588745117,10.257797241210938,12.303507804870605,25.559659957885742,33.19191360473633
2012-12-12,165.77000427246094,86.12616729736328,22.507305145263672,10.302483558654785,12.282464981079102,25.50312042236328,33.1434326171875
2012-12-13,164.3699951171875,86.18936157226562,22.298341751098633,10.251413345336914,12.19406795501709,25.460702896118164,32.860633850097656
2012-12-14,164.1300048828125,86.8357162475586,22.2141170501709,10.213115692138672,12.07620906829834,25.418298721313477,32.73134994506836
2012-12-17,164.44000244140625,85.53600311279297,22.416854858398438,10.423760414123535,12.223532676696777,25.474842071533203,32.989906311035156
2012-12-18,162.0800018310547,84.66481018066406,22.828575134277344,10.576961517333984,12.404526710510254,25.467771530151367,33.248477935791016
2012-12-19,161.69000244140625,84.94586944580078,22.672624588012695,10.51312255859375,12.341390609741211,25.213306427001953,32.892940521240234
2012-12-20,159.72999572753906,84.95989227294922,22.82546043395996,10.659944534301758,12.362436294555664,25.354673385620117,32.941429138183594
2012-12-21,160.3300018310547,85.88725280761719,22.59378433227539,10.534046173095703,12.255757331848145,25.138809204101562,32.66441345214844
2012-12-24,160.6199951171875,85.73270416259766,22.421361923217773,10.514774322509766,12.221887588500977,25.060195922851562,32.53444290161133
2012-12-26,160.77999877929688,86.04107666015625,22.32103729248047,10.514774322509766,12.154154777526855,24.84575080871582,32.42073059082031
2012-12-27,161.16000366210938,86.32975006103516,22.280284881591797,10.476239204406738,12.14145565032959,24.88865089416504,32.37196350097656
2012-12-28,160.5399932861328,86.82266998291016,21.89154815673828,10.392739295959473,12.005983352661133,24.624176025390625,32.05515670776367
2012-12-31,162.02000427246094,85.32293701171875,22.3900089263916,10.52762222290039,12.213420867919922,24.945831298828125,32.39634323120117
2013-01-02,163.1699981689453,84.18226623535156,22.885334014892578,10.835939407348633,12.619830131530762,25.589130401611328,33.03810119628906
2013-01-03,161.1999969482422,83.04161071777344,22.87906265258789,10.82309341430664,12.539396286010742,25.52479362487793,33.07870864868164
2013-01-04,160.44000244140625,83.36553192138672,23.132993698120117,10.951554298400879,12.488594055175781,25.596271514892578,33.22494125366211
2013-01-07,159.42999267578125,83.40071868896484,22.954296112060547,10.925861358642578,12.471658706665039,25.42473030090332,33.33053970336914
2013-01-08,160.55999755859375,83.94989013671875,22.87906265258789,10.893750190734863,12.425091743469238,25.353248596191406,33.33865737915039
2013-01-09,160.49000549316406,83.87249755859375,22.84144401550293,10.880901336669922,12.446257591247559,25.41043472290039,33.70423126220703
2013-01-10,161.97999572753906,83.6401138305664,23.048351287841797,11.015789985656738,12.50976276397705,25.5605411529541,33.93981170654297
2013-01-11,161.05999755859375,84.38648223876953,23.076568603515625,10.990095138549805,12.526697158813477,25.67490005493164,33.93168258666992
2013-01-14,161.5399932861328,84.15409851074219,23.079708099365234,10.957978248596191,12.446257591247559,25.753520965576172,33.96417236328125
2013-01-15,162.55999755859375,84.54137420654297,23.183156967163086,11.00294017791748,12.365825653076172,25.8321533203125,33.92354965209961
2013-01-16,162.64999389648438,84.71736145019531,23.28661346435547,11.009363174438477,12.408158302307129,25.796419143676758,33.85044860839844
2013-01-17,163.35000610351562,83.87249755859375,23.433956146240234,11.00294017791748,12.458959579467773,25.96796417236328,34.15100860595703
2013-01-18,163.08999633789062,84.52024841308594,23.665937423706055,11.015789985656738,12.44202709197998,26.075178146362305,34.26474380493164
2013-01-22,163.6699981689453,84.6821517944336,23.891658782958984,11.118556022644043,12.475890159606934,26.082324981689453,34.36222457885742
2013-01-23,163.2100067138672,84.55545806884766,23.81015396118164,11.112135887145996,12.607128143310547,26.075178146362305,34.32160949707031
2013-01-24,161.4199981689453,84.25971221923828,23.879119873046875,11.169944763183594,12.39122486114502,26.14665412902832,34.54095458984375
2013-01-25,160.64999389648438,83.10498809814453,24.10484504699707,11.221328735351562,12.403923988342285,26.275312423706055,34.80900955200195
2013-01-28,160.2899932861328,82.80221557617188,24.064088821411133,11.176363945007324,12.446257591247559,26.296764373779297,34.68716049194336
2013-01-29,160.99000549316406,82.34455871582031,24.45282554626465,11.221328735351562,12.463193893432617,26.439720153808594,35.06084060668945
2013-01-30,162.19000244140625,82.20374298095703,24.330562591552734,11.169944763183594,12.425091743469238,26.38968276977539,34.95524597167969
2013-01-31,161.1999969482422,82.60511016845703,24.249052047729492,11.163519859313965,12.446257591247559,26.353939056396484,34.85775375366211
2013-02-01,161.4499969482422,81.53250885009766,24.474773406982422,11.311258316040039,12.585960388183594,26.568376541137695,35.13395690917969
2013-02-04,162.0,82.57684326171875,24.24277687072754,11.182790756225586,12.420857429504395,26.318206787109375,34.744022369384766
2013-02-05,161.9600067138672,81.84296417236328,24.45282554626465,11.291979789733887,12.564793586730957,26.632707595825195,35.12582015991211
2013-02-06,162.38999938964844,82.51338195800781,24.468496322631836,11.311258316040039,12.560561180114746,26.668447494506836,35.11770248413086
2013-02-07,161.83999633789062,82.32986450195312,24.405805587768555,11.279135704040527,12.560561180114746,26.811397552490234,34.98773193359375
2013-02-08,161.57000732421875,82.64741516113281,24.63465118408203,11.304830551147461,12.670632362365723,26.789968490600586,35.24768829345703
2013-02-11,159.6999969482422,82.58393096923828,24.512393951416016,11.356216430664062,12.696033477783203,26.789968490600586,35.1745719909668
2013-02-12,159.88999938964844,82.3792724609375,24.578218460083008,11.44614315032959,12.653696060180664,26.76137351989746,35.13395690917969
2013-02-13,159.0500030517578,81.70890045166016,24.666011810302734,11.42044734954834,12.649459838867188,26.789968490600586,35.109588623046875
2013-02-14,158.35000610351562,82.44982147216797,24.879182815551758,11.458988189697266,12.615593910217285,26.847143173217773,35.18268966674805
2013-02-15,155.75999450683594,82.20990753173828,24.593902587890625,11.407602310180664,12.607128143310547,26.88287925720215,35.263919830322266
2013-02-19,155.3300018310547,81.80065155029297,24.879182815551758,11.516796112060547,12.691795349121094,27.154504776000977,35.4832649230957
2013-02-20,151.44000244140625,82.04759979248047,24.358776092529297,11.343374252319336,12.518227577209473,27.104459762573242,35.25580596923828
2013-02-21,152.6199951171875,82.52747344970703,24.18947982788086,11.253445625305176,12.4166259765625,27.19024085998535,35.09333801269531
2013-02-22,152.97000122070312,82.58393096923828,24.443416595458984,11.394758224487305,12.569029808044434,27.34748077392578,35.24768829345703
2013-02-25,154.33999633789062,84.20694732666016,23.803884506225586,11.086441040039062,12.39122486114502,26.97580337524414,34.85775375366211
2013-02-26,156.22000122070312,83.72003173828125,24.03900909423828,11.144248962402344,12.463193893432617,27.040132522583008,34.947105407714844
2013-02-27,154.57000732421875,83.47305297851562,24.405805587768555,11.317672729492188,12.569029808044434,27.240270614624023,35.32892990112305
2013-02-28,153.0,83.6283187866211,24.35563850402832,11.298407554626465,12.54362678527832,27.225971221923828,35.296417236328125
2013-03-01,152.44000244140625,84.0837173461914,24.386991500854492,11.330523490905762,12.564793586730957,27.31890106201172,35.56449890136719
2013-03-04,152.3000030517578,83.63822174072266,24.33369255065918,11.426870346069336,12.60289478302002,27.526180267333984,35.75945281982422
2013-03-05,152.3800048828125,83.39776611328125,24.490447998046875,11.52321720123291,12.776466369628906,27.619098663330078,36.068145751953125
2013-03-06,153.22999572753906,82.64111328125,24.51866340637207,11.600296020507812,12.7680025100708,27.55476951599121,36.141258239746094
2013-03-07,152.69000244140625,82.00458526611328,24.644058227539062,11.683797836303711,12.797633171081543,27.55476951599121,36.11688995361328
2013-03-08,152.7100067138672,81.1489028930664,24.76319122314453,11.715913772583008,12.82303524017334,27.604814529418945,36.181880950927734
2013-03-11,152.99000549316406,81.22671508789062,24.775726318359375,11.805837631225586,12.852666854858398,27.633411407470703,36.36872863769531
2013-03-12,154.19000244140625,81.81363677978516,24.803937911987305,11.741609573364258,12.80610179901123,27.604814529418945,36.53120040893555
2013-03-13,153.66000366210938,81.72880554199219,24.747522354125977,11.773726463317871,12.797633171081543,27.676284790039062,36.53931427001953
2013-03-14,153.67999267578125,81.48127746582031,25.08608627319336,11.850800514221191,12.890768051147461,27.76921272277832,36.57181167602539
2013-03-15,154.0,81.86319732666016,25.06624984741211,11.890758514404297,12.83720874786377,27.64781951904297,36.49348068237305
2013-03-18,155.3800048828125,82.48545837402344,24.864717483520508,11.774752616882324,12.84145736694336,27.56161880493164,36.256874084472656
2013-03-19,156.0800018310547,83.04421997070312,24.590740203857422,11.710306167602539,12.824454307556152,27.791475296020508,36.2813606262207
2013-03-20,155.3699951171875,82.11772155761719,24.72930145263672,11.787641525268555,12.888216972351074,28.05725860595703,36.583229064941406
2013-03-21,156.25,82.90980529785156,24.603343963623047,11.645854949951172,12.743691444396973,27.971052169799805,36.379276275634766
2013-03-22,155.5500030517578,82.97346496582031,24.7985897064209,11.716750144958496,12.824454307556152,28.229652404785156,36.656646728515625
2013-03-25,155.24000549316406,82.89567565917969,24.704116821289062,11.684523582458496,12.794703483581543,28.208097457885742,36.550594329833984
2013-03-26,154.72000122070312,82.99465942382812,24.965484619140625,11.761862754821777,12.875466346740723,28.4738712310791,36.97483825683594
2013-03-27,155.36000061035156,83.7018051147461,25.04735565185547,11.703861236572266,12.84145736694336,28.45233726501465,37.16250228881836
2013-03-28,154.4499969482422,83.27753448486328,24.974933624267578,11.736083030700684,12.866962432861328,28.56724739074707,37.488834381103516
2013-04-01,154.6699981689453,83.90474700927734,24.924545288085938,11.678080558776855,12.781947135925293,28.55288314819336,37.586734771728516
2013-04-02,152.42999267578125,83.56455993652344,24.782835006713867,11.748978614807129,12.832956314086914,28.861766815185547,38.133358001708984
2013-04-03,150.72999572753906,84.3157958984375,24.319931030273438,11.55562686920166,12.730938911437988,28.54570960998535,37.90492630004883
2013-04-04,150.2899932861328,85.3221664428711,24.288442611694336,11.658744812011719,12.735189437866211,28.696557998657227,38.076263427734375
2013-04-05,152.80999755859375,87.04436492919922,24.34197425842285,11.620073318481445,12.637423515319824,28.488239288330078,37.86412811279297
2013-04-08,152.16000366210938,86.37815856933594,24.50572395324707,11.736083030700684,12.692683219909668,28.811479568481445,37.89676284790039
2013-04-09,153.33999633789062,86.16554260253906,24.71355438232422,11.768309593200684,12.781947135925293,28.78275489807129,38.0191535949707
2013-04-10,150.75,84.98197937011719,24.8458309173584,11.929429054260254,13.007240295410156,28.998233795166016,38.65550231933594
2013-04-11,151.0500030517578,85.14498138427734,24.952882766723633,11.955207824707031,12.964733123779297,29.134721755981445,39.03081130981445
2013-04-12,143.9499969482422,86.4135513305664,24.562408447265625,11.903650283813477,12.909469604492188,29.24247169494629,39.10422897338867
2013-04-15,131.30999755859375,87.16484069824219,23.56101417541504,11.652300834655762,12.69693374633789,28.775562286376953,38.394439697265625
2013-04-16,132.8000030517578,86.44900512695312,23.850732803344727,11.832755088806152,12.85421085357666,29.314289093017578,38.9492301940918
2013-04-17,132.8699951171875,87.02313995361328,23.32798957824707,11.613629341125488,12.590669631958008,29.062885284423828,38.76974105834961
2013-04-18,134.3000030517578,87.23574829101562,23.52637481689453,11.491177558898926,12.458892822265625,29.005435943603516,38.296531677246094
2013-04-19,135.47000122070312,87.05148315429688,23.479148864746094,11.652300834655762,12.475895881652832,29.45796012878418,38.834991455078125
2013-04-22,137.89999389648438,87.1152114868164,23.731067657470703,11.665188789367676,12.573661804199219,29.52979278564453,39.071598052978516
2013-04-23,136.8800048828125,86.81044006347656,24.00502586364746,11.877869606018066,12.709683418273926,29.75966453552246,39.31635665893555
2013-04-24,138.3699951171875,87.03018951416016,24.326231002807617,11.948765754699707,12.730938911437988,29.285566329956055,38.63920593261719
2013-04-25,141.6300048828125,86.65458679199219,24.345121383666992,12.019657135009766,12.77344799041748,29.37894058227539,38.79420471191406
2013-04-26,140.91000366210938,87.44832611083984,24.304187774658203,11.968099594116211,12.769197463989258,29.37175941467285,38.78606033325195
2013-04-29,142.3000030517578,87.12934112548828,24.549808502197266,12.019657135009766,12.951980590820312,29.465137481689453,38.90842819213867
2013-04-30,142.77000427246094,87.17900085449219,24.647428512573242,12.051883697509766,13.092254638671875,29.407676696777344,38.614715576171875
2013-05-01,141.11000061035156,88.07459259033203,24.263242721557617,11.91654109954834,12.977483749389648,29.37894058227539,38.20679473876953
2013-05-02,141.9199981689453,87.96098327636719,24.581296920776367,12.019657135009766,13.143259048461914,29.48670196533203,38.63105010986328
2013-05-03,142.08999633789062,85.88713073730469,25.025314331054688,12.148555755615234,13.266535758972168,29.615991592407227,38.89210510253906
2013-05-06,142.14999389648438,85.67406463623047,25.195375442504883,12.277451515197754,13.330293655395508,29.400495529174805,38.63920593261719
2013-05-07,140.3800048828125,85.34027862548828,25.390600204467773,12.341902732849121,13.321792602539062,29.62318229675293,38.76157760620117
2013-05-08,142.4600067138672,85.47518920898438,25.43153953552246,12.445015907287598,13.428058624267578,29.659086227416992,38.87580490112305
2013-05-09,140.80999755859375,85.2550277709961,25.40950584411621,12.354792594909668,13.389805793762207,29.45077896118164,38.924739837646484
2013-05-10,139.60000610351562,84.33881378173828,25.277240753173828,12.406350135803223,13.428058624267578,29.565704345703125,39.3082160949707
2013-05-13,138.42999267578125,83.69255065917969,25.274084091186523,12.445015907287598,13.39405345916748,29.615991592407227,39.6345329284668
2013-05-14,137.80999755859375,82.78346252441406,25.63306999206543,12.657700538635254,13.436558723449707,29.96796226501465,40.03431701660156
2013-05-15,134.6300048828125,83.33745574951172,25.56065559387207,12.773704528808594,13.4790678024292,30.262466430664062,40.246429443359375
2013-05-16,134.08999633789062,84.20386505126953,25.434680938720703,12.689924240112305,13.551329612731934,30.0828914642334,39.83034133911133
2013-05-17,131.07000732421875,83.13856506347656,25.859804153442383,12.857488632202148,13.687356948852539,30.125991821289062,40.05878829956055
2013-05-20,135.1199951171875,83.03913116455078,26.22509002685547,12.883269309997559,13.687356948852539,29.81711196899414,39.781394958496094
2013-05-21,132.8800048828125,83.69255065917969,26.17155647277832,12.915491104125977,13.644852638244629,29.845844268798828,40.213802337646484
2013-05-22,131.94000244140625,82.44964599609375,25.869253158569336,12.780150413513184,13.496075630187988,29.795568466186523,40.213802337646484
2013-05-23,134.61000061035156,82.84026336669922,25.88185691833496,12.702813148498535,13.491820335388184,29.6734619140625,40.19749069213867
2013-05-24,133.75999450683594,82.95389556884766,25.730693817138672,12.71570110321045,13.47056770324707,29.953598022460938,40.075111389160156
2013-05-28,133.49000549316406,80.85162353515625,26.00152015686035,12.844597816467285,13.534331321716309,30.00386619567871,40.4830322265625
2013-05-29,134.8300018310547,81.76073455810547,25.944828033447266,12.844597816467285,13.500321388244629,29.429231643676758,39.8466682434082
2013-05-30,136.6999969482422,81.56184387207031,25.885009765625,12.999272346496582,13.585332870483398,29.314289093017578,40.13221740722656
2013-05-31,133.9199981689453,81.28487396240234,25.349660873413086,12.78659439086914,13.457816123962402,28.76837921142578,39.25109100341797
2013-06-03,136.50999450683594,81.71560668945312,25.59528923034668,12.799484252929688,13.525830268859863,29.084442138671875,39.463226318359375
2013-06-04,135.22999572753906,80.96097564697266,25.393753051757812,12.683473587036133,13.466317176818848,29.091615676879883,39.21847152709961
2013-06-05,135.52000427246094,82.07868194580078,25.09774398803711,12.477241516113281,13.33454704284668,28.73964500427246,38.6473503112793
2013-06-06,136.52999877929688,82.02886199951172,25.28667640686035,12.651249885559082,13.364302635192871,28.861766815185547,39.21031188964844
2013-06-07,133.27999877929688,80.56228637695312,25.6047306060791,12.870380401611328,13.48757266998291,29.220914840698242,39.569278717041016
2013-06-10,133.94000244140625,80.17782592773438,25.53230857849121,12.876824378967285,13.51732349395752,29.220914840698242,39.62637710571289
2013-06-11,133.25,81.1318130493164,25.144969940185547,12.664143562316895,13.377054214477539,29.149080276489258,39.463226318359375
2013-06-12,134.25,79.97138977050781,24.990676879882812,12.528800964355469,13.287787437438965,29.005435943603516,39.06344223022461
2013-06-13,133.74000549316406,81.22444152832031,25.40950584411621,12.767264366149902,13.440814018249512,29.307113647460938,39.667171478271484
2013-06-14,134.42999267578125,81.03215789794922,25.163867950439453,12.599693298339844,13.33879566192627,29.235280990600586,39.60191345214844
2013-06-17,133.77000427246094,80.60497283935547,25.526010513305664,12.722149848937988,13.462067604064941,29.493873596191406,39.6916618347168
2013-06-18,132.1300048828125,80.64773559570312,25.670862197875977,12.805926322937012,13.56833553314209,29.601613998413086,40.02616500854492
2013-06-19,130.58999633789062,79.81475067138672,25.434680938720703,12.631918907165527,13.411056518554688,29.01260757446289,39.38978576660156
2013-06-20,123.5999984741211,78.50484466552734,24.691516876220703,12.361233711242676,13.113506317138672,28.136268615722656,38.378116607666016
2013-06-21,125.05000305175781,77.17345428466797,24.733917236328125,12.372235298156738,13.034473419189453,28.507888793945312,38.756752014160156
2013-06-24,123.93000030517578,77.49385833740234,24.36687660217285,12.152229309082031,12.876398086547852,28.39220428466797,38.428932189941406
2013-06-25,123.47000122070312,76.80327606201172,24.680124282836914,12.378705024719238,12.98320484161377,28.435588836669922,38.62561798095703
2013-06-26,118.27999877929688,77.30158996582031,24.83200454711914,12.501651763916016,13.060103416442871,28.73202133178711,39.18292999267578
2013-06-27,115.94000244140625,78.09188079833984,24.879467010498047,12.66342544555664,13.124189376831055,28.862157821655273,39.3222541809082
2013-06-28,119.11000061035156,78.62581634521484,24.775053024291992,12.585773468017578,13.068649291992188,28.68140983581543,39.019020080566406
2013-07-01,121.12999725341797,78.78421020507812,24.952241897583008,12.62459659576416,13.137006759643555,28.891069412231445,39.12556076049805
2013-07-02,120.05000305175781,78.73426055908203,25.00603485107422,12.637540817260742,13.158361434936523,28.927217483520508,39.0435905456543
2013-07-03,120.73999786376953,78.49877166748047,24.99021339416504,12.598715782165527,13.23526382446289,28.8693904876709,38.986244201660156
2013-07-05,118.08999633789062,75.82295989990234,25.30029296875,12.825194358825684,13.320707321166992,28.941688537597656,39.518951416015625
2013-07-08,119.51000213623047,76.55786895751953,25.464826583862305,12.922257423400879,13.312162399291992,29.23088836669922,39.74022674560547
2013-07-09,120.62000274658203,76.63642120361328,25.72429084777832,13.032259941101074,13.363430976867676,29.447784423828125,39.85496139526367
2013-07-10,120.94999694824219,76.03704071044922,25.56608772277832,12.954609870910645,13.406150817871094,29.483930587768555,40.117210388183594
2013-07-11,124.23999786376953,76.92899322509766,25.771747589111328,13.077559471130371,13.632577896118164,29.9466495513916,40.6335334777832
2013-07-12,124.12999725341797,76.86475372314453,25.917293548583984,13.168147087097168,13.641121864318848,29.953901290893555,40.879417419433594
2013-07-15,124.18000030517578,77.271484375,25.895145416259766,13.226386070251465,13.679571151733398,29.99726104736328,40.92036819458008
2013-07-16,124.88999938964844,77.53550720214844,25.7369441986084,13.174616813659668,13.688119888305664,29.888813018798828,40.682708740234375
2013-07-17,123.31999969482422,77.67819213867188,25.850847244262695,13.232852935791016,13.70093059539795,29.9466495513916,40.789241790771484
2013-07-18,124.01000213623047,76.70775604248047,26.126131057739258,13.407565116882324,13.666757583618164,30.047882080078125,40.90398406982422
2013-07-19,125.11000061035156,77.9207534790039,26.490005493164062,13.414042472839355,13.436059951782227,30.221391677856445,41.44489669799805
2013-07-22,128.83999633789062,78.03498077392578,26.404573440551758,13.50462818145752,13.474509239196777,30.156328201293945,41.649776458740234
2013-07-23,129.7100067138672,77.70674896240234,26.448862075805664,13.452865600585938,13.418972969055176,30.09848976135254,41.502262115478516
2013-07-24,127.4800033569336,76.72206115722656,26.154598236083984,13.355802536010742,13.508683204650879,29.903282165527344,41.43669128417969
2013-07-25,128.6699981689453,76.69352722167969,26.328630447387695,13.36874771118164,13.517228126525879,30.062332153320312,41.64158630371094
2013-07-26,128.77999877929688,77.1644287109375,26.26219367980957,13.355802536010742,13.555679321289062,30.026174545288086,41.912044525146484
2013-07-29,128.47000122070312,76.60076141357422,26.043867111206055,13.25873851776123,13.534320831298828,29.961116790771484,41.78911209106445
2013-07-30,128.1199951171875,76.57218170166016,25.993244171142578,13.25226879119873,13.60267162322998,29.932201385498047,41.79730987548828
2013-07-31,127.95999908447266,76.85049438476562,26.07866668701172,13.25873851776123,13.555679321289062,29.924972534179688,41.813697814941406
2013-08-01,126.61000061035156,75.36971282958984,26.502656936645508,13.47227668762207,13.70093059539795,30.17078971862793,42.07594680786133
2013-08-02,126.36000061035156,76.19953155517578,26.38559341430664,13.46580696105957,13.760744094848633,30.185251235961914,42.09233856201172
2013-08-05,125.69999694824219,75.61296081542969,26.322307586669922,13.439920425415039,13.790650367736816,30.206941604614258,42.03496170043945
2013-08-06,123.97000122070312,75.83468627929688,26.16092872619629,13.316973686218262,13.718023300170898,30.17078971862793,41.838279724121094
2013-08-07,124.1500015258789,76.39977264404297,26.06917381286621,13.226386070251465,13.68384075164795,30.026174545288086,41.87104415893555
2013-08-08,126.86000061035156,76.60726165771484,26.21156120300293,13.25873851776123,13.726568222045898,30.185251235961914,41.87104415893555
2013-08-09,126.86000061035156,76.7288589477539,26.132457733154297,13.213445663452148,13.658211708068848,30.055097579956055,41.72352981567383
2013-08-12,129.1300048828125,76.20664978027344,26.02172088623047,13.161677360534668,13.747931480407715,29.968347549438477,41.55144119262695
2013-08-13,127.73999786376953,75.10502624511719,26.06917381286621,13.226386070251465,13.841917037963867,29.99004364013672,41.7071418762207
2013-08-14,129.0,75.21946716308594,25.948938369750977,13.174616813659668,13.829100608825684,29.780364990234375,41.37934875488281
2013-08-15,131.69000244140625,74.20367431640625,25.806560516357422,12.980494499206543,13.606945991516113,29.303190231323242,40.682708740234375
2013-08-16,132.5800018310547,73.9461441040039,25.7021427154541,12.954609870910645,13.594128608703613,29.129671096801758,40.49422073364258
2013-08-19,132.00999450683594,73.30229949951172,25.293970108032227,12.786367416381836,13.551406860351562,28.999530792236328,40.5679817199707
2013-08-20,132.4499969482422,73.86748504638672,25.44900894165039,12.909313201904297,13.572766304016113,29.00676155090332,40.682708740234375
2013-08-21,132.07000732421875,73.05908966064453,25.309785842895508,12.818724632263184,13.542860984802246,28.782623291015625,40.43682861328125
2013-08-22,132.80999755859375,73.80308532714844,25.68631935119629,12.967548370361328,13.60267162322998,28.90553855895996,40.699100494384766
2013-08-23,134.89999389648438,74.6042709350586,25.869827270507812,12.980494499206543,13.70093059539795,29.071826934814453,40.80564498901367
2013-08-26,135.4499969482422,74.97624206542969,25.825529098510742,12.896371841430664,13.636850357055664,28.73202133178711,40.86301040649414
2013-08-27,136.75,75.92048645019531,25.664167404174805,12.585773468017578,13.397605895996094,28.580196380615234,40.19916534423828
2013-08-28,136.7100067138672,75.3052978515625,26.091318130493164,12.605185508728027,13.406150817871094,28.363292694091797,40.37126541137695
2013-08-29,135.8699951171875,75.90618133544922,25.819211959838867,12.637540817260742,13.478779792785645,28.478973388671875,40.49422073364258
2013-08-30,134.6199951171875,75.82038879394531,25.80971336364746,12.579302787780762,13.414693832397461,28.565723419189453,40.338497161865234
2013-09-03,136.4199981689453,74.75098419189453,25.999561309814453,12.682835578918457,13.427513122558594,28.544034957885742,40.60075378417969
2013-09-04,134.66000366210938,74.58601379394531,26.138778686523438,12.779897689819336,13.555679321289062,28.724790573120117,41.06791687011719
2013-09-05,132.1999969482422,73.54600524902344,26.22738265991211,12.81225299835205,13.564227104187012,28.68140983581543,41.12527847290039
2013-09-06,134.14999389648438,73.91178894042969,26.224218368530273,12.81225299835205,13.572766304016113,28.753707885742188,41.141658782958984
2013-09-09,133.91000366210938,73.94767761230469,26.51848602294922,12.961082458496094,13.735111236572266,28.956144332885742,41.395721435546875
2013-09-10,131.74000549316406,73.43123626708984,26.527976989746094,13.116382598876953,13.820552825927734,28.985069274902344,41.65797424316406
2013-09-11,131.6999969482422,74.08396911621094,26.730485916137695,13.129323959350586,13.75647258758545,29.194744110107422,41.93662643432617
2013-09-12,127.66999816894531,73.98351287841797,26.57227325439453,13.032259941101074,13.769289016723633,29.201961517333984,41.87104415893555
2013-09-13,127.81999969482422,74.27044677734375,26.562780380249023,13.071083068847656,13.782100677490234,29.440563201904297,41.96940612792969
2013-09-16,126.44999694824219,73.77555084228516,26.556447982788086,13.213445663452148,13.760744094848633,29.708065032958984,42.346405029296875
2013-09-17,126.5,74.38516235351562,26.676687240600586,13.27815055847168,13.829100608825684,29.809289932250977,42.37099075317383
2013-09-18,132.00999450683594,75.30325317382812,26.999433517456055,13.39462661743164,14.004262924194336,30.16355323791504,42.633262634277344
2013-09-19,131.75,74.85852813720703,26.9329776763916,13.342863082885742,14.012802124023438,30.026174545288086,42.493927001953125
2013-09-20,127.95999908447266,75.25299072265625,26.714601516723633,13.272049903869629,13.9132080078125,29.815929412841797,42.41411209106445
2013-09-23,127.55000305175781,75.80531311035156,26.584272384643555,13.083657264709473,13.956140518188477,29.684951782226562,42.11785125732422
2013-09-24,127.66000366210938,76.6229248046875,26.609697341918945,12.9992036819458,13.896037101745605,29.546714782714844,41.90388107299805
2013-09-25,128.7899932861328,76.78076171875,26.603334426879883,13.07066535949707,13.8745698928833,29.299346923828125,41.574703216552734
2013-09-26,127.79000091552734,76.24285125732422,26.651025772094727,13.07066535949707,13.9260892868042,29.45213508605957,41.722843170166016
2013-09-27,128.97000122070312,76.4293441772461,26.558835983276367,13.025188446044922,13.840231895446777,29.270246505737305,41.722843170166016
2013-09-30,128.17999267578125,76.31456756591797,26.35539436340332,12.934242248535156,13.754373550415039,28.95738983154297,41.63230895996094
2013-10-01,124.58999633789062,76.0830078125,26.52387046813965,13.025188446044922,13.8745698928833,29.13200569152832,42.15900802612305
2013-10-02,127.05999755859375,76.19804382324219,26.584272384643555,13.01869010925293,13.878867149353027,29.0665225982666,42.06022644042969
2013-10-03,127.18000030517578,76.07582092285156,26.35221290588379,12.921247482299805,13.7586669921875,28.921010971069336,41.68991470336914
2013-10-04,126.52999877929688,76.01827239990234,26.619234085083008,13.025188446044922,13.814476013183594,28.96466636657715,42.15076446533203
2013-10-07,127.63999938964844,76.32743072509766,26.3998966217041,12.875774383544922,13.754373550415039,28.870079040527344,41.68168640136719
2013-10-08,127.4000015258789,76.34908294677734,26.116987228393555,12.713364601135254,13.535439491271973,28.870079040527344,41.080936431884766
2013-10-09,126.11000061035156,75.73782348632812,26.024803161621094,12.758841514587402,13.586955070495605,28.891908645629883,41.006874084472656
2013-10-10,124.2699966430664,75.8600845336914,26.50798225402832,13.122632026672363,13.814476013183594,29.430313110351562,41.961490631103516
2013-10-11,122.5999984741211,75.83850860595703,26.79405975341797,13.194097518920898,13.930383682250977,29.517620086669922,42.15900802612305
2013-10-14,122.83000183105469,75.2272720336914,26.975263595581055,13.25905704498291,13.9776029586792,29.641300201416016,42.46348571777344
2013-10-15,123.7300033569336,75.17692565917969,26.87672233581543,13.161613464355469,13.891741752624512,29.372085571289062,42.19190979003906
2013-10-16,123.54000091552734,76.11894989013672,27.28042221069336,13.44095230102539,14.024823188781738,29.80864715576172,43.05598449707031
2013-10-17,127.41999816894531,76.809326171875,27.3376407623291,13.557889938354492,14.029118537902832,30.143333435058594,43.41808319091797
2013-10-18,126.8499984741211,76.9747314453125,27.636444091796875,13.583876609802246,14.26952075958252,30.18698501586914,43.24527359008789
2013-10-21,126.9800033569336,76.73018646240234,27.512479782104492,13.557889938354492,14.346786499023438,30.121492385864258,43.023067474365234
2013-10-22,129.33999633789062,77.58597564697266,27.665050506591797,13.583876609802246,14.342499732971191,30.49982261657715,43.42631912231445
2013-10-23,128.69000244140625,77.88800811767578,27.232730865478516,13.47343635559082,14.273812294006348,30.558034896850586,43.344017028808594
2013-10-24,129.89999389648438,77.58597564697266,27.363065719604492,13.492925643920898,14.308149337768555,30.49982261657715,43.344017028808594
2013-10-25,130.4600067138672,77.87357330322266,27.52836036682129,13.551399230957031,14.381131172180176,30.572595596313477,43.40162658691406
2013-10-28,130.55999755859375,77.60753631591797,27.550626754760742,13.518915176391602,14.428357124328613,30.972753524780273,43.549739837646484
2013-10-29,129.77000427246094,77.7082290649414,27.74453353881836,13.557889938354492,14.52280330657959,31.241966247558594,43.83778762817383
2013-10-30,129.60000610351562,77.24075317382812,27.55697250366211,13.505919456481934,14.492748260498047,30.972753524780273,43.599124908447266
2013-10-31,127.73999786376953,77.40613555908203,27.46161651611328,13.36300277709961,14.445523262023926,30.81268882751465,43.42631912231445
2013-11-01,126.94999694824219,76.56829833984375,27.363065719604492,13.395484924316406,14.449816703796387,30.929107666015625,43.71433639526367
2013-11-04,126.80999755859375,76.64041137695312,27.703205108642578,13.4019775390625,14.50562858581543,30.95821189880371,43.747249603271484
2013-11-05,126.55999755859375,75.72467041015625,27.452068328857422,13.33051872253418,14.466995239257812,31.016407012939453,43.599124908447266
2013-11-06,127.19999694824219,75.76074981689453,27.53472900390625,13.395484924316406,14.612948417663574,31.351106643676758,43.50038528442383
2013-11-07,126.16000366210938,76.4024658203125,27.1087703704834,13.246062278747559,14.42405891418457,30.89273452758789,43.11359786987305
2013-11-08,124.27999877929688,74.56380462646484,27.512479782104492,13.551399230957031,14.552847862243652,31.045515060424805,43.747249603271484
2013-11-11,123.87000274658203,74.28257751464844,27.563337326049805,13.557889938354492,14.570015907287598,30.950939178466797,43.854244232177734
2013-11-12,122.44999694824219,74.628662109375,27.309032440185547,13.427967071533203,14.608652114868164,31.001869201660156,43.829551696777344
2013-11-13,122.8499984741211,74.90267181396484,27.54745101928711,13.544901847839355,14.733142852783203,31.2637882232666,44.07643127441406
2013-11-14,124.2699966430664,75.36417388916016,27.712743759155273,13.66183090209961,14.694515228271484,31.489343643188477,44.446746826171875
2013-11-15,124.31999969482422,75.51556396484375,27.865325927734375,13.726794242858887,14.72456169128418,31.525711059570312,44.70186233520508
2013-11-18,122.9000015258789,75.96981811523438,27.6523380279541,13.720297813415527,14.668753623962402,31.431129455566406,44.50436019897461
2013-11-19,122.94999694824219,75.39300537109375,27.70001792907715,13.739789962768555,14.617242813110352,31.314725875854492,44.55373764038086
2013-11-20,120.12000274658203,74.10950469970703,27.633270263671875,13.700813293457031,14.570015907287598,31.183759689331055,44.68540573120117
2013-11-21,119.94000244140625,74.2321548461914,27.897104263305664,13.89570140838623,14.694515228271484,31.241966247558594,44.866455078125
2013-11-22,119.91999816894531,74.9242935180664,28.046512603759766,13.960667610168457,14.664464950561523,31.402034759521484,45.46718978881836
2013-11-25,120.45999908447266,75.14066314697266,27.792213439941406,13.980149269104004,14.664464950561523,31.351106643676758,45.64824676513672
2013-11-26,119.81999969482422,75.42182159423828,27.722267150878906,13.9671630859375,14.715977668762207,31.322002410888672,45.51656723022461
2013-11-27,119.45999908447266,75.29206848144531,27.53472900390625,14.006135940551758,14.831886291503906,31.343820571899414,45.5001220703125
2013-11-29,120.69999694824219,75.31365966796875,27.477506637573242,13.954171180725098,14.891982078552246,31.29287338256836,45.475425720214844
2013-12-02,117.58000183105469,74.72786712646484,27.49657440185547,13.947671890258789,14.844761848449707,31.125553131103516,45.491886138916016
2013-12-03,117.95999908447266,75.00272369384766,27.563337326049805,13.8047513961792,14.879108428955078,31.27833366394043,45.096866607666016
2013-12-04,119.95999908447266,74.28677368164062,27.474328994750977,13.837233543395996,14.891982078552246,31.20557975769043,44.94051742553711
2013-12-05,118.30000305175781,74.07699584960938,27.382143020629883,13.707305908203125,14.844761848449707,30.921833038330078,44.85822677612305
2013-12-06,118.55000305175781,74.43135833740234,27.467971801757812,13.89570140838623,14.947792053222656,31.343820571899414,45.4425048828125
2013-12-09,119.72000122070312,74.6049575805664,27.506120681762695,13.954171180725098,14.995015144348145,31.452957153320312,45.53303146362305
2013-12-10,121.81999969482422,75.14015197753906,27.423465728759766,13.902199745178223,14.96496295928955,31.183759689331055,45.35198974609375
2013-12-11,120.86000061035156,74.56153869628906,27.0356502532959,13.713809967041016,14.827595710754395,31.23468780517578,44.5702018737793
2013-12-12,118.29000091552734,74.279541015625,27.15009880065918,13.713809967041016,14.728856086730957,30.805429458618164,44.24925994873047
2013-12-13,119.37999725341797,74.64110565185547,27.061086654663086,13.726794242858887,14.68163776397705,30.754491806030273,44.282169342041016
2013-12-16,119.69000244140625,74.3663101196289,27.296314239501953,13.811251640319824,14.827595710754395,30.747196197509766,44.36447525024414
2013-12-17,118.6500015258789,74.69898223876953,27.14055633544922,13.720297813415527,14.823295593261719,30.60170555114746,44.15049743652344
2013-12-18,117.61000061035156,74.32288360595703,27.550626754760742,14.03862190246582,14.93920612335205,31.110994338989258,45.2450065612793
2013-12-19,114.81999969482422,74.25059509277344,27.630090713500977,14.019137382507324,14.96496295928955,31.05280303955078,45.14624786376953
2013-12-20,115.94000244140625,75.39324951171875,27.678955078125,14.104635238647461,15.081872940063477,31.193552017211914,45.373497009277344
2013-12-23,115.56999969482422,74.96653747558594,27.707693099975586,14.169904708862305,15.280326843261719,31.16422462463379,45.54702377319336
2013-12-24,116.0999984741211,74.3663101196289,27.860971450805664,14.196009635925293,15.323457717895508,31.208200454711914,45.46437072753906
2013-12-26,116.73999786376953,74.07972717285156,28.05898666381836,14.228645324707031,15.362292289733887,31.332847595214844,45.80316925048828
2013-12-27,117.12000274658203,73.86930847167969,28.196313858032227,14.222118377685547,15.34935188293457,31.406156539916992,45.76185607910156
2013-12-30,115.38999938964844,74.3771743774414,27.99512481689453,14.196009635925293,15.319144248962402,31.48678207397461,45.83623123168945
2013-12-31,116.12000274658203,73.90555572509766,28.266572952270508,14.26780891418457,15.418375968933105,31.5087833404541,45.81144332885742
2014-01-02,118.0,74.13045501708984,27.864187240600586,14.189485549926758,15.267379760742188,31.120241165161133,45.55527877807617
2014-01-03,119.29000091552734,74.13045501708984,27.76198959350586,14.287393569946289,15.194042205810547,31.061588287353516,45.66270065307617
2014-01-06,119.5,74.44249725341797,27.800304412841797,14.30043888092041,15.168156623840332,30.944303512573242,45.4726448059082
2014-01-07,118.81999969482422,74.6311264038086,28.011085510253906,14.306974411010742,15.30620288848877,31.11290168762207,45.95191192626953
2014-01-08,118.12000274658203,74.42800903320312,27.816280364990234,14.352651596069336,15.30620288848877,30.878318786621094,46.3568115234375
2014-01-09,118.45999908447266,74.86334228515625,27.730051040649414,14.404871940612793,15.206979751586914,31.03960418701172,46.70387268066406
2014-01-10,120.26000213623047,75.7557601928711,27.752405166625977,14.378766059875488,15.2371826171875,31.083581924438477,46.88566207885742
2014-01-13,121.0199966430664,76.13307189941406,27.19990348815918,14.163376808166504,15.073238372802734,30.907636642456055,46.50554656982422
2014-01-14,119.88999938964844,75.78472900390625,27.554410934448242,14.28085708618164,15.32777214050293,31.068912506103516,47.092254638671875
2014-01-15,119.66000366210938,75.7049789428711,27.474559783935547,14.4505615234375,15.513277053833008,31.076242446899414,47.050933837890625
2014-01-16,119.79000091552734,76.21285247802734,27.512882232666016,14.359182357788086,15.508964538574219,31.083581924438477,47.16661834716797
2014-01-17,120.93000030517578,76.5320816040039,27.468183517456055,14.313495635986328,15.422682762145996,30.841655731201172,47.117042541503906
2014-01-21,119.69999694824219,76.59012603759766,27.694913864135742,14.326546669006348,15.500336647033691,30.958959579467773,47.389713287353516
2014-01-22,119.19000244140625,76.40148162841797,27.822662353515625,14.333074569702148,15.483077049255371,30.958959579467773,47.431034088134766
2014-01-23,121.79000091552734,77.48258972167969,27.50649642944336,14.098106384277344,15.452881813049316,30.68770980834961,47.10051727294922
2014-01-24,122.29000091552734,77.98322296142578,26.93165397644043,13.778295516967773,15.15521240234375,30.40911865234375,45.99323654174805
2014-01-27,120.95999908447266,77.43903350830078,26.83583641052246,13.693437576293945,15.012852668762207,30.284500122070312,45.62137985229492
2014-01-28,120.94999694824219,77.62765502929688,27.04022789001465,13.876194953918457,14.92225456237793,30.519100189208984,46.23287582397461
2014-01-29,122.47000122070312,78.26622009277344,26.890134811401367,13.713017463684082,14.805770874023438,29.983928680419922,45.81144332885742
2014-01-30,119.7699966430664,78.04127502441406,26.976367950439453,13.908827781677246,14.986968040466309,30.027910232543945,46.64603042602539
2014-01-31,120.08999633789062,78.56361389160156,26.628244400024414,13.745652198791504,15.021478652954102,29.881298065185547,46.24113464355469
2014-02-03,121.31999969482422,79.52095031738281,26.152406692504883,13.399725914001465,14.706550598144531,29.236160278320312,45.33217239379883
2014-02-04,120.98999786376953,78.6771469116211,26.420677185058594,13.530268669128418,14.762635231018066,29.390108108520508,45.77840042114258
2014-02-05,121.29000091552734,77.94971466064453,26.161989212036133,13.517212867736816,14.775577545166016,29.41210174560547,45.5222282409668
2014-02-06,121.23999786376953,77.6151123046875,26.551616668701172,13.72607135772705,14.939507484436035,29.72733497619629,45.77840042114258
2014-02-07,122.16999816894531,77.68062591552734,26.839038848876953,13.895767211914062,15.1422700881958,30.005922317504883,46.56339645385742
2014-02-10,122.91999816894531,77.89881896972656,26.70810317993164,13.908827781677246,15.172469139099121,30.123210906982422,46.95176315307617
2014-02-11,124.36000061035156,77.44784545898438,27.05620574951172,14.052413940429688,15.35797119140625,30.475107192993164,47.58804702758789
2014-02-12,124.43000030517578,77.0477066040039,26.992324829101562,14.052413940429688,15.418375968933105,30.3431453704834,47.58804702758789
2014-02-13,125.48999786376953,77.48419189453125,27.120075225830078,14.104635238647461,15.530531883239746,30.497093200683594,47.92683792114258
2014-02-14,127.1500015258789,77.52781677246094,27.474559783935547,14.124214172363281,15.560733795166016,30.673030853271484,48.10034942626953
2014-02-18,127.4000015258789,77.70240020751953,27.599123001098633,14.150323867797852,15.569365501403809,30.497093200683594,48.54658889770508
2014-02-19,126.2699966430664,77.37507629394531,27.634246826171875,13.954512596130371,15.517594337463379,30.43111801147461,48.24909591674805
2014-02-20,127.5999984741211,77.18598175048828,27.816280364990234,13.993677139282227,15.569365501403809,30.563081741333008,48.68705368041992
2014-02-21,127.58000183105469,77.59330749511719,27.595922470092773,14.019787788391113,15.508964538574219,30.497093200683594,48.596153259277344
2014-02-24,128.99000549316406,77.39688110351562,28.011085510253906,14.124214172363281,15.569365501403809,30.607059478759766,48.9597282409668
2014-02-25,129.2100067138672,78.08792114257812,27.99831199645996,14.039361000061035,15.526219367980957,30.724363327026367,48.835784912109375
2014-02-26,128.11000061035156,78.50257873535156,27.822662353515625,14.019787788391113,15.539163589477539,30.69504165649414,48.835784912109375
2014-02-27,128.1999969482422,78.93174743652344,27.851402282714844,14.09157943725586,15.664262771606445,30.83433723449707,49.116737365722656
2014-02-28,127.62000274658203,78.97539520263672,27.991924285888672,14.163376808166504,15.681524276733398,31.04691505432129,49.116737365722656
2014-03-03,130.2899932861328,79.50257873535156,27.813085556030273,14.052413940429688,15.513277053833008,30.878318786621094,48.75315856933594
2014-03-04,128.67999267578125,78.30667114257812,28.116464614868164,14.339604377746582,15.716035842895508,31.29617691040039,49.67863082885742
2014-03-05,128.88999938964844,78.47447967529297,27.854604721069336,14.489720344543457,15.7376070022583,31.193552017211914,49.554691314697266
2014-03-06,130.1699981689453,77.7015151977539,28.055784225463867,14.535408973693848,15.759176254272461,31.186222076416016,49.24894332885742
2014-03-07,129.08999633789062,77.21298217773438,28.110084533691406,14.60068130493164,15.711729049682617,31.274179458618164,49.125
2014-03-10,129.1300048828125,77.32234954833984,28.15479850769043,14.607207298278809,15.68583869934082,31.303518295288086,49.33159637451172
2014-03-11,129.86000061035156,77.5264892578125,27.835437774658203,14.509302139282227,15.651326179504395,31.288860321044922,49.232418060302734
2014-03-12,131.75999450683594,78.06607818603516,27.838624954223633,14.483193397521973,15.677216529846191,31.354839324951172,49.224159240722656
2014-03-13,132.2100067138672,79.11612701416016,27.560789108276367,14.32002067565918,15.465818405151367,31.20087432861328,48.55483627319336
2014-03-14,133.10000610351562,79.13072204589844,27.586332321166992,14.228645324707031,15.370912551879883,31.215547561645508,48.290401458740234
2014-03-17,131.63999938964844,78.54007720947266,27.733243942260742,14.378766059875488,15.552099227905273,31.39881706237793,48.76141357421875
2014-03-18,130.6199951171875,78.82440185546875,27.96636962890625,14.4505615234375,15.754867553710938,31.46479606628418,49.28200912475586
2014-03-19,128.08999633789062,78.21192932128906,27.755599975585938,14.444032669067383,15.690155029296875,31.222869873046875,49.13326644897461
2014-03-20,127.86000061035156,78.07337188720703,27.864187240600586,14.672479629516602,15.810940742492676,31.332847595214844,49.13326644897461
2014-03-21,128.47000122070312,78.91922760009766,27.940242767333984,14.67444133758545,15.731654167175293,31.31515884399414,48.24190902709961
2014-03-24,126.18000030517578,79.480712890625,27.88247299194336,14.667890548706055,15.718661308288574,31.285686492919922,47.702919006347656
2014-03-25,126.41000366210938,79.1817398071289,28.132801055908203,14.65478801727295,15.813980102539062,31.51410484313965,48.12580871582031
2014-03-26,125.41000366210938,79.80154418945312,28.001224517822266,14.504111289978027,15.62334156036377,31.440412521362305,48.142391204833984
2014-03-27,124.58999633789062,80.20257568359375,28.22907829284668,14.425496101379395,15.567024230957031,31.418306350708008,48.03459930419922
2014-03-28,124.55999755859375,79.75050354003906,28.582096099853516,14.484456062316895,15.627676010131836,31.49936294555664,47.85218048095703
2014-03-31,123.61000061035156,79.55364227294922,28.582096099853516,14.635132789611816,15.74898624420166,31.7277774810791,48.498939514160156
2014-04-01,123.38999938964844,78.8737564086914,28.752195358276367,14.66133975982666,15.935291290283203,31.676198959350586,48.80573272705078
2014-04-02,124.31999969482422,78.42047119140625,28.854894638061523,14.694092750549316,15.943958282470703,31.713045120239258,49.021339416503906
2014-04-03,123.91999816894531,78.76410675048828,29.041030883789062,14.667890548706055,15.865974426269531,31.749895095825195,48.913536071777344
2014-04-04,125.56999969482422,79.29046630859375,28.93512535095215,14.523763656616211,15.562687873840332,31.646718978881836,48.1009407043457
2014-04-07,124.91000366210938,79.76557922363281,28.450523376464844,14.301026344299316,15.441383361816406,31.676198959350586,47.620018005371094
2014-04-08,126.08999633789062,79.95568084716797,28.73615264892578,14.320683479309082,15.580016136169434,31.838294982910156,47.23029327392578
2014-04-09,126.31999969482422,79.56092834472656,28.86772918701172,14.445150375366211,15.787981033325195,31.978296279907227,48.24190902709961
2014-04-10,127.01000213623047,80.29930877685547,28.466556549072266,14.111044883728027,15.424043655395508,31.661462783813477,46.6332893371582
2014-04-11,126.93000030517578,80.94996643066406,28.386323928833008,13.940716743469238,15.250743865966797,31.49936294555664,46.193809509277344
2014-04-14,127.8499984741211,80.73792266845703,28.774660110473633,14.052088737487793,15.402381896972656,31.749895095825195,46.45085906982422
2014-04-15,125.48999786376953,81.24237823486328,29.159778594970703,14.183109283447266,15.480369567871094,31.830942153930664,46.9483642578125
2014-04-16,125.54000091552734,81.3447265625,29.509601593017578,14.294476509094238,15.632011413574219,32.14040756225586,47.18053436279297
2014-04-17,124.75,80.45285034179688,29.779184341430664,14.320683479309082,15.610345840454102,32.14776611328125,47.172245025634766
2014-04-21,124.23999786376953,80.38697814941406,29.98137092590332,14.307575225830078,15.67100715637207,32.162506103515625,47.736106872558594
2014-04-22,123.77999877929688,80.65750885009766,29.933229446411133,14.405840873718262,15.735992431640625,32.14776611328125,48.25847625732422
2014-04-23,123.76000213623047,81.11807250976562,30.090482711791992,14.438603401184082,15.567024230957031,32.09619140625,48.01801300048828
2014-04-24,124.55999755859375,81.27159881591797,30.100107192993164,14.432051658630371,15.688335418701172,32.22144317626953,47.94338607788086
2014-04-25,125.43000030517578,81.38858795166016,29.920379638671875,14.314132690429688,15.489036560058594,32.26566696166992,47.58683776855469
2014-04-28,124.87999725341797,80.99380493164062,29.97172737121582,14.228963851928711,15.636348724365234,32.63408279418945,47.86875915527344
2014-04-29,124.86000061035156,80.88411712646484,30.109724044799805,14.366539001464844,15.744662284851074,32.494075775146484,48.15068817138672
2014-04-30,124.22000122070312,81.22038269042969,30.08405876159668,14.386190414428711,15.79232120513916,32.59724044799805,48.192138671875
2014-05-01,123.80000305175781,82.09180450439453,30.01666831970215,14.412394523620605,15.809650421142578,32.5677604675293,48.29994583129883
2014-05-02,125.05999755859375,82.5974349975586,30.077640533447266,14.405840873718262,15.766326904296875,32.5677604675293,47.88532638549805
2014-05-05,126.22000122070312,82.09912872314453,30.218854904174805,14.346888542175293,15.848638534545898,32.494075775146484,48.200435638427734
2014-05-06,125.9800033569336,82.42887878417969,30.2637882232666,14.14380168914795,15.67100715637207,32.28776550292969,47.77754592895508
2014-05-07,124.16999816894531,82.13574981689453,30.526941299438477,14.333780288696289,15.679667472839355,32.59724044799805,47.91022491455078
2014-05-08,124.16999816894531,81.78401184082031,30.090482711791992,14.373089790344238,15.722993850708008,32.64144515991211,47.65316390991211
2014-05-09,124.0999984741211,81.5201644897461,30.06159782409668,14.366539001464844,15.740325927734375,32.79617691040039,47.94338607788086
2014-05-12,124.94000244140625,81.19037628173828,30.273414611816406,14.510668754577637,15.95262336730957,32.825645446777344,48.43260192871094
2014-05-13,124.5999984741211,81.89392852783203,30.3857364654541,14.49756145477295,15.961288452148438,32.8919677734375,48.507240295410156
2014-05-14,125.80999755859375,82.7806167602539,30.398574829101562,14.392744064331055,15.887636184692383,32.71512985229492,48.54039764404297
2014-05-15,124.7699966430664,83.44017028808594,30.051969528198242,14.228963851928711,15.79232120513916,32.42775344848633,48.051185607910156
2014-05-16,124.5,83.20565795898438,29.974943161010742,14.248618125915527,15.89197063446045,32.626705169677734,48.217010498046875
2014-05-19,124.58000183105469,82.59012603759766,30.06801414489746,14.320683479309082,15.995945930480957,32.56039047241211,48.515525817871094
2014-05-20,124.69000244140625,82.77330780029297,29.98137092590332,14.235517501831055,15.9049654006958,32.44248580932617,48.2087287902832
2014-05-21,124.38999938964844,82.26768493652344,30.30550193786621,14.327231407165527,16.013280868530273,32.626705169677734,48.61503982543945
2014-05-22,124.66999816894531,82.15038299560547,30.276628494262695,14.392744064331055,16.043603897094727,32.575130462646484,48.905235290527344
2014-05-23,124.51000213623047,82.59012603759766,30.21563148498535,14.438603401184082,16.17792320251465,32.626705169677734,48.93011474609375
2014-05-27,121.8499984741211,83.07376861572266,30.299091339111328,14.563071250915527,16.316560745239258,32.71512985229492,49.195457458496094
2014-05-28,121.19999694824219,84.0997085571289,30.350435256958008,14.536866188049316,16.273239135742188,32.6709098815918,49.05448532104492
2014-05-29,120.94000244140625,83.65267944335938,30.610382080078125,14.569619178771973,16.368547439575195,32.92880630493164,49.444217681884766
2014-05-30,120.43000030517578,83.61605834960938,30.587919235229492,14.60237979888916,16.38587760925293,33.18669509887695,49.57687759399414
2014-06-02,119.69999694824219,82.99446105957031,30.549406051635742,14.641683578491211,16.35988998413086,33.105648040771484,49.643211364746094
2014-06-03,120.01000213623047,81.97323608398438,30.655309677124023,14.66133975982666,16.333898544311523,32.98774719238281,49.73442077636719
2014-06-04,119.76000213623047,81.95117950439453,30.639263153076172,14.700644493103027,16.364206314086914,33.105648040771484,49.87538146972656
2014-06-05,120.66000366210938,81.98789978027344,30.815776824951172,14.838215827941895,16.472532272338867,33.23827362060547,49.93342971801758
2014-06-06,120.61000061035156,81.98789978027344,31.069316864013672,14.936478614807129,16.54619026184082,33.326690673828125,49.88368606567383
2014-06-09,120.6500015258789,81.87034606933594,31.117454528808594,15.001991271972656,16.59817886352539,33.27512741088867,49.62663269042969
2014-06-10,121.38999938964844,81.56912231445312,31.06610679626465,14.995439529418945,16.606847763061523,33.27512741088867,49.79247283935547
2014-06-11,121.41000366210938,81.716064453125,31.184852600097656,14.897180557250977,16.567852020263672,33.18669509887695,49.73442077636719
2014-06-12,122.63999938964844,82.44347381591797,31.287551879882812,14.805460929870605,16.424877166748047,32.95092010498047,49.48566818237305
2014-06-13,122.95999908447266,82.39939880371094,31.586013793945312,14.812017440795898,16.52019500732422,32.94353485107422,49.444217681884766
2014-06-16,122.41999816894531,82.6050796508789,31.775365829467773,14.739947319030762,16.52019500732422,33.06879806518555,49.543704986572266
2014-06-17,122.27999877929688,81.95117950439453,31.752887725830078,14.890619277954102,16.559185028076172,33.06879806518555,49.518836975097656
2014-06-18,122.66999816894531,82.58303833007812,31.99359893798828,14.975789070129395,16.645835876464844,33.459312438964844,49.916847229003906
2014-06-19,126.94000244140625,81.52505493164062,32.221466064453125,14.956135749816895,16.615509033203125,33.6508903503418,50.08267593383789
2014-06-20,126.5,82.14221954345703,32.54194641113281,15.01533031463623,16.57895278930664,33.54777526855469,50.503822326660156
2014-06-23,126.8499984741211,81.88505554199219,32.658016204833984,15.048211097717285,16.6268253326416,33.3623046875,50.31239700317383
2014-06-24,126.9800033569336,82.71530151367188,31.97125244140625,14.94955825805664,16.539775848388672,33.243614196777344,50.34568786621094
2014-06-25,126.98999786376953,82.9283676147461,32.21307373046875,14.962713241577148,16.605070114135742,33.19166946411133,50.895015716552734
2014-06-26,126.7300033569336,83.32510375976562,32.248538970947266,14.910099029541016,16.58765983581543,33.072959899902344,50.961585998535156
2014-06-27,126.66000366210938,83.20024108886719,32.248538970947266,14.969291687011719,16.687763214111328,33.132328033447266,50.82842254638672
2014-06-30,128.0399932861328,83.40591430664062,32.274330139160156,14.956135749816895,16.692110061645508,33.10264587402344,50.62866973876953
2014-07-01,127.69999694824219,82.70758819580078,32.29368209838867,15.048211097717285,16.861865997314453,33.176841735839844,51.26953887939453
2014-07-02,127.69999694824219,81.82366943359375,32.24531936645508,15.035061836242676,16.8792781829834,33.26585388183594,51.66072463989258
2014-07-03,127.16000366210938,81.52904510498047,32.36784362792969,15.153450012207031,16.953269958496094,33.451332092285156,51.868797302246094
2014-07-07,127.0199966430664,82.12569427490234,32.11957931518555,15.087677955627441,16.970678329467773,33.503273010253906,51.47761154174805
2014-07-08,127.06999969482422,83.0464859008789,32.067989349365234,14.956135749816895,16.818344116210938,33.43648147583008,50.99488067626953
2014-07-09,127.83999633789062,83.11276245117188,32.28078842163086,14.995597839355469,16.901044845581055,33.584877014160156,51.211273193359375
2014-07-10,128.5399932861328,83.1348876953125,31.97125244140625,14.896943092346191,16.853160858154297,33.53293991088867,51.177982330322266
2014-07-11,128.77999877929688,83.66525268554688,31.726224899291992,14.92325210571289,16.940216064453125,33.57744216918945,51.28618240356445
2014-07-14,125.72000122070312,83.30426788330078,32.00027084350586,15.01533031463623,17.062082290649414,33.69614791870117,51.45264434814453
2014-07-15,124.52999877929688,83.1348876953125,31.861637115478516,15.120561599731445,17.03162384033203,33.39940643310547,51.01152038574219
2014-07-16,124.97000122070312,83.57684326171875,32.34526824951172,15.094252586364746,17.188304901123047,33.406822204589844,50.84506607055664
2014-07-17,127.08999633789062,84.63021850585938,31.822952270507812,14.896943092346191,16.966325759887695,33.19908905029297,50.28742218017578
2014-07-18,126.12999725341797,84.35762786865234,31.91646385192871,15.067949295043945,17.170902252197266,33.53293991088867,51.111412048339844
2014-07-21,126.33999633789062,84.77747344970703,31.964794158935547,15.028481483459473,17.149133682250977,33.37714385986328,50.9033317565918
2014-07-22,125.73999786376953,84.95426177978516,32.193729400634766,15.074524879455566,17.29277229309082,33.31779098510742,51.34444808959961
2014-07-23,125.62000274658203,84.84381866455078,32.400081634521484,15.107407569885254,17.323240280151367,33.27328109741211,51.76059341430664
2014-07-24,124.3499984741211,84.21031188964844,32.429100036621094,15.14029312133789,17.310178756713867,33.3623046875,51.65239334106445
2014-07-25,125.79000091552734,85.20475006103516,32.19049835205078,15.054791450500488,17.28841209411621,33.22876739501953,51.46096420288086
2014-07-28,125.58000183105469,85.0868911743164,32.113121032714844,15.061366081237793,17.318891525268555,33.058143615722656,51.51090621948242
2014-07-29,125.19999694824219,85.39631652832031,32.032508850097656,14.982439994812012,17.2840633392334,32.90977478027344,51.552513122558594
2014-07-30,124.83000183105469,84.21031188964844,31.84229850769043,15.048211097717285,17.30147361755371,32.56107711791992,51.76059341430664
2014-07-31,123.38999938964844,83.95985412597656,31.155532836914062,14.739099502563477,16.97502899169922,32.004661560058594,50.69526290893555
2014-08-01,124.37999725341797,84.60980987548828,30.904050827026367,14.614129066467285,16.883628845214844,32.24949645996094,50.73686218261719
2014-08-04,123.98999786376953,84.38824462890625,31.42314338684082,14.732518196105957,17.00550079345703,32.35334777832031,50.95328140258789
2014-08-05,123.87000274658203,84.66152954101562,30.736398696899414,14.581249237060547,16.844451904296875,32.21239471435547,50.462215423583984
2014-08-06,125.66999816894531,84.71322631835938,30.82666778564453,14.64044189453125,16.79222297668457,32.48689270019531,50.43724060058594
2014-08-07,126.18000030517578,85.50343322753906,30.633216857910156,14.574662208557129,16.722579956054688,32.219810485839844,49.78804397583008
2014-08-08,126.19000244140625,85.3188247680664,31.145858764648438,14.719367027282715,16.831398010253906,32.54624557495117,50.37897872924805
2014-08-11,125.95999908447266,85.31146240234375,31.149093627929688,14.732518196105957,16.914093017578125,32.77621841430664,50.35401153564453
2014-08-12,125.98999786376953,84.75751495361328,30.9201717376709,14.765401840209961,16.90538787841797,32.753971099853516,50.31239700317383
2014-08-13,126.19999694824219,85.31146240234375,31.02011489868164,14.831171035766602,17.07079315185547,32.850406646728516,50.91996765136719
2014-08-14,126.30999755859375,85.99824523925781,30.842788696289062,14.92325210571289,17.10125160217285,32.98394012451172,51.519229888916016
2014-08-15,125.4800033569336,86.93624114990234,31.07171630859375,14.850910186767578,17.10125160217285,33.028446197509766,51.569156646728516
2014-08-18,124.95999908447266,86.0721664428711,31.155532836914062,15.01533031463623,17.262304306030273,33.221343994140625,51.968666076660156
2014-08-19,124.68000030517578,85.80628967285156,31.394128799438477,15.041641235351562,17.37112045288086,33.31037902832031,52.30990982055664
2014-08-20,124.22000122070312,85.66590881347656,31.46183967590332,15.081101417541504,17.37112045288086,33.288108825683594,52.30159378051758
2014-08-21,122.87999725341797,86.14602661132812,31.487632751464844,15.25868034362793,17.453819274902344,33.34746170043945,52.376495361328125
2014-08-22,123.19000244140625,86.6260986328125,31.278064727783203,15.206062316894531,17.45816421508789,33.26585388183594,52.42643356323242
2014-08-25,122.73999786376953,86.95108032226562,31.555335998535156,15.337600708007812,17.475576400756836,33.451332092285156,52.825927734375
2014-08-26,123.3499984741211,86.6703872680664,31.716535568237305,15.370488166809082,17.484285354614258,33.4290771484375,53.017356872558594
2014-08-27,123.31999969482422,87.40896606445312,31.652070999145508,15.337600708007812,17.479934692382812,33.44390869140625,52.97575378417969
2014-08-28,124.0,87.86685943603516,31.658506393432617,15.291563034057617,17.453819274902344,33.45874786376953,52.9591064453125
2014-08-29,123.86000061035156,87.92594146728516,31.835844039916992,15.363909721374512,17.532155990600586,33.48100662231445,53.1505241394043
2014-09-02,121.6500015258789,86.40914916992188,31.432817459106445,15.423107147216797,17.536518096923828,33.49584197998047,53.12557601928711
2014-09-03,122.1500015258789,86.89031219482422,31.516643524169922,15.396796226501465,17.440763473510742,33.518096923828125,53.3669319152832
2014-09-04,121.4800033569336,85.83180236816406,31.0910587310791,15.40994644165039,17.432052612304688,33.6219596862793,53.10059356689453
2014-09-05,122.05999755859375,85.66891479492188,31.30062484741211,15.429679870605469,17.536518096923828,33.814857482910156,53.40854263305664
2014-09-08,120.7300033569336,85.70597839355469,30.813764572143555,15.436259269714355,17.5626277923584,33.562618255615234,53.4168815612793
2014-09-09,120.87000274658203,85.63932800292969,30.6783504486084,15.278412818908691,17.436405181884766,33.48100662231445,53.27536392211914
2014-09-10,120.26000213623047,85.09893798828125,30.60418701171875,15.357338905334473,17.540868759155273,33.64421844482422,53.649906158447266
2014-09-11,119.47000122070312,84.8176040649414,30.6235408782959,15.396796226501465,17.580036163330078,33.65904235839844,53.500099182128906
2014-09-12,118.37999725341797,83.92933654785156,30.165699005126953,15.383645057678223,17.50604820251465,33.42164993286133,53.10891342163086
2014-09-15,118.63999938964844,84.0551986694336,30.37850570678711,15.377065658569336,17.401580810546875,33.584877014160156,52.96743392944336
2014-09-16,118.83000183105469,83.71469116210938,30.746057510375977,15.44283676147461,17.532155990600586,33.83710479736328,53.69154357910156
2014-09-17,117.54000091552734,83.50000762939453,30.578405380249023,15.508602142333984,17.566978454589844,33.76292037963867,53.73313903808594
2014-09-18,117.77999877929688,83.76651000976562,30.420421600341797,15.65987777709961,17.67144203186035,33.82969284057617,54.132633209228516
2014-09-19,117.08999633789062,84.83241271972656,30.395462036132812,15.618927955627441,17.633852005004883,33.917030334472656,54.191932678222656
2014-09-22,116.8499984741211,84.9360580444336,29.948238372802734,15.51327133178711,17.515823364257812,33.857303619384766,53.89960479736328
2014-09-23,117.5999984741211,85.4616928100586,29.860727310180664,15.407593727111816,17.476486206054688,33.55868148803711,53.58220672607422
2014-09-24,117.05000305175781,84.98793029785156,29.886661529541016,15.493450164794922,17.590133666992188,33.99169158935547,54.5177001953125
2014-09-25,117.38999938964844,85.99461364746094,29.42970085144043,15.235891342163086,17.205461502075195,33.54375076293945,53.62396240234375
2014-09-26,117.05999755859375,85.86874389648438,29.808876037597656,15.381180763244629,17.393434524536133,33.6706657409668,53.791015625
2014-09-29,117.02999877929688,86.55719757080078,29.740819931030273,15.328351974487305,17.389055252075195,33.6632080078125,53.67408752441406
2014-09-30,116.20999908447266,86.06864166259766,29.368125915527344,15.30192756652832,17.441516876220703,33.67812728881836,53.3817253112793
2014-10-01,116.7699966430664,87.73758697509766,28.768579483032227,15.117011070251465,17.170490264892578,33.469093322753906,52.82211685180664
2014-10-02,116.73999786376953,86.9732666015625,28.619503021240234,15.156635284423828,17.161746978759766,33.528812408447266,52.71352005004883
2014-10-03,114.61000061035156,87.34431457519531,28.574129104614258,15.374577522277832,17.3016300201416,33.924495697021484,53.79936981201172
2014-10-06,116.02999877929688,87.39620208740234,28.606534957885742,15.328351974487305,17.306007385253906,33.93942642211914,53.548789978027344
2014-10-07,116.36000061035156,88.57618713378906,28.23384666442871,15.070782661437988,17.034982681274414,33.73785400390625,52.69681930541992
2014-10-08,117.47000122070312,88.59845733642578,28.50932502746582,15.354763984680176,17.358461380004883,34.23060607910156,54.041603088378906
2014-10-09,117.63999938964844,88.21257019042969,27.46253204345703,15.031158447265625,17.0699520111084,33.887168884277344,52.922340393066406
2014-10-10,117.58999633789062,89.08824920654297,27.076885223388672,14.912285804748535,16.63282012939453,34.0514030456543,52.596595764160156
2014-10-13,118.5199966430664,89.62998962402344,26.24075698852539,14.780200004577637,16.449228286743164,33.58107376098633,51.35205078125
2014-10-14,118.58999633789062,90.21622467041016,25.91019630432129,14.83963680267334,16.47545051574707,33.56614685058594,50.96782302856445
2014-10-15,118.98999786376953,90.92867279052734,26.107879638671875,14.555654525756836,16.361804962158203,33.162994384765625,50.550193786621094
2014-10-16,119.22000122070312,90.34982299804688,26.574562072753906,14.555654525756836,16.26563262939453,32.9166145324707,50.29126739501953
2014-10-17,118.98999786376953,89.84518432617188,26.801410675048828,14.740574836730957,16.457971572875977,33.31977462768555,51.093116760253906
2014-10-20,119.80000305175781,90.17169189453125,27.034746170043945,14.82642650604248,16.57599449157715,33.797584533691406,51.711212158203125
2014-10-21,120.0199966430664,89.45186614990234,27.857927322387695,15.103811264038086,16.899471282958984,33.93942642211914,53.08103942871094
2014-10-22,119.33999633789062,89.5483627319336,27.329668045043945,14.965113639831543,16.820789337158203,34.01409912109375,52.81375503540039
2014-10-23,118.5199966430664,88.75428009033203,27.838478088378906,15.1104097366333,17.008747100830078,33.99169158935547,53.715850830078125
2014-10-24,118.3499984741211,88.84336853027344,27.74125099182129,15.255702018737793,17.157379150390625,34.2754020690918,54.467586517333984
2014-10-27,118.05999755859375,89.0065689086914,27.157907485961914,15.275516510009766,17.17486000061035,34.35751724243164,54.52605056762695
2014-10-28,118.0999984741211,88.4500732421875,27.776897430419922,15.440616607666016,17.410917282104492,34.49190902709961,54.9269905090332
2014-10-29,116.41000366210938,88.65040588378906,27.86763572692871,15.480239868164062,17.393434524536133,34.432159423828125,54.95204544067383
2014-10-30,115.19000244140625,88.72460174560547,27.767173767089844,15.566102981567383,17.45025062561035,34.648685455322266,55.96272659301758
2014-10-31,112.66000366210938,88.49457550048828,28.331064224243164,15.74440860748291,17.721277236938477,34.87266159057617,56.188232421875
2014-11-03,112.1500015258789,88.49456787109375,27.88384437561035,15.803853034973145,17.79558563232422,35.00703048706055,56.25502014160156
2014-11-04,112.22000122070312,88.76980590820312,27.31022834777832,15.810453414916992,17.791221618652344,35.193687438964844,56.26341247558594
2014-11-05,109.79000091552734,88.64332580566406,27.789859771728516,15.91611385345459,17.83930206298828,35.4400634765625,56.20492935180664
2014-11-06,109.87999725341797,88.07048797607422,28.139862060546875,15.94254207611084,17.83055877685547,35.51472854614258,56.54737854003906
2014-11-07,112.97000122070312,89.08228302001953,28.450977325439453,15.949141502380371,17.852415084838867,35.64163589477539,55.987754821777344
2014-11-10,110.45999908447266,88.2639389038086,28.19495964050293,16.034997940063477,17.90049934387207,35.79841613769531,56.55574035644531
2014-11-11,112.04000091552734,88.32344818115234,28.279212951660156,15.982163429260254,17.909242630004883,35.73122024536133,56.7645378112793
2014-11-12,111.5,88.24906921386719,28.029680252075195,15.949141502380371,17.9660701751709,35.73122024536133,56.6810417175293
2014-11-13,111.66999816894531,88.45740509033203,27.656984329223633,15.94254207611084,18.062236785888672,35.85812759399414,56.63926315307617
2014-11-14,114.47000122070312,88.88882446289062,27.938928604125977,15.88969898223877,18.18900489807129,35.65656661987305,56.17152786254883
2014-11-17,114.05000305175781,88.66567993164062,27.793109893798828,15.88969898223877,18.154035568237305,35.89546203613281,56.44716262817383
2014-11-18,115.05000305175781,88.91117858886719,27.815784454345703,15.94254207611084,18.21523094177246,36.02985382080078,57.357601165771484
2014-11-19,113.68000030517578,88.34579467773438,27.961627960205078,15.909516334533691,18.097206115722656,36.179161071777344,57.040191650390625
2014-11-20,114.86000061035156,88.8070297241211,28.31162452697754,15.909516334533691,18.18900489807129,36.02239990234375,56.797977447509766
2014-11-21,115.38999938964844,89.34263610839844,28.681074142456055,15.98876667022705,18.21523094177246,36.17171096801758,57.06526565551758
2014-11-24,115.11000061035156,89.41702270507812,28.460716247558594,16.09443473815918,18.3114070892334,36.14930725097656,57.357601165771484
2014-11-25,115.37999725341797,90.16090393066406,27.99727439880371,16.081226348876953,18.320140838623047,36.179161071777344,57.43276596069336
2014-11-26,115.16000366210938,90.40640258789062,27.644025802612305,16.101037979125977,18.486248016357422,36.34341812133789,57.783565521240234
2014-11-28,112.11000061035156,91.12053680419922,25.868059158325195,16.114240646362305,18.57368278503418,36.8062858581543,58.14274597167969
2014-12-01,116.58000183105469,90.58895111083984,25.958805084228516,16.001976013183594,18.363861083984375,36.56739807128906,58.00076675415039
2014-12-02,115.13999938964844,89.70915222167969,26.24075698852539,16.153873443603516,18.368228912353516,36.69430160522461,58.643898010253906
2014-12-03,116.33000183105469,90.05958557128906,26.56159210205078,16.226518630981445,18.43379783630371,36.433013916015625,58.735774993896484
2014-12-04,115.87999725341797,90.8125991821289,26.33149528503418,16.246326446533203,18.43379783630371,36.403133392333984,58.66061782836914
2014-12-05,114.43000030517578,90.2832260131836,26.01713752746582,16.39162826538086,18.411943435668945,36.470333099365234,59.128353118896484
2014-12-08,115.77999877929688,91.3867416381836,24.963876724243164,16.47087860107422,18.223976135253906,36.395687103271484,59.337181091308594
2014-12-09,118.19000244140625,91.8564453125,25.236108779907227,16.431251525878906,18.2196102142334,36.276214599609375,59.08660888671875
2014-12-10,117.95999908447266,92.5274429321289,24.458314895629883,16.21991539001465,17.9442138671875,35.93279266357422,58.1761589050293
2014-12-11,117.69000244140625,92.90772247314453,24.44211196899414,16.259540557861328,18.022897720336914,36.23142623901367,58.34321594238281
2014-12-12,117.41000366210938,94.16776275634766,23.9883975982666,15.94254207611084,17.756248474121094,35.768558502197266,57.4494743347168
2014-12-15,114.38999938964844,93.97389221191406,23.774505615234375,15.79724407196045,17.64696502685547,35.529640197753906,56.92325210571289
2014-12-16,114.94999694824219,95.13700866699219,23.985157012939453,15.64535140991211,17.410917282104492,35.395267486572266,56.26341247558594
2014-12-17,114.2699966430664,94.27960205078125,24.98008918762207,16.001976013183594,17.738759994506836,35.91040802001953,57.315818786621094
2014-12-18,115.1500015258789,92.60204315185547,25.4597225189209,16.371809005737305,18.245826721191406,36.59725570678711,58.88613510131836
2014-12-19,114.7699966430664,93.84715270996094,26.273332595825195,16.382431030273438,18.266036987304688,36.559669494628906,59.028648376464844
2014-12-22,112.55000305175781,93.97389221191406,26.005929946899414,16.495271682739258,18.485750198364258,36.91307830810547,58.466957092285156
2014-12-23,112.73999786376953,92.1099624633789,26.32224464416504,16.58820343017578,18.53408432006836,37.16872787475586,57.12556457519531
2014-12-24,112.7699966430664,92.61128234863281,26.129846572875977,16.561649322509766,18.51650619506836,37.131134033203125,57.54478073120117
2014-12-26,114.83000183105469,92.95501708984375,26.123310089111328,16.561649322509766,18.595600128173828,37.1912956237793,57.955562591552734
2014-12-29,113.66999816894531,93.64989471435547,26.2178897857666,16.621397018432617,18.503320693969727,37.0785026550293,58.15675354003906
2014-12-30,115.19999694824219,93.90387725830078,26.009187698364258,16.60148048400879,18.371501922607422,36.91307830810547,57.90523910522461
2014-12-31,113.58000183105469,94.08319091796875,25.813535690307617,16.415616989135742,18.16938018798828,36.46189880371094,57.3267936706543
2015-01-02,114.08000183105469,95.12925720214844,25.934185028076172,16.415616989135742,18.134225845336914,36.35662078857422,57.536376953125
2015-01-05,115.80000305175781,96.62358093261719,24.86133575439453,16.07044792175293,17.857397079467773,36.100975036621094,57.242942810058594
2015-01-06,117.12000274658203,98.36444854736328,24.496116638183594,15.824846267700195,17.64208984375,36.05584716796875,57.050140380859375
2015-01-07,116.43000030517578,98.17024230957031,24.548297882080078,15.990795135498047,17.791484832763672,36.67244338989258,58.39149475097656
2015-01-08,115.94000244140625,96.8700942993164,25.099384307861328,16.229751586914062,18.182559967041016,37.228885650634766,59.38914108276367
2015-01-09,117.26000213623047,97.93110656738281,24.900468826293945,16.010705947875977,18.125431060791016,36.9281120300293,58.86096954345703
2015-01-12,118.55999755859375,98.49151611328125,24.183073043823242,15.877943992614746,17.914527893066406,36.815330505371094,58.88612747192383
2015-01-13,118.16000366210938,98.49151611328125,23.990673065185547,15.824846267700195,17.901338577270508,36.807796478271484,58.626224517822266
2015-01-14,117.97000122070312,99.23866271972656,24.065673828125,15.599161148071289,17.800273895263672,36.69501495361328,58.53402328491211
2015-01-15,120.94000244140625,100.80022430419922,23.759157180786133,15.406655311584473,17.571786880493164,36.75516128540039,57.90523910522461
2015-01-16,122.5199966430664,99.51508331298828,24.53199005126953,15.592519760131836,17.74315643310547,37.04841232299805,58.995113372802734
2015-01-20,124.19999694824219,100.83756256103516,24.56134033203125,15.526143074035645,17.892549514770508,37.198822021484375,58.995113372802734
2015-01-21,124.2300033569336,99.67207336425781,25.060258865356445,15.565963745117188,17.923309326171875,37.379276275634766,59.11249542236328
2015-01-22,125.2300033569336,99.3133773803711,25.177648544311523,15.95096206665039,18.21769905090332,37.7552490234375,59.816707611083984
2015-01-23,124.2300033569336,100.6956558227539,24.99829864501953,15.778380393981934,18.213319778442383,37.334163665771484,59.47297668457031
2015-01-26,122.98999786376953,100.38922882080078,25.357009887695312,15.8580322265625,18.13861656188965,37.334163665771484,59.783145904541016
2015-01-27,124.4000015258789,100.54618072509766,25.3406982421875,15.685444831848145,17.615734100341797,36.905548095703125,59.35562515258789
2015-01-28,123.41999816894531,102.18997192382812,24.342853546142578,15.400012016296387,17.58496856689453,36.47693634033203,58.5004997253418
2015-01-29,120.76000213623047,101.51750183105469,24.424379348754883,15.526143074035645,17.7519474029541,36.770206451416016,58.995113372802734
2015-01-30,123.44999694824219,103.31819915771484,24.636335372924805,15.27389144897461,17.532243728637695,36.10848617553711,58.07292938232422
2015-02-02,122.41999816894531,102.92804718017578,25.389617919921875,15.51949405670166,17.712392807006836,36.53709030151367,58.39989471435547
2015-02-03,121.05000305175781,100.74944305419922,26.084192276000977,15.778380393981934,17.914527893066406,36.860435485839844,58.79390335083008
2015-02-04,121.58000183105469,100.92164611816406,25.653749465942383,15.73854923248291,17.949668884277344,36.8754768371582,58.056182861328125
2015-02-05,121.79000091552734,99.81363677978516,26.02223014831543,15.897859573364258,18.116653442382812,37.063453674316406,59.03702926635742
2015-02-06,118.63999938964844,98.04676055908203,26.02875518798828,16.023984909057617,18.059528350830078,36.89802932739258,58.5004997253418
2015-02-09,119.16999816894531,97.88953399658203,26.054841995239258,15.944321632385254,18.03316307067871,36.61981964111328,57.81303787231445
2015-02-10,118.47000122070312,97.11088562011719,26.041805267333984,16.07044792175293,18.301198959350586,37.04841232299805,58.7855339050293
2015-02-11,117.06999969482422,97.29058074951172,25.859188079833984,16.07044792175293,18.371501922607422,37.22136306762695,58.84421157836914
2015-02-12,117.33999633789062,96.96861267089844,26.198318481445312,16.229751586914062,18.621957778930664,37.39431381225586,59.05379104614258
2015-02-13,117.9800033569336,95.97291564941406,26.752683639526367,16.21648406982422,18.740602493286133,37.22136306762695,59.28853225708008
2015-02-17,116.01000213623047,94.5279541015625,26.834203720092773,16.269582748413086,18.749387741088867,37.228885650634766,59.716102600097656
2015-02-18,116.33999633789062,95.08943939208984,26.514629364013672,16.170019149780273,18.766971588134766,37.431922912597656,59.783145904541016
2015-02-19,115.94000244140625,94.4605941772461,26.390714645385742,16.103641510009766,18.8328800201416,37.1912956237793,59.883766174316406
2015-02-20,115.27999877929688,94.73757934570312,26.263545989990234,16.22311782836914,18.929548263549805,37.29655456542969,60.51253128051758
2015-02-23,115.43000030517578,95.82317352294922,26.155927658081055,16.18329620361328,18.942729949951172,37.40183639526367,60.78921127319336
2015-02-24,115.26000213623047,97.0809326171875,26.227676391601562,16.26294708251953,18.99985122680664,37.52965545654297,60.713748931884766
2015-02-25,115.69999694824219,97.5002212524414,26.371164321899414,16.26294708251953,18.881214141845703,37.40183639526367,60.6886100769043
2015-02-26,116.06999969482422,96.16754913330078,25.882020950317383,16.22311782836914,18.99985122680664,37.45448303222656,60.85626983642578
2015-02-27,116.16000366210938,96.97611999511719,25.767873764038086,16.163381576538086,18.93393898010254,37.60486602783203,60.562835693359375
2015-03-02,115.68000030517578,95.16978454589844,25.58852767944336,16.282859802246094,19.08333396911621,37.67253875732422,61.10776138305664
2015-03-03,115.47000122070312,94.82472229003906,25.6830997467041,16.236391067504883,18.955909729003906,37.52965545654297,60.5544319152832
2015-03-04,115.11000061035156,94.85476684570312,25.6472225189209,16.13682746887207,18.881214141845703,37.26649475097656,60.847877502441406
2015-03-05,115.0,94.7347412109375,25.49396324157715,16.203203201293945,18.859243392944336,37.39431381225586,61.06585693359375
2015-03-06,111.86000061035156,92.64181518554688,25.03743553161621,16.083723068237305,18.62635612487793,36.6649169921875,59.86701965332031
2015-03-09,111.97000122070312,93.49697875976562,24.85808563232422,16.156742095947266,18.7142391204834,36.86795425415039,60.235870361328125
2015-03-10,111.41999816894531,94.72722625732422,24.512422561645508,15.811570167541504,18.33196258544922,36.34157943725586,59.56520080566406
2015-03-11,110.75,95.41732025146484,24.584157943725586,15.911140441894531,18.213319778442383,36.06336212158203,59.53166198730469
2015-03-12,110.72000122070312,95.34980773925781,24.42763900756836,16.256317138671875,18.33196258544922,36.5897331237793,60.31972122192383
2015-03-13,110.87999725341797,95.05730438232422,24.336332321166992,16.143470764160156,18.230899810791016,36.30399703979492,60.20235061645508
2015-03-16,110.80999755859375,95.97245025634766,24.66568946838379,16.34260368347168,18.44620132446289,36.74764633178711,61.53535461425781
2015-03-17,110.20999908447266,96.76760864257812,24.571121215820312,16.302780151367188,18.45059585571289,36.48445510864258,61.35927200317383
2015-03-18,112.37000274658203,98.63545227050781,25.285263061523438,16.39570426940918,18.701061248779297,36.73261260986328,62.15569305419922
2015-03-19,112.29000091552734,98.13284301757812,24.884164810180664,16.243038177490234,18.648334503173828,36.567176818847656,62.516204833984375
2015-03-20,113.56999969482422,98.65045928955078,25.25023651123047,16.463571548461914,18.76877784729004,37.02564239501953,62.96852493286133
2015-03-23,114.29000091552734,98.5304183959961,25.161584854125977,16.370290756225586,18.76877784729004,37.086158752441406,62.791954040527344
2015-03-24,114.56999969482422,99.48306274414062,24.99415397644043,16.23703956604004,18.70701026916504,36.874324798583984,62.245506286621094
2015-03-25,114.7300033569336,98.6429443359375,25.319177627563477,15.977198600769043,18.22610092163086,36.783546447753906,61.110557556152344
2015-03-26,115.4800033569336,97.10515594482422,25.289623260498047,15.963869094848633,18.239336013793945,36.62466049194336,60.967647552490234
2015-03-27,115.05999755859375,98.31282806396484,25.08279037475586,15.943879127502441,18.2525634765625,36.85163497924805,61.404815673828125
2015-03-30,113.75,97.82526397705078,25.62122344970703,16.177072525024414,18.473167419433594,37.22234344482422,62.026912689208984
2015-03-31,113.66000366210938,98.03533172607422,25.47020721435547,16.063812255859375,18.2834529876709,36.874324798583984,60.95082473754883
2015-04-01,115.5999984741211,99.32298278808594,25.46363067626953,16.050477981567383,18.256982803344727,36.91972351074219,60.33711624145508
2015-04-02,115.27999877929688,98.27061462402344,25.516162872314453,16.130434036254883,18.2525634765625,37.16939926147461,60.522071838378906
2015-04-06,116.69000244140625,97.72185516357422,25.975799560546875,16.157081604003906,18.42905616760254,37.464447021484375,60.61452102661133
2015-04-07,116.11000061035156,98.5412368774414,25.992216110229492,16.070470809936523,18.389345169067383,37.290435791015625,60.757469177246094
2015-04-08,115.47000122070312,98.5713119506836,25.782094955444336,16.130434036254883,18.446699142456055,37.3509635925293,61.27029800415039
2015-04-09,114.66999816894531,97.29338836669922,26.195762634277344,16.157081604003906,18.495223999023438,37.45687484741211,61.73265838623047
2015-04-10,115.97000122070312,97.43619537353516,26.3106632232666,16.150426864624023,18.56582260131836,37.524959564208984,62.26230239868164
2015-04-13,115.13999938964844,97.57154083251953,26.048019409179688,16.210391998291016,18.512876510620117,37.3509635925293,61.92605972290039
2015-04-14,114.44000244140625,98.26310729980469,26.51750373840332,16.210391998291016,18.455528259277344,37.43416976928711,62.026912689208984
2015-04-15,115.43000030517578,98.18040466308594,27.151138305664062,16.270353317260742,18.6187686920166,37.3282470703125,62.1866340637207
2015-04-16,115.02999877929688,97.69180297851562,27.08876609802246,16.297000885009766,18.55258560180664,37.464447021484375,62.15303039550781
2015-04-17,115.5999984741211,98.81185150146484,26.891780853271484,16.077136993408203,18.296688079833984,37.11642837524414,61.614967346191406
2015-04-20,114.72000122070312,97.93988800048828,26.993558883666992,16.143762588500977,18.609941482543945,37.24504089355469,61.99326705932617
2015-04-21,115.37999725341797,97.49639892578125,26.707921981811523,16.063812255859375,18.601123809814453,37.31313705444336,62.40524673461914
2015-04-22,113.83000183105469,96.00798034667969,26.885204315185547,16.177072525024414,18.79084014892578,37.335819244384766,62.506103515625
2015-04-23,114.66000366210938,96.42142486572266,27.06906509399414,16.20372772216797,18.8658390045166,37.20722198486328,62.74154281616211
2015-04-24,113.05000305175781,97.02278900146484,26.914752960205078,16.177072525024414,19.029083251953125,37.214778900146484,62.539764404296875
2015-04-27,115.33000183105469,97.02278900146484,26.885204315185547,16.117109298706055,19.082027435302734,37.01051330566406,61.404815673828125
2015-04-28,116.33000183105469,95.68473052978516,27.019813537597656,16.210391998291016,19.143796920776367,37.04833984375,61.70747756958008
2015-04-29,115.51000213623047,94.51209259033203,27.229934692382812,16.20372772216797,19.051149368286133,36.715450286865234,61.14418411254883
2015-04-30,113.47000122070312,94.67745971679688,27.144573211669922,16.077136993408203,18.786422729492188,36.59440231323242,60.286685943603516
2015-05-01,113.08000183105469,93.40300750732422,27.206953048706055,16.217052459716797,19.015851974487305,36.92729949951172,61.10215377807617
2015-05-04,114.0999984741211,92.52166748046875,27.138015747070312,16.376951217651367,19.033498764038086,36.980255126953125,61.48891830444336
2015-05-05,114.41999816894531,92.39364624023438,26.80314064025879,16.230377197265625,18.737897872924805,36.6851921081543,60.715431213378906
2015-05-06,114.36000061035156,90.81177520751953,26.698068618774414,16.150426864624023,18.579057693481445,36.798683166503906,60.480045318603516
2015-05-07,113.41999816894531,92.03202056884766,26.409162521362305,16.263689041137695,18.7158260345459,36.889469146728516,60.76585388183594
2015-05-08,113.97000122070312,92.28063201904297,26.84253692626953,16.49688720703125,18.984970092773438,37.199642181396484,61.749488830566406
2015-05-11,113.52999877929688,90.03592681884766,26.33693504333496,16.436920166015625,18.887893676757812,37.04833984375,61.78310775756836
2015-05-12,114.5,90.2694091796875,26.45840835571289,16.376951217651367,18.786422729492188,36.965126037597656,61.38798522949219
2015-05-13,116.55000305175781,89.54627990722656,26.38945960998535,16.383615493774414,18.8658390045166,36.94998550415039,61.45524978637695
2015-05-14,117.18000030517578,89.78734588623047,26.379615783691406,16.530200958251953,19.170269012451172,37.51740264892578,62.30435562133789
2015-05-15,117.52999877929688,91.58763122558594,26.484682083129883,16.456912994384766,19.108509063720703,37.63845443725586,62.43048095703125
2015-05-18,117.5199966430664,90.05097961425781,26.507659912109375,16.550182342529297,19.201160430908203,37.51740264892578,62.800357818603516
2015-05-19,115.88999938964844,89.2525634765625,26.13010025024414,16.64345932006836,19.152618408203125,37.41905212402344,63.09463119506836
2015-05-20,116.08000183105469,89.4032211303711,26.17934799194336,16.596824645996094,19.16585350036621,37.335819244384766,63.178672790527344
2015-05-21,115.69000244140625,90.65357208251953,26.425579071044922,16.55684471130371,19.249692916870117,37.41905212402344,63.187095642089844
2015-05-22,115.5999984741211,90.69123077392578,26.330373764038086,16.563512802124023,19.2364501953125,37.26017379760742,63.0357551574707
2015-05-26,113.91000366210938,92.24292755126953,25.913414001464844,16.376951217651367,18.958494186401367,36.965126037597656,62.396827697753906
2015-05-27,113.88999938964844,92.453857421875,25.86745834350586,16.55684471130371,19.315868377685547,37.199642181396484,63.119842529296875
2015-05-28,114.0199966430664,92.2279052734375,25.765676498413086,16.536861419677734,19.27615737915039,37.14669418334961,63.16187286376953
2015-05-29,114.0999984741211,92.4312515258789,25.736127853393555,16.39027976989746,19.134977340698242,36.91216278076172,63.00212097167969
2015-06-01,114.0,91.43785858154297,25.67047882080078,16.403606414794922,19.18791961669922,36.91216278076172,63.254337310791016
2015-06-02,114.45999908447266,90.16217041015625,25.847759246826172,16.430255889892578,19.14821434020996,36.813804626464844,62.8424186706543
2015-06-03,113.63999938964844,88.7127456665039,25.67047882080078,16.570175170898438,19.18791961669922,36.79111099243164,62.96012878417969
2015-06-04,112.83999633789062,89.86767578125,25.32245445251465,16.423599243164062,19.011438369750977,36.52631378173828,62.522926330566406
2015-06-05,112.23999786376953,88.77318572998047,25.4997501373291,16.516870498657227,18.949670791625977,36.00429916381836,62.497718811035156
2015-06-08,112.56999969482422,88.67505645751953,25.355295181274414,16.416934967041016,18.737897872924805,35.98917007446289,62.1866340637207
2015-06-09,112.81999969482422,87.97294616699219,25.352012634277344,16.456912994384766,18.69377326965332,36.163177490234375,62.16984176635742
2015-06-10,113.77999877929688,87.20301818847656,25.66390037536621,16.690099716186523,18.984970092773438,36.51873779296875,62.93489074707031
2015-06-11,113.26000213623047,89.03734588623047,25.548994064331055,16.756725311279297,18.99378776550293,36.50362014770508,63.36363983154297
2015-06-12,113.2300033569336,89.03734588623047,25.263368606567383,16.683439254760742,18.82613182067871,36.35988235473633,62.58177185058594
2015-06-15,113.7300033569336,89.18075561523438,25.204265594482422,16.610153198242188,18.7114200592041,36.09508514404297,62.6574592590332
2015-06-16,113.31999969482422,89.88280487060547,25.4012508392334,16.703428268432617,18.8349609375,36.488502502441406,62.96852493286133
2015-06-17,113.8499984741211,89.18834686279297,25.338882446289062,16.683439254760742,18.843780517578125,36.6851921081543,63.0273551940918
2015-06-18,115.31999969482422,88.75052642822266,25.32245445251465,16.836687088012695,19.011438369750977,37.09373474121094,63.91850662231445
2015-06-19,115.12000274658203,89.89033508300781,25.087486267089844,16.55562400817871,18.853221893310547,37.04196548461914,63.86872863769531
2015-06-22,113.63999938964844,88.05604553222656,25.394832611083984,16.809913635253906,19.00833511352539,37.18660354614258,64.3664779663086
2015-06-23,112.88999938964844,87.52760314941406,25.477468490600586,16.84337615966797,19.021629333496094,37.02674865722656,64.49299621582031
2015-06-24,112.58999633789062,88.2824478149414,25.318828582763672,16.702850341796875,18.933000564575195,36.859275817871094,63.84344482421875
2015-06-25,112.44000244140625,87.97294616699219,25.06104278564453,16.60247039794922,18.888671875,36.79076385498047,64.19771575927734
2015-06-26,112.55999755859375,86.9841079711914,25.143667221069336,16.65599822998047,18.7291316986084,36.866878509521484,64.1049575805664
2015-06-29,113.06999969482422,89.28648376464844,24.667760848999023,16.254491806030273,18.33025360107422,36.29594802856445,62.53583526611328
2015-06-30,112.37000274658203,88.66748809814453,24.839614868164062,16.31471824645996,18.347984313964844,36.235042572021484,62.75518035888672
2015-07-01,111.9800033569336,87.47058868408203,24.5223445892334,16.562314987182617,18.472084045410156,36.699405670166016,63.43006134033203
2015-07-02,111.76000213623047,87.75810241699219,24.63140869140625,16.488706588745117,18.498666763305664,36.66895294189453,63.1347770690918
2015-07-06,112.05999755859375,89.38468170166016,24.30752944946289,16.42178726196289,18.42332649230957,36.638511657714844,63.109466552734375
2015-07-07,110.76000213623047,90.22442626953125,24.528959274291992,16.45524787902832,18.449918746948242,37.392147064208984,63.413185119628906
2015-07-08,111.08999633789062,91.003662109375,24.033218383789062,16.167495727539062,18.148550033569336,36.97346115112305,62.324954986572266
2015-07-09,111.36000061035156,89.21065521240234,24.15549659729004,16.294641494750977,18.077640533447266,37.00390625,62.66236877441406
2015-07-10,111.48999786376953,87.79592895507812,24.28769874572754,16.488706588745117,18.365711212158203,37.43782043457031,63.5059814453125
2015-07-13,110.98999786376953,87.52361297607422,24.459552764892578,16.689464569091797,18.644926071166992,37.78798294067383,64.0458755493164
2015-07-14,110.73999786376953,87.81105041503906,24.634708404541016,16.729610443115234,18.715829849243164,37.8488883972168,64.68701934814453
2015-07-15,110.16000366210938,88.7416000366211,24.201778411865234,16.87014389038086,18.720264434814453,37.74992370605469,64.7713851928711
2015-07-16,109.76000213623047,89.35440826416016,24.234819412231445,17.03744125366211,18.959585189819336,38.13815689086914,65.0750732421875
2015-07-17,108.6500015258789,89.81588745117188,23.940677642822266,16.990596771240234,19.252086639404297,38.115325927734375,64.93163299560547
2015-07-20,105.69999694824219,89.43765258789062,23.6234073638916,17.01067543029785,19.354022979736328,38.183834075927734,65.14256286621094
2015-07-21,105.37000274658203,89.92179107666016,23.63332748413086,16.990596771240234,19.225496292114258,38.09248733520508,64.85572814941406
2015-07-22,104.80000305175781,90.48163604736328,23.441638946533203,17.117740631103516,18.915267944335938,38.17621994018555,64.99916076660156
2015-07-23,104.33000183105469,91.60889434814453,23.42181396484375,16.970521926879883,18.875381469726562,38.031578063964844,64.7629623413086
2015-07-24,105.3499984741211,91.83583068847656,22.97235107421875,16.809913635253906,18.773447036743164,37.81843566894531,63.14323425292969
2015-07-27,104.86000061035156,92.32759857177734,22.641862869262695,16.689464569091797,18.605031967163086,37.79560089111328,63.08419418334961
2015-07-28,105.0199966430664,91.65428924560547,23.289615631103516,16.756372451782227,18.773447036743164,38.221893310546875,64.2230453491211
2015-07-29,105.16999816894531,91.3138427734375,23.60689353942871,16.923675537109375,18.897537231445312,38.3513069152832,64.33271789550781
2015-07-30,104.2699966430664,92.0173568725586,23.441638946533203,16.923675537109375,18.933000564575195,38.221893310546875,64.23991394042969
2015-07-31,104.93000030517578,92.69827270507812,22.92938995361328,16.87014389038086,18.870948791503906,38.298011779785156,64.611083984375
2015-08-03,104.0999984741211,93.67411041259766,22.44687271118164,16.850061416625977,18.769014358520508,38.3513069152832,64.56048583984375
2015-08-04,104.30999755859375,92.93107604980469,22.370861053466797,16.823299407958984,18.65821647644043,38.3513069152832,64.52672576904297
2015-08-05,103.93000030517578,92.2335205078125,22.20230484008789,16.89021873474121,18.839921951293945,38.686248779296875,65.06664276123047
2015-08-06,104.38999938964844,93.0523452758789,22.555932998657227,16.82998275756836,18.65378189086914,38.396976470947266,63.64937973022461
2015-08-07,104.6500015258789,94.27305603027344,22.152734756469727,16.86345100402832,18.66707420349121,38.183834075927734,63.539737701416016
2015-08-10,105.72000122070312,93.10542297363281,22.8599796295166,17.02405548095703,18.959585189819336,38.32847213745117,64.05431365966797
2015-08-11,106.26000213623047,94.58389282226562,22.902942657470703,16.87014389038086,18.675949096679688,38.19144821166992,63.5144157409668
2015-08-12,107.75,94.06832122802734,23.319358825683594,16.716232299804688,18.76015853881836,38.21428298950195,63.55659484863281
2015-08-13,106.86000061035156,93.76505279541016,22.965740203857422,16.776453018188477,18.70697021484375,38.06203079223633,63.413185119628906
2015-08-14,106.8499984741211,93.98491668701172,22.916166305541992,16.896909713745117,18.800033569335938,38.183834075927734,63.590328216552734
2015-08-17,107.12999725341797,94.40951538085938,22.965740203857422,16.93036651611328,18.906400680541992,38.221893310546875,64.2314682006836
2015-08-18,107.11000061035156,93.66648864746094,22.879810333251953,16.916980743408203,18.808902740478516,38.031578063964844,64.1386947631836
2015-08-19,108.55000305175781,94.59147644042969,22.248577117919922,16.763072967529297,18.68480110168457,37.68141174316406,63.877159118652344
2015-08-20,110.44000244140625,95.5467758178711,21.746234893798828,16.40840721130371,18.228322982788086,37.33885192871094,62.39243698120117
2015-08-21,111.12999725341797,95.83495330810547,20.986106872558594,15.819527626037598,17.532522201538086,36.31878662109375,60.48589324951172
2015-08-24,110.52999877929688,95.8045883178711,19.8591365814209,15.143640518188477,16.841144561767578,35.05513000488281,57.91294860839844
2015-08-25,109.16000366210938,94.2654800415039,19.57160758972168,14.942888259887695,16.708189010620117,34.788700103759766,57.33083724975586
2015-08-26,107.66999816894531,92.44583129882812,20.24581527709961,15.505001068115234,17.55025291442871,35.816375732421875,59.751983642578125
2015-08-27,107.7300033569336,92.49895477294922,21.2471923828125,15.886439323425293,17.957977294921875,36.34162902832031,60.91615676879883
2015-08-28,108.69999694824219,92.7718734741211,21.729707717895508,15.812824249267578,17.993438720703125,36.26549530029297,60.57027053833008
2015-08-31,108.81999969482422,92.05912780761719,21.95444107055664,15.678990364074707,17.829448699951172,36.01430130004883,59.46515655517578
2015-09-01,109.19999694824219,92.72246551513672,21.181093215942383,15.170414924621582,17.257741928100586,35.2758903503418,57.90452194213867
2015-09-02,108.62000274658203,91.92461395263672,21.376083374023438,15.377859115600586,17.674341201782227,35.75546646118164,59.093997955322266
2015-09-03,107.83999633789062,92.37291717529297,21.435565948486328,15.464847564697266,17.68763542175293,35.99906539916992,58.67216873168945
2015-09-04,107.48999786376953,93.2163314819336,21.081951141357422,15.157032012939453,17.41728973388672,35.41291427612305,57.93824768066406
2015-09-08,107.5199966430664,91.84107208251953,21.412437438964844,15.545156478881836,17.904796600341797,36.151309967041016,59.55792999267578
2015-09-09,106.12999725341797,92.2817611694336,21.00923728942871,15.331018447875977,17.669906616210938,35.55756759643555,58.63842010498047
2015-09-10,106.37999725341797,91.65870666503906,21.13152313232422,15.404632568359375,17.847187042236328,35.61845397949219,59.20363235473633
2015-09-11,106.16000366210938,92.23619079589844,20.94313621520996,15.471545219421387,17.931392669677734,35.854427337646484,59.58327102661133
2015-09-14,106.22000122070312,92.38053131103516,20.761369705200195,15.438090324401855,17.88707160949707,35.74024200439453,59.397666931152344
2015-09-15,105.9000015258789,90.610107421875,20.99271583557129,15.658920288085938,18.117530822753906,36.166542053222656,60.24969482421875
2015-09-16,107.30999755859375,90.26817321777344,21.587594985961914,15.759293556213379,18.192867279052734,36.57761001586914,60.41841506958008
2015-09-17,108.41000366210938,91.3699951171875,21.574377059936523,15.53846549987793,18.06878089904785,36.57761001586914,60.96674346923828
2015-09-18,109.20999908447266,92.77567291259766,21.00773048400879,15.23788070678711,17.83416748046875,36.15470504760742,60.03627395629883
2015-09-21,108.52999877929688,91.26358795166016,21.127588272094727,15.412720680236816,18.012239456176758,36.422855377197266,59.240413665771484
2015-09-22,107.79000091552734,92.53250885009766,20.904525756835938,15.217697143554688,17.70951271057129,36.02444839477539,58.87636947631836
2015-09-23,108.22000122070312,92.52488708496094,20.634851455688477,15.224430084228516,17.754032135009766,36.085731506347656,58.81710433959961
2015-09-24,110.48999786376953,93.15557861328125,20.724742889404297,15.11683464050293,17.754032135009766,36.147037506103516,58.21596908569336
2015-09-25,109.80999755859375,92.35015106201172,20.764692306518555,15.33874797821045,17.722871780395508,36.37688446044922,56.624271392822266
2015-09-28,108.41999816894531,93.93059539794922,19.935705184936523,14.982348442077637,17.3177433013916,35.84056854248047,54.43144226074219
2015-09-29,107.9800033569336,94.19654846191406,19.905746459960938,15.009239196777344,17.242063522338867,35.82524871826172,54.93095016479492
2015-09-30,106.86000061035156,93.86980438232422,20.375171661376953,15.23788070678711,17.584857940673828,36.15470504760742,56.07394027709961
2015-10-01,106.7300033569336,94.27029418945312,20.41512107849121,15.24460220336914,17.59376335144043,36.15470504760742,56.64119338989258
2015-10-02,108.98999786376953,94.8414077758789,21.25743293762207,15.264777183532715,17.843074798583984,36.6526985168457,57.81805419921875
2015-10-05,108.7699966430664,93.55460357666016,21.899980545043945,15.587553024291992,18.194761276245117,37.28093719482422,57.970436096191406
2015-10-06,109.86000061035156,93.9581527709961,22.38605499267578,15.513586044311523,18.21702766418457,37.02811813354492,56.60732650756836
2015-10-07,109.69999694824219,93.64593505859375,22.669038772583008,15.63463020324707,18.301612854003906,37.36520004272461,57.51324462890625
2015-10-08,109.13999938964844,92.86168670654297,23.101850509643555,15.728775024414062,18.38619041442871,37.80958557128906,57.68259048461914
2015-10-09,110.87000274658203,93.10533905029297,22.95203399658203,15.627899169921875,18.466333389282227,37.89385986328125,57.9450569152832
2015-10-12,111.30999755859375,93.81344604492188,22.655725479125977,15.64135456085205,18.488590240478516,37.993465423583984,58.0974235534668
2015-10-13,111.86000061035156,93.9733657836914,22.41934585571289,15.520306587219238,18.44852638244629,37.763614654541016,57.369319915771484
2015-10-14,113.80999755859375,94.79566955566406,22.612443923950195,15.39254093170166,18.412900924682617,37.326908111572266,57.25925827026367
2015-10-15,113.29000091552734,94.33121490478516,23.018613815307617,15.742220878601074,18.64885139465332,37.664005279541016,58.537696838378906
2015-10-16,112.48999786376953,94.36166381835938,23.04857635498047,15.8363618850708,18.684476852416992,38.02410888671875,59.06264114379883
2015-10-19,112.0199966430664,94.10282897949219,22.59247398376465,15.822914123535156,18.755693435668945,38.19266128540039,59.27430725097656
2015-10-20,112.7300033569336,93.52413177490234,22.655725479125977,15.9170560836792,18.706724166870117,38.169677734375,58.34297180175781
2015-10-21,111.7300033569336,94.45306396484375,22.37606430053711,15.802745819091797,18.564266204833984,38.177337646484375,57.81805419921875
2015-10-22,111.69000244140625,94.6129379272461,22.778907775878906,16.058277130126953,18.98274040222168,38.935829162597656,57.47092819213867
2015-10-23,111.5,93.80586242675781,22.725637435913086,16.23311424255371,19.51251792907715,38.874542236328125,58.69857406616211
2015-10-26,111.43000030517578,94.43022918701172,22.169647216796875,16.16586685180664,19.43683433532715,38.79792022705078,58.927162170410156
2015-10-27,111.68000030517578,94.666259765625,21.903310775756836,16.071720123291016,19.325538635253906,38.85154342651367,60.010868072509766
2015-10-28,110.77999877929688,94.28557586669922,22.38939094543457,16.44829750061035,19.61490821838379,38.62936782836914,60.51041793823242
2015-10-29,109.72000122070312,92.78557586669922,22.502574920654297,16.42812156677246,19.561487197875977,38.644676208496094,60.78133773803711
2015-10-30,109.30000305175781,93.48603057861328,22.649066925048828,16.192768096923828,19.432384490966797,38.215641021728516,60.400325775146484
2015-11-02,108.58999633789062,93.05645751953125,23.178428649902344,16.4146785736084,19.605998992919922,38.445499420166016,61.687255859375
2015-11-03,106.9800033569336,92.29341125488281,23.77103614807129,16.441570281982422,19.708398818969727,38.26161575317383,61.46710968017578
2015-11-04,105.97000122070312,92.40023040771484,23.55795669555664,16.394500732421875,19.73065185546875,38.10072708129883,61.196189880371094
2015-11-05,105.63999938964844,92.15602111816406,23.358203887939453,16.461746215820312,19.672788619995117,38.09307861328125,61.00145721435547
2015-11-06,104.0999984741211,90.80538940429688,23.238351821899414,16.629858016967773,19.739564895629883,37.679344177246094,60.747467041015625
2015-11-09,104.4000015258789,90.29412841796875,23.00862693786621,16.44829750061035,19.548137664794922,37.426517486572266,60.28179168701172
2015-11-10,104.18000030517578,90.56119537353516,23.058568954467773,16.522268295288086,19.419025421142578,37.52610397338867,60.68819808959961
2015-11-11,103.83000183105469,90.37044525146484,22.569168090820312,16.468475341796875,19.41012191772461,37.472469329833984,60.08708572387695
2015-11-12,103.8499984741211,90.80538940429688,22.056455612182617,16.219667434692383,19.240951538085938,36.96681594848633,59.045711517333984
2015-11-13,103.55999755859375,91.32426452636719,21.966564178466797,16.085172653198242,18.862546920776367,36.6450309753418,58.90177536010742
2015-11-16,103.70999908447266,91.24037170410156,22.699003219604492,16.280179977416992,19.151914596557617,37.273277282714844,59.63835144042969
2015-11-17,102.33999633789062,91.39300537109375,22.449312210083008,16.246559143066406,19.156362533569336,37.25795364379883,59.89236068725586
2015-11-18,102.43000030517578,91.583740234375,22.818862915039062,16.535720825195312,19.445741653442383,37.771278381347656,61.06072235107422
2015-11-19,103.55999755859375,92.1941909790039,22.512563705444336,16.5626163482666,19.534774780273438,37.870872497558594,60.03627395629883
2015-11-20,103.08999633789062,91.9118423461914,22.272855758666992,16.589513778686523,19.677234649658203,37.602725982666016,60.552730560302734
2015-11-23,102.26000213623047,92.1941909790039,22.432666778564453,16.522268295288086,19.561487197875977,37.93217468261719,60.400325775146484
2015-11-24,102.94000244140625,92.18657684326172,22.91208267211914,16.475194931030273,19.56593894958496,38.031768798828125,60.58661651611328
2015-11-25,102.45999908447266,92.40023040771484,22.725637435913086,16.488645553588867,19.503610610961914,38.13136672973633,60.91679763793945
2015-11-27,101.25,92.30862426757812,22.5625057220459,16.528995513916016,19.548137664794922,38.27694320678711,61.03532028198242
2015-11-30,101.91999816894531,92.67488098144531,22.645740509033203,16.515548706054688,19.570383071899414,37.86321258544922,60.20561218261719
2015-12-01,102.27999877929688,93.92669677734375,22.825517654418945,16.697114944458008,19.7440128326416,38.184993743896484,61.221580505371094
2015-12-02,100.69000244140625,93.95729064941406,22.11971664428711,16.502090454101562,19.619361877441406,37.993465423583984,60.70512771606445
2015-12-03,101.76000213623047,91.4032211303711,21.67691993713379,16.23311424255371,19.365596771240234,37.79425811767578,59.375885009765625
2015-12-04,104.0199966430664,92.2061538696289,21.540420532226562,16.663490295410156,19.841955184936523,38.644676208496094,60.772865295410156
2015-12-07,102.66999816894531,93.1008529663086,20.721416473388672,16.50882339477539,19.7440128326416,38.751949310302734,60.434200286865234
2015-12-08,102.83999633789062,93.14677429199219,20.508338928222656,16.300357818603516,19.695045471191406,38.652347564697266,60.56968307495117
2015-12-09,102.63999938964844,93.04731750488281,20.77801513671875,16.11206817626953,19.405670166015625,38.28459548950195,59.96005630493164
2015-12-10,102.55000305175781,93.1696548461914,20.91118812561035,16.12552261352539,19.459095001220703,38.330562591552734,60.4088020324707
2015-12-11,103.11000061035156,94.63792419433594,20.128803253173828,15.769119262695312,19.053974151611328,37.9091796875,59.51980972290039
2015-12-14,101.79000091552734,93.41436004638672,20.235342025756836,15.802745819091797,19.200885772705078,38.28459548950195,59.909278869628906
2015-12-15,101.5199966430664,92.86380004882812,20.744720458984375,16.172595977783203,19.28546905517578,38.52975845336914,60.68819808959961
2015-12-16,102.75,92.66495513916016,20.608217239379883,16.434850692749023,19.548137664794922,39.27294158935547,61.47561264038086
2015-12-17,100.5,93.71261596679688,20.102169036865234,16.19948387145996,19.240951538085938,38.767276763916016,60.81521987915039
2015-12-18,102.04000091552734,94.23259735107422,19.750102996826172,15.766423225402832,18.8677978515625,38.08037185668945,59.93351745605469
2015-12-21,103.1500015258789,94.20964813232422,19.7702579498291,15.922050476074219,19.06019401550293,38.5125732421875,60.4776611328125
2015-12-22,102.61000061035156,93.52906036376953,20.00206184387207,16.0709228515625,19.198890686035156,39.014251708984375,60.885765075683594
2015-12-23,102.30999755859375,92.82557678222656,20.872154235839844,16.260391235351562,19.359968185424805,39.2998161315918,61.54045867919922
2015-12-24,103.05000305175781,93.35737609863281,20.684022903442383,16.246858596801758,19.35102081298828,39.261207580566406,61.5999755859375
2015-12-28,102.2699966430664,93.6332778930664,20.307767868041992,16.23332405090332,19.337596893310547,39.207183837890625,61.31088638305664
2015-12-29,102.19999694824219,92.07767486572266,20.44886016845703,16.402494430541992,19.601573944091797,39.54677963256836,62.05910873413086
2015-12-30,101.41999816894531,91.98570251464844,20.173391342163086,16.28745460510254,19.436023712158203,39.407859802246094,61.79552459716797
2015-12-31,101.45999908447266,92.39949035644531,20.264095306396484,16.125064849853516,19.163105010986328,38.96793746948242,61.242881774902344
2016-01-04,102.88999938964844,93.066162109375,20.25737762451172,15.813788414001465,18.91254234313965,38.4739990234375,60.13758087158203
2016-01-05,103.18000030517578,92.6906967163086,20.33464241027832,15.874692916870117,18.863327026367188,38.72097396850586,60.426639556884766
2016-01-06,104.66999816894531,93.93975830078125,19.55189323425293,15.631087303161621,18.63066864013672,38.58975601196289,59.93351745605469
2016-01-07,106.1500015258789,94.10833740234375,19.07485008239746,15.191248893737793,18.080339431762695,38.126678466796875,58.7176399230957
2016-01-08,105.68000030517578,94.52980041503906,18.829620361328125,14.954418182373047,17.937162399291992,37.83339309692383,57.833404541015625
2016-01-11,104.73999786376953,93.49532318115234,18.42647933959961,14.97471809387207,18.05349349975586,38.18842315673828,57.14470672607422
2016-01-12,104.20999908447266,94.843994140625,18.470155715942383,15.089747428894043,18.268253326416016,38.396812438964844,57.875919342041016
2016-01-13,104.72000122070312,95.77882385253906,18.026708602905273,14.697279930114746,17.776090621948242,37.6944694519043,56.158424377441406
2016-01-14,103.0199966430664,94.88232421875,18.802743911743164,14.825847625732422,18.111656188964844,37.87199401855469,57.66334915161133
2016-01-15,104.08000183105469,96.36125183105469,18.258512496948242,14.494277954101562,17.601600646972656,37.27769470214844,56.85563278198242
2016-01-19,103.9800033569336,96.06240844726562,17.86545753479004,14.48751449584961,17.619491577148438,37.7253532409668,56.84711837768555
2016-01-20,105.37000274658203,97.07391357421875,17.39177894592285,14.203311920166016,17.480792999267578,37.25455093383789,56.95766830444336
2016-01-21,105.48999786376953,96.4148941040039,17.93265151977539,14.142411231994629,17.5792236328125,37.40119934082031,56.787620544433594
2016-01-22,105.0,96.04704284667969,18.725481033325195,14.39954662322998,18.06691551208496,38.041786193847656,57.68887710571289
2016-01-25,106.08000183105469,96.56816101074219,17.852025985717773,14.108576774597168,17.856626510620117,37.702205657958984,57.153194427490234
2016-01-26,107.29000091552734,96.61408996582031,18.527267456054688,14.345415115356445,18.0311222076416,38.049503326416016,57.58684539794922
2016-01-27,107.69000244140625,96.59113311767578,18.439922332763672,14.291276931762695,17.659765243530273,38.01091384887695,56.93215560913086
2016-01-28,106.54000091552734,96.72909545898438,19.00094985961914,14.29804801940918,17.887943267822266,38.396812438964844,55.60578536987305
2016-01-29,106.94999694824219,97.5490493774414,19.555253982543945,14.697279930114746,18.45170021057129,39.17632293701172,56.515541076660156
2016-02-01,108.05000305175781,97.25033569335938,19.229389190673828,14.636383056640625,18.518817901611328,39.30753707885742,56.60055923461914
2016-02-02,108.08999633789062,99.05455017089844,18.587738037109375,14.23038101196289,18.187726974487305,38.80586624145508,55.784332275390625
2016-02-03,109.25,98.23303985595703,19.249540328979492,14.243911743164062,18.16535186767578,38.72097396850586,56.149932861328125
2016-02-04,110.56999969482422,98.70903015136719,19.23946762084961,14.365713119506836,18.183246612548828,38.36594772338867,55.843833923339844
2016-02-05,112.31999969482422,98.82421112060547,18.792665481567383,14.17624568939209,17.67318344116211,38.30419921875,54.755531311035156
2016-02-08,113.83000183105469,100.95087432861328,18.695241928100586,13.817609786987305,17.418161392211914,38.203861236572266,54.00732421875
2016-02-09,113.58000183105469,101.05834197998047,18.245075225830078,13.797307968139648,17.33761978149414,38.458560943603516,54.40693283081055
2016-02-10,114.45999908447266,101.94902038574219,18.171173095703125,13.722874641418457,17.364469528198242,38.41225051879883,54.891578674316406
2016-02-11,119.05999755859375,102.6629867553711,18.09389877319336,13.303340911865234,17.32866668701172,38.10352325439453,54.00732421875
2016-02-12,118.36000061035156,100.95853424072266,18.570945739746094,13.864975929260254,17.57027816772461,38.64378356933594,54.730037689208984
2016-02-16,114.7699966430664,99.89138793945312,18.755706787109375,14.08828067779541,17.88347816467285,38.9525146484375,55.75882339477539
2016-02-17,115.4800033569336,99.27721405029297,19.370481491088867,14.27774715423584,18.250354766845703,39.35383224487305,56.46452331542969
2016-02-18,118.29000091552734,100.49786376953125,19.128610610961914,14.196545600891113,18.178768157958984,39.17632293701172,56.11590576171875
2016-02-19,117.58000183105469,100.58232879638672,19.084936141967773,14.196545600891113,18.192190170288086,39.238067626953125,56.056400299072266
2016-02-22,115.48999786376953,100.52861022949219,19.572053909301758,14.419848442077637,18.43380355834961,39.43101119995117,56.85563278198242
2016-02-23,117.22000122070312,100.93555450439453,18.90352439880371,14.162710189819336,18.14297866821289,39.42329788208008,56.430519104003906
2016-02-24,117.61000061035156,100.73589324951172,19.095008850097656,14.128876686096191,18.281679153442383,39.54677963256836,56.6175537109375
2016-02-25,117.91999816894531,101.09674072265625,19.11180877685547,14.325113296508789,18.50986099243164,39.99443435668945,57.32326126098633
2016-02-26,117.11000061035156,100.12171936035156,19.226032257080078,14.42661190032959,18.460649490356445,39.43101119995117,57.22125244140625
2016-02-29,118.63999938964844,100.5593032836914,19.00766944885254,14.270981788635254,18.33089828491211,39.2998161315918,56.31148910522461
2016-03-01,117.7699966430664,98.78858947753906,19.504865646362305,14.751420021057129,18.87674903869629,39.6779899597168,57.518802642822266
2016-03-02,118.68000030517578,99.19629669189453,19.981901168823242,14.91381549835205,18.930442810058594,39.79376220703125,57.612342834472656
2016-03-03,120.7300033569336,99.55780029296875,20.284250259399414,15.0153169631958,18.930442810058594,39.99443435668945,57.450809478759766
2016-03-04,120.54000091552734,98.91939544677734,20.479095458984375,15.076218605041504,18.979658126831055,40.16423034667969,57.31475830078125
2016-03-07,121.13999938964844,98.88861846923828,20.95949935913086,15.069448471069336,18.863327026367188,39.917240142822266,57.77389144897461
2016-03-08,120.58000183105469,99.98089599609375,20.079322814941406,14.825847625732422,18.746999740600586,40.03301239013672,57.06819152832031
2016-03-09,119.58000183105469,99.37322235107422,20.40519142150879,14.846148490905762,18.908069610595703,40.33401107788086,57.17021942138672
2016-03-10,121.5,98.9655532836914,20.42198371887207,14.832618713378906,18.89017677307129,40.34944152832031,57.20423126220703
2016-03-11,119.41000366210938,97.9655990600586,20.949420928955078,15.218323707580566,19.18099594116211,40.48065185546875,58.31802749633789
2016-03-14,117.87000274658203,98.27326965332031,20.811676025390625,15.170954704284668,19.2033634185791,40.457496643066406,58.071475982666016
2016-03-15,117.95999908447266,98.36553192138672,20.77136993408203,15.164182662963867,19.274959564208984,40.55783462524414,57.17021942138672
2016-03-16,120.58999633789062,98.65786743164062,21.13082504272461,15.130350112915039,19.498672485351562,40.650447845458984,57.03418731689453
2016-03-17,120.12999725341797,99.06553649902344,21.41973876953125,15.31304931640625,19.57025718688965,40.89742660522461,56.37099075317383
2016-03-18,119.80000305175781,99.27323913574219,21.4813175201416,15.448987007141113,19.601734161376953,40.84391403198242,57.03399658203125
2016-03-21,118.95999908447266,98.51168823242188,21.40688705444336,15.42180347442627,19.669185638427734,40.86717987060547,57.36678695678711
2016-03-22,119.30999755859375,98.48863983154297,21.28846549987793,15.374223709106445,19.673683166503906,40.62669372558594,57.93849182128906
2016-03-23,116.61000061035156,99.60397338867188,20.821550369262695,15.25867748260498,19.56125259399414,40.63444900512695,57.528907775878906
2016-03-24,116.33000183105469,99.64241027832031,20.923057556152344,15.163530349731445,19.615222930908203,40.587890625,57.50330352783203
2016-03-28,116.5999984741211,99.77320861816406,20.8114070892334,15.211097717285156,19.565757751464844,40.80509567260742,57.341182708740234
2016-03-29,118.76000213623047,100.8192367553711,20.909517288208008,15.238292694091797,19.87154769897461,41.107662200927734,58.006744384765625
2016-03-30,117.0999984741211,99.75780487060547,20.95012092590332,15.326642990112305,19.98846435546875,41.379180908203125,58.01527404785156
2016-03-31,117.63999938964844,100.46546936035156,20.939970016479492,15.292661666870117,19.947999954223633,41.16196823120117,57.83609390258789
2016-04-01,116.93000030517578,100.72755432128906,20.659149169921875,15.428598403930664,20.100879669189453,41.59638977050781,58.493141174316406
2016-04-04,116.1500015258789,100.78914642333984,20.506893157958984,15.353825569152832,20.024429321289062,41.611900329589844,59.192832946777344
2016-04-05,117.66000366210938,101.89141082763672,20.36817169189453,15.136335372924805,19.83107566833496,41.3326416015625,58.42486572265625
2016-04-06,116.94000244140625,101.15147399902344,20.808015823364258,15.217897415161133,20.024429321289062,41.658451080322266,59.99490737915039
2016-04-07,118.61000061035156,102.40013885498047,20.686216354370117,14.932435035705566,19.73664093017578,41.20850372314453,59.3378791809082
2016-04-08,118.43000030517578,101.752685546875,21.102371215820312,14.986809730529785,19.73664093017578,41.433475494384766,59.175750732421875
2016-04-11,120.02999877929688,101.6216812133789,21.014404296875,15.047977447509766,19.682676315307617,41.138694763183594,58.72352600097656
2016-04-12,120.05000305175781,100.92024993896484,21.640336990356445,15.238292694091797,19.817581176757812,41.394683837890625,59.201358795166016
2016-04-13,118.7699966430664,101.27479553222656,21.74184799194336,15.584925651550293,20.019935607910156,41.07663345336914,59.755985260009766
2016-04-14,117.11000061035156,100.78914642333984,21.7925968170166,15.61890697479248,20.015443801879883,40.89044189453125,59.79012680053711
2016-04-15,117.91999816894531,101.65252685546875,21.498239517211914,15.564535140991211,19.93899917602539,41.14645004272461,59.74748229980469
2016-04-18,117.73999786376953,101.21318817138672,21.853490829467773,15.680076599121094,20.024429321289062,41.379180908203125,60.30210494995117
2016-04-19,119.58000183105469,100.89712524414062,22.289953231811523,15.877178192138672,19.912012100219727,41.35590362548828,60.51543045043945
2016-04-20,118.97000122070312,99.78713989257812,22.48957633972168,15.999530792236328,19.952486038208008,40.89044189453125,60.83969497680664
2016-04-21,119.41999816894531,99.19365692138672,22.357624053955078,15.85678768157959,19.880542755126953,40.161231994628906,61.19805908203125
2016-04-22,117.88999938964844,98.9393310546875,22.68242835998535,16.006319046020508,19.534276962280273,40.308624267578125,61.3260498046875
2016-04-25,118.2300033569336,98.53076934814453,22.428674697875977,15.972338676452637,19.538782119750977,40.587890625,61.08710479736328
2016-04-26,118.69999694824219,98.08373260498047,22.78731918334961,16.07428550720215,19.44434356689453,40.424983978271484,60.85674285888672
2016-04-27,119.04000091552734,99.06262969970703,23.22039031982422,16.101476669311523,19.354406356811523,40.61893081665039,60.78846740722656
2016-04-28,121.29000091552734,99.47115325927734,22.875288009643555,15.931559562683105,19.11157989501953,40.65770721435547,60.49836730957031
2016-04-29,123.6500015258789,99.72553253173828,22.83807373046875,15.843193054199219,18.9451904296875,40.57238006591797,59.551204681396484
2016-05-02,123.23999786376953,98.72145080566406,22.81438636779785,15.98592758178711,19.0845947265625,41.037841796875,59.89253616333008
2016-05-03,122.95999908447266,99.96495819091797,22.27642250061035,15.782024383544922,18.909221649169922,40.96025466918945,59.704803466796875
2016-05-04,122.20999908447266,100.51334381103516,21.954998016357422,15.65969181060791,18.850759506225586,41.08438491821289,59.13310623168945
2016-05-05,122.06999969482422,101.18521118164062,22.13431739807129,15.652883529663086,18.85975456237793,41.09214782714844,59.38055419921875
2016-05-06,123.18000030517578,100.7527084350586,22.08356285095215,15.72085189819336,18.99915885925293,41.30160140991211,59.03068923950195
2016-05-09,120.6500015258789,101.06938934326172,21.762142181396484,15.680076599121094,18.99915885925293,41.52658462524414,59.704803466796875
2016-05-10,120.9800033569336,101.07711791992188,22.144466400146484,15.904370307922363,19.246482849121094,41.93772888183594,60.20823287963867
2016-05-11,122.12000274658203,101.648681640625,22.212135314941406,15.73444938659668,19.10707664489746,41.60416030883789,59.482948303222656
2016-05-12,121.16000366210938,101.18521118164062,22.27303695678711,15.741247177124023,19.053119659423828,41.82911682128906,59.13310623168945
2016-05-13,121.70999908447266,102.16610717773438,21.98883056640625,15.55094051361084,18.981168746948242,41.30160140991211,58.99656677246094
2016-05-16,121.80000305175781,101.28564453125,22.361003875732422,15.632498741149902,19.246482849121094,41.565364837646484,59.798667907714844
2016-05-17,122.22000122070312,101.45558166503906,22.465892791748047,15.54414176940918,19.053119659423828,40.75080871582031,59.175750732421875
2016-05-18,120.0999984741211,100.01128387451172,22.249357223510742,15.816014289855957,19.089094161987305,40.2775993347168,59.42322540283203
2016-05-19,119.87000274658203,100.44383239746094,22.252735137939453,15.666483879089355,18.985668182373047,40.67323684692383,58.9197998046875
2016-05-20,119.70999908447266,100.5209732055664,22.384685516357422,15.77523136138916,19.21500587463379,40.463775634765625,59.46587371826172
2016-05-23,119.37000274658203,100.74503326416016,22.32716941833496,15.761638641357422,19.179033279418945,40.502567291259766,59.226966857910156
2016-05-24,117.30000305175781,100.29702758789062,22.438823699951172,15.999530792236328,19.538782119750977,40.84391403198242,60.08023452758789
2016-05-25,116.9800033569336,99.91859436035156,22.794084548950195,16.1694393157959,19.673683166503906,40.90595626831055,60.45571517944336
2016-05-26,116.58000183105469,100.43608856201172,22.6993465423584,16.07428550720215,19.73664093017578,41.06887435913086,60.46422576904297
2016-05-27,115.62000274658203,100.28933715820312,22.71287727355957,16.18303680419922,19.83107566833496,41.11540985107422,60.73726272583008
2016-05-31,116.05999755859375,100.52877044677734,22.624914169311523,16.142257690429688,19.87154769897461,40.85166549682617,60.88233947753906
2016-06-01,115.94000244140625,100.93657684326172,22.63167953491211,16.176239013671875,19.822084426879883,41.270565032958984,61.10419845581055
2016-06-02,115.66999816894531,101.66413116455078,22.601228713989258,16.21021842956543,19.804086685180664,41.28607940673828,61.889244079589844
2016-06-03,118.87999725341797,103.11141967773438,22.513269424438477,15.979134559631348,19.759124755859375,41.54985427856445,61.6844596862793
2016-06-06,118.91999816894531,102.3451919555664,23.010629653930664,16.07428550720215,19.795093536376953,41.59638977050781,62.017215728759766
2016-06-07,118.81999969482422,102.59284973144531,23.53166961669922,16.040306091308594,19.876041412353516,41.54985427856445,61.63322448730469
2016-06-08,120.58000183105469,103.14228820800781,23.477537155151367,16.053895950317383,19.91651153564453,41.79808807373047,61.84657287597656
2016-06-09,121.25,103.80790710449219,23.298213958740234,15.938352584838867,19.9210147857666,41.96099090576172,61.74415969848633
2016-06-10,121.73999786376953,104.31095886230469,22.794084548950195,15.741247177124023,19.768112182617188,41.992027282714844,61.24925994873047
2016-06-13,122.63999938964844,104.77529907226562,22.726411819458008,15.632498741149902,19.547780990600586,41.6429443359375,60.76288604736328
2016-06-14,122.7699966430664,104.69792175292969,22.71287727355957,15.401410102844238,19.592737197875977,41.80583953857422,60.85674285888672
2016-06-15,123.68000030517578,105.10038757324219,22.65874671936035,15.42180347442627,19.543272018432617,41.68172836303711,60.438621520996094
2016-06-16,122.37999725341797,105.61115264892578,22.55048370361328,15.462579727172852,19.583744049072266,41.8989372253418,60.65194320678711
2016-06-17,123.94999694824219,104.95333099365234,22.780702590942383,15.449596405029297,19.453155517578125,41.72958755493164,60.02225112915039
2016-06-20,123.20999908447266,103.83116149902344,22.978229522705078,15.538424491882324,19.53449821472168,41.86226272583008,60.39921188354492
2016-06-21,120.83999633789062,103.35130310058594,23.25068473815918,15.627259254455566,19.6700496673584,41.97151565551758,60.193607330322266
2016-06-22,120.9000015258789,103.52156066894531,23.12127113342285,15.6135892868042,19.60227394104004,41.99493408203125,60.36494445800781
2016-06-23,120.11000061035156,102.33737182617188,23.502710342407227,15.941575050354004,19.868877410888672,42.25247573852539,61.15315628051758
2016-06-24,126.0,105.08488464355469,22.74323844909668,15.087446212768555,19.10521125793457,41.440826416015625,59.37971878051758
2016-06-27,126.68000030517578,107.70855712890625,22.014423370361328,14.65695858001709,18.72111701965332,41.35497283935547,58.58297348022461
2016-06-28,125.31999969482422,107.93296813964844,22.62744140625,15.032779693603516,19.09165382385254,41.61252212524414,59.72240447998047
2016-06-29,125.83999633789062,107.10488891601562,23.056564331054688,15.374433517456055,19.385377883911133,42.09638214111328,60.861873626708984
2016-06-30,126.47000122070312,107.49955749511719,23.24047088623047,15.620426177978516,19.59775733947754,43.04069900512695,61.435848236083984
2016-07-01,128.41000366210938,108.9921646118164,23.363075256347656,15.538424491882324,19.642948150634766,42.837791442871094,61.821407318115234
2016-07-05,129.47000122070312,110.35679626464844,22.893091201782227,15.306102752685547,19.49834442138672,43.07973861694336,61.761409759521484
2016-07-06,130.22999572753906,110.53512573242188,22.991853713989258,15.347103118896484,19.633907318115234,43.118743896484375,62.455352783203125
2016-07-07,129.74000549316406,110.52732849121094,22.756864547729492,15.367603302001953,19.633907318115234,43.03289794921875,62.361141204833984
2016-07-08,130.52000427246094,111.34149169921875,23.059974670410156,15.661425590515137,19.941179275512695,43.46214294433594,63.132171630859375
2016-07-11,129.2899932861328,110.36454772949219,23.1042423248291,15.750255584716797,20.058664321899414,43.469940185546875,62.960838317871094
2016-07-12,127.1500015258789,108.55018615722656,23.676403045654297,15.948408126831055,20.22133445739746,43.235816955566406,63.26923751831055
2016-07-13,128.32000732421875,109.82951354980469,23.472055435180664,15.948408126831055,20.225852966308594,43.477752685546875,63.243534088134766
2016-07-14,127.33000183105469,108.23233032226562,23.591257095336914,16.09874153137207,20.356897354125977,43.469940185546875,63.51771545410156
2016-07-15,126.83999633789062,107.30186462402344,23.5776309967041,16.0714054107666,20.338829040527344,43.469940185546875,63.466285705566406
2016-07-18,127.04000091552734,107.20105743408203,23.594661712646484,16.126075744628906,20.474393844604492,43.42312240600586,63.49199295043945
2016-07-19,127.20999908447266,107.80583953857422,23.461837768554688,16.13290786743164,20.429203033447266,43.39188766479492,63.35491943359375
2016-07-20,125.38999938964844,107.21656799316406,23.42778205871582,16.160236358642578,20.69580841064453,43.235816955566406,63.92893600463867
2016-07-21,127.30000305175781,107.43362426757812,23.196195602416992,16.078237533569336,20.587356567382812,43.11094284057617,64.11741638183594
2016-07-22,126.3499984741211,107.6197280883789,23.267715454101562,16.180734634399414,20.709360122680664,43.31385040283203,64.24589538574219
2016-07-25,125.47000122070312,107.54218292236328,22.80453872680664,16.14657211303711,20.6822566986084,43.267024993896484,64.17738342285156
2016-07-26,126.0,107.71278381347656,22.937366485595703,16.160236358642578,20.72744369506836,42.93144607543945,64.06600952148438
2016-07-27,128.02999877929688,109.05415344238281,22.71258544921875,16.153404235839844,20.899150848388672,42.2914924621582,64.35729217529297
2016-07-28,127.66000366210938,108.85257720947266,22.715993881225586,16.187570571899414,20.912700653076172,42.478797912597656,64.2973403930664
2016-07-29,128.97999572753906,109.75973510742188,22.94758415222168,16.160236358642578,20.98952293395996,42.68952178955078,64.42582702636719
2016-08-01,129.22000122070312,108.56973266601562,22.191516876220703,16.119239807128906,21.030195236206055,42.7363395690918,64.83706665039062
2016-08-02,130.27000427246094,107.4511489868164,22.392454147338867,15.982579231262207,20.872039794921875,42.673892974853516,64.58861541748047
2016-08-03,129.64999389648438,107.51332092285156,22.824975967407227,16.14657211303711,20.9443359375,42.43978500366211,64.40870666503906
2016-08-04,129.8699951171875,108.32118225097656,22.79091453552246,16.105573654174805,21.057308197021484,42.53342819213867,64.3144760131836
2016-08-05,127.55000305175781,107.19480895996094,22.99867057800293,16.413055419921875,21.260644912719727,42.60366439819336,64.46866607666016
2016-08-08,127.44000244140625,107.39686584472656,23.30518341064453,16.43355941772461,21.256132125854492,42.55683517456055,63.92037582397461
2016-08-09,127.95999908447266,108.45320892333984,23.182575225830078,16.447227478027344,21.301315307617188,42.68952178955078,64.0745620727539
2016-08-10,128.55999755859375,108.87268829345703,22.930557250976562,16.317398071289062,21.23353385925293,42.84560012817383,63.860382080078125
2016-08-11,127.66999816894531,107.90177917480469,23.267715454101562,16.351564407348633,21.310352325439453,42.84560012817383,64.22880554199219
2016-08-12,127.4000015258789,108.81050872802734,23.39712905883789,16.30373764038086,21.287763595581055,42.99388122558594,64.06600952148438
2016-08-15,127.83999633789062,107.78520965576172,23.584444046020508,16.413055419921875,21.391691207885742,42.8846321105957,64.17738342285156
2016-08-16,128.47000122070312,107.4977798461914,23.621912002563477,16.3720645904541,21.23353385925293,42.69731903076172,63.60337829589844
2016-08-17,128.5,108.14250183105469,23.69342803955078,16.426733016967773,21.224502563476562,42.81438064575195,63.73189926147461
2016-08-18,129.11000061035156,108.31340026855469,24.180442810058594,16.413055419921875,21.23353385925293,42.9626579284668,63.757591247558594
2016-08-19,127.97000122070312,107.746337890625,23.97950553894043,16.40622901916504,21.247087478637695,42.861209869384766,63.7061767578125
2016-08-22,127.77999877929688,108.65519714355469,23.703649520874023,16.40622901916504,21.247087478637695,42.92363739013672,63.83468246459961
2016-08-23,127.76000213623047,108.77171325683594,23.870519638061523,16.426733016967773,21.32391357421875,42.837791442871094,63.89466857910156
2016-08-24,126.33999633789062,108.515380859375,23.775165557861328,16.419898986816406,21.206424713134766,42.76755905151367,62.89228820800781
2016-08-25,126.2300033569336,108.1036605834961,23.71045684814453,16.454063415527344,21.251605987548828,42.60366439819336,62.361141204833984
2016-08-26,126.05000305175781,107.47445678710938,23.628725051879883,16.474563598632812,21.260644912719727,42.385154724121094,62.60098648071289
2016-08-29,126.30000305175781,108.91152954101562,23.788785934448242,16.618057250976562,21.341981887817383,42.634883880615234,62.73808670043945
2016-08-30,125.02999877929688,108.49207305908203,23.707050323486328,16.76838493347168,21.269683837890625,42.385154724121094,62.52389907836914
2016-08-31,124.77999877929688,108.64739990234375,23.332429885864258,16.78205108642578,21.23353385925293,42.43978500366211,62.33542251586914
2016-09-01,125.29000091552734,108.76725006103516,23.26430892944336,16.71371841430664,21.301315307617188,42.45538330078125,62.172645568847656
2016-09-02,126.56999969482422,107.88014221191406,23.526546478271484,16.788883209228516,21.396211624145508,42.783164978027344,62.24118423461914
2016-09-06,128.7100067138672,108.66609191894531,23.8807373046875,16.761547088623047,21.504663467407227,42.87681198120117,62.46395492553711
2016-09-07,128.27000427246094,108.58824920654297,24.0169677734375,16.75472068786621,21.558883666992188,42.50220489501953,62.46395492553711
2016-09-08,127.58999633789062,107.22647857666016,24.46651840209961,16.741046905517578,21.382658004760742,42.2680778503418,62.51531219482422
2016-09-09,126.75,105.4599609375,23.737701416015625,16.426733016967773,20.858478546142578,41.12084197998047,61.2645149230957
2016-09-12,126.58999633789062,105.51445007324219,23.972686767578125,16.611223220825195,21.206424713134766,41.89347457885742,62.172645568847656
2016-09-13,125.75,104.31600189208984,23.28814697265625,16.317398071289062,21.052785873413086,41.37839126586914,61.341609954833984
2016-09-14,126.18000030517578,104.47167205810547,23.012290954589844,16.27640151977539,21.152196884155273,41.25352478027344,61.341609954833984
2016-09-15,125.37000274658203,104.02031707763672,23.298372268676758,16.3720645904541,21.500141143798828,41.589111328125,61.975608825683594
2016-09-16,125.05999755859375,104.86075592041016,23.11026954650879,16.216899871826172,21.421194076538086,41.454044342041016,62.017730712890625
2016-09-19,125.31999969482422,104.51838684082031,23.096559524536133,16.32030487060547,21.380352020263672,41.3676643371582,61.79414367675781
2016-09-20,125.44000244140625,104.8841323852539,22.928665161132812,16.328754425048828,21.366737365722656,41.47758483886719,61.98332977294922
2016-09-21,127.2699966430664,105.73233032226562,23.45975112915039,16.430173873901367,21.60722541809082,41.705318450927734,62.60258483886719
2016-09-22,127.56999969482422,106.57275390625,23.487154006958008,16.46398162841797,21.738811492919922,42.07439422607422,63.075584411621094
2016-09-23,127.6500015258789,106.47161102294922,23.175363540649414,16.379465103149414,21.548240661621094,41.88593673706055,62.87778854370117
2016-09-26,127.55000305175781,107.14865112304688,23.072580337524414,16.11746597290039,21.421194076538086,41.53257369995117,62.14673614501953
2016-09-27,126.62000274658203,107.93458557128906,22.91839599609375,16.244230270385742,21.657136917114258,41.705318450927734,62.58535385131836
2016-09-28,126.22000122070312,107.70112609863281,23.908588409423828,16.32030487060547,21.69797134399414,41.77599334716797,62.49074935913086
2016-09-29,126.06999969482422,107.97354125976562,23.86747169494629,16.09210777282715,21.566387176513672,41.3676643371582,61.38991928100586
2016-09-30,125.63999938964844,107.008544921875,24.192970275878906,16.31184959411621,21.679821014404297,41.78384017944336,62.017730712890625
2016-10-03,125.31999969482422,106.65536499023438,24.175838470458984,16.23578643798828,21.61629867553711,41.516868591308594,61.96612548828125
2016-10-04,120.97000122070312,105.40805053710938,23.929147720336914,16.30339813232422,21.539165496826172,41.16349792480469,61.84573745727539
2016-10-05,120.77999877929688,104.91690826416016,24.29576301574707,16.56540298461914,21.61629867553711,41.12423324584961,62.086551666259766
2016-10-06,119.66000366210938,104.33222198486328,24.33344841003418,16.59075927734375,21.666215896606445,41.2027587890625,61.85433578491211
2016-10-07,119.73999786376953,104.40238189697266,24.192970275878906,16.582305908203125,21.60722541809082,41.09281921386719,61.81131362915039
2016-10-10,120.16000366210938,103.78650665283203,24.57328987121582,16.666824340820312,21.7569637298584,41.09281921386719,62.09513473510742
2016-10-11,119.55000305175781,103.55262756347656,24.292329788208008,16.514694213867188,21.511940002441406,40.88080596923828,60.5384635925293
2016-10-12,119.73999786376953,103.65399932861328,24.189538955688477,16.497793197631836,21.548240661621094,41.108524322509766,60.254634857177734
2016-10-13,120.02999877929688,104.04379272460938,24.055923461914062,16.337203979492188,21.412118911743164,41.11637878417969,60.28044509887695
2016-10-14,119.36000061035156,102.5859146118164,23.91544532775879,16.413270950317383,21.493789672851562,41.12423324584961,59.876224517822266
2016-10-17,119.68000030517578,103.24078369140625,23.798948287963867,16.337203979492188,21.448415756225586,40.92792510986328,59.67841339111328
2016-10-18,120.41999816894531,103.57601165771484,23.89488983154297,16.47243309020996,21.566387176513672,41.053558349609375,60.392250061035156
2016-10-19,121.11000061035156,103.66180419921875,24.234086990356445,16.616113662719727,21.60722541809082,40.81797409057617,60.16864776611328
2016-10-20,120.73999786376953,103.77093505859375,24.20667839050293,16.616113662719727,21.507404327392578,40.79441833496094,60.452449798583984
2016-10-21,120.83000183105469,103.92682647705078,24.04906463623047,16.60765838623047,21.566387176513672,41.0142936706543,59.953636169433594
2016-10-24,120.55999755859375,103.47467803955078,23.977115631103516,16.658369064331055,21.77511215209961,41.28127670288086,59.841827392578125
2016-10-25,121.47000122070312,103.74752044677734,23.86747169494629,16.64147186279297,21.69797134399414,41.430484771728516,59.66981506347656
2016-10-26,120.79000091552734,103.04586791992188,23.922292709350586,16.74289321899414,21.575462341308594,41.3754997253418,59.3086051940918
2016-10-27,121.01000213623047,101.92330169677734,23.83320426940918,16.7851505279541,21.548240661621094,41.187049865722656,59.58380889892578
2016-10-28,121.58000183105469,101.69720458984375,23.768112182617188,16.70907974243164,21.52554702758789,41.35980224609375,58.29374694824219
2016-10-31,121.94000244140625,102.32089233398438,23.51114845275879,16.683727264404297,21.5164737701416,41.46189498901367,57.93252182006836
2016-11-01,122.7300033569336,102.32874298095703,23.514562606811523,16.616113662719727,21.330442428588867,41.28127670288086,57.6229248046875
2016-11-02,123.63999938964844,102.7739028930664,23.254169464111328,16.506244659423828,21.19431495666504,41.17920684814453,57.3219108581543
2016-11-03,124.30000305175781,101.98504638671875,23.3466796875,16.52314567565918,20.990135192871094,40.896514892578125,56.78008270263672
2016-11-04,124.38999938964844,102.89888763427734,23.21990966796875,16.47243309020996,20.95383644104004,40.52742385864258,57.17569351196289
2016-11-07,122.1500015258789,102.02409362792969,23.72014617919922,16.88656997680664,21.407573699951172,41.21060562133789,58.63776397705078
2016-11-08,121.63999938964844,101.61015319824219,23.75098419189453,16.89501953125,21.511940002441406,41.38336181640625,58.8011589050293
2016-11-09,121.55999755859375,97.29862213134766,24.13814926147461,17.613418579101562,21.484716415405273,40.81797409057617,60.87389373779297
2016-11-10,119.75,95.8614273071289,24.240936279296875,18.264205932617188,21.139875411987305,39.72646713256836,61.54470443725586
2016-11-11,117.0999984741211,95.32243347167969,23.798948287963867,18.31491470336914,21.20339584350586,39.687198638916016,60.62447738647461
2016-11-14,116.11000061035156,94.75226593017578,23.932575225830078,18.762859344482422,20.88123893737793,39.616519927978516,60.43525314331055
2016-11-15,117.12000274658203,95.22089385986328,24.607542037963867,18.745956420898438,21.17616844177246,39.859947204589844,60.607242584228516
2016-11-16,116.7699966430664,96.08014678955078,24.436235427856445,18.47549819946289,21.371274948120117,39.86780548095703,60.34925079345703
2016-11-17,116.16999816894531,94.66633605957031,24.271774291992188,18.729047775268555,21.507404327392578,39.79713821411133,60.5900764465332
2016-11-18,115.1500015258789,94.3929443359375,24.371137619018555,18.729047775268555,21.489253997802734,39.65579605102539,59.945037841796875
2016-11-21,115.58000183105469,94.6272964477539,24.95018196105957,18.796661376953125,21.707050323486328,39.92278289794922,60.16004180908203
2016-11-22,115.54000091552734,94.59603118896484,24.93647575378418,18.80511474609375,21.77511215209961,40.126949310302734,59.2913932800293
2016-11-23,113.25,94.22894287109375,25.039264678955078,18.91498374938965,21.68889808654785,39.907073974609375,59.52361297607422
2016-11-25,112.61000061035156,94.36951446533203,24.915916442871094,18.94034194946289,21.779647827148438,40.2211799621582,59.755828857421875
2016-11-28,113.80000305175781,95.06473541259766,24.569860458374023,18.720598220825195,21.79779624938965,40.30756759643555,59.3086051940918
2016-11-29,113.2699966430664,95.46305847167969,24.268348693847656,18.771303176879883,21.8114070892334,40.36252212524414,59.69562911987305
2016-11-30,111.75,93.91648864746094,25.501811981201172,19.024858474731445,21.552778244018555,39.718605041503906,59.12799072265625
2016-12-01,111.54000091552734,92.92489624023438,25.56348419189453,19.354476928710938,21.108116149902344,39.459476470947266,58.697975158691406
2016-12-02,112.13999938964844,93.6058349609375,25.638856887817383,19.143177032470703,21.185243606567383,39.71076202392578,58.835575103759766
2016-12-05,111.54000091552734,93.5040512084961,25.864992141723633,19.371383666992188,21.38942527770996,39.75788497924805,58.73237609863281
2016-12-06,111.43000030517578,93.43364715576172,25.817028045654297,19.540416717529297,21.452951431274414,39.87565612792969,58.895782470703125
2016-12-07,111.83000183105469,94.23197174072266,26.02260398864746,19.844676971435547,21.861324310302734,40.44889831542969,58.38835906982422
2016-12-08,111.56999969482422,93.12055206298828,26.163082122802734,20.030614852905273,21.915767669677734,40.283992767333984,58.50014877319336
2016-12-09,110.4000015258789,91.96223449707031,26.24530601501465,20.072879791259766,22.074583053588867,40.86509704589844,59.21397399902344
2016-12-12,110.81999969482422,92.13439178466797,26.368654251098633,19.87847900390625,22.006519317626953,41.03000259399414,59.49779510498047
2016-12-13,110.44999694824219,92.46309661865234,26.666738510131836,19.9291934967041,22.283302307128906,41.21846389770508,59.97945022583008
2016-12-14,108.83000183105469,91.43000793457031,26.132246017456055,19.836223602294922,22.206161499023438,40.770870208740234,59.66981506347656
2016-12-15,107.33999633789062,91.89179229736328,26.190492630004883,20.0052547454834,22.305986404418945,40.94361114501953,60.056854248046875
2016-12-16,108.05000305175781,91.68046569824219,26.353069305419922,19.83291244506836,22.144655227661133,41.17778778076172,60.10435485839844
2016-12-19,108.58999633789062,92.66664123535156,26.232519149780273,19.84139633178711,22.304161071777344,41.25690841674805,59.853851318359375
2016-12-20,107.79000091552734,92.2048568725586,26.173952102661133,20.087614059448242,22.386201858520508,41.17778778076172,59.810638427734375
2016-12-21,107.8499984741211,92.61175537109375,26.215295791625977,20.036670684814453,22.340625762939453,41.16987609863281,59.473758697509766
2016-12-22,107.58999633789062,92.44622039794922,26.322059631347656,19.98573112487793,22.295055389404297,41.10658645629883,59.55150604248047
2016-12-23,107.93000030517578,92.63459014892578,26.297964096069336,20.01969337463379,22.31784439086914,41.18570327758789,60.00069046020508
2016-12-27,108.55999755859375,92.33638000488281,26.35650634765625,20.045164108276367,22.408987045288086,41.17778778076172,60.12163543701172
2016-12-28,108.86000061035156,93.01126861572266,26.070634841918945,19.84139633178711,22.208467483520508,40.92462921142578,59.66379928588867
2016-12-29,110.29000091552734,93.34080505371094,26.01896095275879,19.69706916809082,22.213014602661133,41.11448669433594,59.767459869384766
2016-12-30,109.61000061035156,93.48208618164062,25.94318389892578,19.739519119262695,22.03983497619629,40.9088134765625,59.55150604248047
2017-01-03,110.47000122070312,93.88230895996094,26.235952377319336,19.960262298583984,22.23580551147461,41.05912399291992,60.328941345214844
2017-01-04,110.86000061035156,94.24325561523438,26.180843353271484,20.12157440185547,22.313282012939453,41.05912399291992,60.80403137207031
2017-01-05,112.58000183105469,95.718505859375,26.11540985107422,19.91780662536621,22.349742889404297,41.19362258911133,61.115020751953125
2017-01-06,111.75,94.83959197998047,26.139516830444336,19.98573112487793,22.51380729675293,41.23318099975586,61.287757873535156
2017-01-09,112.66999816894531,95.60079956054688,25.760639190673828,19.849891662597656,22.509254455566406,40.900901794433594,61.54693603515625
2017-01-10,113.1500015258789,95.53800964355469,25.526416778564453,19.892343521118164,22.51380729675293,40.695213317871094,61.762855529785156
2017-01-11,113.5,95.85972595214844,25.801963806152344,20.01969337463379,22.618629455566406,40.77431106567383,61.14093780517578
2017-01-12,113.91000366210938,95.64786529541016,25.695192337036133,19.849891662597656,22.563941955566406,40.73476028442383,61.20139694213867
2017-01-13,114.20999908447266,95.19271087646484,25.619413375854492,19.960262298583984,22.632305145263672,40.75849914550781,61.26186752319336
2017-01-17,115.8499984741211,96.18930053710938,25.77785301208496,19.48481559753418,22.54570960998535,41.33600997924805,60.95087814331055
2017-01-18,114.87000274658203,94.95731353759766,25.71929931640625,19.646127700805664,22.60495376586914,41.47842025756836,60.87311935424805
2017-01-19,114.7699966430664,94.30599212646484,25.578073501586914,19.56123161315918,22.57305908203125,41.328102111816406,60.48442077636719
2017-01-20,115.05000305175781,94.11771392822266,25.674516677856445,19.65461540222168,22.696109771728516,41.59709548950195,60.328941345214844
2017-01-23,115.79000091552734,95.05931091308594,25.402414321899414,19.52726173400879,22.737123489379883,41.58125686645508,60.078426361083984
2017-01-24,115.2699966430664,94.40806579589844,25.68140411376953,19.773483276367188,22.87841033935547,41.858154296875,59.66379928588867
2017-01-25,114.31999969482422,93.22308349609375,25.815736770629883,20.10458755493164,23.097166061401367,41.850242614746094,60.225276947021484
2017-01-26,113.26000213623047,93.53700256347656,25.83641242980957,20.155536651611328,23.033361434936523,41.668270111083984,59.75881576538086
2017-01-27,113.48999786376953,93.87443542480469,25.567747116088867,20.079120635986328,23.124509811401367,41.438865661621094,60.25120544433594
2017-01-30,113.97000122070312,93.59191131591797,25.099308013916016,19.91780662536621,22.937652587890625,41.40721893310547,59.957515716552734
2017-01-31,115.55000305175781,94.24325561523438,25.109647750854492,19.790462493896484,22.823715209960938,41.6049919128418,60.91634750366211
2017-02-01,115.19999694824219,93.6605453491211,24.923641204833984,19.815929412841797,22.99689483642578,41.280635833740234,61.443267822265625
2017-02-02,115.83999633789062,93.62120819091797,25.064861297607422,19.739519119262695,22.951324462890625,41.66036605834961,61.425994873046875
2017-02-03,116.12999725341797,93.58192443847656,25.281864166259766,20.1385555267334,23.10171890258789,41.92935562133789,61.69376754760742
2017-02-06,117.69999694824219,94.14808654785156,25.068307876586914,20.045164108276367,23.115392684936523,41.699928283691406,61.762855529785156
2017-02-07,117.45999908447266,94.84012603759766,24.71354103088379,19.99422264099121,23.206544876098633,42.040103912353516,61.823333740234375
2017-02-08,118.19000244140625,96.12979888916016,24.772090911865234,19.85838508605957,23.247562408447266,42.21415710449219,61.72834014892578
2017-02-09,117.29000091552734,95.02096557617188,25.051084518432617,20.130067825317383,23.320478439331055,42.38820266723633,61.95290756225586
2017-02-10,117.5999984741211,94.96588897705078,25.240528106689453,20.189496994018555,23.38884162902832,42.41984558105469,62.073848724365234
2017-02-13,116.80000305175781,94.66712188720703,25.28874397277832,20.418725967407227,23.49366569519043,42.41984558105469,62.45392990112305
2017-02-14,116.93000030517578,93.98292541503906,25.371421813964844,20.656450271606445,23.57114601135254,42.427764892578125,62.946311950683594
2017-02-15,117.44999694824219,93.55040740966797,25.27152442932129,20.817766189575195,23.648618698120117,42.815399169921875,63.62873077392578
2017-02-16,118.08000183105469,94.06159210205078,24.92708396911621,20.76682472229004,23.70330047607422,42.870784759521484,63.54234313964844
2017-02-17,117.68000030517578,94.6198959350586,24.789310455322266,20.775314331054688,23.785343170166016,43.084388732910156,63.62873077392578
2017-02-21,117.75,94.45482635498047,24.95808219909668,20.87718963623047,23.90839385986328,43.472042083740234,63.91376876831055
2017-02-22,117.91000366210938,94.6120376586914,24.579204559326172,20.894182205200195,23.93573760986328,43.47994613647461,63.818756103515625
2017-02-23,118.94000244140625,94.8951644897461,24.68252944946289,20.894182205200195,23.931171417236328,43.582786560058594,64.28523254394531
2017-02-24,119.69999694824219,95.94895935058594,24.45175552368164,20.732860565185547,23.985868453979492,43.73310852050781,64.59619903564453
2017-02-27,119.12000274658203,95.38270568847656,24.661865234375,20.843231201171875,23.972187042236328,43.53533172607422,64.90717315673828
2017-02-28,119.2300033569336,95.73665618896484,24.586082458496094,20.834745407104492,23.858257293701172,43.59071731567383,64.77757263183594
2017-03-01,119.05999755859375,94.13240814208984,25.078645706176758,21.42905616760254,24.195507049560547,43.7963981628418,65.42546081542969
2017-03-02,117.58000183105469,93.79363250732422,24.840980529785156,21.097942352294922,24.035999298095703,43.78847885131836,65.21815490722656
2017-03-03,117.51000213623047,94.037841796875,24.79619789123535,21.19981575012207,24.090686798095703,43.622344970703125,65.47731018066406
2017-03-06,116.72000122070312,93.58875274658203,24.8513126373291,21.038509368896484,24.054222106933594,43.43247985839844,65.22679138183594
2017-03-07,115.77999877929688,93.3050765991211,24.63086700439453,20.97907829284668,24.054222106933594,43.37710952758789,64.7689437866211
2017-03-08,115.05999755859375,92.8008041381836,23.990215301513672,20.987564086914062,24.08156967163086,43.28217315673828,65.02808380126953
2017-03-09,114.47000122070312,92.06024169921875,24.148653030395508,21.06397247314453,24.07701873779297,43.35337448120117,65.38229370117188
2017-03-10,114.72000122070312,92.38326263427734,24.114213943481445,21.0469970703125,24.20462417602539,43.55115509033203,65.63278198242188
2017-03-13,114.73999786376953,91.80018615722656,24.11765480041504,21.097942352294922,24.227407455444336,43.582786560058594,65.58094787597656
2017-03-14,114.12000274658203,92.24138641357422,23.845542907714844,21.038509368896484,24.17272186279297,43.45622253417969,65.339111328125
2017-03-15,116.25,93.36810302734375,24.375978469848633,21.00455093383789,24.336790084838867,43.780582427978516,66.15972900390625
2017-03-16,116.7300033569336,92.89534759521484,24.20376205444336,21.038509368896484,24.350460052490234,43.843868255615234,65.52046203613281
2017-03-17,116.98999786376953,93.47844696044922,24.18609046936035,20.832317352294922,24.4030818939209,43.72457504272461,65.15985870361328
2017-03-20,117.51000213623047,93.88028717041016,24.151443481445312,20.661909103393555,24.42595100402832,43.81205368041992,65.064453125
2017-03-21,118.54000091552734,94.66035461425781,23.981653213500977,20.082521438598633,24.06910514831543,43.77228927612305,64.55297088623047
2017-03-22,118.83000183105469,95.03852081298828,23.94700813293457,20.039918899536133,24.220075607299805,43.68480682373047,64.5703125
2017-03-23,118.66999816894531,94.90459442138672,23.8499813079834,20.082521438598633,24.156028747558594,43.589385986328125,64.37091064453125
2017-03-24,118.86000061035156,95.24341583251953,23.756427764892578,20.056961059570312,24.174327850341797,43.501895904541016,64.40556335449219
2017-03-27,119.52999877929688,95.67675018310547,23.64554786682129,19.980283737182617,24.174327850341797,43.462127685546875,64.5789794921875
2017-03-28,119.04000091552734,95.03852081298828,23.981653213500977,20.252927780151367,24.34817123413086,43.541664123535156,64.62232971191406
2017-03-29,119.33000183105469,95.60582733154297,24.310836791992188,20.125118255615234,24.38935089111328,43.62118148803711,64.63965606689453
2017-03-30,118.47000122070312,94.83367156982422,24.30390739440918,20.389259338378906,24.435096740722656,43.53371047973633,64.6483383178711
2017-03-31,118.72000122070312,95.10945129394531,24.220746994018555,20.218849182128906,24.38935089111328,43.40645980834961,64.46626281738281
2017-04-03,119.3499984741211,96.06876373291016,24.179166793823242,20.176240921020508,24.366472244262695,43.33488464355469,64.51831817626953
2017-04-04,119.62000274658203,95.54764556884766,24.355878829956055,20.150678634643555,24.38477325439453,43.462127685546875,64.48358917236328
2017-04-05,119.62000274658203,95.83978271484375,24.279651641845703,19.997316360473633,24.284130096435547,43.38260269165039,64.28423309326172
2017-04-06,119.18000030517578,95.69766998291016,24.47369384765625,20.125118255615234,24.288700103759766,43.38260269165039,64.39692687988281
2017-04-07,119.45999908447266,95.31079864501953,24.3801326751709,20.039918899536133,24.274978637695312,43.501895904541016,64.5096206665039
2017-04-10,119.45999908447266,95.75289916992188,24.563779830932617,19.98879623413086,24.22922134399414,43.62913513183594,64.38825225830078
2017-04-11,121.19000244140625,96.66097259521484,24.56725311279297,19.929157257080078,24.137723922729492,43.645050048828125,64.30155181884766
2017-04-12,122.0199966430664,97.18994903564453,24.463300704956055,19.76726722717285,24.055374145507812,43.81205368041992,64.30155181884766
2017-04-13,122.5999984741211,97.49005126953125,24.016305923461914,19.511659622192383,23.959300994873047,43.613243103027344,64.13684844970703
2017-04-17,122.23999786376953,97.18994903564453,24.068281173706055,19.85246467590332,24.17889976501465,43.92338943481445,64.37091064453125
2017-04-18,122.81999969482422,98.46121978759766,23.843050003051758,19.665021896362305,24.174327850341797,44.12221145629883,63.66869354248047
2017-04-19,121.7300033569336,97.92427825927734,23.493085861206055,19.605377197265625,24.156028747558594,43.9552116394043,63.85940933227539
2017-04-20,121.95999908447266,97.5453109741211,23.607425689697266,19.93767547607422,24.375621795654297,43.86772537231445,64.2581787109375
2017-04-21,122.30999755859375,97.5453109741211,23.489614486694336,19.733184814453125,24.325302124023438,43.740482330322266,63.87675094604492
2017-04-24,121.4800033569336,97.06368255615234,23.628219604492188,20.176240921020508,24.613523483276367,44.138126373291016,64.5096206665039
2017-04-25,120.25,95.89505767822266,23.82918930053711,20.355167388916016,24.74162483215332,44.313079833984375,64.78704071044922
2017-04-26,120.83999633789062,96.42407989501953,23.749496459960938,20.338132858276367,24.71417808532715,43.9552116394043,65.14250946044922
2017-04-27,120.38999938964844,96.39253234863281,23.489614486694336,20.244409561157227,24.81482696533203,43.899539947509766,65.28120422363281
2017-04-28,120.7699966430664,96.60569763183594,23.506942749023438,20.04844093322754,24.878875732421875,43.88363265991211,65.45459747314453
2017-05-01,119.66999816894531,95.80260467529297,23.441102981567383,20.176240921020508,25.066448211669922,43.71662902832031,65.60198211669922
2017-05-02,119.6500015258789,96.29318237304688,23.323291778564453,20.150678634643555,25.12135124206543,43.422359466552734,65.78401947021484
2017-05-03,117.9800033569336,96.35646057128906,23.389135360717773,20.312570571899414,25.075599670410156,43.462127685546875,65.46326446533203
2017-05-04,116.79000091552734,95.8817367553711,22.959461212158203,20.346654891967773,25.057296752929688,43.796138763427734,65.89675903320312
2017-05-05,117.01000213623047,95.96873474121094,23.323291778564453,20.312570571899414,25.148807525634766,43.91544723510742,65.86203002929688
2017-05-08,116.75,95.446533203125,23.489614486694336,20.2955379486084,25.25860595703125,43.899539947509766,65.45459747314453
2017-05-09,116.05000305175781,95.43863677978516,23.295578002929688,20.218849182128906,25.290626525878906,43.740482330322266,65.5326156616211
2017-05-10,116.04000091552734,95.3278579711914,23.603960037231445,20.287012100219727,25.386703491210938,43.77228927612305,65.3418960571289
2017-05-11,116.5,95.3278579711914,23.555450439453125,20.15920639038086,25.354673385620117,43.835906982421875,65.37657165527344
2017-05-12,116.83000183105469,96.04784393310547,23.47575569152832,20.074003219604492,25.41872787475586,43.70866012573242,65.26386260986328
2017-05-15,117.13999938964844,95.78675842285156,23.659404754638672,20.227371215820312,25.560556411743164,43.8518180847168,65.68867492675781
2017-05-16,117.6500015258789,96.142822265625,23.54159164428711,20.287012100219727,25.67950439453125,43.81205368041992,65.437255859375
2017-05-17,119.79000091552734,97.54335021972656,23.309431076049805,19.647979736328125,24.979528427124023,43.748435974121094,64.5789794921875
2017-05-18,118.80999755859375,97.65404510498047,23.302501678466797,19.724660873413086,25.125925064086914,43.780242919921875,64.86505126953125
2017-05-19,119.4000015258789,97.883544921875,23.590103149414062,19.89507293701172,25.272321701049805,44.01881790161133,65.0471420288086
2017-05-22,119.9000015258789,97.61453247070312,23.538129806518555,19.946197509765625,25.4736270904541,44.265357971191406,65.22052764892578
2017-05-23,119.13999938964844,96.95777893066406,23.593570709228516,20.09956169128418,25.519372940063477,44.313079833984375,65.437255859375
2017-05-24,119.61000061035156,97.50373077392578,23.468830108642578,20.091041564941406,25.624601364135742,44.4880485534668,65.60198211669922
2017-05-25,119.4800033569336,97.5354232788086,23.04262351989746,20.125118255615234,25.807601928710938,44.76638412475586,65.9140853881836
2017-05-26,120.54000091552734,97.70155334472656,23.080738067626953,20.116601943969727,25.79387664794922,44.93339920043945,65.79269409179688
2017-05-30,120.13999938964844,98.1841812133789,22.772354125976562,19.980283737182617,25.903671264648438,44.917503356933594,65.69731903076172
2017-05-31,120.62000274658203,98.42949676513672,22.67533302307129,19.809873580932617,25.86249542236328,45.044734954833984,65.95741271972656
2017-06-01,120.72000122070312,98.4397964477539,22.81739616394043,20.056961059570312,25.926551818847656,45.41056442260742,66.68568420410156
2017-06-02,121.61000061035156,99.60537719726562,22.55405044555664,19.980283737182617,26.164447784423828,45.545753479003906,67.11912536621094
2017-06-05,121.7300033569336,98.98694610595703,22.595630645751953,20.01435661315918,26.187328338623047,45.59348678588867,66.92839813232422
2017-06-06,123.0999984741211,99.5261001586914,22.862442016601562,19.929157257080078,26.136999130249023,45.482139587402344,66.76366424560547
2017-06-07,122.44999694824219,99.05034637451172,22.540191650390625,20.082521438598633,26.21935272216797,45.46623611450195,66.94573974609375
2017-06-08,121.6500015258789,98.78868103027344,22.474355697631836,20.312570571899414,26.278825759887695,45.124267578125,66.75502014160156
2017-06-09,120.54000091552734,98.63804626464844,23.01490020751953,20.695987701416016,25.62917137145996,45.06859588623047,67.20584106445312
2017-06-12,120.36000061035156,98.60629272460938,23.177766799926758,20.738584518432617,25.478206634521484,45.060638427734375,67.11912536621094
2017-06-13,120.4800033569336,98.62220001220703,23.351011276245117,20.84935188293457,25.661197662353516,45.13221740722656,67.25785064697266
2017-06-14,119.81999969482422,100.1445541381836,22.92827796936035,20.883432388305664,25.537675857543945,45.41852951049805,67.57861328125
2017-06-15,119.31999969482422,99.98599243164062,22.755029678344727,20.798229217529297,25.42329978942871,45.31513977050781,67.50926208496094
2017-06-16,119.33999633789062,100.18418884277344,23.131481170654297,20.775136947631836,25.37874412536621,44.8390998840332,67.62065124511719
2017-06-19,118.43000030517578,100.04150390625,22.984941482543945,20.98896598815918,25.755401611328125,45.05549240112305,68.32568359375
2017-06-20,118.18000030517578,100.93743896484375,22.691877365112305,20.809349060058594,25.5487003326416,44.87916946411133,68.55197143554688
2017-06-21,118.5199966430664,101.14360046386719,22.325542449951172,20.638290405273438,25.691104888916016,44.750946044921875,69.4223861694336
2017-06-22,118.91999816894531,101.36564636230469,22.311586380004883,20.509998321533203,25.70028305053711,44.45441818237305,70.14478302001953
2017-06-23,119.43000030517578,101.31803894042969,22.461606979370117,20.433019638061523,25.861055374145508,44.47043991088867,70.04035949707031
2017-06-26,118.36000061035156,101.69869232177734,22.412757873535156,20.544206619262695,25.72325325012207,44.64676284790039,69.97071838378906
2017-06-27,118.80999755859375,100.61239624023438,22.377870559692383,20.64684295654297,25.300655364990234,44.26207733154297,69.3353500366211
2017-06-28,118.9000015258789,100.27933502197266,22.499984741210938,20.971858978271484,25.617605209350586,44.42235565185547,69.7009048461914
2017-06-29,118.31999969482422,99.43887329101562,22.548830032348633,21.117259979248047,25.15825653076172,43.949527740478516,69.06550598144531
2017-06-30,118.0199966430664,99.20895385742188,22.650009155273438,21.10015296936035,25.13529396057129,44.0296630859375,68.96977233886719
2017-07-03,116.08999633789062,98.88949584960938,23.086122512817383,21.408061981201172,24.960742950439453,43.989593505859375,69.0916519165039
2017-07-05,116.5199966430664,98.91333770751953,22.61861228942871,21.442270278930664,25.208791732788086,43.95753860473633,69.50071716308594
2017-07-06,116.47000122070312,98.09497833251953,22.367406845092773,21.279766082763672,24.979116439819336,43.7091064453125,68.60420227050781
2017-07-07,115.27999877929688,97.50699615478516,22.332521438598633,21.425159454345703,25.26850700378418,43.685062408447266,68.95236206054688
2017-07-10,115.47000122070312,97.65000915527344,22.405784606933594,21.399505615234375,25.452232360839844,43.380523681640625,68.8218002319336
2017-07-11,115.62000274658203,97.81686401367188,22.527896881103516,21.21133804321289,25.507356643676758,43.260318756103516,68.74347686767578
2017-07-12,116.02999877929688,98.49224090576172,22.590694427490234,21.279766082763672,25.838085174560547,43.500728607177734,69.2134780883789
2017-07-13,115.81999969482422,97.87248229980469,22.681406021118164,21.408061981201172,25.888612747192383,43.50874710083008,69.2744140625
2017-07-14,116.7699966430664,97.99169921875,22.817480087280273,21.313976287841797,26.1182861328125,43.853355407714844,69.74442291259766
2017-07-17,117.29000091552734,98.26184844970703,22.789560317993164,21.245548248291016,26.12288475036621,43.90144729614258,69.49199676513672
2017-07-18,118.11000061035156,99.11994171142578,22.681406021118164,21.21133804321289,26.242307662963867,43.90144729614258,69.54424285888672
2017-07-19,118.08000183105469,99.15972137451172,23.012853622436523,21.219890594482422,26.375520706176758,44.06173324584961,70.11001586914062
2017-07-20,118.23999786376953,99.4457015991211,22.943077087402344,21.21133804321289,26.430644989013672,44.06973648071289,70.5712890625
2017-07-21,119.26000213623047,99.86681365966797,22.71630096435547,21.21133804321289,26.39848518371582,44.141868591308594,70.49297332763672
2017-07-24,119.30999755859375,99.47746276855469,22.674434661865234,21.305423736572266,26.46279525756836,43.99760818481445,70.46687316894531
2017-07-25,118.91999816894531,98.1823959350586,22.960521697998047,21.5705623626709,26.41226577758789,44.302154541015625,69.96202087402344
2017-07-26,119.87999725341797,98.34131622314453,22.984941482543945,21.425159454345703,26.51331901550293,44.29413604736328,69.72700500488281
2017-07-27,119.79000091552734,97.85660552978516,23.21869468688965,21.305423736572266,26.41226577758789,44.726898193359375,69.24828338623047
2017-07-28,120.69000244140625,98.4366455078125,23.19078826904297,21.305423736572266,26.384706497192383,44.35023498535156,69.59645080566406
2017-07-31,120.75,98.55579376220703,23.24312400817871,21.459373474121094,26.25609016418457,44.334197998046875,69.53551483154297
2017-08-01,120.6500015258789,99.24777221679688,23.239633560180664,21.61332893371582,26.389297485351562,44.28612518310547,69.37884521484375
2017-08-02,120.4000015258789,99.30351257324219,23.15241813659668,21.647541046142578,26.46279525756836,44.25407409667969,69.2221908569336
2017-08-03,120.58999633789062,100.33071899414062,22.827945709228516,21.5705623626709,26.403078079223633,44.21399688720703,69.3353500366211
2017-08-04,119.6500015258789,99.47871398925781,22.901208877563477,21.715957641601562,26.46279525756836,44.09379196166992,69.17867279052734
2017-08-07,119.51000213623047,99.59016418457031,22.726762771606445,21.68175506591797,26.62356948852539,44.42235565185547,69.32662200927734
2017-08-08,119.86000061035156,99.23184204101562,22.674434661865234,21.62188148498535,26.586816787719727,44.25407409667969,69.00458526611328
2017-08-09,121.30999755859375,99.7733154296875,22.695362091064453,21.62188148498535,26.57303810119629,44.32618713378906,69.08292388916016
2017-08-10,122.20999908447266,100.6253662109375,22.454627990722656,21.236997604370117,26.04938316345215,44.141868591308594,68.22123718261719
2017-08-11,122.79000091552734,100.673095703125,22.308090209960938,21.15146827697754,26.228527069091797,44.173919677734375,68.4127426147461
2017-08-14,121.91999816894531,100.1555404663086,22.241802215576172,21.442270278930664,26.646535873413086,44.39031219482422,68.8740463256836
2017-08-15,120.9800033569336,99.7334976196289,22.1580753326416,21.459373474121094,26.6878719329834,44.61469650268555,68.8740463256836
2017-08-16,121.87000274658203,100.09980773925781,21.945249557495117,21.41661262512207,26.765966415405273,44.766963958740234,69.06550598144531
2017-08-17,122.48999786376953,100.84825897216797,21.634735107421875,21.04884147644043,26.242307662963867,44.358245849609375,68.20382690429688
2017-08-18,122.30000305175781,100.82441711425781,21.742887496948242,21.057388305664062,26.21475601196289,44.238040924072266,67.89045715332031
2017-08-21,122.76000213623047,101.07119750976562,21.631242752075195,20.997514724731445,26.205570220947266,44.39832305908203,68.19512939453125
2017-08-22,122.20999908447266,100.68106842041016,21.774290084838867,21.228450775146484,26.596006393432617,44.40634536743164,69.02200317382812
2017-08-23,122.66999816894531,101.36587524414062,21.868497848510742,21.160022735595703,26.531696319580078,44.278106689453125,68.49976348876953
2017-08-24,122.29000091552734,100.99161529541016,21.882444381713867,21.160022735595703,26.508729934692383,43.669029235839844,68.69994354248047
2017-08-25,122.73999786376953,101.38182067871094,21.98013687133789,21.219890594482422,26.50413703918457,43.813289642333984,68.71735382080078
2017-08-28,124.69000244140625,101.31807708740234,21.882444381713867,21.083045959472656,26.55466651916504,43.685062408447266,69.08292388916016
2017-08-29,124.41999816894531,101.64458465576172,21.854534149169922,21.014623641967773,26.66950035095215,43.83733367919922,69.2134780883789
2017-08-30,124.36000061035156,101.6126937866211,21.86500358581543,21.10015296936035,26.8624210357666,43.82933044433594,69.57036590576172
2017-08-31,125.81999969482422,101.915283203125,21.96967124938965,21.125804901123047,27.023197174072266,43.84534454345703,70.75406646728516
2017-09-01,126.05999755859375,101.13572692871094,22.1824951171875,21.18568229675293,27.000226974487305,44.0537109375,70.70187377929688
2017-09-05,127.45999908447266,102.73954772949219,22.304607391357422,20.732376098632812,26.76136589050293,44.11782455444336,70.39723205566406
2017-09-06,126.80999755859375,102.10917663574219,22.667455673217773,20.783693313598633,26.784337997436523,44.302154541015625,70.73664855957031
2017-09-07,128.1300048828125,103.15447998046875,22.709318161010742,20.424468994140625,26.876203536987305,44.36626434326172,71.52001190185547
2017-09-08,127.97000122070312,102.93101501464844,22.468585968017578,20.612632751464844,26.65572166442871,44.14987564086914,71.84207916259766
2017-09-11,126.19000244140625,101.70228576660156,22.681406021118164,20.971858978271484,27.032379150390625,44.42235565185547,72.39912414550781
2017-09-12,126.55999755859375,101.16764831542969,22.82097053527832,21.219890594482422,27.096689224243164,44.518524169921875,72.55575561523438
2017-09-13,125.61000061035156,100.7686767578125,23.107053756713867,21.25411033630371,27.05994415283203,44.542579650878906,72.28597259521484
2017-09-14,126.16000366210938,101.18362426757812,23.21869468688965,21.21133804321289,26.96807861328125,44.45441818237305,72.38170623779297
2017-09-15,125.52999877929688,101.22350311279297,23.27349281311035,21.274038314819336,27.0782470703125,44.53184509277344,72.15019989013672
2017-09-18,124.36000061035156,100.64100646972656,23.372467041015625,21.523107528686523,27.101293563842773,44.59634780883789,72.13272094726562
2017-09-19,124.62000274658203,100.39368438720703,23.467906951904297,21.68629264831543,27.22115707397461,44.459259033203125,71.56492614746094
2017-09-20,123.62000274658203,100.46549224853516,23.626976013183594,21.81511688232422,27.110515594482422,44.031837463378906,71.63478088378906
2017-09-21,122.68000030517578,100.40961456298828,23.634052276611328,21.866649627685547,26.963003158569336,43.61249923706055,71.26788330078125
2017-09-22,123.23999786376953,100.69686889648438,23.754228591918945,21.84088706970215,26.976839065551758,43.483455657958984,71.26788330078125
2017-09-25,124.52999877929688,101.32721710205078,24.097110748291016,21.81511688232422,26.65875244140625,43.79798126220703,71.0582046508789
2017-09-26,123.13999938964844,101.14370727539062,24.086505889892578,21.806533813476562,26.755558013916016,43.90281295776367,70.94463348388672
2017-09-27,121.9800033569336,99.61971282958984,24.18902015686035,22.072782516479492,27.027544021606445,43.56411361694336,70.91844177246094
2017-09-28,122.20999908447266,99.32444763183594,24.21022605895996,22.107133865356445,27.059812545776367,43.56411361694336,70.9795913696289
2017-09-29,121.58000183105469,99.5478744506836,24.20669174194336,22.2101993560791,27.24420738220215,43.53185272216797,71.39891052246094
2017-10-02,120.7699966430664,99.36557006835938,24.19962501525879,22.39914894104004,27.28569793701172,43.451202392578125,72.12400817871094
2017-10-03,120.83000183105469,99.46153259277344,24.17487907409668,22.476449966430664,27.350229263305664,43.49957275390625,72.10652923583984
2017-10-04,121.16999816894531,99.46952819824219,24.15719985961914,22.373380661010742,27.33179473876953,43.63667678833008,72.4559555053711
2017-10-05,120.5199966430664,99.09376525878906,24.266786575317383,22.605274200439453,27.594547271728516,43.83023452758789,72.50836944580078
2017-10-06,121.08999633789062,98.81389617919922,24.061771392822266,22.631038665771484,27.63604164123535,43.394752502441406,72.41227722167969
2017-10-09,122.08000183105469,99.12574005126953,24.111251831054688,22.545156478881836,27.705184936523438,43.27378463745117,71.95804595947266
2017-10-10,122.4000015258789,99.28565216064453,24.132457733154297,22.64822006225586,27.732847213745117,43.6528205871582,72.12400817871094
2017-10-11,122.79000091552734,99.47747802734375,24.18902015686035,22.605274200439453,27.825042724609375,43.741512298583984,72.2637710571289
2017-10-12,122.88999938964844,99.90127563476562,24.10064697265625,22.43350601196289,27.755895614624023,43.927005767822266,72.1851577758789
2017-10-13,123.81999969482422,100.62086486816406,24.086505889892578,22.442087173461914,27.889585494995117,44.00764465332031,72.00169372558594
2017-10-16,122.97000122070312,100.54890441894531,24.1395320892334,22.588102340698242,27.99100112915039,44.02377700805664,71.68719482421875
2017-10-17,122.12999725341797,100.67682647705078,24.153671264648438,22.476449966430664,27.99100112915039,43.862491607666016,72.64815521240234
2017-10-18,121.66999816894531,100.01319885253906,23.983993530273438,22.59668731689453,28.06014633178711,43.806026458740234,72.75298309326172
2017-10-19,122.38999938964844,100.18911743164062,23.909770965576172,22.613862991333008,27.977169036865234,43.57217025756836,73.19852447509766
2017-10-20,121.61000061035156,99.12574005126953,23.955717086791992,22.880111694335938,28.166170120239258,43.46733474731445,73.27715301513672
2017-10-23,121.80000305175781,99.30162811279297,23.83200454711914,22.862934112548828,28.03248405456543,43.4350700378418,73.09368896484375
2017-10-24,121.33000183105469,98.68595886230469,23.87795066833496,23.0261173248291,28.110851287841797,43.2818489074707,72.60448455810547
2017-10-25,121.3499984741211,98.21430206298828,23.711814880371094,22.88869857788086,27.9587345123291,43.160884857177734,72.49964904785156
2017-10-26,120.33000183105469,97.8864517211914,23.761306762695312,23.017528533935547,28.073976516723633,43.19313430786133,71.7745590209961
2017-10-27,120.9000015258789,98.53404998779297,23.803720474243164,23.000349044799805,28.829994201660156,42.82217025756836,71.75708770751953
2017-10-30,121.12999725341797,99.47747802734375,23.927446365356445,22.9058780670166,28.8945255279541,42.459285736083984,70.98832702636719
2017-10-31,120.66999816894531,99.50948333740234,24.005205154418945,22.845762252807617,29.01899528503418,42.81411361694336,70.8572769165039
2017-11-01,121.11000061035156,99.95259857177734,24.277385711669922,22.880111694335938,29.02360725402832,42.95120620727539,71.03202056884766
2017-11-02,121.19000244140625,100.39325714111328,24.20669174194336,23.094825744628906,29.037437438964844,42.84637451171875,70.70877838134766
2017-11-03,120.62000274658203,100.66568756103516,24.277385711669922,23.000349044799805,29.267927169799805,42.854427337646484,71.2940902709961
2017-11-06,121.6500015258789,101.04224395751953,24.83235740661621,22.974590301513672,29.33246421813965,42.39476776123047,71.07567596435547
2017-11-07,121.20999908447266,101.46687316894531,24.80055046081543,22.656808853149414,29.346294403076172,42.87055587768555,71.22418975830078
2017-11-08,121.62999725341797,101.24254608154297,24.680360794067383,22.545156478881836,29.50763702392578,43.33829879760742,71.39018249511719
2017-11-09,122.12999725341797,100.9541015625,24.754592895507812,22.467857360839844,29.27254295349121,43.330230712890625,71.39891052246094
2017-11-10,121.12999725341797,99.4317855834961,24.623802185058594,22.39914894104004,29.27254295349121,43.773773193359375,70.93590545654297
2017-11-13,121.30999755859375,99.64012145996094,24.482418060302734,22.43350601196289,29.263317108154297,44.02377700805664,71.00580596923828
2017-11-14,121.55999755859375,100.31316375732422,24.086505889892578,22.424911499023438,29.203384399414062,44.176998138427734,70.7175064086914
2017-11-15,121.41000366210938,101.40282440185547,23.81432342529297,22.485034942626953,28.986722946166992,43.709259033203125,70.5166015625
2017-11-16,121.4000015258789,100.52143859863281,23.718883514404297,22.493621826171875,29.39238739013672,44.314090728759766,71.25039672851562
2017-11-17,122.86000061035156,101.2666015625,23.83553695678711,22.467857360839844,29.203384399414062,44.160865783691406,70.97085571289062
2017-11-20,121.30999755859375,101.2265396118164,23.778972625732422,22.570920944213867,29.314022064208984,44.112491607666016,70.673828125
2017-11-21,121.51000213623047,101.5469970703125,23.83200454711914,22.63963508605957,29.62289047241211,44.25764465332031,71.2940902709961
2017-11-22,122.62999725341797,101.87550354003906,23.927446365356445,22.527973175048828,29.567567825317383,44.20120620727539,71.26788330078125
2017-11-24,122.31999969482422,101.59503936767578,23.99460220336914,22.519393920898438,29.733522415161133,44.1689338684082,71.4338607788086
2017-11-27,122.83000183105469,101.45087432861328,23.750699996948242,22.502216339111328,29.733522415161133,44.19313049316406,71.4950180053711
2017-11-28,122.80999755859375,101.58707427978516,23.934507369995117,23.086233139038086,29.830333709716797,44.5560302734375,72.01915740966797
2017-11-29,122.04000091552734,100.58557891845703,24.065298080444336,23.4813175201416,29.171119689941406,44.78990173339844,72.37735748291016
2017-11-30,121.0999984741211,100.24905395507812,24.425851821899414,23.635913848876953,29.429271697998047,45.20119094848633,72.91897583007812
2017-12-01,121.58999633789062,101.6018295288086,24.630878448486328,23.687440872192383,29.277143478393555,45.314083099365234,72.77047729492188
2017-12-04,121.18000030517578,101.65001678466797,24.620271682739258,24.04817008972168,28.80694580078125,45.74149703979492,71.87938690185547
2017-12-05,120.31999969482422,102.15581512451172,24.514223098754883,23.919334411621094,28.816162109375,45.66893005371094,71.75708770751953
2017-12-06,120.06999969482422,102.50908660888672,24.196088790893555,23.83344841003418,29.00055694580078,45.95924377441406,71.6959457397461
2017-12-07,118.48999786376953,101.70626068115234,24.266786575317383,23.910747528076172,29.180339813232422,45.51569747924805,71.71339416503906
2017-12-08,118.4800033569336,101.71422576904297,24.489484786987305,24.056751251220703,29.318635940551758,45.63666915893555,72.51713562011719
2017-12-11,118.01000213623047,101.50550842285156,24.666227340698242,23.996631622314453,29.572179794311523,45.628597259521484,72.82286071777344
2017-12-12,118.1500015258789,101.46536254882812,24.599056243896484,24.237110137939453,29.562955856323242,45.63666915893555,73.11115264892578
2017-12-13,119.16999816894531,102.22809600830078,24.563711166381836,23.9365177154541,29.572179794311523,45.89472579956055,73.36448669433594
2017-12-14,118.93000030517578,102.66165161132812,24.475345611572266,23.781925201416016,29.535297393798828,45.693115234375,72.62194061279297
2017-12-15,119.18000030517578,103.04698944091797,24.453283309936523,23.995901107788086,29.872148513793945,46.211463928222656,73.4209976196289
2017-12-18,119.7300033569336,102.10768127441406,24.641876220703125,24.211618423461914,30.135887145996094,46.18707275390625,73.44725799560547
2017-12-19,119.81999969482422,100.78294372558594,24.677457809448242,24.10807991027832,29.950807571411133,46.24394607543945,73.3595962524414
2017-12-20,120.13999938964844,99.66697692871094,25.026182174682617,24.06492805480957,29.941551208496094,46.16270446777344,73.12276458740234
2017-12-21,120.30999755859375,100.24785614013672,25.556381225585938,24.272010803222656,29.881406784057617,46.130210876464844,72.95611572265625
2017-12-22,120.94000244140625,100.38462829589844,25.609756469726562,24.202985763549805,29.862890243530273,46.20332717895508,72.71928405761719
2017-12-26,121.7699966430664,100.68228912353516,25.833934783935547,24.133956909179688,29.66393280029297,46.30894470214844,72.73684692382812
2017-12-27,122.2300033569336,101.99372863769531,25.748537063598633,24.159839630126953,29.696319580078125,46.300819396972656,72.85964965820312
2017-12-28,122.8499984741211,101.90522003173828,25.78767967224121,24.254762649536133,29.74721908569336,46.22769546508789,72.96488189697266
2017-12-29,123.6500015258789,102.06613159179688,25.712949752807617,24.082191467285156,29.58989715576172,46.219573974609375,72.51758575439453
2018-01-02,125.1500015258789,100.96389770507812,26.136404037475586,24.090816497802734,29.955434799194336,45.93523025512695,73.33326721191406
2018-01-03,124.81999969482422,101.44664764404297,26.527822494506836,24.220247268676758,30.205291748046875,45.918975830078125,74.03494262695312
2018-01-04,125.45999908447266,101.4305648803711,26.687957763671875,24.444589614868164,30.357990264892578,46.04895782470703,74.14017486572266
2018-01-05,125.33000183105469,101.14092254638672,26.67727279663086,24.51361846923828,30.67725372314453,46.25208282470703,74.77166748046875
2018-01-08,125.30999755859375,101.0765609741211,26.837404251098633,24.479101181030273,30.792922973632812,46.365814208984375,74.49979400634766
2018-01-09,124.7300033569336,99.72489166259766,26.76979637145996,24.66893196105957,30.714263916015625,46.300819396972656,75.37687683105469
2018-01-10,125.02999877929688,99.60420989990234,26.737770080566406,24.87601089477539,30.60784339904785,46.07332992553711,75.24530792236328
2018-01-11,125.44000244140625,100.01451873779297,27.28575897216797,24.996810913085938,30.732772827148438,46.00835037231445,75.56983184814453
2018-01-12,126.95999908447266,100.18351745605469,27.54907989501953,25.221155166625977,30.913225173950195,46.02460861206055,76.14871215820312
2018-01-16,127.16999816894531,100.60188293457031,27.20036506652832,25.15212631225586,30.792922973632812,46.23582458496094,76.52587127685547
2018-01-17,126.13999938964844,100.46508026123047,27.438766479492188,25.341955184936523,31.25562858581543,46.763912200927734,77.26261138916016
2018-01-18,125.86000061035156,99.53179931640625,27.214595794677734,25.30743980407715,31.31114387512207,46.62579345703125,77.2801513671875
2018-01-19,126.41999816894531,99.00881958007812,27.179004669189453,25.48863983154297,31.371294021606445,47.1457633972168,77.56961059570312
2018-01-22,126.6500015258789,99.1053695678711,27.76614761352539,25.695720672607422,31.676687240600586,47.503238677978516,78.07831573486328
2018-01-23,127.27999877929688,99.53179931640625,27.723445892333984,25.72160530090332,31.815507888793945,47.348854064941406,77.70114135742188
2018-01-24,128.8300018310547,98.99275207519531,27.64871597290039,25.894180297851562,31.570268630981445,47.44635772705078,77.92919921875
2018-01-25,127.97000122070312,99.80535888671875,27.43165397644043,25.842411041259766,31.514741897583008,47.470733642578125,78.59577941894531
2018-01-26,128.07000732421875,99.43522644042969,27.58111572265625,26.032236099243164,32.01446533203125,47.69821548461914,80.28855895996094
2018-01-29,127.3499984741211,98.74333953857422,27.164775848388672,25.928691864013672,31.72295570373535,47.511348724365234,80.06930541992188
2018-01-30,126.80000305175781,98.1640625,26.61678123474121,25.592182159423828,31.43609046936035,47.19449996948242,78.38529205322266
2018-01-31,127.6500015258789,98.74333953857422,26.634571075439453,25.661209106445312,31.67207145690918,46.975135803222656,77.27136993408203
2018-02-01,128.07000732421875,97.31229400634766,26.908580780029297,25.902809143066406,31.6998233795166,46.77202606201172,77.29769134521484
2018-02-02,126.38999938964844,96.4092788696289,25.784114837646484,25.333330154418945,30.76053810119629,45.87835693359375,76.21009063720703
2018-02-05,126.70999908447266,97.32029724121094,24.702363967895508,24.05630111694336,29.474220275878906,44.21284484863281,72.83332824707031
2018-02-06,125.37999725341797,96.71569061279297,24.898075103759766,24.496355056762695,30.320968627929688,44.7003173828125,73.64025115966797
2018-02-07,124.79000091552734,95.79654693603516,24.481752395629883,24.51361846923828,29.93229866027832,44.505332946777344,73.55253601074219
2018-02-08,124.9800033569336,95.69171905517578,23.741605758666992,23.43505096435547,28.692251205444336,43.546661376953125,71.00020599365234
2018-02-09,124.7699966430664,95.08707427978516,23.72381591796875,23.88373374938965,29.395565032958984,43.63603210449219,72.00884246826172
2018-02-12,125.37000274658203,95.50627899169922,24.111675262451172,24.220247268676758,29.923049926757812,44.08286666870117,72.68421936035156
2018-02-13,126.08000183105469,95.93358612060547,24.01204490661621,24.32378387451172,29.997081756591797,44.285972595214844,72.73684692382812
2018-02-14,128.22999572753906,94.86940002441406,24.36076545715332,24.901893615722656,30.547698974609375,44.26160430908203,73.56132507324219
2018-02-15,128.3800048828125,95.19187927246094,24.30027198791504,25.03995704650879,31.130704879760742,44.9927978515625,74.37699890136719
2018-02-16,127.95999908447266,95.70787048339844,24.23977279663086,25.005441665649414,31.08443832397461,45.17152786254883,74.91202545166016
2018-02-20,126.23999786376953,95.28862762451172,24.108116149902344,24.927785873413086,31.11219024658203,44.14785385131836,74.08753967285156
2018-02-21,125.66000366210938,94.11955261230469,23.702457427978516,24.962297439575195,30.913225173950195,43.61976623535156,73.78057098388672
2018-02-22,126.30000305175781,94.40176391601562,23.962221145629883,24.755216598510742,30.95024871826172,43.73351287841797,73.66655731201172
2018-02-23,126.13999938964844,95.24024200439453,24.481752395629883,25.126237869262695,31.59803009033203,44.155975341796875,74.84184265136719
2018-02-26,126.44999694824219,95.27249145507812,24.62763786315918,25.505897521972656,32.09312057495117,44.43221664428711,75.78909301757812
2018-02-27,125.12999725341797,95.13542938232422,24.307382583618164,25.26429557800293,31.76922607421875,43.847251892089844,74.99971771240234
2018-02-28,125.0,95.74009704589844,23.748714447021484,24.91053009033203,31.54250717163086,43.39228820800781,73.7981185913086
2018-03-01,124.72000122070312,96.39369201660156,23.713134765625,24.479101181030273,31.0196533203125,43.2947998046875,72.62281036376953
2018-03-02,125.38999938964844,95.61005401611328,23.823448181152344,24.539501190185547,31.31578826904297,43.660404205322266,73.3595962524414
2018-03-05,125.18000030517578,95.35150146484375,24.076093673706055,24.884647369384766,31.635053634643555,44.04224395751953,74.02615356445312
2018-03-06,126.52999877929688,95.44041442871094,24.09031867980957,24.98818588256836,31.704452514648438,44.074737548828125,73.92091369628906
2018-03-07,125.72000122070312,95.33536529541016,23.90884780883789,24.945043563842773,31.88027572631836,43.676631927490234,74.29805755615234
2018-03-08,125.41999816894531,95.88471221923828,23.901729583740234,25.022701263427734,32.01908874511719,44.074737548828125,74.79800415039062
2018-03-09,125.54000091552734,95.25460052490234,24.35720443725586,25.62669563293457,32.62523651123047,44.35909652709961,75.8768310546875
2018-03-12,125.54000091552734,95.80393981933594,24.350086212158203,25.5404109954834,32.7270393371582,44.27783966064453,75.55230712890625
2018-03-13,125.77999877929688,96.2886734008789,24.17572784423828,25.25566864013672,32.352237701416016,44.24534606933594,75.6487808227539
2018-03-14,125.69999694824219,97.13688659667969,24.033390045166016,24.970924377441406,32.32448196411133,43.79851531982422,75.28040313720703
2018-03-15,124.9000015258789,97.13688659667969,23.90884780883789,24.97955322265625,32.342987060546875,43.489784240722656,75.15760803222656
2018-03-16,124.5999984741211,96.7895278930664,24.122072219848633,25.001211166381836,32.309566497802734,43.50531005859375,75.15760803222656
2018-03-19,124.87000274658203,96.48255920410156,23.74936866760254,24.819351196289062,31.66903305053711,43.08045959472656,73.94297790527344
2018-03-20,124.30999755859375,96.09475708007812,23.950057983398438,24.87996482849121,31.655109405517578,42.957923889160156,74.04857635498047
2018-03-21,126.4800033569336,96.19977569580078,24.577213287353516,24.871301651000977,31.464805603027344,42.42686462402344,73.73173522949219
2018-03-22,125.9800033569336,97.15308380126953,24.07549476623535,23.953359603881836,30.652549743652344,42.0755500793457,71.61051940917969
2018-03-23,127.61000061035156,97.08038330078125,23.928556442260742,23.225919723510742,29.835641860961914,41.55268478393555,70.12303161621094
2018-03-26,128.27999877929688,96.708740234375,24.358606338500977,23.97933578491211,30.968175888061523,42.14910125732422,71.57532501220703
2018-03-27,127.48999786376953,97.74278259277344,24.12924575805664,23.511690139770508,29.974889755249023,42.12457275390625,70.7303695678711
2018-03-28,125.7300033569336,98.00131225585938,23.65977668762207,23.554996490478516,29.775304794311523,42.70465087890625,71.10884094238281
2018-03-29,125.79000091552734,98.47796630859375,24.157920837402344,23.875415802001953,30.364768981933594,42.9987678527832,71.645751953125
2018-04-02,127.26000213623047,98.67223358154297,23.674114227294922,23.347156524658203,29.64069175720215,41.94483947753906,70.01742553710938
2018-04-03,126.30000305175781,97.9112319946289,24.179414749145508,23.667573928833008,29.933109283447266,42.50040054321289,71.08242797851562
2018-04-04,126.44999694824219,97.7088394165039,24.14716339111328,23.918716430664062,30.350841522216797,43.16217041015625,72.09461975097656
2018-04-05,125.80000305175781,96.980224609375,24.58080291748047,24.109237670898438,30.476171493530273,43.26838684082031,72.04180145263672
2018-04-06,126.38999938964844,98.040771484375,24.136411666870117,23.529020309448242,29.72888946533203,42.82720184326172,70.3078842163086
2018-04-09,126.81999969482422,98.20269775390625,24.25109100341797,23.658916473388672,29.960962295532227,42.80268478393555,71.00320434570312
2018-04-10,127.12000274658203,98.02458190917969,25.05385398864746,24.01397132873535,30.698959350585938,42.90072250366211,72.20024871826172
2018-04-11,128.11000061035156,98.37268829345703,25.315462112426758,23.728195190429688,30.5179386138916,42.819034576416016,71.61051940917969
2018-04-12,126.62000274658203,97.65219116210938,25.31187629699707,24.143869400024414,30.88462257385254,42.75367736816406,72.09461975097656
2018-04-13,127.44999694824219,97.87882995605469,25.591407775878906,23.780153274536133,30.782499313354492,42.966087341308594,72.05941009521484
2018-04-16,127.62999725341797,97.9112319946289,25.85301971435547,23.88407325744629,31.01923370361328,43.43178176879883,72.63151550292969
2018-04-17,127.75,98.17837524414062,25.9533634185791,23.88407325744629,31.594770431518555,43.52982711791992,73.1948471069336
2018-04-18,127.8499984741211,97.39309692382812,26.361906051635742,23.771493911743164,31.511234283447266,43.2030143737793,73.2564468383789
2018-04-19,127.5999984741211,96.59971618652344,26.3941593170166,24.13521957397461,31.163103103637695,41.953006744384766,72.64032745361328
2018-04-20,126.62999725341797,95.90345764160156,26.26873207092285,24.143869400024414,30.73145294189453,41.25038528442383,72.25303649902344
2018-04-23,125.62000274658203,95.92778015136719,26.430004119873047,24.11789321899414,30.620052337646484,41.20135498046875,72.53470611572266
2018-04-24,126.2300033569336,95.49058532714844,26.146886825561523,23.962013244628906,30.086280822753906,40.93992233276367,71.98899841308594
2018-04-25,125.41000366210938,94.85103607177734,26.3547420501709,23.944700241088867,30.090927124023438,41.01345443725586,72.31466674804688
2018-04-26,124.97000122070312,95.51487731933594,26.738195419311523,23.953359603881836,30.638628005981445,41.2585563659668,73.23003387451172
2018-04-27,125.5,96.25159454345703,26.455087661743164,23.987995147705078,30.582923889160156,41.47914123535156,73.52928924560547
2018-04-30,124.58999633789062,96.42159271240234,26.451505661010742,23.771493911743164,30.383333206176758,41.21770477294922,72.40269470214844
2018-05-01,123.70999908447266,96.07433319091797,26.290239334106445,23.780153274536133,30.763940811157227,40.85821533203125,72.36746978759766
2018-05-02,123.6500015258789,95.96883392333984,26.397750854492188,23.511690139770508,30.73145294189453,40.05756759643555,71.37287902832031
2018-05-03,124.27999877929688,96.39886474609375,26.336828231811523,23.312517166137695,30.80107307434082,40.0167236328125,70.7303695678711
2018-05-04,124.54000091552734,96.54491424560547,26.46584129333496,23.615612030029297,31.38589859008789,40.596778869628906,71.29366302490234
2018-05-07,124.56999969482422,96.3907699584961,26.501667022705078,23.771493911743164,31.604055404663086,40.343509674072266,71.18804931640625
2018-05-08,124.58999633789062,96.30152893066406,26.70953369140625,23.9360294342041,31.673677444458008,40.180110931396484,70.65113067626953
2018-05-09,124.33000183105469,95.72549438476562,27.254255294799805,24.291088104248047,32.06356430053711,40.237300872802734,71.0560302734375
2018-05-10,125.18000030517578,96.49625396728516,27.458518981933594,24.490264892578125,32.481292724609375,40.4742431640625,72.00658416748047
2018-05-11,125.0,96.73969268798828,27.497953414916992,24.472951889038086,32.43488693237305,40.4742431640625,73.08039855957031
2018-05-14,124.48999786376953,96.2284927368164,27.68788719177246,24.455629348754883,32.43025207519531,40.457889556884766,73.56450653076172
2018-05-15,122.4800033569336,95.13311767578125,27.69505500793457,24.412330627441406,32.12391662597656,40.30266189575195,72.61390686035156
2018-05-16,122.29000091552734,94.7680435180664,27.79181671142578,24.455629348754883,32.267784118652344,40.5886116027832,73.018798828125
2018-05-17,122.36000061035156,94.289306640625,28.211109161376953,24.403667449951172,32.10070037841797,40.72750473022461,73.04520416259766
2018-05-18,122.41000366210938,95.1006851196289,27.99250602722168,24.204490661621094,31.966094970703125,40.4742431640625,73.23003387451172
2018-05-21,122.4800033569336,95.14938354492188,28.279199600219727,24.377695083618164,32.24458694458008,40.645809173583984,73.3004379272461
2018-05-22,122.41000366210938,95.0032958984375,27.902910232543945,24.54222869873047,32.19816589355469,40.572265625,73.15963745117188
2018-05-23,122.54000091552734,95.69300079345703,27.899324417114258,24.386350631713867,32.43488693237305,40.71934509277344,73.39727783203125
2018-05-24,123.58999633789062,96.45568084716797,27.44060516357422,24.19583511352539,32.39775085449219,40.6866455078125,73.1068115234375
2018-05-25,123.20999908447266,97.05606842041016,26.727445602416992,24.11789321899414,32.374549865722656,40.752010345458984,73.00120544433594
2018-05-29,123.19000244140625,99.18186950683594,26.645021438598633,23.312517166137695,32.19816589355469,40.662139892578125,72.25303649902344
2018-05-30,123.37000274658203,98.51655578613281,27.451358795166016,23.73685646057129,32.43488693237305,41.23404312133789,73.33564758300781
2018-05-31,123.0999984741211,98.35430145263672,27.243507385253906,23.537673950195312,32.44416809082031,40.572265625,72.53470611572266
2018-06-01,122.48999786376953,97.8346176147461,27.372512817382812,23.7974796295166,32.99650955200195,40.572265625,73.37086486816406
2018-06-04,122.37000274658203,97.1270980834961,27.135997772216797,23.875415802001953,33.261070251464844,40.90724563598633,73.64370727539062
2018-06-05,122.8499984741211,97.35480499267578,27.071489334106445,23.771493911743164,33.37711715698242,40.71934509277344,73.49408721923828
2018-06-06,122.91999816894531,96.56591033935547,27.200498580932617,24.204490661621094,33.59526824951172,40.76835250854492,74.32146453857422
2018-06-07,122.86000061035156,97.50117492675781,27.612638473510742,24.28243064880371,33.326053619384766,41.02162551879883,74.41827392578125
2018-06-08,123.01000213623047,97.20841217041016,27.558868408203125,24.31707000732422,33.270362854003906,41.52817153930664,74.84954833984375
2018-06-11,123.2300033569336,97.02948760986328,27.70222282409668,24.26511573791504,33.30748748779297,41.87131118774414,74.99037170410156
2018-06-12,122.81999969482422,97.05388641357422,27.490779876708984,24.204490661621094,33.469940185546875,41.953006744384766,74.94637298583984
2018-06-13,123.19000244140625,97.00505828857422,27.386852264404297,24.11789321899414,33.2982063293457,41.82228088378906,74.96395111083984
2018-06-14,123.37999725341797,97.81022644042969,27.347429275512695,23.892732620239258,33.53491973876953,41.89582061767578,75.35124206542969
2018-06-15,121.33999633789062,97.89967346191406,26.76006507873535,23.891868591308594,33.40682601928711,42.43427658081055,75.49788665771484
2018-06-18,121.11000061035156,97.81022644042969,27.027048110961914,23.848371505737305,33.444095611572266,41.816776275634766,74.77349090576172
2018-06-19,120.80000305175781,98.37947845458984,26.965721130371094,23.787494659423828,33.271751403808594,42.03907775878906,74.96781158447266
2018-06-20,120.26000213623047,97.51744079589844,27.08477783203125,23.726619720458984,33.34162139892578,42.08024978637695,75.12686157226562
2018-06-21,120.05000305175781,98.0297622680664,26.583276748657227,23.657033920288086,33.08543395996094,42.162567138671875,74.69397735595703
2018-06-22,120.33999633789062,98.02166748046875,27.11363983154297,23.54396629333496,32.97830581665039,42.50838088989258,75.02967834472656
2018-06-25,119.88999938964844,98.2412338256836,26.56884002685547,23.291744232177734,32.29358673095703,42.722442626953125,74.3405990600586
2018-06-26,119.26000213623047,98.37947845458984,26.904376983642578,23.21346664428711,32.424007415771484,42.54130554199219,74.11089324951172
2018-06-27,118.58000183105469,99.30660247802734,27.265172958374023,22.92645263671875,31.98149871826172,42.45073699951172,73.48365020751953
2018-06-28,118.22000122070312,99.3310317993164,27.22909164428711,23.126489639282227,32.37276840209961,42.45073699951172,73.58084106445312
2018-06-29,118.6500015258789,98.98941802978516,27.398662567138672,23.126489639282227,32.35879135131836,42.426029205322266,73.73102569580078
2018-07-02,117.45999908447266,98.9120101928711,26.99457550048828,23.23955726623535,32.647579193115234,42.179039001464844,73.9607162475586
2018-07-03,118.6500015258789,99.44183349609375,27.164154052734375,23.030818939208984,32.2609748840332,42.27783966064453,74.13740539550781
2018-07-05,119.05000305175781,99.72710418701172,27.135284423828125,23.083005905151367,32.71744918823242,42.862403869628906,74.90599060058594
2018-07-06,118.86000061035156,100.05314636230469,27.301259994506836,23.196069717407227,33.099403381347656,42.994144439697266,75.98379516601562
2018-07-09,119.1500015258789,99.40919494628906,27.708951950073242,23.726619720458984,33.3509407043457,42.8294792175293,76.54034423828125
2018-07-10,118.93000030517578,99.40106201171875,27.914596557617188,23.639636993408203,33.430118560791016,43.339935302734375,76.83185577392578
2018-07-11,117.63999938964844,99.78411865234375,27.32289695739746,23.526573181152344,33.29970169067383,43.19997787475586,76.22229766845703
2018-07-12,118.12999725341797,99.7760009765625,27.36980438232422,23.5700626373291,33.82603454589844,43.142333984375,77.07040405273438
2018-07-13,117.61000061035156,100.02870178222656,27.514122009277344,23.46569061279297,33.788787841796875,43.42226028442383,77.2117691040039
2018-07-16,117.55000305175781,99.61299133300781,27.196611404418945,23.88316535949707,33.709598541259766,43.216434478759766,76.74354553222656
2018-07-17,116.27999877929688,99.4255142211914,27.0883846282959,23.909259796142578,33.96113204956055,43.58693313598633,77.1675796508789
2018-07-18,116.30999755859375,99.026123046875,27.106422424316406,24.29195213317871,33.90522766113281,43.23289489746094,77.22940826416016
2018-07-19,115.80999755859375,99.65374755859375,27.11363983154297,23.92664909362793,33.784122467041016,43.25760269165039,76.79653930664062
2018-07-20,116.55999755859375,98.43109130859375,27.019832611083984,23.970144271850586,33.7934455871582,43.52106475830078,76.6463394165039
2018-07-23,116.0,97.21660614013672,26.90077018737793,24.300647735595703,33.965789794921875,43.24937057495117,76.80537414550781
2018-07-24,116.04000091552734,97.55078887939453,27.239913940429688,24.370229721069336,34.152099609375,43.33171081542969,77.50328063964844
2018-07-25,116.68000030517578,97.39590454101562,27.467214584350586,24.422407150268555,34.580631256103516,43.661033630371094,78.49272918701172
2018-07-26,115.7699966430664,97.20845031738281,27.766681671142578,24.413715362548828,34.04962158203125,43.89156723022461,78.27185821533203
2018-07-27,115.83000183105469,97.37149810791016,27.647611618041992,24.465890884399414,33.46738815307617,43.94919967651367,77.70648193359375
2018-07-30,115.6500015258789,97.0372543334961,27.874914169311523,24.483293533325195,32.945701599121094,43.89978790283203,77.75064849853516
2018-07-31,115.98999786376953,97.56706237792969,27.824398040771484,24.309341430664062,33.03418731689453,44.10562515258789,78.56342315673828
2018-08-01,115.13999938964844,96.77220916748047,27.4383544921875,24.309341430664062,33.33230972290039,43.73513412475586,78.5810546875
2018-08-02,114.5199966430664,96.91110229492188,27.286823272705078,24.31804084777832,33.751522064208984,44.17973327636719,78.87258911132812
2018-08-03,114.91999816894531,97.3930435180664,27.146108627319336,24.457202911376953,33.87263488769531,44.69842529296875,79.34078979492188
2018-08-06,114.33000183105469,97.45024871826172,27.24713134765625,24.587663650512695,34.05427551269531,44.739585876464844,79.48216247558594
2018-08-07,114.58999633789062,96.94377136230469,27.449176788330078,24.700727462768555,34.18470764160156,44.46788024902344,79.49100494384766
2018-08-08,114.91000366210938,97.04183197021484,27.2507381439209,24.761608123779297,34.27786636352539,44.13032913208008,79.61467742919922
2018-08-09,114.73999786376953,97.8587646484375,26.99818992614746,24.613752365112305,34.29184341430664,43.99859619140625,79.52632904052734
2018-08-10,114.69000244140625,98.56945037841797,27.164154052734375,24.326732635498047,34.01700973510742,43.83392333984375,79.18180847167969
2018-08-13,112.95999908447266,98.36524200439453,26.81778335571289,24.091907501220703,33.97044372558594,43.83392333984375,79.20829010009766
2018-08-14,113.06999969482422,98.14466857910156,26.882732391357422,24.31804084777832,34.180049896240234,44.1385612487793,79.57933807373047
2018-08-15,111.19000244140625,98.71648406982422,25.944671630859375,24.126693725585938,33.87263488769531,44.3196907043457,79.44684600830078
2018-08-16,111.0999984741211,98.7083740234375,26.13228416442871,24.448501586914062,34.02168273925781,44.95364761352539,80.22423553466797
2018-08-17,112.12999725341797,98.8308334350586,26.197223663330078,24.500680923461914,34.07291793823242,45.29944610595703,80.4715805053711
2018-08-20,112.69000244140625,99.4925765991211,26.374008178710938,24.578964233398438,34.02168273925781,45.274757385253906,80.73662567138672
2018-08-21,113.0199966430664,99.1576156616211,26.507505416870117,24.674633026123047,34.07758331298828,44.95364761352539,80.73662567138672
2018-08-22,113.2699966430664,99.54978942871094,26.82500457763672,24.587663650512695,34.180049896240234,44.67371368408203,80.8161392211914
2018-08-23,112.19999694824219,99.70497131347656,26.698719024658203,24.474597930908203,34.254581451416016,44.56669235229492,80.78964233398438
2018-08-24,114.16000366210938,99.90103149414062,26.893550872802734,24.561567306518555,34.599273681640625,44.50905990600586,81.17833709716797
2018-08-27,114.58999633789062,99.32918548583984,27.09198760986328,24.892070770263672,34.91600036621094,44.533756256103516,81.46988677978516
2018-08-28,113.68000030517578,98.73280334472656,26.976539611816406,24.865978240966797,34.97657012939453,44.38557052612305,81.5140609741211
2018-08-29,114.19999694824219,98.86351013183594,27.142507553100586,24.857282638549805,35.29329299926758,44.434959411621094,82.04410552978516
2018-08-30,113.63999938964844,99.07594299316406,27.066741943359375,24.665937423706055,35.18617630004883,44.294986724853516,81.9822769165039
2018-08-31,113.51000213623047,98.84718322753906,26.857484817504883,24.639848709106445,35.214107513427734,44.278526306152344,81.9646224975586
2018-09-04,112.93000030517578,98.27569580078125,26.799745559692383,24.761608123779297,35.07904052734375,44.22089385986328,81.31085968017578
2018-09-05,113.31999969482422,98.01370239257812,26.763673782348633,24.779008865356445,34.64119338989258,44.731353759765625,81.63774108886719
2018-09-06,113.54000091552734,98.37393951416016,26.269380569458008,24.665937423706055,34.3896598815918,44.854854583740234,81.63774108886719
2018-09-07,113.2300033569336,97.5388412475586,26.265775680541992,24.639848709106445,34.27321243286133,44.76428985595703,81.76140594482422
2018-09-10,113.1500015258789,97.8990707397461,26.254945755004883,24.613752365112305,34.380340576171875,44.920719146728516,81.5494155883789
2018-09-11,113.22000122070312,97.15400695800781,26.50389862060547,24.639848709106445,34.67379379272461,44.75605773925781,81.47872161865234
2018-09-12,114.16999816894531,97.38324737548828,26.640995025634766,24.413715362548828,34.52939987182617,45.274757385253906,81.88509368896484
2018-09-13,113.76000213623047,97.5306396484375,26.651824951171875,24.378925323486328,34.93464660644531,45.20888900756836,82.90103912353516
2018-09-14,113.0199966430664,97.0639419555664,26.79252815246582,24.552871704101562,34.90669250488281,45.08538818359375,82.62718200683594
2018-09-17,113.61000061035156,97.0639419555664,26.835830688476562,24.448501586914062,34.46885299682617,45.250057220458984,82.3267822265625
2018-09-18,113.44000244140625,96.0486831665039,27.01262092590332,24.570261001586914,34.68775939941406,45.0606803894043,82.8038558959961
2018-09-19,113.87999725341797,95.47550201416016,27.095598220825195,24.987743377685547,34.599273681640625,44.97835922241211,82.68902587890625
2018-09-20,114.2699966430664,95.91771697998047,27.102813720703125,25.205183029174805,35.009178161621094,45.54645538330078,83.49292755126953
2018-09-21,113.48999786376953,95.8767318725586,27.28190803527832,25.10733413696289,34.870826721191406,45.61940383911133,83.60556030273438
2018-09-24,113.47000122070312,95.63111114501953,27.681509017944336,24.82777976989746,35.043758392333984,44.92293930053711,83.77407836914062
2018-09-25,113.6500015258789,95.53290557861328,27.859514236450195,24.7316837310791,35.0016975402832,44.657615661621094,83.51685333251953
2018-09-26,113.05000305175781,96.2042236328125,27.590688705444336,24.434661865234375,34.870826721191406,44.70735168457031,83.70310974121094
2018-09-27,112.05000305175781,96.26976776123047,27.590688705444336,24.347299575805664,35.07646560668945,44.64931869506836,84.12881469726562
2018-09-28,112.76000213623047,96.01593780517578,27.514408111572266,24.09395408630371,35.20733642578125,44.71565246582031,84.38601684570312
2018-10-01,112.56999969482422,95.31103515625,27.895843505859375,24.190052032470703,35.37558364868164,44.68248748779297,84.80282592773438
2018-10-02,113.87000274658203,95.8936996459961,27.924911499023438,24.190052032470703,35.3802604675293,44.93952178955078,84.70527648925781
2018-10-03,113.41999816894531,94.22789764404297,28.150136947631836,24.41718864440918,35.48775100708008,44.458621978759766,84.54566192626953
2018-10-04,113.4800033569336,93.56317138671875,28.03388786315918,24.583173751831055,34.847450256347656,44.350830078125,83.72087097167969
2018-10-05,113.80000305175781,92.7590103149414,28.03025245666504,24.460872650146484,34.40813446044922,44.30936813354492,83.62330627441406
2018-10-08,112.54000091552734,92.44721221923828,28.008459091186523,24.626853942871094,34.020206451416016,44.92293930053711,83.58782196044922
2018-10-09,112.5999984741211,93.38267517089844,28.25911521911621,24.530752182006836,34.141719818115234,44.823429107666016,83.72974395751953
2018-10-10,112.87999725341797,93.12828826904297,27.37272834777832,23.770721435546875,32.48721694946289,44.28449630737305,81.75198364257812
2018-10-11,115.77999877929688,94.2607192993164,26.446380615234375,23.0631046295166,32.075923919677734,43.19002914428711,79.54366302490234
2018-10-12,115.2300033569336,93.93246459960938,26.519033432006836,23.089313507080078,33.104156494140625,43.43047332763672,80.767578125
2018-10-15,116.0,93.89146423339844,26.297433853149414,22.984479904174805,32.561988830566406,43.695804595947266,80.2088394165039
2018-10-16,115.80000305175781,94.10480499267578,26.51540756225586,23.36886978149414,33.543479919433594,44.18499755859375,82.40828704833984
2018-10-17,115.79000091552734,93.54681396484375,26.348297119140625,23.604734420776367,33.38924789428711,44.39228057861328,82.84285736083984
2018-10-18,115.91999816894531,93.5139389038086,26.217519760131836,23.21161460876465,32.734920501708984,44.33424758911133,81.90277099609375
2018-10-19,116.01000213623047,93.30879974365234,25.985021591186523,23.298978805541992,32.72089767456055,45.34579849243164,81.15778350830078
2018-10-22,115.70999908447266,93.18574523925781,25.698028564453125,22.801023483276367,32.991981506347656,45.00584030151367,80.49264526367188
2018-10-23,116.38999938964844,93.48111724853516,25.025972366333008,22.617563247680664,32.86579132080078,45.2048454284668,80.05804443359375
2018-10-24,116.66000366210938,94.18687438964844,24.03786849975586,22.049726486206055,31.39356231689453,45.395545959472656,77.41520690917969
2018-10-25,116.4000015258789,93.79290771484375,24.33212661743164,22.390430450439453,32.473182678222656,45.503334045410156,78.41736602783203
2018-10-26,116.7699966430664,94.35912322998047,24.150489807128906,22.067197799682617,31.823530197143555,44.63273620605469,77.53046417236328
2018-10-29,116.30999755859375,94.14582061767578,23.700023651123047,22.259389877319336,31.286067962646484,45.14680862426758,77.72559356689453
2018-10-30,115.80000305175781,93.6781005859375,24.248565673828125,22.643774032592773,31.636594772338867,46.04228210449219,78.55924987792969
2018-10-31,115.1500015258789,93.2021484375,24.39750862121582,22.958274841308594,32.38906478881836,45.61111068725586,78.6656723022461
2018-11-01,116.62999725341797,93.28851318359375,24.604581832885742,23.0631046295166,32.76763916015625,45.93449020385742,79.65896606445312
2018-11-02,116.6500015258789,92.1286849975586,24.542823791503906,23.045629501342773,32.1273307800293,45.69403839111328,79.16232299804688
2018-11-05,116.37000274658203,92.49063110351562,24.953319549560547,23.41254425048828,32.0946159362793,46.26614761352539,79.86294555664062
2018-11-06,116.04000091552734,92.43302917480469,25.0695743560791,23.534854888916016,32.29558181762695,46.54805374145508,80.27092742919922
2018-11-07,116.02999877929688,92.556396484375,25.48006820678711,23.840612411499023,33.24436569213867,46.81337356567383,82.62998962402344
2018-11-08,115.77999877929688,92.5482177734375,24.92789077758789,23.91050148010254,33.2163200378418,46.838260650634766,82.67434692382812
2018-11-09,114.4800033569336,93.23914337158203,24.884288787841797,23.692100524902344,32.64143753051758,47.111873626708984,82.43486022949219
2018-11-12,113.66000366210938,93.84786987304688,24.368446350097656,23.220355987548828,31.491695404052734,46.863128662109375,81.31742858886719
2018-11-13,113.69999694824219,93.79026794433594,23.80901336669922,23.351394653320312,31.529096603393555,46.75533676147461,80.74981689453125
2018-11-14,114.63999938964844,93.84786987304688,23.76905059814453,23.036895751953125,31.150522232055664,46.44026184082031,80.10240936279297
2018-11-15,114.7699966430664,93.80671691894531,24.117786407470703,23.377607345581055,31.931034088134766,46.36564254760742,80.8119125366211
2018-11-16,115.62000274658203,94.34967803955078,24.4047794342041,23.40380859375,31.879623413085938,46.48172378540039,81.62785339355469
2018-11-19,115.66999816894531,94.61288452148438,24.39750862121582,23.39507484436035,30.664453506469727,46.407100677490234,80.5902099609375
2018-11-20,115.66999816894531,94.64578247070312,23.598312377929688,22.879650115966797,30.005449295043945,45.63600158691406,79.83634948730469
2018-11-21,115.86000061035156,94.61288452148438,23.96884536743164,22.897117614746094,30.225128173828125,45.27117156982422,79.38404083251953
2018-11-23,115.7699966430664,94.71155548095703,23.21687126159668,22.713661193847656,29.94936752319336,45.428707122802734,79.49932861328125
2018-11-26,115.63999938964844,94.49771118164062,23.565614700317383,23.176677703857422,30.627059936523438,45.486759185791016,80.27092742919922
2018-11-27,114.94999694824219,94.60464477539062,23.500221252441406,23.19414520263672,30.687822341918945,45.893028259277344,81.10457611083984
2018-11-28,115.37999725341797,94.14400482177734,23.903465270996094,23.639686584472656,31.762792587280273,46.27444076538086,83.05569458007812
2018-11-29,115.73999786376953,94.5141830444336,24.059667587280273,23.438751220703125,31.45431137084961,46.34907150268555,83.33063507080078
2018-11-30,115.54000091552734,94.86785888671875,24.01607322692871,23.561058044433594,31.753440856933594,46.647552490234375,85.02456665039062
2018-12-03,116.41000366210938,95.54148864746094,24.550090789794922,23.709564208984375,32.454490661621094,46.68901443481445,84.6165771484375
2018-12-04,117.12000274658203,97.14096069335938,23.8453311920166,22.678714752197266,31.225296020507812,45.90132522583008,82.72755432128906
2018-12-06,117.13999938964844,97.44601440429688,23.405773162841797,22.36422348022461,31.29540252685547,45.951072692871094,82.41714477539062
2018-12-07,118.08999633789062,97.62742614746094,23.27499008178711,21.9361629486084,30.192401885986328,45.37067794799805,80.31525421142578
2018-12-10,117.68000030517578,98.03141784667969,22.911714553833008,21.630395889282227,30.60837173461914,45.37067794799805,80.62567901611328
2018-12-11,117.54000091552734,98.01492309570312,22.918987274169922,21.420734405517578,30.645761489868164,45.7437858581543,80.8740005493164
2018-12-12,117.79000091552734,97.57794189453125,23.009803771972656,21.543041229248047,30.884117126464844,45.68574905395508,81.56575775146484
2018-12-13,117.52999877929688,97.34708404541016,23.08245849609375,21.385784149169922,30.935531616210938,45.967655181884766,81.64558410644531
2018-12-14,117.05999755859375,97.68514251708984,22.555707931518555,21.176124572753906,30.178386688232422,45.18826675415039,78.89627075195312
2018-12-17,117.87000274658203,98.25404357910156,22.14521026611328,20.966461181640625,29.53807830810547,44.1435432434082,77.32649230957031
2018-12-18,118.1500015258789,98.84246826171875,21.622093200683594,20.887836456298828,29.771764755249023,43.621185302734375,76.6524887084961
2018-12-19,117.43000030517578,100.14826202392578,21.367799758911133,20.625751495361328,29.182876586914062,43.19831466674805,75.65031433105469
2018-12-20,119.23999786376953,99.78458404541016,20.77566909790039,20.442296981811523,28.65941619873047,42.427223205566406,74.5860366821289
2018-12-21,118.72000122070312,99.76806640625,20.573997497558594,20.033536911010742,27.788673400878906,41.987091064453125,73.65951538085938
2018-12-24,120.0199966430664,100.26394653320312,19.74164581298828,19.611597061157227,27.04701805114746,40.77384567260742,71.89556121826172
2018-12-26,119.66000366210938,99.18959045410156,20.970001220703125,20.499431610107422,28.680540084838867,41.91179656982422,75.03150939941406
2018-12-27,120.56999969482422,99.2060546875,21.08000373840332,20.745569229125977,28.887075424194336,42.313419342041016,75.86005401611328
2018-12-28,121.05999755859375,100.04078674316406,20.91866683959961,20.73677635192871,28.821359634399414,42.313419342041016,75.94911193847656
2018-12-31,121.25,100.42098999023438,21.028669357299805,20.938966751098633,29.093612670898438,42.489139556884766,77.07169342041016
2019-01-02,121.33000183105469,100.94988250732422,21.443010330200195,21.11477279663086,29.112390518188477,42.23812484741211,75.90458679199219
2019-01-03,122.43000030517578,102.0986099243164,21.23033905029297,20.640079498291016,27.643159866333008,41.99546432495117,74.36334228515625
2019-01-04,121.44000244140625,100.91681671142578,21.952682495117188,21.325742721557617,28.86829948425293,42.890769958496094,76.58167266845703
2019-01-07,121.86000061035156,100.61930847167969,22.279022216796875,21.352115631103516,29.126468658447266,42.83219528198242,76.87567138671875
2019-01-08,121.52999877929688,100.3548583984375,22.451358795166016,21.369691848754883,29.37056541442871,43.225460052490234,77.47258758544922
2019-01-09,122.30999755859375,100.19779205322266,22.80703353881836,21.47518539428711,29.75078010559082,42.823829650878906,77.82001495361328
2019-01-10,121.58999633789062,99.55319213867188,22.87302589416504,21.483970642089844,29.88220977783203,43.0748405456543,77.97147369384766
2019-01-11,121.80000305175781,99.94161224365234,22.73736000061035,21.536714553833008,29.825885772705078,43.20035934448242,78.22982788085938
2019-01-14,122.08999633789062,99.56970977783203,22.682355880737305,21.6861515045166,29.548934936523438,42.99117660522461,77.36566925048828
2019-01-15,121.87999725341797,99.2060546875,22.76302719116211,21.879535675048828,29.9948673248291,43.41790771484375,78.75547790527344
2019-01-16,122.2699966430664,99.30525207519531,22.733692169189453,22.345439910888672,30.023033142089844,43.18361282348633,78.61290740966797
2019-01-17,122.11000061035156,99.3300552368164,22.942697525024414,22.468507766723633,30.215486526489258,43.367713928222656,79.30780792236328
2019-01-18,121.0199966430664,98.80940246582031,23.40837287902832,22.85528564453125,30.675500869750977,43.886474609375,80.25216674804688
2019-01-22,121.44999694824219,99.47879028320312,22.898700714111328,22.59157371520996,30.159156799316406,43.48484420776367,79.69981384277344
2019-01-23,121.27999877929688,99.43750762939453,22.664031982421875,22.61794090270996,30.262428283691406,44.00361633300781,79.78890228271484
2019-01-24,121.08999633789062,100.09038543701172,22.7850284576416,22.67068862915039,30.515901565551758,43.45973587036133,79.1207275390625
2019-01-25,122.86000061035156,99.61103820800781,23.07469940185547,22.85528564453125,30.947750091552734,43.284027099609375,79.21871948242188
2019-01-28,123.29000091552734,99.51187133789062,22.843698501586914,22.784963607788086,30.534679412841797,43.46810531616211,78.31893920898438
2019-01-29,123.9800033569336,100.01597595214844,22.913366317749023,22.705848693847656,30.206096649169922,43.56850814819336,78.70201873779297
2019-01-30,124.69000244140625,99.94161224365234,23.236040115356445,22.837709426879883,31.144899368286133,43.861366271972656,79.7800064086914
2019-01-31,124.75,100.80109405517578,23.386369705200195,22.80254364013672,31.112049102783203,44.672996520996094,80.7778091430664
2019-02-01,124.5,100.19230651855469,23.793380737304688,22.89923858642578,31.295120239257812,44.53075408935547,80.84909057617188
2019-02-04,123.95999908447266,99.7450180053711,23.8483829498291,22.995935440063477,31.79737663269043,44.81524658203125,80.61744689941406
2019-02-05,124.27999877929688,100.20057678222656,23.88504981994629,22.934406280517578,32.06492233276367,44.82361602783203,80.50161743164062
2019-02-06,123.44000244140625,100.25028991699219,23.709043502807617,22.908029556274414,32.17290496826172,44.83198928833008,80.86691284179688
2019-02-07,123.73999786376953,100.91294860839844,23.184701919555664,22.679475784301758,31.73164939880371,44.79851150512695,79.97598266601562
2019-02-08,124.20999908447266,101.34364318847656,23.078367233276367,22.565204620361328,31.91473388671875,45.00769805908203,80.12745666503906
2019-02-11,123.5999984741211,100.94608306884766,23.18836784362793,22.635528564453125,31.900646209716797,45.124839782714844,80.02945709228516
2019-02-12,123.86000061035156,100.68929290771484,23.481708526611328,22.969568252563477,32.32310485839844,45.476261138916016,81.12525177001953
2019-02-13,123.37000274658203,100.30825805664062,23.77504539489746,23.031099319458008,32.3653564453125,45.559932708740234,81.3034439086914
2019-02-14,124.05999755859375,100.87980651855469,23.8593807220459,22.749801635742188,32.42167663574219,45.049530029296875,81.49053192138672
2019-02-15,124.80000305175781,101.0372085571289,24.244382858276367,23.233280181884766,32.67985534667969,45.476261138916016,82.7199478149414
2019-02-19,126.69999694824219,101.2939682006836,24.31772232055664,23.268436431884766,32.68923568725586,45.71053695678711,82.52397918701172
2019-02-20,126.4800033569336,101.00406646728516,24.420391082763672,23.417875289916992,32.72679901123047,45.626869201660156,82.42597961425781
2019-02-21,125.05000305175781,100.10118865966797,24.042713165283203,23.294811248779297,32.74087142944336,45.760746002197266,81.7043228149414
2019-02-22,125.5,100.69755554199219,24.11238670349121,23.2596435546875,33.158634185791016,45.5432014465332,82.45269012451172
2019-02-25,125.37000274658203,100.39937591552734,24.152719497680664,23.35634422302246,33.31824493408203,45.29219055175781,82.56851959228516
2019-02-26,125.58000183105469,100.89637756347656,24.075719833374023,23.286026000976562,33.388648986816406,45.31728744506836,82.27452850341797
2019-02-27,124.69000244140625,99.75331115722656,24.167387008666992,23.37392807006836,33.35579299926758,45.25033187866211,81.89143371582031
2019-02-28,123.98999786376953,99.41371154785156,23.92538070678711,23.312400817871094,33.26191711425781,45.4678840637207,81.65089416503906
2019-03-01,121.87999725341797,98.49481201171875,24.365388870239258,23.461833953857422,33.48722839355469,45.384212493896484,82.80904388427734
2019-03-04,121.55999755859375,99.26678466796875,24.40938949584961,23.312400817871094,33.36049270629883,45.30891418457031,81.6865234375
2019-03-05,121.72000122070312,99.47429656982422,24.328723907470703,23.2244873046875,33.26191711425781,45.27545166015625,81.64198303222656
2019-03-06,121.61000061035156,99.83953857421875,24.020715713500977,23.075050354003906,33.088226318359375,45.20850372314453,80.44818115234375
2019-03-07,121.51000213623047,100.48697662353516,23.877714157104492,22.837709426879883,32.77373123168945,44.91565704345703,79.8156509399414
2019-03-08,122.83999633789062,100.9102783203125,23.430368423461914,22.82891273498535,32.7690315246582,44.94075393676758,79.64637756347656
2019-03-11,122.23999786376953,100.61145782470703,23.797046661376953,23.066265106201172,33.47315216064453,45.52647018432617,80.5550765991211
2019-03-12,122.9800033569336,101.31702423095703,23.951045989990234,23.118999481201172,33.67030715942383,45.5432014465332,81.14308166503906
2019-03-13,123.83999633789062,101.1261215209961,24.193052291870117,23.277233123779297,33.89091491699219,45.80259323120117,82.0161361694336
2019-03-14,122.41000366210938,100.39562225341797,24.218719482421875,23.365137100219727,33.961334228515625,45.760746002197266,81.88252258300781
2019-03-15,122.97000122070312,101.0597152709961,24.2091121673584,23.528594970703125,34.37242889404297,46.01986312866211,82.25897979736328
2019-03-18,123.04000091552734,101.00163269042969,24.545394897460938,23.76714324951172,34.51842498779297,46.0871696472168,82.13379669189453
2019-03-19,123.37999725341797,100.77749633789062,24.478879928588867,23.581607818603516,34.58906173706055,46.05352783203125,82.78656768798828
2019-03-20,124.18000030517578,101.8316650390625,24.693220138549805,23.095653533935547,34.494876861572266,45.860023498535156,82.21427917480469
2019-03-21,123.68000030517578,102.05574798583984,24.86690902709961,23.024972915649414,35.36137771606445,46.39846420288086,82.53620147705078
2019-03-22,123.97000122070312,103.64118957519531,24.19432830810547,22.388832092285156,34.527828216552734,46.339576721191406,81.03392791748047
2019-03-25,124.91999816894531,103.80721282958984,24.20541000366211,22.29163932800293,34.37714767456055,46.43211364746094,80.98918914794922
2019-03-26,124.30000305175781,103.73248291015625,24.552799224853516,22.556699752807617,34.565513610839844,46.82753372192383,81.54363250732422
2019-03-27,123.6500015258789,104.68707275390625,24.37910270690918,22.45951271057129,34.36772537231445,46.667686462402344,80.86399841308594
2019-03-28,121.9000015258789,105.05231475830078,24.47148895263672,22.65389060974121,34.509002685546875,46.894832611083984,81.06969451904297
2019-03-29,122.01000213623047,104.95268249511719,24.434532165527344,22.715736389160156,34.848060607910156,47.20612716674805,82.04435729980469
2019-04-01,121.52999877929688,103.46195983886719,24.756044387817383,23.272367477416992,35.323692321777344,47.0462760925293,82.16957092285156
2019-04-02,121.9800033569336,103.65326690673828,24.586050033569336,23.25469970703125,35.44613265991211,46.65928268432617,81.98178100585938
2019-04-03,121.80000305175781,102.75480651855469,24.349538803100586,23.325376510620117,35.733394622802734,46.43211364746094,81.8744888305664
2019-04-04,122.11000061035156,103.04597473144531,24.552799224853516,23.46674156188965,35.582706451416016,46.608795166015625,81.70458984375
2019-04-05,121.9800033569336,103.17913055419922,24.98516082763672,23.502086639404297,35.75223159790039,46.76865005493164,82.26792907714844
2019-04-08,122.51000213623047,102.81303405761719,25.096027374267578,23.528594970703125,35.888790130615234,46.9621467590332,82.25004577636719
2019-04-09,123.1500015258789,103.13752746582031,24.78929901123047,23.334217071533203,35.719261169433594,46.90325164794922,82.03543090820312
2019-04-10,123.52999877929688,103.38704681396484,24.881690979003906,23.40489959716797,35.96885299682617,47.037864685058594,82.06224822998047
2019-04-11,121.94999694824219,102.77983093261719,24.90016746520996,23.546262741088867,35.92176818847656,47.130401611328125,81.05178833007812
2019-04-12,121.83000183105469,102.04771423339844,24.966684341430664,23.979188919067383,36.17135238647461,47.28184509277344,80.30960845947266
2019-04-15,121.5999984741211,102.30561065673828,24.818866729736328,23.828994750976562,36.157230377197266,47.559478759765625,80.63150787353516
2019-04-16,120.51000213623047,101.66507720947266,24.98146629333496,24.164737701416016,36.340877532958984,47.567893981933594,78.97720336914062
2019-04-17,120.27999877929688,101.70665740966797,24.94820785522461,24.226585388183594,36.54336929321289,47.803466796875,76.70589447021484
2019-04-18,120.37000274658203,102.23904418945312,24.829954147338867,24.15590476989746,36.6469841003418,47.845523834228516,76.83108520507812
2019-04-22,120.37000274658203,101.74826049804688,25.35470962524414,24.085216522216797,36.731746673583984,47.86235427856445,76.87580871582031
2019-04-23,120.12000274658203,101.96455383300781,25.314054489135742,24.23542022705078,37.13202667236328,47.710914611816406,78.09193420410156
2019-04-24,120.47000122070312,102.79644012451172,24.87060546875,24.20891761779785,37.14616012573242,47.81187057495117,78.0025405883789
2019-04-25,120.56999969482422,102.64669799804688,24.792993545532227,24.253089904785156,37.13673400878906,47.508995056152344,78.80730438232422
2019-04-26,121.37000274658203,102.9961166381836,24.47148895263672,24.47397804260254,36.99546432495117,47.938072204589844,79.59422302246094
2019-04-29,120.83000183105469,102.33887481689453,24.44931411743164,24.721364974975586,37.004878997802734,47.9969596862793,79.4511489868164
2019-04-30,121.19999694824219,102.86299133300781,24.43084144592285,24.75670623779297,37.06609344482422,48.55222702026367,79.81777954101562
2019-05-01,120.4000015258789,103.28731536865234,23.943035125732422,24.553499221801758,36.9719123840332,47.954891204833984,79.67469024658203
2019-05-02,119.94000244140625,102.79541778564453,23.525449752807617,24.58000373840332,36.77884292602539,47.938072204589844,80.01451873779297
2019-05-03,120.6500015258789,103.08720397949219,23.74348258972168,24.800884246826172,37.12731170654297,48.29982376098633,80.62257385253906
2019-05-06,120.80999755859375,103.37067413330078,23.76565170288086,24.633012771606445,36.840065002441406,48.224117279052734,81.03392791748047
2019-05-07,121.20999908447266,104.16263580322266,23.558700561523438,24.226585388183594,36.04890823364258,47.74456787109375,79.47796630859375
2019-05-08,120.91000366210938,103.71246337890625,23.558700561523438,24.173580169677734,36.00652313232422,47.73615646362305,79.64787292480469
2019-05-09,121.19999694824219,104.13760375976562,23.558700561523438,24.12055778503418,35.761653900146484,47.63520431518555,79.47796630859375
2019-05-10,121.43000030517578,103.99592590332031,23.669574737548828,24.279598236083984,35.874671936035156,48.215702056884766,79.50481414794922
2019-05-13,122.66999816894531,104.81287384033203,23.26306915283203,23.57276725769043,34.52313232421875,47.76139831542969,78.01145935058594
2019-05-14,122.45999908447266,104.5044174194336,23.547622680664062,23.758310317993164,35.07881546020508,47.98855209350586,78.40491485595703
2019-05-15,122.38999938964844,105.14630126953125,23.669574737548828,23.66995620727539,35.460269927978516,48.36713409423828,78.63743591308594
2019-05-16,121.51000213623047,104.79618835449219,23.79891586303711,23.90851593017578,35.78520965576172,48.745723724365234,79.25443267822266
2019-05-17,120.6500015258789,105.02955627441406,23.558700561523438,23.74947738647461,35.4979248046875,48.58586883544922,79.08451080322266
2019-05-20,120.63999938964844,104.81287384033203,23.56978988647461,23.775983810424805,34.88103103637695,48.46809387207031,79.04875946044922
2019-05-21,120.36000061035156,104.6461181640625,23.8432559967041,24.023374557495117,35.3095588684082,48.36713409423828,79.79094696044922
2019-05-22,120.23999786376953,105.24635314941406,23.473711013793945,23.882009506225586,35.12591552734375,48.58586883544922,80.24701690673828
2019-05-23,121.16999816894531,106.43013000488281,22.68657112121582,23.546262741088867,34.509002685546875,48.56905746459961,79.96980285644531
2019-05-24,121.30000305175781,106.52179718017578,22.771568298339844,23.731807708740234,34.51842498779297,48.39237594604492,80.0860366821289
2019-05-28,120.83000183105469,107.28873443603516,22.53505516052246,23.457908630371094,34.41952133178711,47.60153579711914,78.94143676757812
2019-05-29,120.87000274658203,107.6138916015625,22.39093780517578,23.41373062133789,34.217037200927734,47.2566032409668,78.18136596679688
2019-05-30,121.69000244140625,108.5392074584961,22.10637664794922,23.334217071533203,34.42894744873047,47.45853042602539,78.610595703125
2019-05-31,123.33000183105469,109.8980484008789,21.718355178833008,22.980798721313477,33.85441970825195,46.78547668457031,78.04723358154297
2019-06-03,125.11000061035156,110.63314056396484,21.995513916015625,23.131000518798828,33.26106643676758,47.37439727783203,78.2350082397461
2019-06-04,125.1500015258789,109.37174224853516,22.376148223876953,23.758310317993164,34.37242889404297,47.803466796875,79.53163146972656
2019-06-05,125.47000122070312,108.75360870361328,22.128557205200195,23.90851593017578,34.81980514526367,48.350318908691406,80.1307601928711
2019-06-06,125.87999725341797,109.10446166992188,22.538755416870117,23.996868133544922,35.22480392456055,48.85511016845703,80.54208374023438
2019-06-07,126.58999633789062,110.04839324951172,22.64222526550293,23.96152687072754,35.8793830871582,49.32623291015625,81.38265991210938
2019-06-10,125.33000183105469,109.0125503540039,22.708742141723633,24.164737701416016,36.24668884277344,49.34305953979492,81.62409210205078
2019-06-11,125.18000030517578,109.07939147949219,22.753089904785156,24.173580169677734,36.24668884277344,49.50291442871094,81.4899673461914
2019-06-12,125.83000183105469,109.16288757324219,22.43158721923828,23.93501853942871,36.04420471191406,49.57863235473633,81.8834228515625
2019-06-13,126.5999984741211,109.53882598876953,22.6939640045166,24.014537811279297,36.15251159667969,49.6879997253418,81.7850570678711
2019-06-14,126.55999755859375,109.8144760131836,22.546144485473633,24.067546844482422,35.83699417114258,49.71324157714844,81.59725952148438
2019-06-17,126.4800033569336,110.00663757324219,22.734607696533203,23.846662521362305,35.86526107788086,49.57022476196289,81.9638900756836
2019-06-18,127.12000274658203,110.55791473388672,23.04872703552246,24.164737701416016,36.515132904052734,49.300994873046875,82.661376953125
2019-06-19,127.88999938964844,110.71665954589844,23.022857666015625,24.12055778503418,36.6469841003418,49.50291442871094,83.403564453125
2019-06-20,131.11000061035156,111.00907897949219,23.5328369140625,24.226585388183594,37.18381881713867,49.940391540527344,83.77022552490234
2019-06-21,131.97999572753906,109.78943634033203,23.702892303466797,24.17241859436035,37.008018493652344,49.77847671508789,84.17253112792969
2019-06-24,133.94000244140625,110.6080551147461,23.490327835083008,24.074737548828125,37.078914642333984,49.9056396484375,83.73249816894531
2019-06-25,134.1999969482422,110.95059204101562,23.303865432739258,23.99480628967285,36.39838409423828,49.880210876464844,83.39122772216797
2019-06-26,132.97000122070312,110.2405776977539,23.661869049072266,23.950407028198242,36.7906494140625,49.16811752319336,82.34054565429688
2019-06-27,132.83999633789062,111.01734161376953,23.48659896850586,24.16353416442871,36.885154724121094,49.26136779785156,82.91527557373047
2019-06-28,133.1999969482422,110.94220733642578,23.758831024169922,24.509876251220703,36.88043212890625,49.22746276855469,83.19367218017578
2019-07-01,130.6199951171875,110.68275451660156,23.78120231628418,24.802927017211914,37.4664306640625,49.52415466308594,83.60678100585938
2019-07-02,133.41000366210938,111.5364761352539,23.400821685791016,24.74075698852539,37.565673828125,49.95649719238281,84.05579376220703
2019-07-03,133.6300048828125,112.33159637451172,23.494056701660156,24.936124801635742,37.853946685791016,50.57533645629883,84.77420806884766
2019-07-05,132.13999938964844,110.84172821044922,23.52761459350586,25.00717544555664,37.78306198120117,50.35493087768555,84.19049072265625
2019-07-08,131.2899932861328,110.9924087524414,23.561180114746094,24.882844924926758,37.49478530883789,50.422752380371094,83.5618667602539
2019-07-09,131.75,110.95057678222656,23.579822540283203,24.927248001098633,37.62712097167969,50.12604904174805,83.6426773071289
2019-07-10,133.8300018310547,110.33958435058594,23.88189125061035,24.83844757080078,37.92483139038086,50.448177337646484,83.9300765991211
2019-07-11,132.6999969482422,108.86649322509766,23.93037223815918,24.980527877807617,38.06661605834961,50.57533645629883,83.9480209350586
2019-07-12,133.52999877929688,108.99201202392578,24.03106117248535,25.14925765991211,38.34544372558594,50.719459533691406,83.01406860351562
2019-07-15,133.52999877929688,109.61975860595703,23.814769744873047,25.00717544555664,38.47304153442383,50.838134765625,83.19367218017578
2019-07-16,132.39999389648438,109.29334259033203,23.561180114746094,24.94501304626465,38.113868713378906,50.85509490966797,82.78057861328125
2019-07-17,134.5800018310547,110.47348022460938,23.292678833007812,24.73188018798828,38.01462936401367,50.79574966430664,82.79853820800781
2019-07-18,136.47999572753906,110.48187255859375,23.296411514282227,24.91836929321289,38.29817581176758,51.13483810424805,83.2655029296875
2019-07-19,134.47000122070312,110.22239685058594,23.404550552368164,24.811798095703125,38.13277053833008,50.81270980834961,82.40341186523438
2019-07-22,134.4499969482422,110.431640625,23.5127010345459,24.865089416503906,38.5722770690918,50.515995025634766,82.2327880859375
2019-07-23,133.69000244140625,109.8289794921875,23.576101303100586,25.122615814208984,38.78493881225586,50.88051986694336,82.7446517944336
2019-07-24,134.3699951171875,110.30608367919922,23.676782608032227,25.38014793395996,39.10629653930664,50.54143524169922,82.78958129882812
2019-07-25,133.4199981689453,109.7788314819336,23.408281326293945,25.202543258666992,38.94562530517578,50.6092643737793,82.38544464111328
2019-07-26,133.63999938964844,110.03826141357422,23.28894805908203,25.477832794189453,39.030670166015625,51.17722702026367,82.68180847167969
2019-07-29,134.52999877929688,110.07176971435547,23.195720672607422,25.282461166381836,39.007057189941406,51.27048110961914,83.02301788330078
2019-07-30,134.97999572753906,110.33958435058594,23.456758499145508,25.21141815185547,38.756587982177734,51.42306900024414,82.6638412475586
2019-07-31,133.2100067138672,111.226806640625,23.382179260253906,25.08709716796875,38.17058181762695,50.3803596496582,81.84663391113281
2019-08-01,136.41000366210938,113.43579864501953,22.852628707885742,24.518753051757812,37.9768180847168,50.20233154296875,81.95436096191406
2019-08-02,135.88999938964844,114.48405456542969,22.524456024169922,24.509876251220703,37.35773849487305,50.21082305908203,81.76579284667969
2019-08-05,137.7899932861328,116.46333312988281,21.853199005126953,23.692874908447266,35.798221588134766,48.90531921386719,79.84403228759766
2019-08-06,138.91000366210938,117.3941879272461,21.827096939086914,24.074737548828125,36.3936653137207,49.346134185791016,80.87675476074219
2019-08-07,141.02000427246094,117.43611907958984,21.663013458251953,23.755043029785156,36.620513916015625,49.92259216308594,80.9036865234375
2019-08-08,141.72999572753906,117.68773651123047,22.285785675048828,24.20793342590332,37.518409729003906,50.566871643066406,81.98133087158203
2019-08-09,141.25999450683594,117.4529037475586,22.039657592773438,24.128015518188477,37.09308624267578,50.287113189697266,82.08013153076172
2019-08-12,142.6300048828125,119.90177154541016,21.778615951538086,23.666234970092773,36.60633087158203,49.948028564453125,81.28085327148438
2019-08-13,141.77999877929688,119.49075317382812,21.979991912841797,23.959287643432617,37.52314758300781,50.515995025634766,82.34054565429688
2019-08-14,142.75,122.18291473388672,21.118545532226562,23.071250915527344,36.37003707885742,49.71913528442383,80.0505599975586
2019-08-15,143.6999969482422,123.54155731201172,20.988018035888672,23.186697006225586,36.30387496948242,50.46514129638672,80.32896423339844
2019-08-16,142.77999877929688,122.55189514160156,21.263980865478516,23.595190048217773,36.99385452270508,51.041587829589844,81.31680297851562
2019-08-19,141.11000061035156,120.79908752441406,21.733861923217773,23.834962844848633,37.55621337890625,51.550228118896484,82.09806823730469
2019-08-20,142.2100067138672,122.0487289428711,21.551130294799805,23.515268325805664,37.36719512939453,50.99073028564453,81.3976058959961
2019-08-21,141.75999450683594,121.2352523803711,21.689111709594727,23.62183380126953,37.806697845458984,51.12636184692383,81.99930572509766
2019-08-22,141.39999389648438,120.43013000488281,21.59215545654297,23.781679153442383,37.71690368652344,51.39764404296875,81.59518432617188
2019-08-23,144.1699981689453,122.40933227539062,20.868682861328125,23.177812576293945,36.469276428222656,50.54143524169922,79.70932006835938
2019-08-26,144.19000244140625,121.9145278930664,20.958187103271484,23.39982032775879,36.97494125366211,51.16875457763672,80.54448699951172
2019-08-27,145.57000732421875,123.79306030273438,20.827667236328125,23.257736206054688,36.918235778808594,51.024627685546875,80.06853485107422
2019-08-28,145.16000366210938,123.95246124267578,21.126005172729492,23.470867156982422,36.951316833496094,51.51632308959961,80.65225982666016
2019-08-29,144.1199951171875,123.48285675048828,21.435527801513672,23.826078414916992,37.59402847290039,51.54175567626953,81.26290130615234
2019-08-30,143.75,123.51629638671875,21.435527801513672,23.906003952026367,37.58457946777344,51.47393798828125,81.3616714477539
2019-09-03,145.75,123.67601013183594,21.33111000061035,23.657350540161133,37.12617492675781,51.77063751220703,80.88573455810547
2019-09-04,146.66000366210938,123.86082458496094,21.629444122314453,23.888242721557617,37.759437561035156,52.23689270019531,80.93963623046875
2019-09-05,143.13999938964844,121.61763763427734,21.89794921875,24.376663208007812,38.548648834228516,51.91474914550781,81.73886108398438
2019-09-06,141.9199981689453,122.48295593261719,22.0135555267334,24.36778450012207,38.515567779541016,52.08428955078125,81.96337890625
2019-09-09,141.38999938964844,120.30705261230469,22.453603744506836,24.74075698852539,38.2272834777832,51.965614318847656,81.20903015136719
2019-09-10,140.17999267578125,118.19831848144531,22.71837615966797,24.82956886291504,38.03353500366211,51.64348602294922,81.44254302978516
2019-09-11,141.02999877929688,117.9882583618164,22.740751266479492,24.971654891967773,38.43050765991211,51.82997512817383,82.25074768066406
2019-09-12,141.32000732421875,117.21537780761719,22.599040985107422,25.1048583984375,38.63843536376953,52.04191207885742,82.22380828857422
2019-09-13,140.14999389648438,114.71176147460938,22.778043746948242,25.300230026245117,38.35489273071289,51.745201110839844,82.17890930175781
2019-09-16,141.32000732421875,116.17359161376953,23.54253578186035,25.21141815185547,38.26036834716797,51.24504089355469,81.99930572509766
2019-09-17,141.60000610351562,116.80364990234375,23.21436309814453,25.238061904907227,38.41632080078125,51.52479934692383,82.12501525878906
2019-09-18,140.7100067138672,117.29934692382812,23.102489471435547,25.326866149902344,38.41160583496094,51.60956573486328,82.11605834960938
2019-09-19,141.27999877929688,117.65225219726562,23.042821884155273,25.21141815185547,38.49666213989258,51.60108184814453,82.50218963623047
2019-09-20,142.9499969482422,119.20648956298828,23.061635971069336,25.063251495361328,38.04773712158203,51.4373664855957,82.96209716796875
2019-09-23,143.75,119.18128967285156,23.06916618347168,25.107881546020508,38.16624450683594,51.64202117919922,82.5202407836914
2019-09-24,144.50999450683594,120.61788177490234,22.704120635986328,24.86688804626465,37.79649353027344,51.85520553588867,81.76274871826172
2019-09-25,141.8300018310547,118.85363006591797,22.74175262451172,25.07218360900879,38.2468376159668,51.88930892944336,81.36598205566406
2019-09-26,141.7899932861328,119.61817932128906,22.44445037841797,24.956153869628906,38.28948974609375,52.17924499511719,80.91508483886719
2019-09-27,141.05999755859375,119.91212463378906,22.44068717956543,25.054330825805664,37.77751922607422,52.11955642700195,80.55438995361328
2019-09-30,138.8699951171875,120.20622253417969,22.27886390686035,24.99185562133789,38.17573165893555,52.3753776550293,81.27579498291016
2019-10-01,139.6300048828125,120.56806182861328,21.763290405273438,24.465240478515625,37.82018280029297,52.23893737792969,80.48223876953125
2019-10-02,141.25999450683594,120.8626937866211,21.228897094726562,23.96540069580078,37.109107971191406,51.1900634765625,79.30995178222656
2019-10-03,141.89999389648438,121.96514892578125,21.458457946777344,24.063583374023438,37.56419372558594,51.54822540283203,80.02234649658203
2019-10-04,141.89999389648438,122.86569213867188,21.59393882751465,24.509862899780273,38.18521499633789,52.35832595825195,81.27579498291016
2019-10-07,140.69000244140625,121.84740447998047,21.402015686035156,24.38490867614746,38.024024963378906,51.93195724487305,81.00528717041016
2019-10-08,141.9199981689453,122.17558288574219,21.036972045898438,23.902921676635742,37.32716751098633,51.4373664855957,79.46326446533203
2019-10-09,142.0500030517578,121.48542785644531,21.228897094726562,24.12606430053711,37.88182067871094,51.829627990722656,80.0403823852539
2019-10-10,140.80999755859375,119.67601776123047,21.496089935302734,24.375978469848633,38.142547607421875,51.93195724487305,80.43714141845703
2019-10-11,140.02999877929688,118.19477081298828,21.78586769104004,24.679454803466797,38.66875076293945,51.88079071044922,81.10444641113281
2019-10-14,140.58999633789062,119.05323028564453,21.774580001831055,24.71515655517578,38.645050048828125,51.62496566772461,81.06839752197266
2019-10-15,139.61000061035156,117.61405944824219,21.864896774291992,25.07218360900879,39.07170104980469,51.403255462646484,82.54727172851562
2019-10-16,140.41000366210938,117.75714874267578,21.560073852539062,25.009700775146484,38.801483154296875,51.45442199707031,82.43904876708984
2019-10-17,140.61000061035156,117.47103118896484,21.57512092590332,25.027555465698242,38.72563934326172,51.69319534301758,83.05225372314453
2019-10-18,140.4600067138672,117.47103118896484,21.46222496032715,25.09003448486328,38.35586929321289,51.79551315307617,82.74568176269531
2019-10-21,139.7899932861328,116.58729553222656,21.846080780029297,25.438138961791992,38.76829147338867,51.966064453125,82.65547943115234
2019-10-22,140.1999969482422,117.26900482177734,22.128334045410156,25.366727828979492,38.2468376159668,51.983123779296875,82.8358383178711
2019-10-23,140.52999877929688,117.38683319091797,22.3127384185791,25.47383689880371,38.280029296875,52.22188949584961,83.34986114501953
2019-10-24,141.52999877929688,117.15120697021484,22.21865463256836,25.438138961791992,38.839412689208984,52.400962829589844,82.92601013183594
2019-10-25,141.86000061035156,116.57888793945312,22.399290084838867,25.563098907470703,39.3087272644043,52.093971252441406,83.01618194580078
2019-10-28,140.63999938964844,115.51851654052734,22.271339416503906,25.696979522705078,39.80647659301758,51.991641998291016,83.87287139892578
2019-10-29,140.25,115.59420013427734,22.36165428161621,25.75946044921875,39.446197509765625,51.991641998291016,85.06317901611328
2019-10-30,141.02000427246094,117.28588104248047,21.906293869018555,25.741607666015625,39.68796920776367,52.23041534423828,85.54112243652344
2019-10-31,142.42999267578125,118.86809539794922,21.812211990356445,25.61664581298828,39.664268493652344,52.15366744995117,85.44194030761719
2019-11-01,142.55999755859375,118.50215148925781,22.308969497680664,25.991527557373047,40.1383171081543,52.1451416015625,85.55015563964844
2019-11-04,142.14999389648438,116.9425277709961,23.035289764404297,26.21466827392578,40.34690856933594,51.64202117919922,85.28863525390625
2019-11-05,139.85000610351562,115.62736511230469,23.065399169921875,26.312850952148438,40.299503326416016,51.81256866455078,84.6844482421875
2019-11-06,140.4499969482422,116.32703399658203,22.594985961914062,26.446731567382812,40.28053665161133,52.0257568359375,84.9730224609375
2019-11-07,138.27000427246094,114.21944427490234,22.933677673339844,26.64310073852539,40.59815216064453,51.846675872802734,85.16240692138672
2019-11-08,137.38999938964844,113.73881530761719,22.839597702026367,26.634172439575195,40.825706481933594,51.81256866455078,85.78459930419922
2019-11-11,137.05999755859375,113.814697265625,22.71164321899414,26.562768936157227,40.844669342041016,51.73582077026367,85.43289947509766
2019-11-12,137.42999267578125,114.33740234375,22.594985961914062,26.598466873168945,40.98213577270508,51.90636444091797,85.94690704345703
2019-11-13,137.97999572753906,115.07927703857422,22.49713897705078,26.428882598876953,41.07220458984375,52.29864501953125,86.04611206054688
2019-11-14,138.55999755859375,116.26805114746094,22.436920166015625,26.48243522644043,41.02480697631836,52.28157424926758,86.05512237548828
2019-11-15,138.2100067138672,116.1415786743164,22.610036849975586,26.553844451904297,41.35664749145508,52.29864501953125,87.88569641113281
2019-11-18,138.6199951171875,116.35236358642578,22.33531379699707,26.607393264770508,41.47990036010742,52.571510314941406,87.5881118774414
2019-11-19,138.69000244140625,117.32188415527344,22.0041446685791,26.660953521728516,41.56049346923828,52.50328826904297,88.18328094482422
2019-11-20,138.75999450683594,118.5359878540039,22.226179122924805,26.535993576049805,41.309242248535156,52.62266159057617,88.06607055664062
2019-11-21,138.0,117.79400634765625,22.59122085571289,26.509214401245117,41.10065460205078,52.35832595825195,88.29151153564453
2019-11-22,137.74000549316406,117.94575500488281,22.51595115661621,26.705577850341797,41.048519134521484,52.27305221557617,88.60710906982422
2019-11-25,137.0800018310547,118.29143524169922,22.53853416442871,26.875167846679688,41.64582443237305,52.33274459838867,89.64414978027344
2019-11-26,137.74000549316406,118.98278045654297,22.3315486907959,26.8483829498291,41.683753967285156,52.75911331176758,89.5719985961914
2019-11-27,137.00999450683594,118.6371078491211,22.387998580932617,26.95549774169922,41.91603088378906,52.88703155517578,90.03189086914062
2019-11-29,137.86000061035156,118.38418579101562,22.162200927734375,26.910865783691406,41.79278564453125,52.869964599609375,89.71627807617188
2019-12-02,137.7899932861328,116.80575561523438,22.162200927734375,26.741275787353516,41.19546890258789,52.989349365234375,89.31951904296875
2019-12-03,139.11000061035156,119.25484466552734,21.831031799316406,26.366403579711914,40.83043670654297,52.904075622558594,89.1211166381836
2019-12-04,138.9199981689453,118.0641098022461,22.15843963623047,26.61631965637207,40.99635696411133,53.25371551513672,89.95075225830078
2019-12-05,139.0,117.48979949951172,22.05306625366211,26.741275787353516,41.14805603027344,53.23664474487305,89.95075225830078
2019-12-06,137.6199951171875,116.83953857421875,22.474557876586914,27.098302841186523,41.6031608581543,53.441307067871094,90.54590606689453
2019-12-09,137.5800018310547,117.0928955078125,22.448217391967773,27.03582763671875,41.385093688964844,53.483943939208984,89.9146728515625
2019-12-10,137.97000122070312,117.10135650634766,22.49337387084961,27.04475212097168,41.41827392578125,53.31340026855469,90.11305236816406
2019-12-11,138.9199981689453,118.0218276977539,22.45574188232422,26.982276916503906,41.697967529296875,53.39013671875,90.1942138671875
2019-12-12,138.42999267578125,116.07943725585938,22.86970329284668,27.50889015197754,42.14358139038086,53.347511291503906,91.03286743164062
2019-12-13,139.0500030517578,117.4222183227539,22.696596145629883,27.410701751708984,42.42327117919922,53.53510665893555,90.96973419189453
2019-12-16,139.0399932861328,116.3665542602539,23.001422882080078,27.50889015197754,42.802513122558594,53.72271728515625,91.9526596069336
2019-12-17,139.00999450683594,116.20610809326172,23.016477584838867,27.61599349975586,42.70296096801758,53.637428283691406,91.85344696044922
2019-12-18,139.02000427246094,115.2518081665039,23.103031158447266,27.499961853027344,42.69822311401367,53.552154541015625,91.9797134399414
2019-12-19,139.3800048828125,115.43621063232422,23.095508575439453,27.491029739379883,43.00635528564453,53.84209060668945,92.34040069580078
2019-12-20,139.52000427246094,115.58847045898438,23.317052841186523,27.523332595825195,43.25605392456055,54.24874496459961,92.99414825439453
2019-12-23,139.9499969482422,115.41931915283203,23.55645179748535,27.46053695678711,43.37970733642578,54.0166130065918,93.36544799804688
2019-12-24,141.27000427246094,115.74922180175781,23.54505157470703,27.523332595825195,43.393978118896484,54.08540344238281,93.24771881103516
2019-12-26,142.3800048828125,116.02830505371094,23.53744888305664,27.675840377807617,43.717384338378906,54.13698196411133,93.18433380126953
2019-12-27,142.3300018310547,116.15521240234375,23.438648223876953,27.60407066345215,43.712623596191406,54.37771224975586,93.21148681640625
2019-12-30,142.6300048828125,115.7322769165039,23.364683151245117,27.523332595825195,43.4605598449707,54.093994140625,92.65190887451172
2019-12-31,142.89999389648438,114.59877014160156,23.497745513916016,27.61305046081543,43.59849166870117,54.145572662353516,92.83417510986328
2020-01-02,143.9499969482422,115.89302062988281,23.709083557128906,27.88218116760254,44.41652297973633,53.71572494506836,93.08023834228516
2020-01-03,145.86000061035156,117.67778015136719,23.638635635375977,27.586132049560547,43.91714096069336,53.629737854003906,92.2691421508789
2020-01-06,147.38999938964844,117.00958251953125,23.82257843017578,27.568193435668945,44.02177429199219,53.74149703979492,92.84329223632812
2020-01-07,147.97000122070312,116.43439483642578,23.75996208190918,27.388769149780273,44.002750396728516,53.32883834838867,92.6610107421875
2020-01-08,146.86000061035156,115.66460418701172,23.368595123291016,27.568193435668945,44.473602294921875,53.526573181152344,93.26254272460938
2020-01-09,146.02999877929688,116.07060241699219,23.540796279907227,27.73863983154297,44.97773361206055,53.90485382080078,93.66352844238281
2020-01-10,146.91000366210938,117.10259246826172,23.40772819519043,27.53230094909668,44.87310028076172,53.87046432495117,93.69088745117188
2020-01-13,145.82000732421875,116.74734497070312,23.415559768676758,27.72069549560547,45.43431091308594,54.22295379638672,93.36278533935547
2020-01-14,145.69000244140625,117.34784698486328,23.419475555419922,27.666873931884766,45.22029113769531,54.240142822265625,93.92784118652344
2020-01-15,146.5399932861328,118.12608337402344,23.247268676757812,27.51436424255371,45.27260971069336,54.62703323364258,94.7389907836914
2020-01-16,146.30999755859375,117.75391387939453,23.286407470703125,27.756580352783203,45.88138198852539,54.77317810058594,95.23113250732422
2020-01-17,146.5800018310547,116.74734497070312,23.137683868408203,27.837326049804688,46.19051742553711,54.86775207519531,95.23113250732422
2020-01-21,146.74000549316406,117.97386932373047,22.72283363342285,27.60407066345215,46.1714973449707,55.05689239501953,95.33139038085938
2020-01-22,146.7899932861328,118.38829803466797,22.5036678314209,27.684816360473633,46.337955474853516,55.09987258911133,95.44986724853516
2020-01-23,147.1199951171875,119.2173080444336,22.417564392089844,27.61305046081543,46.556732177734375,55.04829406738281,94.96680450439453
2020-01-24,147.97999572753906,120.18158721923828,22.159265518188477,27.263168334960938,46.337955474853516,54.670013427734375,93.38101196289062
2020-01-27,148.99000549316406,122.0509262084961,21.54482078552246,26.84153175354004,45.23455810546875,54.49807357788086,92.67013549804688
2020-01-28,147.66000366210938,121.09513092041016,21.64266014099121,27.155521392822266,46.100154876708984,54.56684875488281,93.12581634521484
2020-01-29,148.4600067138672,122.27932739257812,21.415666580200195,27.11066436767578,46.21905517578125,54.2917366027832,92.87064361572266
2020-01-30,148.47000122070312,122.29627990722656,21.587867736816406,27.451560974121094,46.61856460571289,54.936527252197266,92.19620513916016
2020-01-31,149.3300018310547,123.41281127929688,20.914710998535156,26.877408981323242,45.33918380737305,54.31753158569336,90.3552017211914
2020-02-03,148.36000061035156,123.31281280517578,20.640758514404297,27.065805435180664,45.938446044921875,54.31753158569336,91.17544555664062
2020-02-04,146.42999267578125,121.6521224975586,20.715112686157227,27.32596778869629,47.1417236328125,54.644222259521484,92.77950286865234
2020-02-05,146.61000061035156,120.32192993164062,21.493942260742188,27.873205184936523,47.41757583618164,55.08268356323242,94.56580352783203
2020-02-06,147.39999389648438,120.86414337158203,21.27477264404297,27.837326049804688,47.85037612915039,55.177249908447266,94.6478500366211
2020-02-07,147.7899932861328,122.37234497070312,21.12605094909668,27.73863983154297,47.41281509399414,55.246028900146484,93.90961456298828
2020-02-10,148.1699981689453,122.71125030517578,21.020381927490234,27.819377899169922,48.05488204956055,55.4781494140625,94.41088104248047
2020-02-11,147.66000366210938,122.09273529052734,21.255207061767578,27.918067932128906,47.893184661865234,55.271820068359375,94.97595977783203
2020-02-12,147.5399932861328,121.47425842285156,21.54090118408203,27.93600082397461,48.41158676147461,55.246028900146484,95.09440612792969
2020-02-13,148.3800048828125,121.94021606445312,21.4743709564209,27.92702865600586,48.283172607421875,55.572731018066406,94.6478500366211
2020-02-14,149.0,122.47401428222656,21.36087417602539,27.962915420532227,48.492435455322266,55.70168685913086,94.72076416015625
2020-02-18,150.91000366210938,123.31281280517578,21.18475914001465,27.72069549560547,48.31171417236328,55.50395584106445,94.38353729248047
2020-02-19,151.7899932861328,123.30433654785156,21.4665470123291,27.92702865600586,48.88718032836914,55.44377136230469,94.82100677490234
2020-02-20,152.41000366210938,124.270263671875,21.443058013916016,27.873205184936523,48.378299713134766,55.48674392700195,94.21038818359375
2020-02-21,154.6999969482422,125.4310073852539,21.188671112060547,27.60407066345215,47.29392623901367,55.58131790161133,94.26506042480469
2020-02-24,156.08999633789062,127.3034896850586,20.21025276184082,26.70696258544922,45.33918380737305,54.300323486328125,91.2939224243164
2020-02-25,153.3000030517578,127.9813232421875,19.31793212890625,25.800880432128906,43.88859558105469,53.320247650146484,88.5232925415039
2020-02-26,153.97000122070312,127.3034896850586,18.734790802001953,25.612489700317383,44.088348388671875,53.01934814453125,88.51417541503906
2020-02-27,154.0,128.68463134765625,17.732892990112305,24.51801109313965,41.710350036621094,50.86143493652344,85.506591796875
2020-02-28,148.3800048828125,131.59072875976562,17.717239379882812,23.854154586791992,42.02899932861328,49.855552673339844,84.40383911132812
2020-03-02,149.1999969482422,130.62255859375,18.433443069458008,25.074228286743164,44.45933532714844,52.520694732666016,88.3592529296875
2020-03-03,153.88999938964844,132.6505889892578,17.869869232177734,24.13225746154785,42.77094268798828,51.8071174621582,86.16279602050781
2020-03-04,154.16000366210938,131.24200439453125,18.292545318603516,24.930688858032227,44.60676574707031,54.35190963745117,91.1298828125
2020-03-05,157.49000549316406,134.50881958007812,17.62331199645996,23.728559494018555,43.19898223876953,53.32883834838867,89.01546478271484
2020-03-06,157.5500030517578,141.5092315673828,16.633148193359375,22.921159744262695,42.28582763671875,52.907569885253906,88.54151916503906
2020-03-09,157.80999755859375,145.3445281982422,13.283035278320312,20.463075637817383,39.07550811767578,50.60350799560547,83.93901062011719
2020-03-10,154.47999572753906,137.89447021484375,13.91313648223877,21.665205001831055,41.68181228637695,52.05644226074219,86.81901550292969
2020-03-11,153.92999267578125,132.82028198242188,13.17736530303955,20.489988327026367,39.71282196044922,49.50305938720703,83.50155639648438
2020-03-12,147.7899932861328,133.643310546875,11.533618927001953,18.27412986755371,35.8366584777832,44.8519287109375,77.26763916015625
2020-03-13,143.27999877929688,130.62255859375,12.59814167022705,20.67838478088379,40.04098129272461,48.66912841796875,82.62661743164062
2020-03-16,141.63999938964844,139.08236694335938,10.88394832611084,17.843517303466797,34.50971603393555,45.36777114868164,74.4787826538086
2020-03-17,143.55999755859375,129.80796813964844,10.9583101272583,18.812397003173828,36.85919189453125,49.19355773925781,79.15422821044922
2020-03-18,140.6999969482422,122.48519134521484,9.385009765625,17.21554183959961,35.47043991088867,47.92974853515625,76.52941131591797
2020-03-19,138.0399932861328,125.81988525390625,10.022936820983887,17.592330932617188,35.59885025024414,46.33066177368164,74.9618148803711
2020-03-20,140.11000061035156,135.28099060058594,10.120781898498535,16.964345932006836,33.96753692626953,43.33021545410156,72.08182525634766
2020-03-23,146.3000030517578,140.85581970214844,9.430962562561035,15.977303504943848,33.657257080078125,42.04793930053711,68.3379898071289
2020-03-24,153.39999389648438,138.23388671875,10.943440437316895,17.958633422851562,37.10425567626953,44.19226837158203,73.60392761230469
2020-03-25,151.3000030517578,137.91989135742188,11.459599494934082,18.44717788696289,37.05644989013672,44.07121658325195,74.58381652832031
2020-03-26,153.24000549316406,138.5987091064453,12.159822463989258,19.605224609375,39.351261138916016,46.48359680175781,79.53839874267578
2020-03-27,152.25,142.2982940673828,11.335562705993652,19.00810432434082,37.57277297973633,46.26744079589844,77.83496856689453
2020-03-30,152.9199981689453,141.1273193359375,11.4516019821167,19.36998748779297,39.15524673461914,48.074554443359375,81.47991180419922
2020-03-31,148.0500030517578,139.9818878173828,11.627655029296875,18.836204528808594,38.42377853393555,47.097503662109375,81.12275695800781
2020-04-01,149.4499969482422,141.943115234375,11.051472663879395,17.68721580505371,36.59270477294922,46.302024841308594,78.03644561767578
2020-04-02,151.89999389648438,142.84375,12.063791275024414,18.13053321838379,37.44847869873047,47.48659133911133,80.19776153564453
2020-04-03,152.64999389648438,143.18374633789062,11.935750961303711,17.76864242553711,36.869998931884766,47.8583869934082,79.4742660522461
2020-04-06,156.8800048828125,142.80984497070312,12.567950248718262,19.044292449951172,40.01579284667969,49.63957214355469,83.64122772216797
2020-04-07,156.0399932861328,141.31422424316406,12.836034774780273,19.23428726196289,39.657230377197266,49.06889724731445,82.95436096191406
2020-04-08,154.64999389648438,140.2860870361328,13.692306518554688,20.075672149658203,40.72336196899414,49.79520034790039,86.3703384399414
2020-04-09,158.69000244140625,140.5409698486328,13.568264961242676,21.152284622192383,40.73292922973633,50.262123107910156,86.8465576171875
2020-04-13,161.41000366210938,139.25782775878906,13.524250030517578,20.38327407836914,40.82377243041992,49.89032745361328,86.08642578125
2020-04-14,162.67999267578125,139.2238311767578,13.46022891998291,20.47374725341797,42.53532028198242,52.00871658325195,88.94378662109375
2020-04-15,161.85000610351562,142.911865234375,12.828032493591309,19.58712387084961,41.607826232910156,51.18729782104492,88.4858627319336
2020-04-16,161.7100067138672,144.5348358154297,12.27985954284668,19.243331909179688,42.114593505859375,51.52450942993164,90.41825103759766
2020-04-17,158.57000732421875,142.59735107421875,13.584270477294922,20.256614685058594,42.67395782470703,52.31134796142578,92.29564666748047
2020-04-20,159.6999969482422,143.74453735351562,13.160136222839355,19.90377426147461,41.99030303955078,51.282405853271484,91.5630111694336
2020-04-21,158.61000061035156,145.55450439453125,12.928062438964844,19.26142692565918,40.230934143066406,50.19294357299805,88.77896118164062
2020-04-22,161.72999572753906,144.06744384765625,13.388205528259277,19.469514846801758,41.77994155883789,50.677154541015625,90.13434600830078
2020-04-23,163.33999633789062,144.83221435546875,13.820341110229492,19.388084411621094,41.49308776855469,50.227535247802734,90.62887573242188
2020-04-24,162.63999938964844,145.17214965820312,13.852351188659668,19.668554306030273,42.372772216796875,50.76362228393555,91.84690856933594
2020-04-27,161.55999755859375,142.46990966796875,14.152446746826172,20.33803939819336,42.73611068725586,50.91061019897461,93.02830505371094
2020-04-28,160.83999633789062,144.11000061035156,14.476551055908203,20.5551700592041,42.16718673706055,51.19594192504883,91.15089416503906
2020-04-29,161.72999572753906,143.36221313476562,15.548888206481934,21.152284622192383,43.897865295410156,50.97978973388672,91.75533294677734
2020-04-30,158.8000030517578,141.6881103515625,15.204779624938965,20.61850357055664,43.70185470581055,50.37452697753906,91.33406829833984
2020-05-01,159.77999877929688,142.90142822265625,14.34450626373291,19.958059310913086,42.501853942871094,49.82114791870117,89.5940170288086
2020-05-04,160.33999633789062,142.22930908203125,14.840664863586426,19.777114868164062,43.06598663330078,49.79520034790039,89.5482177734375
2020-05-05,161.02000427246094,141.31890869140625,14.85266399383545,19.713787078857422,43.658817291259766,49.838443756103516,91.48974609375
2020-05-06,158.9499969482422,139.03854370117188,14.464548110961914,19.2885684967041,43.99825668334961,49.29370880126953,90.58309936523438
2020-05-07,161.38999938964844,141.3613739013672,14.840664863586426,19.740922927856445,44.65802001953125,49.15536880493164,90.57394409179688
2020-05-08,160.4199981689453,139.52362060546875,15.516875267028809,20.16614532470703,45.31298828125,50.253475189208984,91.04100036621094
2020-05-11,159.4199981689453,138.43443298339844,15.244789123535156,19.777114868164062,45.61418533325195,50.18430709838867,92.60706329345703
2020-05-12,160.0399932861328,139.85543823242188,14.97670841217041,19.26142692565918,44.67235565185547,49.7606315612793,91.19668579101562
2020-05-13,161.5800018310547,140.83389282226562,14.296492576599121,18.691452026367188,43.90263748168945,49.31100082397461,90.20761108398438
2020-05-14,163.00999450683594,142.21229553222656,14.45654296875,19.170955657958984,44.46200180053711,49.1899528503418,91.19668579101562
2020-05-15,163.92999267578125,141.846435546875,14.400528907775879,19.044292449951172,44.68669509887695,49.622276306152344,91.96598052978516
2020-05-18,162.69000244140625,138.73228454589844,15.576891899108887,20.021387100219727,45.781517028808594,50.40910720825195,92.72608184814453
2020-05-19,164.25999450683594,139.2512969970703,15.140758514404297,19.532840728759766,45.61418533325195,49.48393630981445,91.60879516601562
2020-05-20,164.64999389648438,139.66818237304688,15.744946479797363,19.967103958129883,46.61339569091797,50.0718994140625,91.71870422363281
2020-05-21,162.25,140.01710510253906,15.49286937713623,19.90377426147461,45.96319580078125,49.51852035522461,91.04100036621094
2020-05-22,163.2100067138672,140.85943603515625,15.39684009552002,19.83139419555664,46.13051986694336,49.69145202636719,91.23332214355469
2020-05-26,160.88999938964844,138.97048950195312,15.824975967407227,20.862770080566406,46.08271408081055,49.959503173828125,91.0685043334961
2020-05-27,161.17999267578125,138.7152557373047,16.029037475585938,21.76749038696289,46.345664978027344,50.71174240112305,92.01174926757812
2020-05-28,161.72000122070312,138.2047882080078,15.58089542388916,21.4237003326416,46.254817962646484,51.16135025024414,93.2114486694336
2020-05-29,162.91000366210938,139.19174194335938,15.50887393951416,21.179424285888672,46.83808517456055,51.21324157714844,94.3379135131836
2020-06-01,163.66000366210938,138.2545623779297,15.78095817565918,21.4237003326416,46.82374954223633,51.5677375793457,93.40380096435547
2020-06-02,162.60000610351562,137.75198364257812,16.22109603881836,21.595598220825195,47.26358413696289,51.706085205078125,93.94413757324219
2020-06-03,159.60000610351562,135.92025756835938,16.697246551513672,22.40079116821289,47.6317138671875,51.7752571105957,93.76095581054688
2020-06-04,161.27999877929688,133.95217895507812,16.701255798339844,22.889339447021484,47.23968505859375,51.52450942993164,93.01915740966797
2020-06-05,158.00999450683594,132.99803161621094,17.941640853881836,23.73978042602539,48.482696533203125,52.242164611816406,94.5210952758789
2020-06-08,159.72000122070312,133.50924682617188,18.749893188476562,24.19213104248047,48.726539611816406,52.80418395996094,95.17131042480469
2020-06-09,161.25999450683594,135.02572631835938,18.045673370361328,23.67644691467285,48.95600891113281,52.371856689453125,94.1822509765625
2020-06-10,163.57000732421875,137.0277862548828,17.157392501831055,22.789823532104492,49.77355194091797,52.224876403808594,94.03570556640625
2020-06-11,162.38999938964844,139.61766052246094,15.540889739990234,20.926105499267578,46.91936111450195,50.24483108520508,88.80641174316406
2020-06-12,162.6199951171875,138.27162170410156,15.933008193969727,21.559402465820312,47.526527404785156,50.253475189208984,89.38338470458984
2020-06-15,162.3300018310547,138.3482666015625,15.9810209274292,21.85796356201172,47.98550033569336,50.83279037475586,89.5848617553711
2020-06-16,162.25,136.22689819335938,16.441165924072266,22.20175552368164,49.00859832763672,51.628265380859375,91.79196166992188
2020-06-17,162.55999755859375,136.7891845703125,15.880989074707031,21.86701011657715,48.99903106689453,51.55044174194336,91.70038604736328
2020-06-18,162.24000549316406,138.237548828125,16.077051162719727,21.839868545532227,49.21895217895508,51.81848907470703,91.38900756835938
2020-06-19,164.02999877929688,138.3482666015625,15.832978248596191,21.695110321044922,48.87950897216797,51.55044174194336,92.26818084716797
2020-06-22,165.08999633789062,138.3653106689453,15.906326293945312,21.58767318725586,49.800445556640625,51.4031867980957,91.91411590576172
2020-06-23,166.47999572753906,137.41970825195312,15.922537803649902,21.687828063964844,50.160003662109375,51.324764251708984,92.30958557128906
2020-06-24,165.89999389648438,138.8935089111328,15.039076805114746,20.923019409179688,49.02860641479492,50.46208190917969,89.89997100830078
2020-06-25,165.8000030517578,139.2939910888672,15.326810836791992,21.478422164916992,49.65662384033203,50.81935501098633,90.78287506103516
2020-06-26,166.5399932861328,140.78488159179688,14.79592514038086,20.558822631835938,48.678653717041016,49.78240203857422,89.67926025390625
2020-06-29,166.6300048828125,140.34181213378906,14.994497299194336,20.78644561767578,49.21078109741211,50.72350311279297,90.48857116699219
2020-06-30,167.3699951171875,139.66026306152344,15.338968276977539,21.068696975708008,50.09288787841797,51.09819793701172,92.03366088867188
2020-07-01,166.6199951171875,139.38902282714844,14.966129302978516,20.8866024017334,50.17439651489258,51.14176940917969,92.7418441772461
2020-07-02,166.97999572753906,139.5341033935547,15.13228988647461,20.91391944885254,50.46682357788086,51.4031867980957,93.44076538085938
2020-07-06,167.97999572753906,138.96261596679688,15.176864624023438,21.314525604248047,51.34893035888672,51.6558952331543,94.3880844116211
2020-07-07,169.0399932861328,140.9158172607422,14.69460678100586,20.87749671936035,50.81199645996094,52.12643814086914,93.56954956054688
2020-07-08,170.08999633789062,140.35289001464844,14.682451248168945,21.09601593017578,51.641361236572266,51.9957275390625,93.5787353515625
2020-07-09,169.6300048828125,142.58766174316406,13.95704174041748,20.649871826171875,51.82831954956055,51.586181640625,92.84297943115234
2020-07-10,169.19000244140625,141.8711700439453,14.402825355529785,21.36005401611328,51.813934326171875,52.535987854003906,92.62226104736328
2020-07-13,169.39999389648438,142.34031677246094,14.325825691223145,21.451099395751953,50.740081787109375,52.45756149291992,93.14649200439453
2020-07-14,170.19000244140625,142.5449676513672,14.828346252441406,21.56036376953125,51.324951171875,53.224388122558594,94.99508666992188
2020-07-15,170.33999633789062,141.87965393066406,15.148499488830566,21.988290786743164,51.603004455566406,53.26795959472656,96.22745513916016
2020-07-16,168.72999572753906,142.55348205566406,15.079602241516113,21.988290786743164,50.96540069580078,53.3812370300293,96.07112121582031
2020-07-17,170.1199951171875,142.25497436523438,14.868870735168457,21.806196212768555,51.214698791503906,53.66878890991211,97.38626861572266
2020-07-20,170.94000244140625,142.604736328125,14.621665954589844,21.706039428710938,52.52346420288086,53.128536224365234,97.3678970336914
2020-07-21,173.0,142.6899871826172,15.505118370056152,22.13396644592285,51.99611282348633,53.590370178222656,97.3034896850586
2020-07-22,175.6300048828125,143.11643981933594,15.31464958190918,22.13396644592285,52.41320037841797,54.01735305786133,98.17720794677734
2020-07-23,177.17999267578125,144.78826904296875,15.286286354064941,22.152177810668945,51.05168914794922,54.20905685424805,97.73574829101562
2020-07-24,178.6999969482422,144.7797088623047,15.201178550720215,22.097549438476562,50.433250427246094,54.13935089111328,96.65971374511719
2020-07-27,182.22999572753906,144.2423858642578,15.217389106750488,21.91545295715332,51.229068756103516,54.409481048583984,97.38626861572266
2020-07-28,183.75,145.24029541015625,14.958027839660645,21.86082649230957,50.62981414794922,54.609901428222656,97.27592468261719
2020-07-29,185.1300048828125,144.992919921875,15.270072937011719,22.270540237426758,51.363311767578125,54.68832015991211,98.2967758178711
2020-07-30,183.75999450683594,145.94821166992188,14.670296669006348,21.86992835998535,51.65095138549805,54.68832015991211,97.61619567871094
2020-07-31,185.42999267578125,145.8544464111328,14.60140323638916,21.8790340423584,52.940555572509766,54.63603591918945,97.05518341064453
2020-08-03,185.63999938964844,145.12005615234375,14.654086112976074,21.942766189575195,54.2445182800293,54.4879035949707,98.0576400756836
2020-08-04,189.58999633789062,146.50340270996094,15.010709762573242,21.851715087890625,54.38355255126953,55.1675910949707,97.62539672851562
2020-08-05,191.35000610351562,145.2225341796875,15.168755531311035,22.152177810668945,54.58489990234375,55.05430221557617,98.07603454589844
2020-08-06,193.88999938964844,146.03375244140625,15.0471830368042,22.14307403564453,55.3519401550293,55.04558563232422,97.55183410644531
2020-08-07,190.80999755859375,145.06028747558594,15.067447662353516,22.616527557373047,54.52736282348633,55.34185791015625,97.8645248413086
2020-08-10,190.14999389648438,144.41131591796875,15.533492088317871,22.78041648864746,54.37395477294922,55.62940979003906,97.53343200683594
2020-08-11,179.94000244140625,142.69503784179688,15.48080825805664,23.044456481933594,53.39598083496094,55.24600601196289,96.91724395751953
2020-08-12,179.10000610351562,141.39706420898438,15.634804725646973,22.980724334716797,54.60887145996094,55.96054458618164,98.54508209228516
2020-08-13,183.3300018310547,139.88568115234375,15.33086109161377,22.835041046142578,54.63283920288086,55.916969299316406,98.41632843017578
2020-08-14,182.5399932861328,139.33917236328125,15.476752281188965,22.92609977722168,54.594482421875,55.90827178955078,98.22319030761719
2020-08-17,186.5,139.6893310546875,15.387598037719727,22.543689727783203,54.95883560180664,56.22195816040039,98.8025894165039
2020-08-18,188.17999267578125,140.6883544921875,15.193075180053711,22.39801025390625,55.164974212646484,56.44852066040039,98.77501678466797
2020-08-19,182.24000549316406,139.80885314941406,15.018817901611328,22.388906478881836,55.097862243652344,56.00410842895508,98.453125
2020-08-20,183.5,141.07260131835938,14.69460678100586,22.179494857788086,55.83134460449219,55.89083480834961,98.14043426513672
2020-08-21,182.02999877929688,141.9179229736328,14.60140323638916,22.13396644592285,56.54085922241211,56.03025436401367,98.24159240722656
2020-08-24,181.0,141.6874542236328,15.002604484558105,22.662044525146484,57.02985382080078,56.509517669677734,97.79093170166016
2020-08-25,181.22000122070312,140.60292053222656,14.791872024536133,22.725788116455078,57.3174934387207,56.38751983642578,98.453125
2020-08-26,183.36000061035156,140.0649871826172,14.479823112487793,22.616527557373047,58.482444763183594,56.457237243652344,98.33354949951172
2020-08-27,181.24000549316406,137.68260192871094,14.508190155029297,22.998933792114258,58.53038024902344,56.80579376220703,99.1061019897461
2020-08-28,184.38999938964844,137.5801239013672,14.767557144165039,23.08998680114746,59.04336166381836,57.311195373535156,99.32683563232422
2020-08-31,184.8300018310547,138.49383544921875,14.447402954101562,22.816835403442383,59.23032760620117,57.145626068115234,99.5659408569336
2020-09-01,185.0500030517578,140.07791137695312,14.350142478942871,22.880569458007812,60.361717224121094,57.20663833618164,98.673828125
2020-09-02,182.6199951171875,141.41146850585938,14.28125,23.208345413208008,60.89864730834961,58.24357223510742,100.65118408203125
2020-09-03,181.13999938964844,141.81324768066406,14.17587947845459,22.853254318237305,57.42776107788086,57.24148178100586,97.91049194335938
2020-09-04,181.63999938964844,139.12039184570312,14.131303787231445,23.0262451171875,56.62715530395508,57.110774993896484,97.2115249633789
2020-09-08,181.2899932861328,139.97525024414062,13.61662483215332,22.434429168701172,54.067134857177734,55.90827178955078,95.61127471923828
2020-09-09,183.0500030517578,139.59913635253906,13.709837913513184,22.662044525146484,55.83134460449219,56.71865463256836,97.3034896850586
2020-09-10,182.4600067138672,140.30870056152344,13.207318305969238,22.343381881713867,54.570526123046875,56.02154541015625,95.81359100341797
2020-09-11,182.4499969482422,140.60791015625,13.219475746154785,22.4981632232666,54.15343475341797,56.335243225097656,96.19068145751953
2020-09-14,183.88999938964844,140.59933471679688,13.320788383483887,22.807729721069336,55.289634704589844,56.701229095458984,97.5702133178711
2020-09-15,183.4499969482422,140.25735473632812,13.223528861999512,22.4981632232666,55.83613967895508,56.622798919677734,97.698974609375
2020-09-16,183.97000122070312,139.83853149414062,13.754412651062012,22.753101348876953,54.97321701049805,56.370094299316406,97.53343200683594
2020-09-17,182.9600067138672,140.2659149169922,13.774678230285645,22.516374588012695,54.517784118652344,56.012821197509766,97.2115249633789
2020-09-18,183.1999969482422,139.82989501953125,13.62067985534668,22.470853805541992,53.578163146972656,55.49871063232422,97.06438446044922
2020-09-21,179.52000427246094,140.53945922851562,13.169209480285645,21.907821655273438,54.02354431152344,55.0753288269043,95.271240234375
2020-09-22,178.64999389648438,140.4283447265625,13.033273696899414,21.724720001220703,54.87877655029297,55.399662017822266,95.06809997558594
2020-09-23,174.7899932861328,140.61647033691406,12.444225311279297,21.23950958251953,53.168312072753906,54.56691360473633,94.08935546875
2020-09-24,175.44000244140625,141.155029296875,12.440103530883789,21.285282135009766,53.466190338134766,54.97013473510742,93.61843872070312
2020-09-25,174.94000244140625,141.155029296875,12.431866645812988,21.505001068115234,54.74424362182617,55.2593994140625,95.12350463867188
2020-09-28,176.6999969482422,140.75323486328125,12.724331855773926,22.01767349243164,55.791656494140625,55.88176727294922,95.98221588134766
2020-09-29,178.19000244140625,140.91558837890625,12.374197006225586,21.74302864074707,55.60426330566406,55.51361083984375,95.8621826171875
2020-09-30,177.1199951171875,139.56488037109375,12.337122917175293,22.035993576049805,56.07033157348633,56.188575744628906,97.39492797851562
2020-10-01,178.6999969482422,139.79510498046875,11.95815372467041,22.072608947753906,56.66129684448242,56.504150390625,97.06253814697266
2020-10-02,178.5399932861328,139.27313232421875,12.073493003845215,22.246553421020508,55.22470474243164,56.188575744628906,96.17611694335938
2020-10-05,179.41000366210938,136.55186462402344,12.435986518859863,22.612751007080078,56.43547439575195,56.56549835205078,98.15210723876953
2020-10-06,177.3000030517578,137.28781127929688,12.250619888305664,22.383880615234375,55.5610237121582,56.19734573364258,96.85017395019531
2020-10-07,177.22000122070312,136.28659057617188,12.423627853393555,22.759233474731445,56.579620361328125,56.80216979980469,98.67840576171875
2020-10-08,177.85000610351562,137.02256774902344,12.889103889465332,23.07050323486328,56.872703552246094,57.179115295410156,99.15852355957031
2020-10-09,181.0800018310547,136.99684143066406,12.68314266204834,23.097963333129883,57.742347717285156,57.62615966796875,100.05418395996094
2020-10-12,180.55999755859375,137.4332733154297,12.716094017028809,23.35430335998535,59.31827163696289,58.292362213134766,100.73748779296875
2020-10-13,177.72000122070312,138.41744995117188,12.518369674682617,22.905712127685547,58.9387092590332,58.2485237121582,99.97108459472656
2020-10-14,178.27000427246094,138.73397827148438,12.571921348571777,22.685997009277344,58.62639236450195,57.950496673583984,99.38937377929688
2020-10-15,178.9199981689453,138.49440002441406,12.724331855773926,22.859939575195312,58.36214828491211,57.985565185546875,98.66917419433594
2020-10-16,178.3000030517578,138.1092987060547,12.435986518859863,22.87824821472168,58.19397735595703,58.003089904785156,99.64790344238281
2020-10-19,178.38999938964844,137.5873260498047,12.172353744506836,22.53036117553711,57.127349853515625,57.24922561645508,98.06900024414062
2020-10-20,179.25,136.27801513671875,12.316527366638184,22.713457107543945,57.324337005615234,57.18787384033203,98.19825744628906
2020-10-21,180.60000610351562,135.80734252929688,12.081732749938965,22.59444236755371,57.23786163330078,57.240478515625,97.70887756347656
2020-10-22,178.8300018310547,134.3953857421875,12.580158233642578,23.04303550720215,56.96879577636719,57.214168548583984,99.18623352050781
2020-10-23,178.63999938964844,135.21693420410156,12.518369674682617,23.116273880004883,56.906341552734375,57.319366455078125,99.55559539794922
2020-10-26,178.5500030517578,136.474853515625,12.06937313079834,22.59444236755371,55.671539306640625,56.58303451538086,98.44755554199219
2020-10-27,179.02000427246094,137.3905029296875,11.912841796875,22.182466506958008,55.95020294189453,56.43401336669922,97.77351379394531
2020-10-28,176.1300048828125,137.51885986328125,11.414414405822754,21.614864349365234,53.57670593261719,54.786048889160156,94.67108917236328
2020-10-29,175.39999389648438,136.1838836669922,11.764548301696777,21.77964973449707,54.47037887573242,54.76850891113281,93.89546966552734
2020-10-30,176.1999969482422,134.84033203125,11.83045768737793,21.843734741210938,53.2644157409668,54.57566833496094,93.86775207519531
2020-11-02,177.91000366210938,135.85035705566406,12.234143257141113,22.255704879760742,53.39894485473633,55.4434928894043,95.55746459960938
2020-11-03,178.9199981689453,135.062255859375,12.164116859436035,22.750078201293945,54.34065628051758,56.35513687133789,96.95172882080078
2020-11-04,178.82000732421875,137.9921112060547,12.18059253692627,22.484586715698242,56.4547004699707,56.381431579589844,101.25454711914062
2020-11-05,182.92999267578125,138.23187255859375,12.18059253692627,23.033878326416016,58.20838928222656,56.79341125488281,101.45767211914062
2020-11-06,183.19000244140625,136.56141662597656,11.916962623596191,22.850780487060547,58.415000915527344,57.05637741088867,101.49462127685547
2020-11-09,175.0800018310547,133.69154357910156,13.618206977844238,24.727550506591797,57.992191314697266,56.924903869628906,102.44567108154297
2020-11-10,175.66000366210938,132.9205322265625,14.058965682983398,24.85572052001953,56.91114044189453,58.04691696166992,102.74111938476562
2020-11-11,174.89999389648438,133.40029907226562,13.914793968200684,24.7550106048584,58.26124954223633,58.54656982421875,102.61186218261719
2020-11-12,175.9600067138672,135.6704559326172,13.465795516967773,24.343042373657227,57.742347717285156,58.38878631591797,102.2332992553711
2020-11-13,177.16000366210938,135.4905242919922,13.955986022949219,24.74586296081543,58.23241424560547,59.19523239135742,103.52599334716797
2020-11-16,177.14999389648438,135.1650390625,14.874573707580566,25.295156478881836,58.7945671081543,59.73871612548828,103.35054779052734
2020-11-17,176.5,136.04742431640625,15.026985168457031,25.258535385131836,58.467857360839844,59.31795120239258,102.67649841308594
2020-11-18,175.49000549316406,136.4414825439453,14.590346336364746,25.020503997802734,57.84324264526367,58.502742767333984,100.76516723632812
2020-11-19,175.16000366210938,137.14393615722656,14.829261779785156,25.102901458740234,58.309295654296875,58.6605224609375,100.6913070678711
2020-11-20,175.69000244140625,138.36032104492188,14.750998497009277,24.8831844329834,57.70871353149414,58.292362213134766,100.46047973632812
2020-11-23,172.22999572753906,137.72650146484375,15.793166160583496,25.35008430480957,57.694305419921875,58.30989074707031,100.201904296875
2020-11-24,169.58999633789062,136.35574340820312,16.604656219482422,26.23811912536621,58.49666976928711,58.70436096191406,100.49738311767578
2020-11-25,169.50999450683594,135.93600463867188,16.21744728088379,26.146564483642578,58.6215934753418,58.66928482055664,100.12806701660156
2020-11-27,167.7899932861328,137.25535583496094,16.02796173095703,26.06416893005371,58.933902740478516,58.6605224609375,101.05142211914062
2020-11-30,166.6699981689453,137.083984375,15.142326354980469,25.52402687072754,59.327880859375,58.65174865722656,101.32841491699219
2020-12-01,170.17999267578125,135.06275939941406,15.212355613708496,25.917692184448242,60.087013244628906,59.168949127197266,102.17790222167969
2020-12-02,171.4600067138672,133.99081420898438,15.70666217803955,26.201496124267578,59.99573516845703,58.67805480957031,102.94425964355469
2020-12-03,172.80999755859375,135.0713653564453,15.871434211730957,26.210651397705078,59.95729064941406,58.82707214355469,102.81500244140625
2020-12-04,172.32000732421875,133.09036254882812,16.736473083496094,26.531078338623047,60.557861328125,59.28289794921875,103.91380310058594
2020-12-07,174.88999938964844,134.29100036621094,16.34514617919922,26.347976684570312,60.73084259033203,59.05498504638672,103.27666473388672
2020-12-08,175.5,134.92556762695312,16.588178634643555,26.338823318481445,60.927825927734375,59.37931442260742,104.06153106689453
2020-12-09,172.5,134.4796142578125,16.625253677368164,26.274738311767578,59.76030349731445,59.142642974853516,103.70142364501953
2020-12-10,172.1699981689453,135.671630859375,17.136035919189453,26.320510864257812,59.84678268432617,58.87965393066406,103.52599334716797
2020-12-11,172.49000549316406,136.15187072753906,16.938310623168945,26.055021286010742,59.721858978271484,59.01115798950195,103.11972045898438
2020-12-14,171.5399932861328,135.77450561523438,16.34514617919922,25.75290298461914,59.938072204589844,58.783233642578125,102.34407806396484
2020-12-15,173.94000244140625,135.32005310058594,16.666444778442383,26.19234275817871,60.93743896484375,58.923492431640625,103.45213317871094
2020-12-16,174.89999389648438,134.95986938476562,16.58405876159668,26.23811912536621,61.35063552856445,59.037445068359375,103.14741516113281
2020-12-17,176.74000549316406,134.60275268554688,16.505796432495117,26.311357498168945,61.83590316772461,59.41436767578125,104.25543212890625
2020-12-18,176.44000244140625,134.1992645263672,16.22980499267578,26.082483291625977,61.61970520019531,59.545867919921875,104.33853912353516
2020-12-21,175.8800048828125,134.73146057128906,15.916728973388672,26.43407440185547,61.68135070800781,58.90415573120117,103.2945556640625
2020-12-22,174.49000549316406,135.42684936523438,15.649577140808105,26.17636489868164,62.215904235839844,58.488704681396484,102.97931671142578
2020-12-23,175.64999389648438,134.4911346435547,15.996045112609863,26.608951568603516,61.743953704833984,58.68315124511719,103.05350494384766
2020-12-24,176.35000610351562,135.02333068847656,15.912556648254395,26.645771026611328,62.153297424316406,58.97486114501953,103.35018920898438
2020-12-28,175.7100067138672,135.08351135253906,15.812372207641602,26.77463150024414,62.856414794921875,59.443336486816406,103.60978698730469
2020-12-29,176.35000610351562,134.91175842285156,15.708014488220215,26.682592391967773,62.55782699584961,59.26655197143555,104.10118103027344
2020-12-30,177.6999969482422,135.20370483398438,15.954303741455078,26.802242279052734,62.524105072021484,59.20468521118164,104.08263397216797
2020-12-31,178.36000061035156,135.40109252929688,15.820718765258789,27.133583068847656,62.61563491821289,59.62010955810547,105.17668151855469
2021-01-04,182.3300018310547,135.23802185058594,15.845766067504883,26.76542091369629,61.59465789794922,58.97486114501953,104.72238159179688
2021-01-05,182.8699951171875,134.23361206054688,16.555402755737305,26.885072708129883,61.994380950927734,58.97486114501953,105.4826431274414
2021-01-06,179.89999389648438,131.47808837890625,17.06049919128418,28.07240104675293,60.925254821777344,59.01905059814453,106.92900848388672
2021-01-07,179.47999572753906,130.3192138671875,17.31096076965332,28.47738265991211,62.56745147705078,58.84226608276367,108.31974029541016
2021-01-08,173.33999633789062,129.8986053466797,17.290082931518555,28.458969116210938,62.97198486328125,59.13395309448242,108.8389663696289
2021-01-11,173.0,129.6838836669922,17.56142234802246,28.551013946533203,62.451873779296875,58.630123138427734,109.34891510009766
2021-01-12,174.1199951171875,129.58084106445312,18.175046920776367,28.845542907714844,62.153297424316406,58.43566131591797,108.1621322631836
2021-01-13,173.3699951171875,131.04022216796875,18.033117294311523,28.827133178710938,62.54819869995117,58.52406311035156,108.4588394165039
2021-01-14,173.27999877929688,129.8126983642578,18.567428588867188,28.95598793029785,61.99918746948242,58.214691162109375,108.11577606201172
2021-01-15,171.1300048828125,130.32781982421875,17.845272064208984,28.47738265991211,61.36349868774414,58.011390686035156,108.44954681396484
2021-01-19,172.5800018310547,130.7483367919922,18.204265594482422,28.551013946533203,62.162933349609375,57.75505447387695,109.26544189453125
2021-01-20,175.38999938964844,130.87713623046875,18.27105712890625,28.431358337402344,63.39579391479492,57.861114501953125,109.86811828613281
2021-01-21,175.27999877929688,129.95864868164062,17.653255462646484,28.12763023376465,64.21446990966797,57.666656494140625,109.34891510009766
2021-01-22,173.89999389648438,130.3792724609375,17.56142234802246,27.925132751464844,63.968868255615234,57.51640319824219,109.02439880371094
2021-01-25,174.0500030517578,131.91580200195312,17.381921768188477,27.722646713256836,64.50341796875,58.09093475341797,109.7383041381836
2021-01-26,173.6199951171875,131.66696166992188,17.010408401489258,27.501745223999023,64.5467758178711,58.612449645996094,109.33035278320312
2021-01-27,172.52000427246094,132.00172424316406,16.78081703186035,26.691791534423828,63.3283576965332,57.62247085571289,106.01112365722656
2021-01-28,172.67999267578125,131.27198791503906,16.977012634277344,27.18880844116211,63.58841323852539,57.843441009521484,107.55947875976562
2021-01-29,172.61000061035156,130.48228454589844,16.41347885131836,26.645771026611328,62.0906982421875,56.6501579284668,106.6508560180664
2021-02-01,174.22999572753906,130.6334991455078,16.53035545349121,26.99552345275879,63.6462287902832,56.70319366455078,107.0588150024414
2021-02-02,172.11000061035156,129.7913055419922,16.709848403930664,27.649011611938477,64.50823211669922,57.08327865600586,107.36477661132812
2021-02-03,171.85000610351562,128.6396026611328,17.42366600036621,27.80548095703125,64.28673553466797,57.171669006347656,106.6045150756836
2021-02-04,168.14999389648438,128.29591369628906,17.61568260192871,28.422161102294922,65.31250762939453,57.58711624145508,107.049560546875
2021-02-05,169.80999755859375,127.2215805053711,17.765958786010742,28.431358337402344,65.16801452636719,58.126304626464844,107.24424743652344
2021-02-08,171.52000427246094,127.78019714355469,18.508995056152344,28.79952621459961,65.85187530517578,58.3472785949707,107.37403869628906
2021-02-09,172.0800018310547,127.87474060058594,18.312789916992188,28.80872344970703,65.77481079101562,58.29424285888672,107.53167724609375
2021-02-10,172.7100067138672,128.72560119628906,18.663442611694336,28.80872344970703,65.67850494384766,58.23236846923828,107.72636413574219
2021-02-11,171.2100067138672,128.02084350585938,18.375411987304688,28.716686248779297,66.40087127685547,57.97602462768555,107.93035125732422
2021-02-12,170.69000244140625,126.43087005615234,18.64674186706543,29.01121711730957,66.74279022216797,58.064430236816406,108.73695373535156
2021-02-16,168.24000549316406,124.50579833984375,19.11427116394043,29.508237838745117,66.52608489990234,57.95835876464844,107.66146087646484
2021-02-17,166.3300018310547,125.29646301269531,19.39812469482422,29.65550422668457,65.93852996826172,58.170494079589844,108.0508804321289
2021-02-18,166.32000732421875,124.78939819335938,18.959821701049805,29.48062515258789,65.61589050292969,58.135135650634766,107.37403869628906
2021-02-19,167.00999450683594,123.13069152832031,19.277067184448242,29.83037757873535,65.51956939697266,57.4014892578125,106.0760269165039
2021-02-22,169.50999450683594,122.19389343261719,19.944961547851562,30.10650062561035,64.07482147216797,57.45452117919922,105.82568359375
2021-02-23,169.1199951171875,121.84156799316406,20.27473258972168,30.29058074951172,63.89662170410156,57.5340690612793,105.64954376220703
2021-02-24,169.0,121.042236328125,20.99271583557129,30.879642486572266,64.8742446899414,57.49871826171875,106.38199615478516
2021-02-25,165.82000732421875,119.06555938720703,20.587810516357422,30.318193435668945,62.60598373413086,56.87113571166992,105.31575775146484
2021-02-26,161.80999755859375,123.00174713134766,20.099411010742188,29.738338470458984,62.93828201293945,55.95186996459961,104.40716552734375
2021-03-01,161.52999877929688,121.37720489501953,20.62120246887207,30.66794776916504,64.96575164794922,56.5175666809082,105.77008056640625
2021-03-02,162.41000366210938,121.3858642578125,20.508495330810547,30.55750274658203,63.93515396118164,56.42033386230469,105.46410369873047
2021-03-03,160.6199951171875,120.06927490234375,20.80904769897461,30.79680633544922,62.32666778564453,56.15515899658203,104.12899780273438
2021-03-04,159.0399932861328,119.29492950439453,21.305795669555664,30.447059631347656,60.949337005615234,55.95186996459961,102.72899627685547
2021-03-05,159.13999938964844,119.5272216796875,22.103090286254883,31.026901245117188,62.10032272338867,57.18934631347656,104.78726959228516
2021-03-08,157.49000549316406,118.59788513183594,22.144834518432617,31.422683715820312,60.5977783203125,57.436851501464844,104.52770233154297
2021-03-09,160.83999633789062,120.24138641357422,21.756622314453125,31.13736343383789,62.65896224975586,57.38380432128906,105.13960266113281
2021-03-10,161.66000366210938,120.48234558105469,22.307632446289062,31.772443771362305,62.40853500366211,58.135135650634766,105.38066864013672
2021-03-11,161.52000427246094,119.61326599121094,22.315980911254883,31.680397033691406,63.74252700805664,57.99370574951172,106.0203857421875
2021-03-12,161.49000549316406,117.07489013671875,22.361896514892578,32.002532958984375,63.28501510620117,58.47102737426758,106.25220489501953
2021-03-15,162.1999969482422,117.76329803466797,22.10726547241211,31.818452835083008,63.9592399597168,58.727359771728516,106.98464965820312
2021-03-16,162.35000610351562,117.29000091552734,21.47694206237793,31.48711395263672,64.44081115722656,58.798072814941406,106.91974639892578
2021-03-17,163.50999450683594,116.41232299804688,21.6439151763916,31.69880485534668,64.3878402709961,58.709678649902344,106.53032684326172
2021-03-18,162.55999755859375,115.2335205078125,20.671297073364258,31.86447525024414,62.60118103027344,58.47102737426758,106.30781555175781
2021-03-19,163.24000549316406,115.94764709472656,20.675474166870117,31.496315002441406,62.413360595703125,58.67432403564453,106.68795013427734
2021-03-22,163.0,117.24695587158203,20.47719955444336,31.090463638305664,63.64060974121094,59.29374694824219,107.61646270751953
2021-03-23,161.80999755859375,118.30534362792969,20.17766761779785,30.655954360961914,63.244873046875,59.54258728027344,106.52791595458984
2021-03-24,162.3699951171875,118.94208526611328,20.68390655517578,30.766895294189453,62.47754669189453,59.311527252197266,106.40699768066406
2021-03-25,161.77999877929688,118.00420379638672,20.759843826293945,31.284610748291016,62.43893051147461,59.889163970947266,106.85356140136719
2021-03-26,162.24000549316406,117.59117889404297,21.274513244628906,31.77458381652832,64.02667999267578,60.94671630859375,108.8724594116211
2021-03-29,160.30999755859375,116.59307861328125,21.021398544311523,31.49724006652832,63.69369125366211,61.55991744995117,109.3841781616211
2021-03-30,157.57000732421875,117.20397186279297,20.839996337890625,31.719120025634766,63.09044647216797,60.902278900146484,108.39797973632812
2021-03-31,159.9600067138672,116.5500259399414,20.69655990600586,31.478750228881836,64.09424591064453,60.70677947998047,108.61195373535156
2021-04-01,161.97999572753906,118.48436737060547,21.223888397216797,31.867034912109375,65.3827896118164,60.41350555419922,108.28633117675781
2021-04-05,161.9199981689453,117.96745300292969,20.717655181884766,32.11665344238281,66.73408508300781,61.186668395996094,109.03992462158203
2021-04-06,163.22000122070312,118.76871490478516,20.66281509399414,32.051937103271484,66.44935607910156,61.44438552856445,108.62126922607422
2021-04-07,162.75999450683594,117.94151306152344,20.734529495239258,32.2090950012207,66.80164337158203,61.29331588745117,108.3793716430664
2021-04-08,164.50999450683594,118.91519165039062,20.464536666870117,32.21834182739258,67.76685333251953,61.35551452636719,108.54683685302734
2021-04-09,163.27000427246094,118.48436737060547,20.329538345336914,32.495689392089844,68.41835021972656,61.2488899230957,109.73771667480469
2021-04-12,162.27999877929688,118.43269348144531,20.169235229492188,32.634361267089844,68.09019470214844,61.577701568603516,109.849365234375
2021-04-13,163.42999267578125,119.3201675415039,20.190330505371094,32.329280853271484,68.73204803466797,61.2488899230957,110.30525970458984
2021-04-14,162.72000122070312,118.94105529785156,20.751405715942383,32.52341842651367,68.00331115722656,61.19556427001953,110.29594421386719
2021-04-15,165.35000610351562,120.93147277832031,20.582660675048828,32.495689392089844,69.17122650146484,61.68434143066406,112.18460845947266
2021-04-16,166.35000610351562,119.99227905273438,20.418132781982422,32.72679901123047,69.15675354003906,62.039825439453125,113.02193450927734
2021-04-19,165.88999938964844,119.64762878417969,20.39704132080078,32.634361267089844,68.58245086669922,61.79986572265625,113.04985809326172
2021-04-20,166.47999572753906,120.1990737915039,19.8570613861084,32.02419662475586,67.9743881225586,62.1375617980957,113.48713684082031
2021-04-21,168.1300048828125,120.44031524658203,20.11017608642578,32.467952728271484,68.65966033935547,62.44861602783203,114.82686614990234
2021-04-22,167.0399932861328,120.9659652709961,19.873933792114258,32.10740280151367,67.8537368774414,61.98649215698242,114.3151626586914
2021-04-23,166.39999389648438,120.68156433105469,20.055334091186523,32.70831298828125,68.86717987060547,61.8265495300293,115.06876373291016
2021-04-26,166.83999633789062,120.50926971435547,20.190330505371094,32.837745666503906,69.21946716308594,61.13334274291992,114.67803192138672
2021-04-27,166.4199981689453,119.45804595947266,20.43500518798828,33.09660339355469,69.05056762695312,61.08891677856445,114.01744079589844
2021-04-28,166.91000366210938,119.53557586669922,21.139516830444336,33.22601318359375,68.4087142944336,61.13334274291992,113.67321014404297
2021-04-29,166.22000122070312,119.18230438232422,21.375761032104492,33.81769943237305,68.35078430175781,61.78209686279297,113.21732330322266
2021-04-30,165.66000366210938,119.45804595947266,20.835779190063477,33.52185821533203,67.41937255859375,61.835411071777344,112.88237762451172
2021-05-03,167.80999755859375,119.52969360351562,21.40951156616211,33.68826675415039,67.23116302490234,62.34196090698242,114.16629028320312
2021-05-04,166.5800018310547,120.3408203125,21.422168731689453,33.95637512207031,66.02467346191406,62.02204513549805,114.28724670410156
2021-05-05,167.27000427246094,120.53926086425781,22.1140193939209,34.23371887207031,65.86540985107422,61.97761535644531,114.49192810058594
2021-05-06,170.05999755859375,120.73772430419922,22.227922439575195,34.742191314697266,66.52655029296875,62.777442932128906,114.64080810546875
2021-05-07,171.58999633789062,120.1422348022461,22.62447166442871,34.92708969116211,67.09605407714844,62.777442932128906,115.43160247802734
2021-05-10,172.11000061035156,118.92564392089844,22.632911682128906,34.89935302734375,65.402099609375,63.257320404052734,115.58047485351562
2021-05-11,172.13999938964844,118.2525634765625,22.050743103027344,34.279945373535156,65.2042236328125,62.70632553100586,114.33377838134766
2021-05-12,170.42999267578125,117.01000213623047,22.156208038330078,33.92863082885742,63.37034606933594,61.87095642089844,113.2545394897461
2021-05-13,171.1300048828125,117.19120788574219,21.886219024658203,34.47407913208008,64.21007537841797,62.741886138916016,114.27796936035156
2021-05-14,172.69000244140625,118.28707885742188,22.565414428710938,35.019535064697266,65.62409973144531,63.01737594604492,114.85479736328125
2021-05-17,174.6999969482422,118.03684997558594,23.08852195739746,35.08424758911133,65.1415023803711,62.92850112915039,114.64080810546875
2021-05-18,175.0399932861328,117.73480224609375,22.552753448486328,34.594268798828125,64.62028503417969,62.733001708984375,114.67803192138672
2021-05-19,175.16000366210938,117.45008087158203,21.99167823791504,34.38163757324219,64.84710693359375,62.528602600097656,114.48262786865234
2021-05-20,175.9600067138672,118.41651916503906,21.95793342590332,34.40012741088867,66.08740234375,63.10624694824219,115.68280029296875
2021-05-21,176.0399932861328,118.79618835449219,22.00433349609375,34.742191314697266,65.72543334960938,63.1151237487793,115.70143127441406
2021-05-24,176.35000610351562,119.23628997802734,22.223703384399414,34.9085807800293,66.8933334350586,63.301753997802734,115.81307220458984
2021-05-25,177.9499969482422,120.3408203125,21.77231216430664,34.55728530883789,66.91264343261719,63.319522857666016,115.46882629394531
2021-05-26,177.63999938964844,120.13369750976562,21.96636962890625,34.65898895263672,66.9078140258789,63.18622970581055,114.7989501953125
2021-05-27,177.7100067138672,119.65044403076172,21.983240127563477,35.05651092529297,66.55552673339844,62.795196533203125,114.54776763916016
2021-05-28,178.3800048828125,119.46066284179688,22.02543067932129,35.1212272644043,66.7919692993164,62.92850112915039,114.99432373046875
2021-06-01,177.89999389648438,119.4338150024414,22.873371124267578,35.3338623046875,66.46381378173828,62.71522903442383,113.10568237304688
2021-06-02,178.77000427246094,119.71039581298828,23.299453735351562,35.38931655883789,66.92229461669922,62.94628143310547,112.88237762451172
2021-06-03,175.27000427246094,119.26102447509766,23.362733840942383,35.472530364990234,66.29972076416016,63.337303161621094,113.22660827636719
2021-06-04,177.16000366210938,120.89427185058594,23.518821716308594,35.56497573852539,67.57381439208984,63.55948257446289,113.5894775390625
2021-06-07,177.8699951171875,120.52272033691406,23.417573928833008,35.3338623046875,67.55933380126953,63.45284652709961,113.99885559082031
2021-06-08,177.32000732421875,121.36949920654297,23.620071411132812,35.24140167236328,67.56414031982422,62.91964340209961,113.6452865600586
2021-06-09,176.97999572753906,122.4410629272461,23.472415924072266,34.9085807800293,67.6124267578125,62.61747360229492,114.74314880371094
2021-06-10,177.74000549316406,123.17559814453125,23.442888259887695,34.50180435180664,68.10948181152344,63.00849914550781,116.70622253417969
2021-06-11,175.74000549316406,122.97683715820312,23.362733840942383,34.72370147705078,68.5148696899414,63.04403305053711,115.8781967163086
2021-06-14,174.7100067138672,122.0348892211914,23.26148223876953,34.36314010620117,69.20980834960938,63.00849914550781,115.98054504394531
2021-06-15,174.0500030517578,121.88804626464844,23.704437255859375,34.427860260009766,68.7851333618164,62.857421875,116.01775360107422
2021-06-16,171.11000061035156,121.78433990478516,23.577880859375,34.3908805847168,68.4135513305664,62.02204513549805,115.57115936279297
2021-06-17,165.85000610351562,123.60767364501953,22.776344299316406,33.37394332885742,69.20499420166016,62.24422073364258,116.45500946044922
2021-06-18,164.92999267578125,125.93222045898438,22.10136604309082,32.569637298583984,68.57279968261719,61.142242431640625,115.12459564208984
2021-06-21,166.9499969482422,123.82369232177734,23.0432071685791,33.32979965209961,69.30770111083984,61.8434944152832,116.50784301757812
2021-06-22,166.25,124.12620544433594,23.196630477905273,33.3854866027832,69.93621063232422,61.932945251464844,116.76002502441406
2021-06-23,166.13999938964844,123.80645751953125,23.26055908203125,33.450462341308594,69.85887908935547,61.548316955566406,116.27434539794922
2021-06-24,166.0399932861328,124.00521087646484,23.460857391357422,33.86812210083008,70.29884338378906,61.852439880371094,116.87210083007812
2021-06-25,166.58999633789062,122.71760559082031,23.584447860717773,34.276512145996094,70.21663665771484,62.32651901245117,117.40448760986328
2021-06-28,166.5800018310547,123.97925567626953,22.78750991821289,34.02590560913086,70.95152282714844,62.380184173583984,117.58196258544922
2021-06-29,164.8300018310547,124.18669891357422,22.676698684692383,33.905250549316406,71.4688720703125,62.102901458740234,117.7127456665039
2021-06-30,165.6300048828125,124.73970794677734,22.957969665527344,34.05375289916992,71.39151763916016,62.58591079711914,117.63800048828125
2021-07-01,166.1999969482422,124.74663543701172,23.35858154296875,34.322914123535156,71.51236724853516,62.3980712890625,118.68407440185547
2021-07-02,167.2899932861328,125.49940490722656,23.30743408203125,34.285789489746094,72.45518493652344,62.550113677978516,119.82355499267578
2021-07-06,168.1199951171875,126.97039031982422,22.548847198486328,33.74746322631836,72.73075866699219,62.290733337402344,119.71149444580078
2021-07-07,168.75999450683594,128.09523010253906,22.182336807250977,33.793861389160156,73.12723541259766,62.62167739868164,120.46803283691406
2021-07-08,168.64999389648438,128.5970458984375,22.054485321044922,33.11632537841797,72.43584442138672,62.38912582397461,119.80488586425781
2021-07-09,169.2100067138672,126.78871154785156,22.523277282714844,34.07231521606445,73.10305786132812,62.74690628051758,120.21585845947266
2021-07-12,169.0,126.624267578125,22.489179611206055,34.40644836425781,73.16107177734375,62.648521423339844,120.44937133789062
2021-07-13,169.22000122070312,125.65518188476562,22.31871223449707,34.03519821166992,73.4608383178711,62.630619049072266,120.3372802734375
2021-07-14,171.0399932861328,127.08285522460938,21.65388298034668,33.87739944458008,74.00233459472656,63.1851921081543,120.22520446777344
2021-07-15,171.07000732421875,128.48464965820312,21.351295471191406,33.9887809753418,73.39314270019531,63.44459915161133,119.80488586425781
2021-07-16,169.41000366210938,128.2423553466797,20.74613380432129,33.52470779418945,72.66791534423828,63.5429801940918,120.13179016113281
2021-07-19,169.61000061035156,131.05447387695312,20.01311683654785,32.5872802734375,71.66709899902344,63.35514831542969,118.8708724975586
2021-07-20,169.38999938964844,129.7912139892578,20.281600952148438,33.394775390625,72.73075866699219,63.3730354309082,120.318603515625
2021-07-21,168.75999450683594,128.1471710205078,20.989049911499023,33.970218658447266,73.43181610107422,63.2120361328125,120.5147476196289
2021-07-22,169.08999633789062,129.35853576660156,20.75465965270996,33.598960876464844,73.97332000732422,63.10469055175781,121.40203857421875
2021-07-23,168.55999755859375,128.49334716796875,20.67794418334961,33.65464401245117,74.70823669433594,63.8650016784668,122.80303192138672
2021-07-26,168.16000366210938,128.11253356933594,21.189355850219727,33.84955978393555,74.66954040527344,63.97233963012695,122.00914764404297
2021-07-27,168.44000244140625,129.47970581054688,20.993310928344727,33.84027862548828,73.96365356445312,64.10649108886719,122.57889556884766
2021-07-28,169.2899932861328,129.48826599121094,21.18509292602539,33.793861389160156,73.87178039550781,63.5429801940918,123.01787567138672
2021-07-29,171.1699981689453,128.7701873779297,21.38965606689453,34.16513442993164,74.21508026123047,63.85604476928711,123.3167495727539
2021-07-30,169.82000732421875,129.37588500976562,21.048717498779297,33.89596176147461,74.16673278808594,63.9633903503418,123.4288101196289
2021-08-02,169.61000061035156,130.5297393798828,20.891029357910156,33.905250549316406,73.90080261230469,63.69502639770508,123.59696960449219
2021-08-03,169.49000549316406,130.5990753173828,21.2490177154541,34.285789489746094,74.37462615966797,63.98126983642578,125.31551361083984
2021-08-04,169.52999877929688,130.86767578125,20.673681259155273,33.99806213378906,74.5245132446289,63.149410247802734,124.78313446044922
2021-08-05,168.86000061035156,130.2006072998047,20.9080753326416,34.443572998046875,74.93545532226562,63.453521728515625,124.26943969726562
2021-08-06,164.63999938964844,128.02609252929688,21.099857330322266,35.13969039916992,74.87261199951172,63.453521728515625,124.16669464111328
2021-08-09,161.72000122070312,127.56698608398438,20.801536560058594,35.23250198364258,74.63087463378906,63.68610763549805,124.64305877685547
2021-08-10,161.77000427246094,126.9778823852539,21.16804313659668,35.60376739501953,74.09419250488281,64.14227294921875,124.35350036621094
2021-08-11,164.0,126.89994049072266,21.334257125854492,36.012142181396484,74.1038818359375,64.35694885253906,123.1206283569336
2021-08-12,164.0399932861328,126.69198608398438,21.312942504882812,36.077117919921875,74.52934265136719,64.32118225097656,124.09195709228516
2021-08-13,166.38999938964844,128.69317626953125,21.061500549316406,35.80794906616211,74.93545532226562,64.85784912109375,124.8672103881836
2021-08-16,167.22000122070312,129.00503540039062,20.673681259155273,35.71514129638672,75.27388763427734,65.23351287841797,126.2868881225586
2021-08-17,166.97000122070312,128.9531707763672,20.460596084594727,35.46453094482422,74.65019989013672,65.2693099975586,127.78129577636719
2021-08-18,167.10000610351562,129.38626098632812,20.034420013427734,35.02830505371094,73.62036895751953,64.45533752441406,125.83855438232422
2021-08-19,166.61000061035156,130.33917236328125,19.514490127563477,34.76842498779297,74.34076690673828,64.97413635253906,126.40830993652344
2021-08-20,166.6999969482422,130.42591857910156,19.557106018066406,34.981903076171875,75.2980728149414,65.08145904541016,127.12748718261719
2021-08-23,168.72999572753906,130.33917236328125,20.29012680053711,35.26962661743164,76.26988983154297,64.87574005126953,127.17420196533203
2021-08-24,168.64999389648438,129.32559204101562,20.62680435180664,35.48310470581055,76.182861328125,64.3837890625,126.7258529663086
2021-08-25,167.47999572753906,128.25135803222656,20.78449249267578,35.9007682800293,76.13934326171875,64.27643585205078,126.38026428222656
2021-08-26,167.6699981689453,128.60658264160156,20.469120025634766,35.724422454833984,75.66069793701172,63.98126983642578,125.88525390625
2021-08-27,170.19000244140625,129.48159790039062,21.014619827270508,36.19777297973633,76.3907699584961,64.20487976074219,125.74516296386719
2021-08-30,169.35000610351562,129.81942749023438,20.76744270324707,35.687286376953125,77.21269226074219,64.49109649658203,126.45500183105469
2021-08-31,169.69000244140625,128.935791015625,20.62680435180664,35.64088821411133,76.80654907226562,64.63423919677734,126.2868881225586
2021-09-01,169.6999969482422,129.15171813964844,20.3242244720459,35.43669128417969,76.82588958740234,64.97413635253906,126.32424926757812
2021-09-02,169.25,129.715576171875,20.839889526367188,35.557350158691406,76.74369049072266,65.22457885742188,127.6785659790039
2021-09-03,171.05999755859375,128.535888671875,20.720561981201172,35.334598541259766,77.04828643798828,65.14408111572266,127.81867980957031
2021-09-07,167.7100067138672,127.45154571533203,20.596973419189453,35.121131896972656,77.067626953125,64.39273071289062,127.07145690917969
2021-09-08,167.2899932861328,128.3190155029297,20.332744598388672,35.037593841552734,76.77271270751953,64.94729614257812,127.01542663574219
2021-09-09,168.02999877929688,129.87173461914062,20.375362396240234,35.13969039916992,76.48261260986328,64.57162475585938,125.54900360107422
2021-09-10,167.17999267578125,128.7266845703125,20.366838455200195,34.87981033325195,75.72837829589844,64.2943344116211,124.40019989013672
2021-09-13,167.74000549316406,129.50741577148438,20.950698852539062,35.27891159057617,75.75254821777344,64.45533752441406,123.63429260253906
2021-09-14,168.82000732421875,131.0774383544922,20.64811134338379,34.8055534362793,75.65583801269531,64.1601791381836,123.61564636230469
2021-09-15,167.8300018310547,130.61773681640625,21.41948890686035,35.13969039916992,76.31822204589844,64.39273071289062,124.41889190673828
2021-09-16,164.02999877929688,130.0192413330078,21.176565170288086,35.037593841552734,76.36174011230469,64.17804718017578,124.10132598876953
2021-09-17,163.77000427246094,129.39463806152344,21.01888656616211,34.87981033325195,75.17235565185547,63.8292236328125,124.22270202636719
2021-09-20,164.94000244140625,130.9994354248047,20.377037048339844,34.070674896240234,73.80315399169922,63.191978454589844,122.92644500732422
2021-09-21,166.0399932861328,130.88658142089844,20.424482345581055,34.024070739746094,73.83220672607422,63.119972229003906,123.1139144897461
2021-09-22,165.4199981689453,131.6673126220703,21.054256439208984,34.59269332885742,74.84449005126953,63.29999542236328,123.32013702392578
2021-09-23,163.50999450683594,128.69203186035156,21.7918643951416,35.44096755981445,75.8470458984375,63.534000396728516,124.21057891845703
2021-09-24,163.3000030517578,127.43421936035156,21.955781936645508,35.627410888671875,75.90032196044922,63.561012268066406,123.70440673828125
2021-09-27,163.63999938964844,126.96581268310547,22.73652458190918,36.11212921142578,75.16413879394531,63.27298355102539,121.94229888916016
2021-09-28,162.0500030517578,124.98809814453125,22.814163208007812,35.515541076660156,72.9361801147461,62.52593994140625,119.85211944580078
2021-09-29,161.32000732421875,125.20491790771484,22.814163208007812,35.54350280761719,72.84416961669922,63.09297180175781,120.79878997802734
2021-09-30,164.22000122070312,125.18753814697266,22.46908950805664,34.98420715332031,72.32108306884766,61.95891571044922,119.31785583496094
2021-10-01,164.58999633789062,126.24109649658203,23.223953247070312,35.56214904785156,73.41084289550781,62.12094497680664,119.34599304199219
2021-10-04,165.36000061035156,125.91976928710938,23.603540420532227,35.2545280456543,71.7108154296875,61.92293930053711,117.52762603759766
2021-10-05,164.58999633789062,124.70380401611328,23.741575241088867,35.944339752197266,72.73278045654297,62.23793029785156,118.23059844970703
2021-10-06,165.02999877929688,125.40731811523438,23.491392135620117,35.98162841796875,73.20741271972656,62.84095764160156,118.01502227783203
2021-10-07,164.16000366210938,124.09585571289062,23.672555923461914,36.19601821899414,73.87579345703125,63.119972229003906,119.58030700683594
2021-10-08,164.22999572753906,123.22731018066406,24.40153694152832,36.37314224243164,73.59973907470703,63.04798889160156,118.98042297363281
2021-10-11,163.9199981689453,122.91468811035156,24.310956954956055,36.009586334228516,73.19288635253906,63.02998352050781,118.05250549316406
2021-10-12,164.66000366210938,125.0164794921875,24.33252716064453,35.89772415161133,72.81510162353516,63.05698013305664,117.48075866699219
2021-10-13,167.58999633789062,126.23237609863281,24.310956954956055,35.692649841308594,73.26068115234375,63.17397689819336,117.66820526123047
2021-10-14,168.0,126.70142364501953,24.608591079711914,36.28924560546875,74.91228485107422,63.88502883911133,119.3553466796875
2021-10-15,165.3300018310547,125.96314239501953,24.729368209838867,36.829891204833984,75.51286315917969,63.73200607299805,119.94586944580078
2021-10-18,164.9199981689453,126.55379486083984,24.746620178222656,36.83921813964844,76.15217590332031,63.353981018066406,119.13040161132812
2021-10-19,165.4499969482422,124.80802154541016,25.027000427246094,37.202762603759766,76.90773010253906,63.3809928894043,120.6957015991211
2021-10-20,166.89999389648438,123.96556854248047,25.229736328125,37.50106430053711,76.69462585449219,63.750022888183594,122.4203109741211
2021-10-21,166.75,123.81792449951172,24.763877868652344,37.34259796142578,76.99008178710938,63.669002532958984,122.9170913696289
2021-10-22,167.77000427246094,125.1815185546875,24.996809005737305,37.86460876464844,76.72372436523438,64.16404724121094,123.41384887695312
2021-10-25,168.92999267578125,124.99042510986328,25.363454818725586,37.8179931640625,76.97554016113281,64.11903381347656,123.56381225585938
2021-10-26,167.67999267578125,126.02403259277344,25.510112762451172,37.84595489501953,77.19351196289062,64.34402465820312,124.1730728149414
2021-10-27,168.1199951171875,128.31692504882812,24.776819229125977,37.22141647338867,77.12570190429688,63.966026306152344,123.18889617919922
2021-10-28,168.0800018310547,127.88262939453125,24.95366859436035,37.678165435791016,77.90061950683594,64.19103240966797,124.21993255615234
2021-10-29,166.64999389648438,128.27345275878906,24.789756774902344,37.529022216796875,78.23483276367188,64.1280288696289,125.42903900146484
2021-11-01,167.52000427246094,127.3498764038086,25.216796875,37.54766845703125,78.11859130859375,64.22703552246094,125.27903747558594
2021-11-02,167.16000366210938,127.91520690917969,24.979549407958984,37.64088439941406,78.80634307861328,64.65904998779297,126.06642150878906
2021-11-03,165.77000427246094,126.59332275390625,24.772506713867188,37.78070068359375,79.26646423339844,65.2620849609375,126.806884765625
2021-11-04,167.64999389648438,127.92393493652344,24.807010650634766,37.28666305541992,80.5063705444336,65.3250732421875,125.93516540527344
2021-11-05,169.83999633789062,129.83714294433594,25.130521774291992,37.30530548095703,80.92288208007812,65.7031021118164,124.52922821044922
2021-11-08,170.4499969482422,129.59359741210938,25.359142303466797,37.5103759765625,81.35880279541016,65.18109130859375,125.26970672607422
2021-11-09,171.2899932861328,131.2807159423828,25.46265983581543,37.30530548095703,81.02461242675781,65.40608978271484,124.8104248046875
2021-11-10,173.14999389648438,128.8804473876953,24.789756774902344,37.24003982543945,79.68783569335938,65.60408782958984,125.1666030883789
2021-11-11,174.1199951171875,128.6891632080078,24.884653091430664,37.34259796142578,80.0607681274414,65.55909729003906,124.80106353759766
2021-11-12,174.4499969482422,128.1239776611328,24.824260711669922,37.42647933959961,81.03428649902344,65.55909729003906,125.4196548461914
2021-11-15,174.17999267578125,126.51502227783203,25.03131103515625,37.42647933959961,80.95195007324219,65.87411499023438,124.6417236328125
2021-11-16,172.9199981689453,126.19329071044922,25.07013511657715,37.389190673828125,81.80437469482422,65.46009063720703,125.1666030883789
2021-11-17,174.5,127.19342041015625,24.686233520507812,36.96040344238281,81.557373046875,65.31607818603516,125.34466552734375
2021-11-18,173.94000244140625,127.67166900634766,24.539575576782227,36.77397155761719,82.3710708618164,65.08208465576172,125.39154815673828
2021-11-19,172.61000061035156,129.01962280273438,23.58197021484375,36.37314224243164,82.97161865234375,64.84806060791016,124.63232421875
2021-11-22,168.74000549316406,127.50645446777344,24.000383377075195,36.885826110839844,82.04655456542969,65.361083984375,124.0699691772461
2021-11-23,167.27999877929688,125.66283416748047,24.737991333007812,37.46376419067383,81.85765075683594,65.7931137084961,124.2011489868164
2021-11-24,167.1199951171875,127.68041229248047,24.979549407958984,37.3798713684082,82.45339965820312,65.59510803222656,124.15431213378906
2021-11-26,166.85000610351562,130.90672302246094,23.974502563476562,36.14009094238281,80.39495086669922,64.76705932617188,123.69499969482422
2021-11-29,166.6199951171875,129.85455322265625,24.112537384033203,36.251953125,82.40494537353516,64.92906188964844,124.03244018554688
2021-11-30,165.5,131.82855224609375,23.547466278076172,35.385040283203125,81.71719360351562,63.26399612426758,121.59549713134766
2021-12-01,166.16000366210938,132.6417694091797,23.297277450561523,34.9935302734375,80.59839630126953,62.95796203613281,121.3799057006836
2021-12-02,165.24000549316406,132.8071746826172,23.974502563476562,36.03754425048828,81.33943939208984,63.624000549316406,121.97040557861328
2021-12-03,166.6300048828125,134.3918914794922,23.784709930419922,35.450286865234375,79.97843170166016,64.4160385131836,122.19535827636719
2021-12-06,166.22000122070312,132.5460205078125,24.13841438293457,35.990943908691406,80.73885345458984,65.55008697509766,122.88896179199219
2021-12-07,166.80999755859375,131.4750213623047,24.703489303588867,36.63413619995117,83.55768585205078,65.694091796875,124.47301483154297
2021-12-08,166.89999389648438,129.2025909423828,24.699172973632812,36.43838882446289,83.94032287597656,65.48707580566406,125.41030883789062
2021-12-09,165.8800048828125,129.92526245117188,24.509382247924805,36.36381912231445,83.03459930419922,65.66710662841797,125.70085144042969
2021-12-10,166.5800018310547,129.61180114746094,24.69054412841797,36.40109634399414,84.70072937011719,66.77415466308594,126.14141082763672
2021-12-13,167.0,131.52731323242188,24.00469970703125,36.009586334228516,83.44143676757812,67.64720153808594,127.33174133300781
2021-12-14,165.44000244140625,131.21388244628906,23.905488967895508,36.2239875793457,82.07077026367188,67.69219970703125,126.81620788574219
2021-12-15,166.14999389648438,129.9513702392578,23.78902244567871,36.3265266418457,84.24543762207031,68.376220703125,129.41258239746094
2021-12-16,168.16000366210938,130.00192260742188,23.93999481201172,36.783287048339844,81.85765075683594,68.86224365234375,130.18115234375
2021-12-17,167.8000030517578,131.4750518798828,23.45256805419922,35.9723014831543,81.31037139892578,67.68318176269531,129.27194213867188
2021-12-20,167.08999633789062,130.4900665283203,23.162002563476562,35.27357482910156,80.34324645996094,67.703125,128.48910522460938
2021-12-21,167.02000427246094,129.9931640625,23.8217830657959,36.00414276123047,82.37645721435547,67.61251068115234,129.02545166015625
2021-12-22,168.58999633789062,130.59466552734375,23.974708557128906,36.1727409362793,83.45372772216797,68.03843688964844,130.53086853027344
2021-12-23,168.97000122070312,129.46142578125,23.98781394958496,36.36006546020508,83.91956329345703,68.1924819946289,131.06719970703125
2021-12-27,169.3699951171875,129.7752227783203,24.51214027404785,36.73472595214844,85.7198486328125,68.91747283935547,132.4503173828125
2021-12-28,168.63999938964844,129.260986328125,24.494659423828125,36.75345993041992,85.27340698242188,69.30713653564453,132.1021728515625
2021-12-29,168.58999633789062,127.84890747070312,24.337364196777344,36.70662307739258,85.3462142944336,69.62432861328125,132.8549041748047
2021-12-30,169.8000030517578,128.92105102539062,24.188810348510742,36.64106369018555,84.7833251953125,69.40681457519531,133.12777709960938
2021-12-31,170.9600067138672,129.17381286621094,24.249977111816406,36.57548904418945,84.37085723876953,69.8780288696289,132.56321716308594
2022-01-03,168.3300018310547,125.78296661376953,25.00151252746582,37.02507400512695,85.17151641845703,69.86895751953125,131.1988983154297
2022-01-04,169.57000732421875,125.2599868774414,25.86664390563965,37.99917221069336,84.2689437866211,70.3402099609375,129.46768188476562
2022-01-05,169.05999755859375,124.58010864257812,25.862274169921875,37.558956146240234,81.67770385742188,70.27678680419922,128.5455322265625
2022-01-06,166.99000549316406,124.902587890625,26.439029693603516,38.111576080322266,81.2652359008789,70.08647918701172,127.05894470214844
2022-01-07,167.75,124.00477600097656,26.801687240600586,38.561153411865234,80.51793670654297,70.15898132324219,126.40973663330078
2022-01-10,168.25999450683594,124.3098373413086,26.71866798400879,38.430015563964844,80.53250885009766,69.60619354248047,127.70819091796875
2022-01-11,170.2899932861328,125.13793182373047,27.62749671936035,38.767215728759766,81.4981460571289,69.52462005615234,128.72433471679688
2022-01-12,170.74000549316406,124.65853881835938,27.679927825927734,38.795310974121094,81.88150024414062,69.55181884765625,128.357421875
2022-01-13,170.16000366210938,125.76554107666016,27.540109634399414,38.64545440673828,79.76094055175781,69.67867279052734,126.36268615722656
2022-01-14,169.6699981689453,123.86532592773438,28.18677520751953,38.24270248413086,80.43545532226562,69.80552673339844,126.14630889892578
2022-01-18,169.38999938964844,122.12195587158203,28.30038070678711,37.390357971191406,78.50413513183594,68.79965209960938,124.37738037109375
2022-01-19,172.0800018310547,122.96748352050781,28.095022201538086,36.76282501220703,77.40748596191406,69.23462677001953,123.86931610107422
2022-01-20,171.64999389648438,123.7258529663086,27.83722496032715,36.528656005859375,76.40786743164062,68.78152465820312,123.06011962890625
2022-01-21,171.08999633789062,125.19896697998047,27.28668975830078,35.779354095458984,74.88900756835938,68.83589935302734,121.81814575195312
2022-01-24,172.02999877929688,124.17033386230469,27.47020149230957,35.88238525390625,75.27722930908203,68.60933685302734,121.41356658935547
2022-01-25,172.5800018310547,123.96989440917969,28.53632354736328,36.03224563598633,73.53516387939453,67.84812927246094,120.63261413574219
2022-01-26,169.7899932861328,122.47062683105469,28.488262176513672,36.12590789794922,73.96703338623047,67.33159637451172,120.00220489501953
2022-01-27,167.60000610351562,124.71955108642578,28.798486709594727,35.798091888427734,73.45752716064453,67.78470611572266,120.31271362304688
2022-01-28,167.10000610351562,124.76311492919922,28.676145553588867,36.26640701293945,76.66988372802734,68.5821533203125,122.76844787597656
2022-01-31,168.08999633789062,124.11807250976562,28.802858352661133,36.58485794067383,78.59635925292969,68.84497833251953,123.47412109375
2022-02-01,168.22999572753906,123.70606994628906,29.829652786254883,37.09064483642578,78.8001480102539,68.78152465820312,123.80343627929688
2022-02-02,168.83999633789062,124.12507629394531,29.925779342651367,37.343528747558594,79.4406967163086,69.60619354248047,125.46884155273438
2022-02-03,168.60000610351562,123.15617370605469,29.64177131652832,36.93141555786133,77.13572692871094,69.62432861328125,124.93253326416016
2022-02-04,168.86000061035156,121.34050750732422,30.104930877685547,37.558956146240234,77.44630432128906,68.7724609375,124.48091125488281
2022-02-07,170.11000061035156,121.41912841796875,30.489429473876953,37.671356201171875,76.93193054199219,68.89933776855469,124.26447296142578
2022-02-08,170.6300048828125,120.6072998046875,29.834020614624023,38.19587707519531,77.88301086425781,69.16212463378906,125.28067016601562
2022-02-09,171.2100067138672,120.83428192138672,30.083080291748047,38.43939208984375,79.61053466796875,69.18025970458984,126.249755859375
2022-02-10,170.55999755859375,118.91392517089844,29.895200729370117,38.10220718383789,77.52879333496094,68.43714141845703,124.27388763427734
2022-02-11,173.80999755859375,120.67715454101562,30.764705657958984,37.568321228027344,75.16075897216797,68.1924819946289,122.55204010009766
2022-02-14,174.74000549316406,119.17575073242188,30.039386749267578,37.14683532714844,75.1364974975586,68.00216674804688,121.3006591796875
2022-02-15,173.0800018310547,117.82281494140625,29.724794387817383,37.652626037597656,77.11146545410156,68.1199951171875,122.66496276855469
2022-02-16,174.86000061035156,118.52112579345703,29.965106964111328,37.68072509765625,77.0338363647461,68.24686431884766,122.85313415527344
2022-02-17,177.25,119.4027328491211,29.91704750061035,36.74409103393555,74.72888946533203,68.7724609375,120.87723541259766
2022-02-18,177.1199951171875,120.6596908569336,29.733530044555664,36.73472595214844,73.97188568115234,68.89933776855469,119.9739990234375
2022-02-22,177.49000549316406,120.97396087646484,29.252901077270508,36.54739761352539,73.28767395019531,68.36466979980469,119.67289733886719
2022-02-23,178.2899932861328,119.3067398071289,29.554386138916016,35.91048812866211,71.45343780517578,67.81188201904297,119.07072448730469
2022-02-24,177.13999938964844,119.3852767944336,29.322816848754883,35.479637145996094,73.89424896240234,66.64286804199219,119.55059051513672
2022-02-25,176.5500030517578,119.47254943847656,30.096187591552734,36.6223258972168,74.89872741699219,68.79059600830078,123.21068572998047
2022-02-28,178.3800048828125,122.09120178222656,30.838979721069336,36.07908248901367,74.76285552978516,67.87532043457031,122.27918243408203
2022-03-01,181.6199951171875,123.5028076171875,31.14920997619629,34.749053955078125,73.26828002929688,67.4765853881836,121.60173797607422
2022-03-02,179.72999572753906,119.28116607666016,31.861413955688477,35.64822769165039,74.85504150390625,68.1924819946289,123.4365005493164
2022-03-03,180.8000030517578,120.49609375,31.948801040649414,35.535831451416016,73.9621810913086,68.74528503417969,124.06690979003906
2022-03-04,183.67999267578125,122.5763168334961,32.870731353759766,34.87082290649414,72.66655731201172,68.75434112548828,124.68791198730469
2022-03-07,186.41000366210938,121.64109802246094,33.355735778808594,33.59700393676758,70.00737762451172,67.50377655029297,122.51441192626953
2022-03-08,191.50999450683594,120.41740417480469,33.880062103271484,33.400306701660156,69.66770935058594,65.68228912353516,120.01163482666016
2022-03-09,185.82000732421875,119.23744201660156,32.844512939453125,34.627296447753906,72.42393493652344,66.12632751464844,122.27918243408203
2022-03-10,186.39999389648438,117.52433013916016,33.84947204589844,34.33694076538086,71.15744018554688,65.50104522705078,122.2321548461914
2022-03-11,185.08999633789062,117.91764068603516,33.57857131958008,34.093421936035156,69.90547180175781,64.73981475830078,121.3194808959961
2022-03-14,182.3000030517578,115.16439056396484,32.57362365722656,34.524269104003906,68.60985565185547,65.08417510986328,122.17569732666016
2022-03-15,178.88999938964844,114.9633560180664,31.380779266357422,35.011322021484375,70.91481018066406,66.54318237304688,124.61263275146484
2022-03-16,180.00999450683594,116.09092712402344,31.23659324645996,35.99478530883789,73.2197494506836,66.61568450927734,126.10865020751953
2022-03-17,180.88999938964844,115.22557830810547,32.31145095825195,36.44436264038086,73.73898315429688,67.07783508300781,128.10336303710938
2022-03-18,179.3000030517578,116.63282775878906,32.28086853027344,36.528656005859375,75.24811553955078,67.2319107055664,128.8937225341797
2022-03-21,180.6699981689453,113.9320297241211,33.58216094970703,36.4929313659668,75.10518646240234,67.3183822631836,128.7955322265625
2022-03-22,179.36000061035156,112.47235107421875,33.33513259887695,37.085323333740234,76.1844253540039,67.81905364990234,128.82386779785156
2022-03-23,181.80999755859375,114.93716430664062,33.90858840942383,36.398895263671875,75.01280975341797,67.27286529541016,126.51146697998047
2022-03-24,183.1300048828125,114.03687286376953,33.99240493774414,36.690391540527344,76.96226501464844,67.74622344970703,128.02162170410156
2022-03-25,182.3800048828125,112.45486450195312,34.737884521484375,37.16054153442383,76.91851806640625,68.31062316894531,128.61624145507812
2022-03-28,179.05999755859375,113.41631317138672,33.87771224975586,37.05711364746094,77.83247375488281,68.59283447265625,129.55062866210938
2022-03-29,179.13999938964844,114.27289581298828,33.789485931396484,37.14174270629883,79.48538970947266,69.20274353027344,130.3151397705078
2022-03-30,180.5800018310547,115.16439056396484,34.18207931518555,36.87846374511719,78.42558288574219,69.2482681274414,130.56996154785156
2022-03-31,180.64999389648438,115.44410705566406,33.71891403198242,36.03218460083008,77.26368713378906,69.08441162109375,129.29579162597656
2022-04-01,179.5,115.8835220336914,33.99240493774414,35.93815612792969,77.03518676757812,69.7762451171875,130.3151397705078
2022-04-04,180.3699951171875,115.07818603515625,34.03651809692383,35.77830505371094,78.4985122680664,69.55779266357422,129.22972106933594
2022-04-05,179.24000549316406,112.47828674316406,33.50276184082031,35.552635192871094,76.84558868408203,69.62151336669922,129.50343322753906
2022-04-06,179.66000366210938,111.56787109375,33.701263427734375,35.308162689208984,75.02740478515625,70.50450134277344,131.47605895996094
2022-04-07,180.33999633789062,110.72750854492188,34.14238357543945,35.270545959472656,75.14407348632812,71.36021423339844,134.00550842285156
2022-04-08,181.47000122070312,109.52827453613281,35.08195877075195,35.62784957885742,74.09398651123047,71.6606216430664,134.8077392578125
2022-04-11,182.3699951171875,107.79498291015625,34.02769088745117,35.46800994873047,72.2271728515625,71.36932373046875,132.12728881835938
2022-04-12,183.77000427246094,107.64616394042969,34.59231948852539,35.08248519897461,71.90631103515625,71.38752746582031,130.84368896484375
2022-04-13,184.64999389648438,107.86502075195312,35.108421325683594,35.08248519897461,73.0633544921875,71.78807067871094,131.4854736328125
2022-04-14,184.0399932861328,105.70280456542969,35.223114013671875,34.687557220458984,71.28893280029297,71.76985931396484,130.85311889648438
2022-04-18,184.61000061035156,105.17760467529297,35.739219665527344,34.89442443847656,71.52225494384766,71.17814636230469,129.4090118408203
2022-04-19,181.82000732421875,104.38973236083984,35.44808578491211,35.37397766113281,72.86402893066406,72.26143646240234,130.64544677734375
2022-04-20,182.7100067138672,106.49067687988281,35.58483123779297,35.61846160888672,72.79596710205078,73.34471130371094,132.40098571777344
2022-04-21,182.05999755859375,105.70280456542969,34.455570220947266,35.054283142089844,71.56114196777344,73.28099822998047,130.93804931640625
2022-04-22,180.2899932861328,105.03753662109375,33.613040924072266,34.01054000854492,69.5582275390625,72.13398742675781,126.16224670410156
2022-04-25,177.0500030517578,106.08800506591797,32.50141906738281,34.066959381103516,70.60343170166016,72.45259857177734,127.01171875
2022-04-26,177.32000732421875,107.15597534179688,32.5455322265625,33.21128845214844,67.97337341308594,71.33291625976562,124.7748031616211
2022-04-27,175.97999572753906,105.78160095214844,33.021949768066406,33.183082580566406,68.97969818115234,71.5969009399414,124.50110626220703
2022-04-28,176.92999267578125,105.93915557861328,34.02328109741211,33.6062126159668,71.74102783203125,72.65287780761719,126.21887969970703
2022-04-29,176.91000366210938,104.56480407714844,33.149871826171875,32.44965744018555,68.7511978149414,70.6774673461914,122.97208404541016
2022-05-02,173.6300048828125,102.7522964477539,33.679203033447266,32.45905685424805,69.79643249511719,69.74895477294922,122.20758056640625
2022-05-03,174.08999633789062,103.44506072998047,34.623191833496094,32.88219451904297,69.91797637939453,69.54866790771484,122.59455871582031
2022-05-04,175.8000030517578,104.0150146484375,36.06123352050781,33.88831329345703,72.3730239868164,71.11442565917969,125.31278991699219
2022-05-05,175.1300048828125,101.16515350341797,35.5186653137207,32.901004791259766,68.89219665527344,69.76713562011719,122.87771606445312
2022-05-06,175.4199981689453,99.6744613647461,36.57734680175781,32.665924072265625,68.33798217773438,69.83998107910156,122.49073791503906
2022-05-09,172.8800048828125,100.55136108398438,33.55128479003906,31.885475158691406,65.6933364868164,69.81268310546875,119.3194580078125
2022-05-10,171.4199981689453,101.46330261230469,33.855648040771484,31.6033935546875,66.6948013305664,69.33019256591797,119.74417877197266
2022-05-11,172.82000732421875,103.41874694824219,34.30999755859375,31.31189727783203,64.58977508544922,69.02979278564453,118.95135498046875
2022-05-12,170.1699981689453,103.225830078125,34.455570220947266,31.07681655883789,63.923744201660156,69.01158142089844,120.10282897949219
2022-05-13,168.7899932861328,101.70006561279297,35.63334655761719,31.528162002563477,66.0482177734375,70.04935455322266,121.37701416015625
2022-05-16,170.39999389648438,101.59481048583984,36.57293701171875,31.26487922668457,65.46483612060547,70.36797332763672,122.2736587524414
2022-05-17,169.3300018310547,100.3672103881836,36.996395111083984,32.10174560546875,67.36080932617188,69.88549041748047,123.95366668701172
2022-05-18,169.4199981689453,102.50678253173828,36.04800033569336,31.217864990234375,64.27862548828125,65.38848876953125,120.75409698486328
2022-05-19,171.91000366210938,102.7522964477539,35.9156608581543,31.010995864868164,63.57373046875,64.22327423095703,121.01835632324219
2022-05-20,172.02999877929688,103.9185562133789,36.07006072998047,30.954578399658203,63.71470642089844,64.35982513427734,122.49073791503906
2022-05-23,172.8300018310547,102.2086410522461,37.02286911010742,31.960697174072266,65.17801666259766,65.68890380859375,123.56670379638672
2022-05-24,174.1300048828125,104.2254638671875,37.164024353027344,31.894878387451172,64.2105712890625,66.76307678222656,123.93478393554688
2022-05-25,173.0800018310547,104.6375961303711,37.93156051635742,32.14875793457031,64.95923614501953,66.78129577636719,123.89704132080078
2022-05-26,172.75999450683594,104.1640625,38.35062026977539,32.8915901184082,66.519775390625,67.49132537841797,124.42559051513672
2022-05-27,172.85000610351562,104.41837310791016,39.052001953125,33.446372985839844,68.77066040039062,68.27421569824219,126.49261474609375
2022-05-31,171.13999938964844,102.2086410522461,38.46531295776367,33.35234069824219,68.27963256835938,67.791748046875,124.8031234741211
2022-06-01,172.22999572753906,102.09181213378906,39.09170150756836,32.816368103027344,68.0754623413086,66.90873718261719,123.00984954833984
2022-06-02,174.35000610351562,102.14449310302734,38.96819305419922,33.26771926879883,69.7235107421875,67.88278198242188,123.98200225830078
2022-06-03,172.5800018310547,101.9249038696289,39.48429870605469,32.78816223144531,68.05602264404297,67.20003509521484,122.52850341796875
2022-06-06,171.82000732421875,100.04505157470703,39.440181732177734,32.88219451904297,68.06087493896484,67.22734069824219,122.54737091064453
2022-06-07,172.94000244140625,101.12554168701172,40.61796569824219,33.13606643676758,68.87273406982422,67.58236694335938,124.1424560546875
2022-06-08,172.77999877929688,100.22953033447266,40.70619201660156,32.55308532714844,68.09490966796875,66.75397491455078,123.1608657836914
2022-06-09,172.22999572753906,100.56330108642578,39.806312561035156,31.73503303527832,66.27670288085938,65.75261688232422,120.37654876708984
2022-06-10,174.5399932861328,99.93965148925781,39.131404876708984,30.58786392211914,63.72928237915039,65.47042846679688,118.44169616699219
2022-06-13,169.92999267578125,96.80365753173828,37.08903121948242,29.675777435302734,60.90475845336914,64.05944061279297,114.8551254272461
2022-06-14,168.57000732421875,95.58261108398438,37.15961456298828,29.421899795532227,61.288818359375,63.303863525390625,113.76026916503906
2022-06-15,170.77000427246094,97.36582946777344,36.33913803100586,29.75100326538086,62.58197784423828,63.367591857910156,114.91175079345703
2022-06-16,172.69000244140625,98.13887023925781,34.292354583740234,28.998764038085938,60.0345573425293,62.88510513305664,113.22229766845703
2022-06-17,171.27000427246094,98.455078125,32.4176139831543,29.08338737487793,60.583900451660156,62.65752410888672,113.15623474121094
2022-06-21,170.6300048828125,96.78607940673828,34.097042083740234,29.6638126373291,62.125587463378906,64.32950592041016,116.2025146484375
2022-06-22,171.30999755859375,99.44772338867188,32.73208999633789,29.597639083862305,61.86239242553711,64.28364562988281,117.81381225585938
2022-06-23,170.25999450683594,100.2646713256836,31.518798828125,29.484201431274414,62.78846740722656,65.5309829711914,120.45821380615234
2022-06-24,170.08999633789062,98.87673950195312,31.933637619018555,30.571308135986328,65.04518127441406,66.81502532958984,122.45809173583984
2022-06-27,169.89999389648438,98.033447265625,32.870365142822266,30.467323303222656,64.60651397705078,66.63157653808594,122.91304779052734
2022-06-28,169.6199951171875,98.49020385742188,33.75802993774414,30.16482162475586,62.6714973449707,65.74193572998047,120.77098083496094
2022-06-29,169.49000549316406,100.0274887084961,32.58489227294922,29.99466896057129,62.7982177734375,66.15464782714844,121.82307434082031
2022-06-30,168.4600067138672,100.90594482421875,31.89794921875,29.72998046875,61.959869384765625,66.20052337646484,121.54821014404297
2022-07-01,168.32000732421875,101.94189453125,32.375244140625,30.13646125793457,62.10121536254883,67.15435791015625,122.91304779052734
2022-07-05,164.75,102.74285125732422,31.090579986572266,30.032482147216797,62.881072998046875,66.72328186035156,122.20219421386719
2022-07-06,162.13999938964844,101.01768493652344,30.559764862060547,29.956859588623047,63.422096252441406,66.91590118408203,123.02679443359375
2022-07-07,162.22999572753906,100.12872314453125,31.661535263061523,30.391698837280273,64.7332534790039,66.9801025390625,123.5481185913086
2022-07-08,162.3000030517578,99.01971435546875,31.648157119750977,30.325531005859375,64.76248931884766,66.8608627319336,123.91775512695312
2022-07-11,161.42999267578125,100.72725677490234,31.34483528137207,30.07974624633789,63.87053298950195,66.76914978027344,123.60498809814453
2022-07-12,160.8300018310547,101.32576751708984,30.733732223510742,29.890684127807617,62.9980583190918,66.57654571533203,122.03160095214844
2022-07-13,161.60000610351562,102.48762512207031,30.68467140197754,29.62599754333496,62.83233642578125,66.62240600585938,120.8468246459961
2022-07-14,159.3300018310547,101.65143585205078,30.104780197143555,29.058813095092773,63.40748596191406,66.67742156982422,120.49613952636719
2022-07-15,159.00999450683594,102.22354888916016,30.59545135498047,30.041934967041016,64.52367401123047,66.89755249023438,123.40592193603516
2022-07-18,159.16000366210938,101.15853881835938,31.29576873779297,29.928497314453125,63.899776458740234,66.24637603759766,120.79943084716797
2022-07-19,159.5399932861328,100.6128158569336,32.25926208496094,30.826536178588867,65.84941864013672,66.94341278076172,122.85617065429688
2022-07-20,158.0399932861328,100.87687683105469,32.57150650024414,30.93997573852539,66.87786102294922,66.49401092529297,121.64297485351562
2022-07-21,160.27000427246094,102.61961364746094,32.00054931640625,31.13849449157715,67.81855773925781,66.6957778930664,123.56706237792969
2022-07-22,160.6699981689453,104.34475708007812,31.73737144470215,30.958887100219727,66.88274383544922,67.13601684570312,123.05524444580078
2022-07-25,160.22999572753906,103.3237533569336,32.90159225463867,31.157398223876953,66.45868682861328,67.4661865234375,123.69976806640625
2022-07-26,160.0399932861328,103.40300750732422,32.602725982666016,30.722558975219727,65.38150787353516,67.3102798461914,124.33477783203125
2022-07-27,161.6699981689453,102.82206726074219,33.33873748779297,31.19521141052246,68.19387817382812,67.76885223388672,125.11200714111328
2022-07-28,163.63999938964844,103.64065551757812,33.52608108520508,31.422090530395508,69.23207092285156,68.8510971069336,125.90816497802734
2022-07-29,164.10000610351562,103.3589859008789,34.980247497558594,31.86638069152832,70.29462432861328,68.31916046142578,125.49111938476562
2022-08-01,165.02999877929688,105.84819793701172,34.25762939453125,31.601701736450195,70.1435317993164,69.17210388183594,124.56227111816406
2022-08-02,164.0500030517578,103.60850524902344,34.17733383178711,31.251935958862305,69.64635467529297,68.62181091308594,124.11678314208984
2022-08-03,164.4499969482422,105.23978424072266,33.19599533081055,31.724592208862305,71.49852752685547,69.07122039794922,125.25418090820312
2022-08-04,167.1699981689453,105.20452117919922,31.964874267578125,31.620595932006836,71.82511138916016,68.6126480102539,124.63811492919922
2022-08-05,165.2899932861328,102.70030212402344,32.598270416259766,31.84747314453125,71.65938568115234,68.45672607421875,124.59069061279297
2022-08-08,166.69000244140625,104.3580093383789,32.76777267456055,31.828567504882812,71.05010986328125,68.42003631591797,124.88451385498047
2022-08-09,167.1999969482422,103.9524154663086,33.34320068359375,31.989273071289062,70.33849334716797,68.31916046142578,124.50540161132812
2022-08-10,166.77999877929688,103.2734375,33.58406448364258,32.707706451416016,72.25889587402344,68.82357788085938,125.86077880859375
2022-08-11,166.33999633789062,100.8662109375,34.73937225341797,33.09528350830078,71.97620391845703,68.65849304199219,125.04564666748047
2022-08-12,167.8699951171875,101.88903045654297,35.0025520324707,33.615203857421875,73.40919494628906,69.25464630126953,126.6474609375
2022-08-15,165.7100067138672,101.80087280273438,34.3200798034668,33.605751037597656,73.87223052978516,69.94251251220703,127.28250122070312
2022-08-16,165.4199981689453,102.2241439819336,34.23978805541992,33.851531982421875,73.67237854003906,70.73127746582031,126.94126892089844
2022-08-17,164.35000610351562,101.15718078613281,34.525264739990234,33.681373596191406,73.14600372314453,70.52951049804688,126.20198822021484
2022-08-18,163.9199981689453,101.30706024169922,35.453067779541016,33.71918869018555,73.52616882324219,70.76795959472656,125.64276123046875
2022-08-19,162.72000122070312,99.67581176757812,35.44415283203125,33.04802322387695,72.1906509399414,70.53868103027344,125.98401641845703
2022-08-22,161.63999938964844,99.34073638916016,35.37724304199219,32.32012939453125,70.17764282226562,69.82328796386719,124.33477783203125
2022-08-23,162.77000427246094,98.79402160644531,36.65298080444336,32.18778991699219,69.99244689941406,69.52064514160156,122.60028076171875
2022-08-24,163.25,98.07096862792969,37.103511810302734,32.357948303222656,70.03629302978516,69.69488525390625,122.75192260742188
2022-08-25,163.75,99.43771362304688,37.38898468017578,32.858951568603516,71.22071075439453,70.0158920288086,124.10733032226562
2022-08-26,161.75999450683594,100.18724060058594,36.95184326171875,31.875835418701172,68.17925262451172,68.282470703125,120.64778137207031
2022-08-29,161.86000061035156,99.3583755493164,37.50942611694336,31.64896583557129,67.27754211425781,68.17240905761719,119.8042221069336
2022-08-30,160.50999450683594,99.60523986816406,36.23814392089844,31.47880744934082,66.57565307617188,67.4661865234375,119.00804901123047
2022-08-31,159.27000427246094,98.65294647216797,35.90806579589844,31.242473602294922,65.92738342285156,67.05345916748047,118.24980926513672
2022-09-01,157.8699951171875,96.84677124023438,35.02484893798828,31.33700942993164,65.60572052001953,67.42949676513672,120.19282531738281
2022-09-02,159.25999450683594,97.39462280273438,35.66718292236328,31.091228485107422,64.75273132324219,66.54903411865234,118.46778106689453
2022-09-06,158.3300018310547,94.98228454589844,35.337100982666016,31.01560401916504,64.32382202148438,66.17298889160156,118.58153533935547
2022-09-07,159.94000244140625,96.48450469970703,34.92672348022461,31.63005256652832,65.35225677490234,67.36530303955078,120.51507568359375
2022-09-08,158.97999572753906,95.49483489990234,35.0783805847168,32.18778991699219,65.57645416259766,67.1910400390625,122.60974884033203
2022-09-09,159.82000732421875,95.70687103271484,35.95266342163086,32.4808349609375,66.87297821044922,67.85140991210938,123.69026947021484
2022-09-12,160.6300048828125,94.92044067382812,36.61284637451172,32.74551773071289,67.94529724121094,68.11736297607422,124.51486206054688
2022-09-13,158.5399932861328,95.14134979248047,35.689483642578125,31.52606773376465,64.33843231201172,65.84281158447266,120.4013442993164
2022-09-14,157.92999267578125,95.46831512451172,36.69758987426758,31.43153953552246,64.57240295410156,65.8153076171875,120.46768951416016
2022-09-15,154.97999572753906,95.4064712524414,35.7519416809082,31.5355224609375,63.08579635620117,65.26500701904297,121.14063262939453
2022-09-16,155.83999633789062,94.61117553710938,34.98917770385742,31.251935958862305,62.73485565185547,65.42092895507812,120.79943084716797
2022-09-19,155.9600067138672,94.83208465576172,35.009910583496094,31.606382369995117,63.24644088745117,65.85572052001953,120.14855194091797
2022-09-20,155.07000732421875,93.88658905029297,34.76641082763672,31.140748977661133,62.87507629394531,65.49569702148438,118.74017333984375
2022-09-21,155.7899932861328,95.45945739746094,34.256858825683594,30.49455451965332,61.89297103881836,65.24645233154297,116.7703628540039
2022-09-22,155.6999969482422,93.02063751220703,34.1351203918457,29.981403350830078,61.26265335083008,65.15414428710938,117.38890838623047
2022-09-23,153.00999450683594,93.40058135986328,31.781280517578125,29.50625991821289,60.46132278442383,64.04639434814453,116.78941345214844
2022-09-26,151.22999572753906,91.61565399169922,31.001176834106445,29.040626525878906,60.04111862182617,64.092529296875,115.67603302001953
2022-09-27,151.5399932861328,89.20331573486328,31.3483943939209,28.91708755493164,60.11928939819336,62.98480987548828,115.32393646240234
2022-09-28,154.69000244140625,92.19000244140625,32.73724365234375,29.487260818481445,60.75449752807617,63.74176025390625,117.8456802368164
2022-09-29,154.66000366210938,91.71283721923828,32.73724365234375,29.11664390563965,59.17137908935547,62.68940353393555,116.85601806640625
2022-09-30,154.6699981689453,90.52877044677734,32.4756965637207,28.850570678710938,58.03779220581055,61.60012435913086,115.24781036376953
2022-10-03,158.42999267578125,91.96720123291016,34.31097412109375,29.629798889160156,59.835899353027344,62.66170883178711,117.6172866821289
2022-10-04,160.6999969482422,91.71036529541016,35.78550720214844,30.732128143310547,61.8441162109375,63.6125373840332,120.34838104248047
2022-10-05,159.80999755859375,90.83346557617188,36.525020599365234,30.49455451965332,62.0493278503418,63.2432861328125,120.74803924560547
2022-10-06,159.6300048828125,90.32861328125,37.174354553222656,30.066926956176758,61.541168212890625,62.32014846801758,119.20645904541016
2022-10-07,157.8800048828125,89.45170593261719,36.885765075683594,29.354217529296875,59.0101432800293,61.38780212402344,116.68472290039062
2022-10-10,155.47999572753906,88.06107330322266,36.128204345703125,29.22117805480957,58.01824951171875,61.60934829711914,115.9520034790039
2022-10-11,155.16000366210938,88.4507827758789,35.839622497558594,28.850570678710938,57.12896728515625,62.1170654296875,116.57054138183594
2022-10-12,155.99000549316406,88.88481903076172,36.128204345703125,28.784046173095703,56.95307159423828,62.449405670166016,115.99957275390625
2022-10-13,154.91000366210938,88.03451538085938,37.60273361206055,29.971899032592773,58.72185516357422,63.48329162597656,118.70209503173828
2022-10-14,152.97999572753906,87.30818939208984,36.20035934448242,29.468252182006836,57.070335388183594,62.33860778808594,117.90278625488281
2022-10-17,153.4199981689453,86.88301849365234,36.651283264160156,30.209470748901367,58.80980682373047,63.01250076293945,119.79644012451172
2022-10-18,153.75,87.08674621582031,36.9714469909668,30.694116592407227,59.30818557739258,63.834083557128906,120.46256256103516
2022-10-19,151.69000244140625,85.5012435913086,38.06267547607422,30.190467834472656,59.137176513671875,63.53868865966797,118.77823638916016
2022-10-20,151.4499969482422,84.03976440429688,38.0987548828125,29.705820083618164,59.17137908935547,62.65248107910156,117.76953887939453
2022-10-21,154.14999389648438,82.52515411376953,39.19901657104492,30.589580535888672,60.75449752807617,63.6125373840332,120.41499328613281
2022-10-24,153.64999389648438,81.8431167602539,39.38389205932617,30.998207092285156,61.59490966796875,64.7572021484375,122.73686981201172
2022-10-25,154.0,84.22575378417969,39.42448806762695,31.368816375732422,62.77248764038086,65.60648345947266,123.66943359375
2022-10-26,154.97999572753906,85.43923950195312,39.96107864379883,31.444841384887695,61.375038146972656,66.04034423828125,125.03974151611328
2022-10-27,154.74000549316406,86.33385467529297,40.10538101196289,31.701416015625,60.67631530761719,66.09573364257812,124.38314056396484
2022-10-28,153.16000366210938,85.74042510986328,40.24516677856445,32.490150451660156,63.31483459472656,67.54503631591797,126.42906951904297
2022-10-31,151.91000366210938,85.12925720214844,40.58336639404297,32.290592193603516,62.479312896728516,67.1480941772461,126.32439422607422
2022-11-01,153.4600067138672,85.9248275756836,40.97566604614258,32.37611770629883,61.95649337768555,66.9357681274414,126.40055084228516
2022-11-02,152.38999938964844,85.5519027709961,39.98814010620117,31.967493057250977,59.81636047363281,65.77262878417969,124.24992370605469
2022-11-03,151.80999755859375,85.09019470214844,40.727657318115234,31.644399642944336,58.05733871459961,65.55110168457031,123.72657012939453
2022-11-04,156.47000122070312,83.66061401367188,41.223670959472656,32.22406768798828,59.11763381958008,66.32649993896484,124.4782943725586
2022-11-07,155.85000610351562,82.82595825195312,41.931636810302734,32.54716873168945,60.10464096069336,66.91731262207031,125.81056213378906
2022-11-08,159.4499969482422,83.73162841796875,41.97221755981445,32.73722839355469,60.68121337890625,67.11117553710938,126.43860626220703
2022-11-09,158.64999389648438,84.00691223144531,39.92049789428711,32.186058044433594,59.10297393798828,66.38190460205078,125.07780456542969
2022-11-10,163.47999572753906,87.23896026611328,40.8088264465332,33.811038970947266,63.95981216430664,67.94198608398438,128.25611877441406
2022-11-11,164.55999755859375,86.9193115234375,41.994754791259766,34.08661651611328,65.05430603027344,67.86813354492188,126.68599700927734
2022-11-14,164.9199981689453,86.7061996459961,41.98123550415039,33.60198211669922,64.4972915649414,67.33271026611328,126.8001937866211
2022-11-15,165.5,88.10914611816406,42.42313766479492,33.67799758911133,65.27908325195312,67.89582824707031,126.6384506225586
2022-11-16,165.1199951171875,90.03594970703125,41.5573616027832,33.51645278930664,64.38490295410156,68.2281494140625,126.58131408691406
2022-11-17,163.9199981689453,89.0858383178711,41.647544860839844,33.335899353027344,64.46797943115234,68.20967864990234,126.52421569824219
2022-11-18,162.7899932861328,88.47315979003906,41.3183708190918,33.611480712890625,64.5412826538086,68.93895721435547,128.05633544921875
2022-11-21,161.8800048828125,88.84609985351562,40.759220123291016,33.71601104736328,63.84743118286133,69.59437561035156,128.11341857910156
2022-11-22,162.07000732421875,90.10697937011719,42.03533935546875,34.05811309814453,65.08363342285156,70.10209655761719,129.22679138183594
2022-11-23,163.0800018310547,91.67861938476562,41.57990264892578,34.200660705566406,65.66020202636719,70.34210205078125,129.74063110351562
2022-11-25,163.22000122070312,91.36783599853516,41.42658996582031,34.314693450927734,65.27908325195312,70.38826751708984,130.5114288330078
2022-11-28,161.92999267578125,91.62533569335938,40.29025650024414,33.72551727294922,63.88163757324219,70.12055969238281,129.5312957763672
2022-11-29,162.72999572753906,90.55094146728516,40.899009704589844,33.925071716308594,63.2562141418457,69.85285949707031,129.20773315429688
2022-11-30,164.80999755859375,91.21688079833984,41.101924896240234,34.5047492980957,66.43222045898438,71.2560043334961,132.2908935546875
2022-12-01,167.83999633789062,94.13087463378906,40.966651916503906,34.3051872253418,66.5250473022461,70.93291473388672,132.67152404785156
2022-12-02,167.25999450683594,95.31461334228516,40.723140716552734,34.14364242553711,66.13904571533203,71.2560043334961,133.01412963867188
2022-12-05,164.38999938964844,93.97956085205078,39.51466369628906,33.29789733886719,65.0396728515625,70.3605728149414,131.73902893066406
2022-12-06,164.83999633789062,95.19002532958984,38.4730224609375,33.003299713134766,63.6471061706543,69.92671203613281,130.7397918701172
2022-12-07,166.3300018310547,97.43295288085938,38.38284683227539,32.87025833129883,63.32463455200195,70.22210693359375,131.81509399414062
2022-12-08,166.47000122070312,97.16593933105469,38.21148681640625,32.89876937866211,64.3604736328125,70.6005859375,133.0045928955078
2022-12-09,167.05999755859375,94.63822937011719,37.28258514404297,32.81324768066406,63.96470260620117,70.0559310913086,131.30123901367188
2022-12-12,165.67999267578125,94.9408187866211,38.261085510253906,33.25037384033203,65.3621597290039,70.79444885253906,132.70008850097656
2022-12-13,168.50999450683594,95.85755157470703,38.98708724975586,33.335899353027344,66.1341552734375,70.69290161132812,133.10926818847656
2022-12-14,168.10000610351562,96.26698303222656,38.74809646606445,32.91777801513672,65.57713317871094,70.646728515625,133.31863403320312
2022-12-15,165.35000610351562,96.6426010131836,38.51361083984375,32.27157974243164,63.124290466308594,69.44669342041016,130.87301635742188
2022-12-16,166.7899932861328,95.56304931640625,38.04013442993164,32.02450942993164,62.28874588012695,69.10511779785156,128.96983337402344
2022-12-19,166.32000732421875,93.95709228515625,38.035579681396484,31.938444137573242,61.458168029785156,69.06141662597656,128.48825073242188
2022-12-20,169.0800018310547,92.28868865966797,38.60960006713867,32.072322845458984,61.551265716552734,69.0056381225586,128.45957946777344
2022-12-21,168.8000030517578,92.5206527709961,39.34307098388672,32.5695686340332,62.57050704956055,69.69364166259766,130.15084838867188
2022-12-22,166.75999450683594,92.5028076171875,38.43648147583008,32.28269577026367,60.99264907836914,69.53559112548828,129.9693145751953
2022-12-23,167.25999450683594,91.14667510986328,39.66196823120117,32.464378356933594,61.05635070800781,69.89818572998047,130.0457305908203
2022-12-27,168.6699981689453,89.34444427490234,40.08564758300781,32.45481491088867,60.478126525878906,70.23290252685547,129.7113037109375
2022-12-28,167.91000366210938,88.81802368164062,39.18817901611328,32.34006118774414,59.502994537353516,69.35894775390625,128.87046813964844
2022-12-29,168.85000610351562,89.82623291015625,39.598182678222656,32.78950119018555,61.061248779296875,69.65646362304688,130.2750701904297
2022-12-30,169.63999938964844,88.82697296142578,39.848758697509766,32.70344161987305,60.97795104980469,69.31245422363281,129.806884765625
2023-01-03,171.05999755859375,90.52212524414062,38.45014953613281,32.81818771362305,60.39972686767578,69.0521240234375,129.43421936035156
2023-01-04,172.6699981689453,91.76231384277344,38.445594787597656,33.344120025634766,60.55653762817383,69.32173919677734,129.77822875976562
2023-01-05,170.52000427246094,92.14594268798828,39.147178649902344,33.09549331665039,59.3804931640625,68.62443542480469,128.45004272460938
2023-01-06,173.7100067138672,93.84111022949219,39.88975524902344,33.83180236816406,61.12005615234375,70.4560317993164,129.63485717773438
2023-01-09,174.10000610351562,94.34073638916016,39.74851989746094,33.70749282836914,61.8305778503418,69.76802062988281,127.46583557128906
2023-01-10,174.74000549316406,92.77938842773438,40.03098678588867,33.89874267578125,62.21279525756836,69.675048828125,128.53602600097656
2023-01-11,174.6199951171875,94.28719329833984,40.15398025512695,34.21430587768555,63.290836334228516,69.71224212646484,129.2622528076172
2023-01-12,176.63999938964844,96.14295196533203,40.919342041015625,34.2812385559082,63.761253356933594,69.16368865966797,128.85137939453125
2023-01-13,178.75999450683594,95.24185180664062,40.97856521606445,34.53942108154297,63.94256591796875,69.48910522460938,129.42465209960938
2023-01-17,177.58999633789062,94.62626647949219,41.06512451171875,34.3099250793457,64.23168182373047,69.53559112548828,128.82266235351562
2023-01-18,177.0800018310547,96.9191665649414,40.31343460083008,33.66924285888672,63.40353775024414,67.63890075683594,127.00720977783203
2023-01-19,179.88999938964844,96.31246185302734,40.81455993652344,33.27718734741211,62.66361618041992,66.99739837646484,127.31297302246094
2023-01-20,179.2899932861328,94.75114440917969,41.22002410888672,33.80311584472656,64.35907745361328,67.5180435180664,127.95317077636719
2023-01-23,179.6300048828125,94.3050308227539,41.27468490600586,34.19517135620117,65.82423400878906,67.73188018798828,128.39268493652344
2023-01-24,180.27999877929688,95.66117858886719,41.115238189697266,34.21430587768555,65.79484558105469,68.01081085205078,127.54229736328125
2023-01-25,181.11000061035156,95.8931655883789,41.119789123535156,34.482051849365234,65.65765380859375,68.17817687988281,127.58052062988281
2023-01-26,179.47000122070312,95.44706726074219,42.41817092895508,34.66373825073242,66.70629119873047,67.93643188476562,127.81941223144531
2023-01-27,179.22000122070312,95.2061538696289,41.56169891357422,34.66373825073242,66.98558807373047,67.74118041992188,126.94986724853516
2023-01-30,178.75999450683594,94.85821533203125,40.60955810546875,34.491607666015625,65.70662689208984,67.8248519897461,125.80327606201172
2023-01-31,179.41000366210938,95.61659240722656,40.969459533691406,34.960166931152344,66.62297821044922,68.55935668945312,127.42764282226562
2023-02-01,181.6699981689453,96.76599884033203,40.16310119628906,34.960166931152344,68.19103240966797,69.10791778564453,128.02960205078125
2023-02-02,177.89999389648438,96.89122772216797,39.247398376464844,35.05579376220703,70.0531005859375,68.51287078857422,127.16011047363281
2023-02-03,173.4600067138672,95.442138671875,39.16084289550781,34.988853454589844,69.46997833251953,68.24324798583984,126.78744506835938
2023-02-06,173.82000732421875,94.7354965209961,38.98316955566406,34.97930145263672,68.62222290039062,68.32691192626953,126.08035278320312
2023-02-07,173.97999572753906,93.97518157958984,40.24965286254883,35.38091278076172,70.33731079101562,68.03870391845703,126.89256286621094
2023-02-08,174.41000366210938,94.42242431640625,39.88975524902344,35.17054748535156,69.48957061767578,67.5180435180664,126.5198974609375
2023-02-09,173.02999877929688,93.5279312133789,39.548072814941406,34.778480529785156,69.10736846923828,67.22052764892578,125.41149139404297
2023-02-10,173.36000061035156,92.48139190673828,41.09701156616211,34.89323043823242,68.78884887695312,67.84346008300781,126.5963363647461
2023-02-13,172.47999572753906,93.25958251953125,40.99223709106445,35.29484939575195,69.9795913696289,68.6151351928711,127.64738464355469
2023-02-14,172.61000061035156,93.044921875,41.00590515136719,35.10360336303711,70.27850341796875,67.99221801757812,126.89256286621094
2023-02-15,170.88999938964844,92.1772689819336,40.30887222290039,35.1418571472168,70.6068344116211,68.12236785888672,126.26188659667969
2023-02-16,170.75,90.87132263183594,39.912532806396484,34.78804016113281,69.38176727294922,67.62960815429688,125.00064086914062
2023-02-17,171.25999450683594,91.57794189453125,38.49114990234375,34.797607421875,68.51444244384766,68.5035629272461,126.11857604980469
2023-02-21,170.6199951171875,89.79792785644531,38.299808502197266,34.08042907714844,66.88758087158203,68.24324798583984,124.48464965820312
2023-02-22,169.66000366210938,90.62084197998047,38.04469299316406,34.042179107666016,66.7895736694336,68.14097595214844,124.06421661376953
2023-02-23,169.57000732421875,91.50638580322266,38.61870193481445,34.07087326049805,67.89700317382812,68.05730438232422,124.3986587524414
2023-02-24,168.35000610351562,90.31672668457031,38.568603515625,34.09955978393555,66.6866683959961,67.60173034667969,122.79337310791016
2023-02-27,169.00999450683594,90.56717681884766,38.682491302490234,34.08999252319336,67.04438781738281,67.52733612060547,122.42072296142578
2023-02-28,169.77999877929688,90.97864532470703,38.1266975402832,34.15692901611328,66.89738464355469,66.96949768066406,121.51297760009766
2023-03-01,170.75999450683594,90.00125885009766,38.87838363647461,34.042179107666016,66.40736389160156,66.47673034667969,121.31231689453125
2023-03-02,170.66000366210938,89.20318603515625,39.22006607055664,33.879615783691406,67.22569274902344,67.38787841796875,122.05762481689453
2023-03-03,172.49000549316406,91.36418914794922,39.75308609008789,34.41511535644531,68.67124938964844,67.44366455078125,123.42401885986328
2023-03-06,171.6199951171875,90.65581512451172,39.771305084228516,34.44380187988281,68.99954986572266,67.62030792236328,123.36668395996094
2023-03-07,168.6199951171875,91.21178436279297,39.07884216308594,33.554500579833984,68.14201354980469,66.95088958740234,121.37921142578125
2023-03-08,168.5399932861328,91.30145263671875,38.67793273925781,33.430179595947266,68.7055435180664,67.06246948242188,120.7294692993164
2023-03-09,170.1999969482422,91.52561950683594,38.13125228881836,32.072322845458984,67.72059631347656,66.43954467773438,119.50639343261719
2023-03-10,173.8699951171875,94.68199157714844,37.6437873840332,31.4890193939209,66.52986145019531,66.11412811279297,118.62733459472656
2023-03-13,177.86000061035156,94.897216796875,36.87843322753906,30.245899200439453,66.89246368408203,66.4488296508789,119.73572540283203
2023-03-14,176.8300018310547,93.33695220947266,37.242881774902344,30.85789680480957,68.43603515625,67.05316925048828,120.805908203125
2023-03-15,178.2100067138672,95.13932800292969,35.24293518066406,30.035526275634766,68.4752426147461,67.49015808105469,120.70079803466797
2023-03-16,178.57000732421875,94.39505767822266,35.625606536865234,30.609272003173828,70.39610290527344,67.53663635253906,121.82830810546875
2023-03-17,183.77000427246094,95.81183624267578,35.06526184082031,29.62434196472168,70.2981185913086,67.04386901855469,120.26126861572266
2023-03-20,183.83999633789062,94.96894836425781,35.76725769042969,29.953964233398438,70.48766326904297,67.97342681884766,121.78549194335938
2023-03-21,180.3699951171875,94.15294647216797,37.00553512573242,30.71314239501953,71.0573501586914,67.9173583984375,122.52411651611328
2023-03-22,183.44000244140625,95.4083251953125,36.21837615966797,30.002012252807617,70.35015869140625,67.29144287109375,120.67278289794922
2023-03-23,185.74000549316406,95.4083251953125,35.71662521362305,29.800207138061523,71.49443054199219,67.02986145019531,120.44255828857422
2023-03-24,183.64999389648438,95.81183624267578,35.85472106933594,29.780982971191406,71.6810531616211,68.16960144042969,122.11165618896484
2023-03-27,181.9499969482422,93.56110382080078,36.618858337402344,30.1942081451416,71.12610626220703,68.53394317626953,122.61043548583984
2023-03-28,183.44000244140625,93.73150634765625,37.185054779052734,30.184600830078125,70.79215240478516,68.6553955078125,121.871826171875
2023-03-29,182.52999877929688,93.54317474365234,37.70062255859375,30.626657485961914,72.2752685546875,69.03842163085938,122.20757293701172
2023-03-30,184.17999267578125,93.97359466552734,37.866336822509766,30.559383392333984,73.11504364013672,69.23460388183594,122.86944580078125
2023-03-31,183.22000122070312,95.38141632080078,38.12873077392578,30.89573097229004,74.16109466552734,69.79513549804688,124.1836166381836
2023-04-03,184.5399932861328,95.83000946044922,39.85494613647461,30.953386306762695,74.04324340820312,70.15947723388672,125.57450103759766
2023-04-04,187.97999572753906,96.30645751953125,39.132240295410156,30.66509246826172,73.63562774658203,70.01935577392578,125.59368896484375
2023-04-05,187.8300018310547,97.31330871582031,39.7214469909668,30.626657485961914,72.79584503173828,70.34632873535156,127.76158142089844
2023-04-06,186.49000549316406,97.56501007080078,39.1184196472168,30.741975784301758,73.20838165283203,70.40238189697266,128.07814025878906
2023-04-10,185.11000061035156,95.9918212890625,39.43144607543945,30.80924415588379,73.16908264160156,70.40238189697266,127.9917984008789
2023-04-11,186.27999877929688,96.18958282470703,39.80430603027344,31.078317642211914,72.48152923583984,70.60790252685547,128.42347717285156
2023-04-12,187.19000244140625,96.0906982421875,39.83192825317383,31.01104736328125,72.06901550292969,70.29026794433594,128.4618377685547
2023-04-13,189.72000122070312,95.33555603027344,40.08050537109375,31.28973960876465,73.40972137451172,70.6826400756836,130.13092041015625
2023-04-14,186.36000061035156,94.46357727050781,40.1541633605957,31.597251892089844,73.00210571289062,70.23422241210938,129.0853729248047
2023-04-17,185.52999877929688,93.33988189697266,39.680015563964844,31.96242332458496,73.26730346679688,70.6826400756836,128.9798126220703
2023-04-18,186.25,93.67245483398438,39.83653259277344,32.05852508544922,73.49320983886719,70.89749908447266,128.09730529785156
2023-04-19,185.36000061035156,93.58260345458984,39.698429107666016,32.13540267944336,73.28203582763672,70.85079193115234,128.49061584472656
2023-04-20,186.08999633789062,94.38265228271484,39.34858703613281,32.039302825927734,72.8007583618164,71.01895904541016,127.96300506591797
2023-04-21,184.25,93.85226440429688,39.1184196472168,31.92398452758789,72.56502532958984,71.53276824951172,128.8263397216797
2023-04-24,184.80999755859375,94.76023864746094,39.71684646606445,31.847108840942383,72.24581146240234,71.82237243652344,129.54579162597656
2023-04-25,185.75,96.15363311767578,38.97112274169922,31.299346923828125,70.70375061035156,71.72895050048828,128.16444396972656
2023-04-26,184.74000549316406,95.12881469726562,38.45094680786133,31.00143814086914,71.75470733642578,71.1684341430664,126.3419189453125
2023-04-27,184.75,94.18487548828125,38.58905029296875,31.501150131225586,73.27713012695312,71.96250915527344,127.00376892089844
2023-04-28,184.8000030517578,95.70414733886719,39.187469482421875,31.875938415527344,74.07270050048828,72.34552764892578,128.08770751953125
2023-05-01,183.97000122070312,92.94454956054688,38.74555969238281,31.789447784423828,74.11688995361328,72.4015884399414,128.74961853027344
2023-05-02,187.52000427246094,95.26072692871094,37.060768127441406,31.068710327148438,73.42445373535156,72.20539855957031,128.1932373046875
2023-05-03,189.11000061035156,95.79247283935547,36.3610725402832,30.71314239501953,72.80567169189453,71.61685180664062,128.0205841064453
2023-05-04,190.44000244140625,94.8461685180664,35.955989837646484,30.319135665893555,72.45697784423828,71.43934631347656,127.00376892089844
2023-05-05,187.4600067138672,94.53074645996094,36.93187713623047,31.068710327148438,74.2740707397461,72.10265350341797,128.145263671875
2023-05-08,187.69000244140625,93.20592498779297,36.93187713623047,31.11676025390625,74.23477935791016,71.88776397705078,127.8670883178711
2023-05-09,189.02000427246094,92.87248229980469,36.9456901550293,31.00143814086914,73.66510009765625,71.6635513305664,127.01337432861328
2023-05-10,188.75,93.77368927001953,36.52679443359375,30.82846450805664,74.56380462646484,71.55144500732422,127.36830139160156
2023-05-11,187.1300048828125,94.76507568359375,36.0894889831543,30.780412673950195,74.22985076904297,71.76631927490234,126.97500610351562
2023-05-12,186.80999755859375,93.97197723388672,36.14472198486328,30.65548324584961,74.13163757324219,72.04658508300781,126.80235290527344
2023-05-15,187.2100067138672,92.99862670898438,36.328861236572266,30.90534019470215,74.74549865722656,71.86910247802734,126.5816879272461
2023-05-16,184.8699951171875,92.71924591064453,35.435829162597656,30.61704444885254,74.82408905029297,71.26185607910156,125.52654266357422
2023-05-17,184.22999572753906,92.44889831542969,36.117103576660156,31.232074737548828,75.8210220336914,71.22447967529297,125.6800308227539
2023-05-18,181.83999633789062,91.76393127441406,36.37948989868164,31.46271514892578,77.3729019165039,70.87882232666016,125.3730697631836
2023-05-19,183.63999938964844,91.11504364013672,36.6602897644043,31.328174591064453,77.33853149414062,70.92552947998047,125.95820617675781
2023-05-22,183.2100067138672,90.7906265258789,36.50838088989258,31.385826110839844,77.48585510253906,69.8511962890625,126.08290100097656
2023-05-23,183.42999267578125,91.05196380615234,36.899654388427734,31.020658493041992,76.34158325195312,69.33737182617188,124.70158386230469
2023-05-24,181.9499969482422,90.6013412475586,37.060768127441406,30.61704444885254,75.78173065185547,68.88895416259766,123.84786987304688
2023-05-25,180.1999969482422,90.37606811523438,36.40250778198242,30.607431411743164,78.68905639648438,68.36577606201172,122.58167266845703
2023-05-26,180.9199981689453,91.10602569580078,36.25980758666992,30.857295989990234,80.9235610961914,68.59934997558594,122.332275390625
2023-05-30,182.0399932861328,92.01628875732422,35.88694381713867,30.847679138183594,81.35574340820312,67.81459045410156,121.574462890625
2023-05-31,182.32000732421875,92.81839752197266,35.25629806518555,30.520944595336914,80.67800903320312,67.88934326171875,122.62004089355469
2023-06-01,183.75999450683594,93.18254852294922,35.69361114501953,30.847679138183594,81.4981460571289,67.83328247070312,123.4258041381836
2023-06-02,181.0500030517578,92.16143035888672,36.779972076416016,31.52037239074707,81.96468353271484,68.76750946044922,125.00855255126953
2023-06-05,182.13999938964844,91.98974609375,36.53600311279297,31.35700035095215,81.49325561523438,68.5152587890625,125.45938873291016
2023-06-06,182.33999633789062,92.53195190429688,36.83060836791992,31.751008987426758,81.47358703613281,68.16960144042969,124.41381072998047
2023-06-07,180.14999389648438,91.15840148925781,37.806495666503906,31.875938415527344,80.25566864013672,67.94538879394531,123.92460632324219
2023-06-08,182.52999877929688,92.22470092773438,37.645381927490234,31.847108840942383,81.12490844726562,68.4124984741211,124.72080993652344
2023-06-09,182.0399932861328,92.09820556640625,37.43824005126953,31.856719970703125,81.52761840820312,68.30039978027344,125.10448455810547
2023-06-12,181.8800048828125,92.3692626953125,37.07918167114258,31.847108840942383,83.30046844482422,68.28170776367188,125.55531311035156
2023-06-13,180.5399932861328,91.45660400390625,37.25410461425781,32.039302825927734,83.80631256103516,68.56197357177734,126.18843841552734
2023-06-14,180.63999938964844,92.18852996826172,36.87203598022461,31.914377212524414,84.670654296875,68.98236846923828,124.8934326171875
2023-06-15,181.91000366210938,93.07412719726562,37.27712631225586,32.337215423583984,85.76090240478516,69.6736831665039,126.83111572265625
2023-06-16,181.6300048828125,92.7126693725586,37.22188186645508,32.26994705200195,85.05372619628906,69.75776672363281,126.82154846191406
2023-06-20,179.75,93.35423278808594,36.38878631591797,32.02861404418945,84.47891235351562,69.22712707519531,126.67898559570312
2023-06-21,179.49000549316406,93.58015441894531,36.676700592041016,31.990005493164062,83.2289047241211,69.47174072265625,126.69823455810547
2023-06-22,177.7100067138672,92.45060729980469,36.18445587158203,31.739028930664062,83.90805053710938,69.87631225585938,127.56510162353516
2023-06-23,178.1999969482422,93.37232208251953,35.92440414428711,31.6038875579834,82.99759674072266,69.41529846191406,127.14130401611328
2023-06-26,178.50999450683594,93.47172546386719,36.569889068603516,31.536314010620117,82.4021224975586,69.50938415527344,126.41890716552734
2023-06-27,177.69000244140625,93.22772216796875,36.65348434448242,31.78729248046875,84.0261459350586,69.71635437011719,126.12995910644531
2023-06-28,177.27999877929688,93.62532806396484,37.024993896484375,31.710073471069336,84.07535552978516,69.2459487915039,125.72542572021484
2023-06-29,177.08999633789062,91.93553924560547,37.45221710205078,32.26028060913086,84.2230224609375,69.18009948730469,126.54412841796875
2023-06-30,178.27000427246094,93.01991271972656,37.69369125366211,32.540225982666016,85.56159210205078,69.78221893310547,127.84444427490234
2023-07-03,178.47000122070312,92.49258422851562,37.781925201416016,32.7236328125,85.37950897216797,70.32791137695312,126.79456329345703
2023-07-05,177.83999633789062,91.61366271972656,37.57295608520508,32.656063079833984,84.8529281616211,70.20560455322266,126.72713470458984
2023-07-06,177.30999755859375,90.31798553466797,36.727779388427734,32.37612533569336,84.62654876708984,70.02684020996094,125.71577453613281
2023-07-07,178.63999938964844,89.77432250976562,37.51723098754883,32.42439270019531,84.25746154785156,69.11422729492188,124.25172424316406
2023-07-10,178.77999877929688,89.89212036132812,37.80978775024414,32.56918716430664,84.47891235351562,69.09542083740234,125.23420715332031
2023-07-11,179.4499969482422,90.35420227050781,38.64102554321289,32.95530700683594,84.66099548339844,69.19890594482422,125.2630844116211
2023-07-12,181.8800048828125,91.35995483398438,38.998600006103516,33.16767120361328,85.62065124511719,69.35885620117188,124.92595672607422
2023-07-13,182.00999450683594,92.3204116821289,38.85000228881836,33.283504486083984,86.73777770996094,69.65050506591797,124.97413635253906
2023-07-14,181.42999267578125,91.77674102783203,37.8237190246582,33.061492919921875,86.60982513427734,69.88572692871094,126.85234832763672
2023-07-17,181.55999755859375,91.82207489013672,37.749427795410156,33.38003921508789,87.71711730957031,69.6787338256836,126.27445220947266
2023-07-18,183.63999938964844,92.23885345458984,38.130210876464844,33.756500244140625,88.71122741699219,69.60346984863281,127.208740234375
2023-07-19,183.6699981689453,93.28081512451172,38.35311508178711,33.90129852294922,88.48976135253906,70.30909729003906,127.79624938964844
2023-07-20,182.74000549316406,92.14824676513672,38.803558349609375,34.15227508544922,86.72300720214844,70.91123962402344,129.91531372070312
2023-07-21,182.17999267578125,92.17543029785156,39.1472053527832,34.036434173583984,86.67872619628906,71.15584564208984,131.22525024414062
2023-07-24,181.39999389648438,91.84017944335938,39.77876281738281,34.36464309692383,86.831298828125,71.42870330810547,130.936279296875
2023-07-25,182.41000366210938,91.66801452636719,39.987735748291016,34.14262008666992,87.82539367675781,71.4098892211914,130.8784942626953
2023-07-26,183.3000030517578,91.7586441040039,40.00166320800781,34.345333099365234,86.64427947998047,71.49456024169922,130.7917938232422
2023-07-27,180.4199981689453,89.97367095947266,39.746246337890625,33.910953521728516,86.39329528808594,70.86419677734375,129.82859802246094
2023-07-28,181.86000061035156,90.4357681274414,39.86699295043945,33.978519439697266,87.56949615478516,71.59805297851562,130.21385192871094
2023-07-31,182.35000610351562,90.6532211303711,40.623931884765625,34.1040153503418,87.77125549316406,71.26876831054688,129.21217346191406
2023-08-01,180.4600067138672,89.16770935058594,40.433536529541016,34.1040153503418,87.91889190673828,70.88301849365234,128.5379180908203
2023-08-02,179.60000610351562,88.21368408203125,39.90414047241211,33.814414978027344,85.7436752319336,71.13703155517578,128.6246337890625
2023-08-03,179.5399932861328,86.1784896850586,40.30815887451172,33.83372116088867,85.39427185058594,70.93946838378906,127.97928619384766
2023-08-04,180.19000244140625,87.70489501953125,40.3638801574707,33.698585510253906,84.23284149169922,70.23382568359375,127.52658081054688
2023-08-07,179.77999877929688,86.84175109863281,40.41031265258789,34.17158126831055,84.46907043457031,70.8077392578125,129.00027465820312
2023-08-08,178.63999938964844,87.85025024414062,40.6099967956543,33.8626823425293,83.81946563720703,70.29969787597656,129.99234008789062
2023-08-09,177.7899932861328,88.30455780029297,41.12081527709961,33.61170196533203,82.73677062988281,70.4031753540039,129.95384216308594
2023-08-10,177.60000610351562,86.850830078125,41.116172790527344,33.64067077636719,82.74661254882812,70.26205444335938,129.86712646484375
2023-08-11,177.60000610351562,86.65093994140625,41.74773025512695,33.7082405090332,82.1363754272461,70.37496185302734,130.67620849609375
2023-08-14,177.05999755859375,86.46014404296875,41.57126235961914,33.64067077636719,83.4454345703125,70.02684020996094,131.07115173339844
2023-08-15,176.58999633789062,85.93315887451172,40.707515716552734,33.02287292480469,82.62358856201172,69.27417755126953,130.58953857421875
2023-08-16,175.57000732421875,85.26080322265625,40.35458755493164,32.974613189697266,81.836181640625,69.11422729492188,129.5974578857422
2023-08-17,175.3000030517578,84.89741516113281,40.837547302246094,32.81051254272461,81.05860900878906,68.44622802734375,128.56683349609375
2023-08-18,175.3300018310547,85.19719696044922,41.241554260253906,32.80084991455078,81.18165588378906,68.70025634765625,128.61497497558594
2023-08-21,175.80999755859375,84.06148529052734,40.981502532958984,32.76224899291992,82.73184967041016,68.23924255371094,128.7498321533203
2023-08-22,176.10000610351562,84.70661163330078,40.66572189331055,32.45335006713867,82.63835906982422,67.85350799560547,128.29713439941406
2023-08-23,177.88999938964844,86.80537414550781,40.563560485839844,32.77189254760742,84.1294937133789,68.30511474609375,128.68243408203125
2023-08-24,177.85000610351562,86.23300170898438,40.28493118286133,32.656063079833984,82.19049835205078,67.75941467285156,127.56510162353516
2023-08-25,177.6199951171875,86.51465606689453,40.67500686645508,32.81051254272461,83.02713012695312,68.13574981689453,128.49940490722656
2023-08-28,178.1300048828125,86.60550689697266,40.94898986816406,32.99391174316406,83.70626068115234,68.44622802734375,128.79798889160156
2023-08-29,179.8699951171875,87.50497436523438,41.06044387817383,33.29315948486328,85.3844223022461,68.69084930419922,129.95384216308594
2023-08-30,180.32000732421875,87.41414642333984,41.264774322509766,33.312461853027344,86.02912139892578,68.80374908447266,129.8574981689453
2023-08-31,180.02000427246094,87.8048324584961,41.29262924194336,33.18698501586914,86.44743347167969,68.45565032958984,128.3067626953125
2023-09-01,180.11000061035156,86.43696594238281,42.13780212402344,33.4862174987793,86.71317291259766,67.87232208251953,128.6535186767578
2023-09-05,178.63999938964844,85.22492218017578,42.36071014404297,33.14836120605469,87.02322387695312,67.28899383544922,127.32432556152344
2023-09-06,177.8300018310547,85.4345474243164,42.37928009033203,33.129058837890625,86.10295867919922,67.21372985839844,126.63082885742188
2023-09-07,178.02000427246094,85.6714859008789,42.33749008178711,33.04217529296875,84.85784149169922,67.37367248535156,127.19908905029297
2023-09-08,178.0800018310547,85.99954223632812,42.74614715576172,33.1097526550293,85.0350112915039,67.4583511352539,127.19908905029297
2023-09-11,178.41000366210938,85.37985229492188,42.184242248535156,33.264198303222656,85.4779281616211,68.04167938232422,128.0756072998047
2023-09-12,177.49000549316406,85.87196350097656,43.17802047729492,33.4862174987793,83.9277114868164,67.4583511352539,127.9118881225586
2023-09-13,177.0800018310547,85.8537368774414,42.85295104980469,33.4862174987793,84.13934326171875,67.66533660888672,127.9311294555664
2023-09-14,177.1699981689453,85.23404693603516,43.35448455810547,33.79511260986328,84.74958801269531,68.35215759277344,128.33567810058594
2023-09-15,178.33999633789062,84.7146224975586,42.72757339477539,33.621360778808594,83.12062072753906,67.78765106201172,127.32432556152344
2023-09-18,179.38999938964844,85.19759368896484,43.08965301513672,33.713478088378906,83.5201187133789,67.76396942138672,127.130859375
2023-09-19,179.22000122070312,84.56878662109375,42.687339782714844,33.6746940612793,83.47572326660156,67.60293579101562,127.23725891113281
2023-09-20,179.35000610351562,84.83306884765625,42.28970718383789,33.441986083984375,82.16386413574219,67.66924285888672,127.2469482421875
2023-09-21,178.0500030517578,82.65507507324219,41.70962142944336,32.88929748535156,80.91118621826172,66.79781341552734,126.13473510742188
2023-09-22,178.6199951171875,83.32032775878906,41.779788970947266,32.6371955871582,81.08380889892578,66.43785095214844,125.87359619140625
2023-09-25,177.6999969482422,81.26988983154297,42.30373764038086,32.71477127075195,81.34518432617188,66.2010498046875,126.56027221679688
2023-09-26,176.27999877929688,80.98738861083984,42.06047821044922,32.27845001220703,79.88043975830078,65.70850372314453,125.48674774169922
2023-09-27,174.10000610351562,80.56819152832031,43.10836410522461,32.2299690246582,80.00373077392578,65.1685791015625,124.85809326171875
2023-09-28,173.22999572753906,80.81422424316406,43.15514373779297,32.46267318725586,80.57088470458984,65.36750030517578,125.45771026611328
2023-09-29,171.4499969482422,80.82334899902344,42.2850227355957,32.16209030151367,80.8470687866211,65.17807006835938,124.50992584228516
2023-10-02,169.64999389648438,79.47035217285156,41.442970275878906,31.89059829711914,81.71505737304688,64.73286437988281,124.33583068847656
2023-10-03,169.16000366210938,77.76081848144531,41.41490173339844,31.38640022277832,80.32923889160156,64.26873016357422,123.23328399658203
2023-10-04,169.13999938964844,78.85784912109375,40.114402770996094,31.619110107421875,81.33039093017578,64.78022766113281,123.75555419921875
2023-10-05,168.8300018310547,78.46472930908203,39.8664665222168,31.76454734802246,81.43889617919922,63.501487731933594,124.43255615234375
2023-10-06,169.6999969482422,77.51397705078125,40.10504150390625,32.036041259765625,82.96281433105469,63.15102005004883,125.73820495605469
2023-10-09,172.82000732421875,79.33322143554688,41.442970275878906,32.05543899536133,83.39187622070312,63.207847595214844,126.17342376708984
2023-10-10,172.52999877929688,79.22352600097656,41.49443435668945,32.28813934326172,83.5201187133789,63.85195541381836,126.77303314208984
2023-10-11,173.7899932861328,80.8781967163086,40.96113204956055,32.33662033081055,84.29440307617188,63.416229248046875,126.21208953857422
2023-10-12,173.25999450683594,78.68415069580078,41.007911682128906,32.13300323486328,84.3733139038086,62.724761962890625,125.12890625
2023-10-13,178.8300018310547,80.09199523925781,41.91077423095703,32.20087432861328,83.16503143310547,63.27415084838867,125.91230010986328
2023-10-16,177.9600067138672,78.80299377441406,42.19145965576172,32.540245056152344,83.96398162841797,63.927734375,126.86006164550781
2023-10-17,178.2899932861328,77.93451690673828,42.631202697753906,32.69538497924805,83.5743637084961,64.2024154663086,126.68597412109375
2023-10-18,180.8699951171875,77.24888610839844,43.01948165893555,32.13300323486328,82.71623229980469,64.43922424316406,125.58345794677734
2023-10-19,183.08999633789062,75.66732025146484,42.94463348388672,31.70638084411621,82.24276733398438,63.96561050415039,124.34551239013672
2023-10-20,183.58999633789062,76.09699249267578,42.224212646484375,31.221569061279297,80.85201263427734,63.71934127807617,123.85226440429688
2023-10-23,182.97000122070312,77.01119232177734,41.54121780395508,31.02764129638672,80.94570922851562,63.59620666503906,123.07855224609375
2023-10-24,182.9499969482422,78.02592468261719,40.95645523071289,31.2409610748291,81.50300598144531,64.13612365722656,123.45573425292969
2023-10-25,183.72000122070312,76.28897857666016,40.8816032409668,31.124603271484375,80.54129028320312,64.35397338867188,122.35320281982422
2023-10-26,184.00999450683594,77.45911407470703,40.563499450683594,31.056732177734375,79.00257110595703,63.93720626831055,121.14427185058594
2023-10-27,186.14999389648438,77.13002014160156,39.590457916259766,30.49435806274414,79.46122741699219,63.065773010253906,119.09393310546875
2023-10-30,185.10000610351562,76.78262329101562,39.72144317626953,31.037338256835938,80.314453125,64.05086517333984,119.76126098632812
2023-10-31,184.08999633789062,76.40782928466797,39.8524284362793,31.376705169677734,80.88652038574219,64.2781982421875,120.44791412353516
2023-11-01,183.50999450683594,78.06449127197266,39.75886535644531,31.580326080322266,82.44991302490234,64.21189880371094,120.69937896728516
2023-11-02,184.1199951171875,79.84413146972656,40.96113204956055,32.32692337036133,83.84559631347656,65.04544067382812,122.61432647705078
2023-11-03,184.7899932861328,80.3853530883789,40.549468994140625,32.75354766845703,84.70866394042969,65.12122344970703,123.22362518310547
2023-11-06,183.35000610351562,79.60562133789062,40.09101486206055,32.65660095214844,85.2659683227539,65.22541809082031,124.04569244384766
2023-11-07,182.58999633789062,80.77979278564453,39.202178955078125,32.60811996459961,86.19808197021484,65.38644409179688,124.13275146484375
2023-11-08,180.77000427246094,82.15577697753906,38.71098327636719,32.64690017700195,86.68633270263672,65.13070678710938,123.95864868164062
2023-11-09,181.49000549316406,80.26606750488281,38.594032287597656,32.51115417480469,86.28192901611328,64.86547088623047,121.3957290649414
2023-11-10,179.50999450683594,80.71560668945312,39.01973342895508,32.87960433959961,88.5357666015625,65.32013702392578,122.12107849121094
2023-11-13,180.50999450683594,80.53211212158203,39.300418853759766,32.83112716674805,88.01791381835938,65.52853393554688,122.82709503173828
2023-11-14,182.1199951171875,82.35762023925781,39.651268005371094,33.45167922973633,89.77857208251953,66.2010498046875,123.65882873535156
2023-11-15,181.63999938964844,81.2017593383789,39.57642364501953,33.63589859008789,89.89201354980469,66.73149871826172,123.75555419921875
2023-11-16,183.69000244140625,82.21083068847656,38.804542541503906,33.77164840698242,90.34078979492188,65.90741729736328,124.2874755859375
2023-11-17,183.6699981689453,82.59610748291016,39.6185302734375,33.94618606567383,90.15339660644531,65.8221664428711,124.03601837158203
2023-11-20,183.3699951171875,83.10062408447266,39.67466354370117,34.081932067871094,91.46031951904297,65.77479553222656,124.79039001464844
2023-11-21,185.35000610351562,83.0639419555664,39.585784912109375,34.062538146972656,90.72054290771484,65.97371673583984,125.54475402832031
2023-11-22,184.55999755859375,83.35748291015625,39.56707000732422,34.19828414916992,91.12496185302734,66.44734191894531,126.14439392089844
2023-11-24,185.52000427246094,82.37593078613281,39.73080062866211,34.30493927001953,90.9474105834961,66.69361114501953,126.82139587402344
2023-11-27,186.77000427246094,83.7519302368164,39.590457916259766,34.1885871887207,90.94246673583984,66.5041732788086,126.02832794189453
2023-11-28,189.25999450683594,83.91707611083984,39.59981155395508,34.17888641357422,91.11508178710938,66.8072738647461,125.38035583496094
2023-11-29,189.5399932861328,84.97199249267578,39.305091857910156,34.421295166015625,91.18413543701172,66.2673568725586,125.41901397705078
2023-11-30,188.75,83.99043273925781,39.56707000732422,34.80914306640625,91.31729888916016,66.930419921875,126.99547576904297
2023-12-01,192.00999450683594,85.57230377197266,39.77289962768555,35.07093048095703,91.5244369506836,67.20511627197266,127.49838256835938
2023-12-04,187.86000061035156,85.23184204101562,39.590457916259766,35.03215026855469,90.40983581542969,67.29035186767578,127.74018096923828
2023-12-05,187.14999389648438,87.0631103515625,38.89810562133789,34.85762023925781,90.95233154296875,66.7599105834961,127.57575988769531
2023-12-06,187.83999633789062,88.22258758544922,38.31802749633789,34.68309020996094,90.18299102783203,66.58941650390625,127.6724624633789
2023-12-07,188.14999389648438,87.71643829345703,38.05604934692383,34.84791946411133,91.27784729003906,66.87358093261719,127.51775360107422
2023-12-08,185.63999938964844,86.9986801147461,38.46772384643555,35.03215026855469,92.05706024169922,66.4094467163086,127.73052215576172
2023-12-11,183.58999633789062,86.81462860107422,38.514503479003906,35.24546813964844,92.86094665527344,67.04408264160156,128.57191467285156
2023-12-12,183.49000549316406,87.07229614257812,37.985877990722656,35.49755859375,93.47742462158203,67.26194763183594,129.12318420410156
2023-12-13,187.6300048828125,89.11519622802734,38.514503479003906,36.06963348388672,94.30104064941406,68.48384094238281,131.50234985351562
2023-12-14,188.72999572753906,91.43336486816406,39.6465950012207,36.42839431762695,94.06924438476562,67.47978973388672,130.864013671875
2023-12-15,187.0,91.53490447998047,39.43608474731445,36.21507263183594,94.5427017211914,67.47978973388672,129.7518310546875
2023-12-18,187.85000610351562,90.80560302734375,39.75818634033203,36.335899353027344,94.8254165649414,68.18224334716797,129.963623046875
2023-12-19,189.1300048828125,91.29489135742188,40.23521041870117,36.60873794555664,95.18623352050781,68.31585693359375,130.8379364013672
2023-12-20,188.10000610351562,91.91342163085938,39.862091064453125,35.95588302612305,93.74790954589844,66.9892349243164,128.9435577392578
2023-12-21,189.42999267578125,91.33180236816406,40.0179557800293,36.306671142578125,94.80070495605469,67.4568862915039,130.51736450195312
2023-12-22,190.27000427246094,90.9163818359375,40.13603210449219,36.38462829589844,94.92428588867188,67.9722671508789,131.1682586669922
2023-12-26,191.72000122070312,91.17485809326172,40.480812072753906,36.53079605102539,95.31968688964844,68.25858306884766,131.45968627929688
2023-12-27,192.58999633789062,92.79045104980469,40.30133819580078,36.64772033691406,95.31474304199219,68.57353210449219,132.013427734375
2023-12-28,191.47000122070312,92.11652374267578,39.687347412109375,36.75490951538086,95.42842864990234,68.60215759277344,132.3534698486328
2023-12-29,191.1699981689453,91.2856674194336,39.59761047363281,36.63797378540039,95.13680267333984,68.74533081054688,132.48944091796875
2024-01-02,190.72000122070312,90.75942993164062,40.022682189941406,36.79387664794922,92.64569854736328,69.51838684082031,134.82095336914062
2024-01-03,189.1300048828125,91.13793182373047,40.67445373535156,36.4820671081543,91.70164489746094,68.97438049316406,134.59754943847656
2024-01-04,189.32000732421875,89.7531509399414,39.961280822753906,36.62823486328125,91.02944946289062,68.87894439697266,135.2678680419922
2024-01-05,189.35000610351562,88.89456939697266,39.994346618652344,36.78413391113281,91.00471496582031,68.72624969482422,135.15126037597656
2024-01-08,187.8699951171875,89.7716064453125,39.53148651123047,37.01799392700195,93.28825378417969,69.23206329345703,136.34620666503906
2024-01-09,187.92999267578125,89.19923400878906,38.89860534667969,36.78413391113281,93.43651580810547,69.41339874267578,136.32676696777344
2024-01-10,187.5,88.7837905883789,38.51604080200195,36.84260940551758,94.2322998046875,69.27024841308594,136.94851684570312
2024-01-11,187.8699951171875,89.28230285644531,38.61522674560547,36.7061882019043,94.71172332763672,69.26069641113281,136.85134887695312
2024-01-12,189.7100067138672,89.10690307617188,39.04974365234375,36.63797378540039,95.01818084716797,69.48021697998047,136.5113525390625
2024-01-16,187.91000366210938,87.5374755859375,38.11931228637695,36.38462829589844,95.25543212890625,69.09845733642578,135.69529724121094
2024-01-17,185.83999633789062,87.39900207519531,37.8028678894043,36.31642150878906,94.78588104248047,69.05073547363281,135.4232940673828
2024-01-18,187.3699951171875,86.58657836914062,37.74147415161133,36.374881744384766,96.70857238769531,68.96484375,135.40386962890625
2024-01-19,187.92999267578125,86.86354064941406,37.8642692565918,36.959529876708984,98.93772888183594,68.76441192626953,135.48158264160156
2024-01-22,187.22000122070312,87.38053894042969,38.005958557128906,37.134925842285156,99.37268829345703,68.43038177490234,136.07418823242188
2024-01-23,187.9499969482422,86.68814849853516,38.086246490478516,37.19339370727539,99.7730484008789,69.17481994628906,135.97702026367188
2024-01-24,186.39999389648438,86.18036651611328,38.629390716552734,37.33955383300781,100.4600830078125,68.32539367675781,134.73355102539062
2024-01-25,187.13999938964844,86.74352264404297,39.49842071533203,37.524688720703125,100.88021850585938,68.98391723632812,134.529541015625
2024-01-26,187.00999450683594,86.57733917236328,39.791255950927734,37.661102294921875,99.71868133544922,69.31796264648438,135.29701232910156
2024-01-29,188.3300018310547,87.57440185546875,39.73457336425781,37.7585563659668,100.6330795288086,69.71882629394531,136.24903869628906
2024-01-30,188.58999633789062,88.36834716796875,40.145477294921875,38.23601150512695,99.80269622802734,70.11011505126953,136.5599365234375
2024-01-31,188.4499969482422,89.23617553710938,39.3945198059082,37.76829147338867,97.70700073242188,69.59474182128906,136.37535095214844
2024-02-01,190.41000366210938,90.98662567138672,39.38979721069336,37.826759338378906,98.93772888183594,71.01680755615234,138.14341735839844
2024-02-02,188.61000061035156,88.97683715820312,39.446468353271484,37.982666015625,99.96087646484375,70.78773498535156,137.93939208984375
2024-02-05,187.57000732421875,87.18006134033203,39.347286224365234,37.7585563659668,100.188232421875,70.34871673583984,138.36685180664062
2024-02-06,188.5500030517578,88.03214263916016,39.47481155395508,37.83650207519531,99.72856140136719,70.51097106933594,139.87261962890625
2024-02-07,188.5,87.6061019897461,39.55509948730469,38.11907958984375,101.04826354980469,70.44416046142578,140.2515106201172
2024-02-08,188.3300018310547,87.0967025756836,39.961280822753906,37.972923278808594,101.36457824707031,70.42506408691406,140.00863647460938
2024-02-09,187.60000610351562,86.92074584960938,39.347286224365234,38.080108642578125,102.7287826538086,69.77607727050781,139.9017791748047
2024-02-12,187.11000061035156,87.02262115478516,39.781803131103516,38.25550079345703,101.94782257080078,70.2723617553711,140.0863494873047
2024-02-13,184.52999877929688,85.53148651123047,39.380348205566406,37.73906707763672,100.21788024902344,69.51838684082031,138.78460693359375
2024-02-14,184.4199981689453,85.96678161621094,39.342567443847656,38.09959030151367,101.2657470703125,69.38477325439453,139.9892120361328
2024-02-15,185.66000366210938,86.41136169433594,40.438297271728516,38.7524528503418,101.05319213867188,69.83333587646484,141.00924682617188
2024-02-16,186.33999633789062,85.91123962402344,40.4146842956543,38.616031646728516,100.12397766113281,69.93831634521484,141.46585083007812
2024-02-20,187.47000122070312,85.98530578613281,40.046295166015625,38.50885009765625,99.10578155517578,70.67322540283203,140.98983764648438
2024-02-21,187.47999572753906,85.37403869628906,40.79724884033203,38.62578201293945,98.4830093383789,70.93090057373047,141.3007049560547
2024-02-22,187.55999755859375,85.79081726074219,40.86809158325195,39.07400894165039,101.70564270019531,71.1504135131836,142.96192932128906
2024-02-23,188.6199951171875,86.93927001953125,40.59888458251953,39.26889419555664,101.4683837890625,71.36991882324219,143.6419677734375
2024-02-26,188.1999969482422,86.679931640625,40.740577697753906,39.07400894165039,101.56725311279297,71.08361053466797,142.9036407470703
2024-02-27,188.0,86.06864929199219,40.56582260131836,39.18119430541992,101.65621185302734,71.09314727783203,142.5539093017578
2024-02-28,188.33999633789062,86.61509704589844,40.48552703857422,39.327354431152344,101.17677307128906,71.16950225830078,141.84474182128906
2024-02-29,189.30999755859375,87.22637176513672,40.68389892578125,39.30786895751953,102.3036880493164,71.05496978759766,140.68865966796875
2024-03-01,192.88999938964844,87.7698974609375,41.15620040893555,39.25914764404297,104.17204284667969,71.06451416015625,142.16531372070312
2024-03-04,196.00999450683594,87.41683959960938,40.71695327758789,39.356590270996094,104.17204284667969,71.12177276611328,141.95156860351562
2024-03-05,197.19000244140625,88.66179656982422,41.01922607421875,39.3663330078125,101.61172485351562,71.29356384277344,140.8927001953125
2024-03-06,198.80999755859375,89.18206024169922,41.146751403808594,39.57095718383789,102.4173812866211,71.89484405517578,141.8544464111328
2024-03-07,199.94000244140625,89.09846496582031,41.496253967285156,39.51249694824219,104.03365325927734,72.30523681640625,142.51504516601562
2024-03-08,201.6300048828125,88.94051361083984,41.642662048339844,39.58070755004883,102.4865951538086,71.73260498046875,142.25271606445312
2024-03-11,202.0,88.8940658569336,42.07245635986328,39.64891052246094,102.20484924316406,72.12390899658203,142.175048828125
2024-03-12,199.7899932861328,88.15079498291016,42.00634002685547,39.814571380615234,104.30055236816406,72.4961166381836,142.8356170654297
2024-03-13,201.19000244140625,87.72343444824219,42.677005767822266,40.10688781738281,103.17361450195312,72.67745208740234,142.2819061279297
2024-03-14,200.35000610351562,86.37628173828125,43.11624526977539,39.785335540771484,103.19338989257812,72.11434936523438,141.77671813964844
2024-03-15,199.7100067138672,86.3484115600586,43.2437629699707,39.74635696411133,101.6364517211914,72.0857162475586,141.2132568359375
2024-03-18,200.02999877929688,86.08826446533203,43.39325714111328,39.974246978759766,102.135986328125,72.54912567138672,141.1967010498047
2024-03-19,199.8000030517578,86.32982635498047,43.888423919677734,40.169864654541016,102.66572570800781,72.81832122802734,142.13267517089844
2024-03-20,202.17999267578125,86.30195617675781,43.82653045654297,40.64912796020508,103.81432342529297,73.03946685791016,141.81092834472656
2024-03-21,201.97000122070312,86.48775482177734,44.08838653564453,40.9816780090332,103.88858032226562,73.07791900634766,141.99618530273438
2024-03-22,200.35000610351562,87.31464385986328,43.993167877197266,40.51219940185547,103.92323303222656,72.72219848632812,141.80117797851562
2024-03-25,200.99000549316406,86.87796783447266,44.40262985229492,40.3557014465332,103.23506927490234,72.52029418945312,141.606201171875
2024-03-26,201.63999938964844,87.11953735351562,44.05982971191406,40.49263000488281,102.80929565429688,72.55874633789062,142.12294006347656
2024-03-27,203.10000610351562,87.98357391357422,44.46928405761719,40.971893310546875,103.33409118652344,73.31826782226562,144.01438903808594
2024-03-28,205.72000122070312,87.90926361083984,44.95016098022461,41.19685363769531,103.1113052368164,73.4144058227539,144.0338897705078
2024-04-01,207.82000732421875,86.2705307006836,45.283447265625,40.971893310546875,103.39844512939453,72.82794189453125,142.80540466308594
2024-04-02,210.88999938964844,85.79513549804688,45.91668701171875,40.7567138671875,102.4033203125,72.45298767089844,140.5824432373047
2024-04-03,212.74000549316406,85.77647399902344,46.23091506958008,40.737159729003906,102.67561340332031,71.6550064086914,140.42645263671875
2024-04-04,211.52000427246094,86.3917236328125,46.20235061645508,40.2774543762207,101.05174255371094,71.34735107421875,138.39849853515625
2024-04-05,215.13999938964844,85.18922424316406,46.697509765625,40.65890884399414,102.21025085449219,71.46272277832031,139.63670349121094
2024-04-08,216.47999572753906,85.17990112304688,46.40231704711914,40.8349609375,102.0914306640625,71.35696411132812,139.18824768066406
2024-04-09,217.6699981689453,85.97223663330078,46.41659927368164,40.600215911865234,102.60630798339844,71.70307922363281,139.68548583984375
2024-04-10,215.61000061035156,84.0986328125,46.5594367980957,39.99380874633789,101.34880065917969,71.4434814453125,138.04750061035156
2024-04-11,219.8000030517578,83.71644592285156,46.5261116027832,39.71016311645508,103.37369537353516,71.27043151855469,137.48202514648438
2024-04-12,216.88999938964844,84.16387176513672,45.769081115722656,39.182003021240234,101.7003173828125,70.54936981201172,135.43455505371094
2024-04-15,220.9499969482422,82.8588638305664,45.340579986572266,38.98638916015625,99.76947784423828,70.26094055175781,135.16159057617188
2024-04-16,221.22000122070312,82.30889129638672,44.94540023803711,38.72230529785156,99.88829803466797,70.28978729248047,135.21031188964844
2024-04-17,219.58999633789062,83.2223892211914,44.81684494018555,38.820106506347656,98.44760131835938,70.54936981201172,134.97633361816406
2024-04-18,220.33999633789062,82.80293273925781,44.678775787353516,38.9570426940918,97.32376098632812,70.87625122070312,134.96656799316406
2024-04-19,221.02999877929688,83.1012191772461,45.216793060302734,39.494991302490234,95.31867218017578,71.56847381591797,135.4735565185547
2024-04-22,215.57000732421875,82.96139526367188,45.51198196411133,39.974246978759766,96.17020416259766,72.25108337402344,135.99029541015625
2024-04-23,215.0399932861328,82.9893798828125,45.76432418823242,40.228553771972656,97.5960693359375,72.45298767089844,137.7647705078125
2024-04-24,214.63999938964844,82.40209197998047,45.79765319824219,40.218772888183594,98.04163360595703,73.00099182128906,137.33575439453125
2024-04-25,215.9199981689453,81.82416534423828,46.007137298583984,39.98403549194336,97.82875061035156,72.82794189453125,136.41928100585938
2024-04-26,216.6199951171875,82.25296020507812,45.58340072631836,39.92534255981445,98.93278503417969,72.67411041259766,136.4582977294922
2024-04-29,216.17999267578125,82.94275665283203,45.892879486083984,39.866661071777344,99.35855102539062,72.90485382080078,136.91651916503906
2024-04-30,211.8699951171875,82.23430633544922,44.52642059326172,39.47542953491211,97.1702880859375,72.58757781982422,136.81903076171875
2024-05-01,213.7899932861328,82.84046936035156,43.8170051574707,39.47542953491211,96.17515563964844,72.1260986328125,137.06277465820312
2024-05-02,213.1300048828125,83.1959228515625,44.0693473815918,39.57323455810547,97.5614013671875,72.73180389404297,136.96527099609375
2024-05-03,212.9600067138672,84.03780364990234,44.07411193847656,39.66126251220703,100.2794189453125,72.95293426513672,137.30653381347656
2024-05-06,215.1999969482422,84.3652114868164,44.42167663574219,40.169864654541016,101.45770263671875,72.99138641357422,137.86224365234375
2024-05-07,214.2100067138672,84.87966918945312,44.378822326660156,40.30679702758789,101.12600708007812,73.78937530517578,139.0030059814453
2024-05-08,213.5800018310547,84.3652114868164,44.326446533203125,40.453514099121094,101.41316223144531,73.5682373046875,138.52525329589844
2024-05-09,216.9499969482422,84.77676391601562,44.921592712402344,40.7567138671875,101.38345336914062,74.2027816772461,139.7147216796875
2024-05-10,218.7100067138672,84.29971313476562,44.67401885986328,40.9132080078125,101.75971221923828,74.62581634521484,139.99746704101562
2024-05-13,216.25999450683594,84.5148696899414,44.55498504638672,40.74693298339844,102.23994445800781,74.41429901123047,139.86097717285156
2024-05-14,218.08999633789062,84.99192810058594,44.61211395263672,40.95233154296875,103.14595031738281,74.27008056640625,140.45570373535156
2024-05-15,220.88999938964844,86.1518325805664,44.71210479736328,41.25553894042969,105.46790313720703,74.31815338134766,142.54217529296875
2024-05-16,220.02999877929688,86.06763458251953,44.588314056396484,41.25553894042969,105.1015396118164,75.375732421875,142.37640380859375
2024-05-17,223.66000366210938,85.4876937866211,45.21202850341797,41.55874252319336,104.86885070800781,75.19304656982422,142.64939880371094
2024-05-20,224.55999755859375,85.23512268066406,44.916831970214844,40.991455078125,106.10161590576172,74.67388153076172,142.34718322753906
2024-05-21,224.22999572753906,85.67476654052734,44.697818756103516,41.25553894042969,106.27489471435547,75.11613464355469,142.59092712402344
2024-05-22,220.11000061035156,85.77764892578125,43.84081268310547,41.02079391479492,106.51252746582031,74.8180923461914,142.8444061279297
2024-05-23,215.72000122070312,85.22577667236328,43.44087600708008,40.453514099121094,105.64613342285156,73.93357849121094,141.28443908691406
2024-05-24,215.9199981689453,85.47833251953125,43.50276565551758,40.698028564453125,106.53728485107422,74.12586975097656,140.8066864013672
2024-05-28,218.19000244140625,84.25294494628906,43.9503173828125,40.248111724853516,106.98782348632812,73.54901885986328,139.10049438476562
2024-05-29,216.16000366210938,83.23335266113281,43.17424774169922,39.92534255981445,106.3095474243164,73.02022552490234,138.0182647705078
2024-05-30,216.57000732421875,84.03780364990234,43.298038482666016,40.140525817871094,103.88362884521484,73.21251678466797,138.08653259277344
2024-05-31,215.3000030517578,84.60839080810547,44.37405776977539,40.72737503051758,104.04701232910156,74.35659790039062,140.10472106933594
2024-06-03,217.22000122070312,85.97689819335938,43.212337493896484,40.47307205200195,104.30940246582031,74.3277587890625,141.0894317626953
2024-06-04,215.27000427246094,86.98120880126953,42.79812240600586,40.287235260009766,104.5272445678711,74.971923828125,141.4989471435547
2024-06-05,217.82000732421875,87.61946868896484,42.79335403442383,40.404605865478516,106.84918975830078,74.80848693847656,142.14242553710938
2024-06-06,219.42999267578125,87.4880599975586,43.017127990722656,40.38504409790039,106.49272918701172,75.03922271728516,142.6104278564453
2024-06-07,211.60000610351562,85.88302612304688,42.84572982788086,40.57088088989258,106.74026489257812,74.66426849365234,142.7664031982422
2024-06-10,213.5399932861328,85.31049346923828,43.16948699951172,40.414390563964844,107.01256561279297,74.60657501220703,143.29290771484375
2024-06-11,214.14999389648438,86.19278717041016,43.08378219604492,39.95468521118164,109.0028076171875,74.56813049316406,142.6981658935547
2024-06-12,214.72000122070312,86.84041595458984,42.6219482421875,39.915565490722656,111.41386413574219,73.75091552734375,142.3959197998047
2024-06-13,212.97000122070312,88.116943359375,42.231536865234375,39.88622283935547,112.29512023925781,73.8470458984375,142.27891540527344
2024-06-14,215.72999572753906,88.85844421386719,41.91730499267578,39.75907516479492,112.7159423828125,73.98165893554688,142.2301788330078
2024-06-17,214.61000061035156,87.97614288330078,42.026798248291016,40.11117935180664,114.4239730834961,74.68348693847656,142.08392333984375
2024-06-18,215.47000122070312,88.78333282470703,42.202972412109375,40.365482330322266,114.56755828857422,74.77963256835938,142.2691650390625
2024-06-20,218.16000366210938,88.19202423095703,42.97903823852539,40.58066177368164,113.28034210205078,74.61620330810547,142.73715209960938
2024-06-21,214.77999877929688,88.19202423095703,42.7314567565918,40.424171447753906,113.08230590820312,74.67388153076172,143.13690185546875
2024-06-24,215.6300048828125,88.54869842529297,43.80892562866211,40.839534759521484,110.30992889404297,75.47014617919922,143.97181701660156
2024-06-25,214.55999755859375,88.6988754272461,43.90970993041992,40.53512954711914,112.33341217041016,74.98579406738281,143.52159118652344
2024-06-26,212.5800018310547,87.4317398071289,43.47776794433594,40.279815673828125,112.2044677734375,74.83080291748047,143.0126190185547
2024-06-27,214.99000549316406,87.77902221679688,43.57855987548828,40.2307243347168,112.25902557373047,74.51113891601562,142.77767944335938
2024-06-28,215.00999450683594,86.14586639404297,43.74652862548828,40.36819839477539,112.19950103759766,74.1817855834961,142.6602325439453
2024-07-01,215.57000732421875,84.65906524658203,43.77052688598633,40.456573486328125,113.0475845336914,73.65870666503906,141.85760498046875
2024-07-02,215.55999755859375,85.31816864013672,43.736934661865234,40.92790985107422,113.61297607421875,74.17210388183594,141.33883666992188
2024-07-03,217.99000549316406,86.4386978149414,43.92890930175781,40.80025100708008,115.14546966552734,74.04618072509766,140.26217651367188
2024-07-05,220.92999267578125,87.15431213378906,43.24259567260742,40.79043960571289,115.49760437011719,74.95674133300781,141.3486328125
2024-07-08,218.19000244140625,87.34262084960938,42.97863006591797,40.68242263793945,116.28617095947266,74.84049987792969,141.19203186035156
2024-07-09,218.55999755859375,86.9565658569336,42.5994758605957,40.99664306640625,116.19192504882812,74.64675903320312,141.877197265625
2024-07-10,219.36000061035156,87.22962188720703,42.887447357177734,41.15375900268555,117.87816619873047,74.97611236572266,143.21815490722656
2024-07-11,223.25,88.07705688476562,43.33378601074219,41.47780227661133,114.92724609375,74.6951904296875,144.226318359375
2024-07-12,223.11000061035156,88.45370483398438,43.44416809082031,41.61527633666992,115.9538803100586,75.02454376220703,145.12681579589844
2024-07-15,223.8300018310547,87.4367904663086,44.10169219970703,42.224090576171875,116.16217041015625,74.58863830566406,144.61782836914062
2024-07-16,228.2899932861328,88.67025756835938,44.298465728759766,42.70525360107422,115.77533721923828,75.30545806884766,146.68310546875
2024-07-17,227.22999572753906,88.68910217285156,44.740013122558594,43.029293060302734,111.2720718383789,76.2741470336914,147.3486785888672
2024-07-18,225.77999877929688,88.01115417480469,44.821598052978516,42.50885772705078,111.28199768066406,75.8963623046875,144.00119018554688
2024-07-19,221.72999572753906,87.49327087402344,44.332061767578125,42.07679748535156,109.54119873046875,75.64449310302734,144.7353057861328
2024-07-22,221.8000030517578,87.23904418945312,44.05369567871094,42.312469482421875,112.1350326538086,75.69293975830078,145.56727600097656
2024-07-23,222.5800018310547,87.11662292480469,43.35298538208008,42.39102554321289,111.68866729736328,75.42169952392578,145.4792022705078
2024-07-24,221.8000030517578,86.17504119873047,43.357784271240234,41.811668395996094,107.06639099121094,75.3539047241211,146.69290161132812
2024-07-25,218.3300018310547,86.8812255859375,44.10648727416992,41.96878433227539,105.9207534790039,75.26671600341797,145.9587860107422
2024-07-26,220.6300048828125,87.55919647216797,44.24567413330078,42.62668991088867,107.2647705078125,76.03197479248047,146.781005859375
2024-07-29,220.32000732421875,88.02998352050781,43.866519927978516,42.567771911621094,106.78865814208984,76.06104278564453,146.86907958984375
2024-07-30,222.52000427246094,88.36896514892578,44.54803466796875,43.05875015258789,104.10555267333984,75.54763793945312,146.99630737304688
2024-07-31,226.5500030517578,89.27289581298828,44.73521041870117,42.95073699951172,108.51457977294922,75.4120101928711,146.45799255371094
2024-08-01,225.77000427246094,90.04285430908203,43.54975891113281,42.34192657470703,104.46759796142578,76.1094741821289,147.95555114746094
2024-08-02,225.33999633789062,92.8487319946289,42.426700592041016,41.30105972290039,101.53155517578125,76.7778549194336,147.66192626953125
2024-08-05,222.47999572753906,93.33998107910156,41.490814208984375,40.10306930541992,98.1491470336914,75.26671600341797,143.7173309326172
2024-08-06,220.6999969482422,91.25212097167969,41.74518585205078,40.751155853271484,99.48326873779297,75.78981018066406,144.3829345703125
2024-08-07,220.5500030517578,90.60969543457031,41.91315841674805,40.80025100708008,97.87142944335938,75.8673095703125,142.91473388671875
2024-08-08,224.00999450683594,90.05229949951172,42.815452575683594,41.458168029785156,101.52659606933594,76.55506896972656,146.07626342773438
2024-08-09,224.55999755859375,90.94034576416016,42.91143798828125,41.634918212890625,101.98287200927734,76.67130279541016,146.80056762695312
2024-08-12,228.41000366210938,91.27100372314453,43.12261199951172,41.418888092041016,102.8160629272461,76.2838363647461,146.24264526367188
2024-08-13,228.05999755859375,91.90397644042969,42.70506286621094,41.762569427490234,105.97528839111328,76.63256072998047,148.01426696777344
2024-08-14,226.1999969482422,92.48025512695312,42.954627990722656,42.273189544677734,106.5555648803711,76.98129272460938,148.54281616210938
2024-08-15,226.91000366210938,91.73393249511719,43.46816635131836,42.66597366333008,109.62054443359375,77.77560424804688,149.4727020263672
2024-08-16,231.99000549316406,92.0551528930664,43.420169830322266,42.98019790649414,109.8040542602539,77.98872375488281,149.62928771972656
2024-08-19,231.61000061035156,92.48025512695312,43.71294021606445,43.21586608886719,111.61428833007812,78.2502670288086,150.53958129882812
2024-08-20,232.4600067138672,93.21715545654297,42.56108474731445,43.078392028808594,111.22248840332031,78.63772583007812,151.14642333984375
2024-08-21,232.14999389648438,93.27384948730469,42.63307571411133,43.00965881347656,111.87714385986328,79.17051696777344,151.4009246826172
2024-08-22,229.3699951171875,92.34801483154297,42.74345779418945,43.25514602661133,109.30313873291016,79.05426788330078,151.49880981445312
2024-08-23,232.02000427246094,92.95264434814453,43.381778717041016,43.6282844543457,111.07369995117188,79.27706909179688,152.1545867919922
2024-08-26,232.75999450683594,92.71646118164062,43.77052688598633,43.76576232910156,109.68006134033203,79.83889770507812,152.07630920410156
2024-08-27,233.38999938964844,92.55587005615234,43.362579345703125,43.991615295410156,110.34464263916016,80.03264617919922,152.31121826171875
2024-08-28,231.75,92.44248962402344,43.08420944213867,44.09962844848633,108.82206726074219,79.69359588623047,152.4873809814453
2024-08-29,232.9499969482422,92.14016723632812,43.64574432373047,44.492408752441406,107.84008026123047,79.29644012451172,152.81040954589844
2024-08-30,231.2899932861328,91.15764617919922,43.80892562866211,44.91465377807617,109.27339935302734,79.92608642578125,153.86749267578125
2024-09-03,230.2899932861328,92.6485595703125,42.71946334838867,44.580787658691406,104.25434112548828,80.4879150390625,153.57386779785156
2024-09-04,230.42999267578125,93.84280395507812,42.12913513183594,44.6298828125,103.98651885986328,80.86571502685547,153.30958557128906
2024-09-05,232.35000610351562,94.37357330322266,41.802772521972656,44.13890838623047,103.82781982421875,80.55573272705078,151.2051544189453
2024-09-06,230.6300048828125,94.36408996582031,41.27964782714844,43.490814208984375,101.13479614257812,80.39105224609375,150.6864013671875
2024-09-09,231.60000610351562,94.77164459228516,41.57719802856445,44.13890838623047,102.79127502441406,81.0110092163086,151.74351501464844
2024-09-10,232.6199951171875,95.43511199951172,40.86209487915039,43.68721008300781,104.3287353515625,80.99163055419922,152.43846130371094
2024-09-11,232.25,95.35928344726562,40.48294448852539,43.48099136352539,107.88966369628906,80.2360610961914,151.98818969726562
2024-09-12,236.3300018310547,94.913818359375,40.84769821166992,43.579185485839844,108.78239440917969,80.73008728027344,152.53634643554688
2024-09-13,238.67999267578125,95.16972351074219,41.078067779541016,43.70684051513672,109.32794952392578,81.30162048339844,152.8495635986328
2024-09-16,238.66000366210938,96.04170989990234,41.548404693603516,44.27638244628906,108.91133880615234,81.62127685546875,153.90664672851562
2024-09-17,237.33999633789062,95.57727813720703,42.10993576049805,44.512046813964844,108.69808197021484,80.8463363647461,152.3209991455078
2024-09-18,235.50999450683594,94.39251708984375,42.1915283203125,44.374568939208984,107.7061767578125,80.53636169433594,152.06649780273438
2024-09-19,239.1699981689453,94.07974243164062,42.695465087890625,44.86555480957031,110.90506744384766,80.06169891357422,152.61463928222656
2024-09-20,242.2100067138672,93.7195816040039,42.5994758605957,44.83609390258789,110.3644790649414,80.44918060302734,151.98818969726562
2024-09-23,242.67999267578125,93.52052307128906,43.12548065185547,44.78188705444336,110.34410095214844,80.91563415527344,151.69052124023438
2024-09-24,246.07000732421875,93.50157928466797,43.01902389526367,44.40739440917969,111.09931182861328,80.72087097167969,151.38595581054688
2024-09-25,245.72999572753906,92.72438049316406,42.17702865600586,44.14130783081055,111.41730499267578,80.51636505126953,149.9122772216797
2024-09-26,246.97999572753906,92.9423599243164,41.349552154541016,44.36797332763672,112.8929214477539,80.70140075683594,150.41334533691406
2024-09-27,245.02000427246094,93.4257583618164,42.19154739379883,44.496089935302734,111.8396224975586,80.84747314453125,150.33474731445312
2024-09-30,243.05999755859375,92.98029327392578,42.48672866821289,44.663631439208984,112.16751861572266,80.82798767089844,151.3172149658203
2024-10-01,245.61000061035156,93.65159606933594,43.45453643798828,44.42710494995117,109.43488311767578,80.5553207397461,150.52142333984375
2024-10-02,245.66000366210938,92.86238098144531,43.89972686767578,44.476375579833984,110.24474334716797,79.8736343383789,150.21682739257812
2024-10-03,245.49000549316406,91.9875717163086,44.673973083496094,44.23985290527344,110.70183563232422,79.07508850097656,148.86106872558594
2024-10-04,245.0,90.85603332519531,45.090126037597656,44.98884582519531,111.93401336669922,79.3380355834961,148.9789581298828
2024-10-07,244.1699981689453,90.1714096069336,45.249820709228516,44.43696212768555,111.16390228271484,78.54923248291016,148.32070922851562
2024-10-08,242.3699951171875,90.32353973388672,44.069095611572266,44.69319152832031,113.24071502685547,78.93875885009766,149.12632751464844
2024-10-09,241.0500030517578,89.81007385253906,44.33523941040039,45.107112884521484,114.50765991210938,79.41593933105469,150.6491241455078
2024-10-10,242.82000732421875,89.458251953125,44.63526153564453,44.969139099121094,114.47785949707031,79.06536102294922,150.08914184570312
2024-10-11,245.47000122070312,89.09690856933594,44.91107940673828,45.836387634277344,114.67658996582031,79.50358581542969,151.18946838378906
2024-10-14,245.07000732421875,89.1634750366211,44.89173126220703,46.122188568115234,116.17210388183594,79.824951171875,152.02456665039062
2024-10-15,245.9199981689453,90.24747467041016,43.444854736328125,46.22074508666992,113.6183090209961,80.33133697509766,150.16773986816406
2024-10-16,247.14999389648438,90.6278305053711,43.65293502807617,46.79234313964844,113.97108459472656,80.27291107177734,150.59017944335938
2024-10-17,248.6300048828125,89.19200897216797,43.86101531982422,46.92045974731445,114.31886291503906,79.91259002685547,149.71578979492188
2024-10-18,251.27000427246094,89.25856018066406,43.715843200683594,46.93031692504883,114.72628021240234,80.08787536621094,150.44281005859375
2024-10-21,251.22000122070312,87.6991195678711,43.58518600463867,46.555816650390625,115.26287841796875,79.41593933105469,148.67440795898438
2024-10-22,253.92999267578125,87.78469848632812,43.686805725097656,46.46712112426758,115.14362335205078,79.86390686035156,148.45826721191406
2024-10-23,250.8699951171875,87.54698181152344,43.459373474121094,46.427703857421875,113.49410247802734,79.70809173583984,147.76072692871094
2024-10-24,252.8000030517578,88.1080093383789,43.45453643798828,46.46712112426758,113.82699584960938,79.60096740722656,146.78810119628906
2024-10-25,253.32000732421875,87.61354064941406,43.44001388549805,45.95465850830078,114.41822814941406,78.93875885009766,145.9824676513672
2024-10-28,253.3300018310547,87.37582397460938,43.16419219970703,46.52625274658203,114.38345336914062,79.08484649658203,146.1986083984375
2024-10-29,256.0899963378906,87.50894927978516,42.506080627441406,46.24045181274414,115.9236831665039,78.3057632446289,145.79580688476562
2024-10-30,257.5,87.76570129394531,42.602867126464844,46.447410583496094,114.08037567138672,78.17916870117188,145.52072143554688
2024-10-31,253.50999450683594,87.90831756591797,42.86901092529297,45.80682373046875,110.41864013671875,78.02335357666016,144.29266357421875
2024-11-01,252.47000122070312,86.66896057128906,42.598026275634766,45.964508056640625,111.24836730957031,78.05258178710938,145.14739990234375
2024-11-04,252.8300018310547,88.01422882080078,43.343238830566406,45.60972213745117,111.16390228271484,78.2668228149414,144.19442749023438
2024-11-05,253.39999389648438,88.48171997070312,43.633575439453125,46.03349304199219,112.72897338867188,78.76347351074219,145.25547790527344
2024-11-06,245.6999969482422,86.0583724975586,45.274009704589844,48.832366943359375,115.9385757446289,77.47801208496094,145.442138671875
2024-11-07,249.64999389648438,87.13646697998047,45.0659294128418,48.043949127197266,117.96073150634766,77.76042175292969,146.49334716796875
2024-11-08,247.9600067138672,88.24319458007812,45.36595153808594,48.477577209472656,117.83155059814453,78.70503997802734,147.54457092285156
2024-11-11,242.13999938964844,87.8138656616211,45.62242126464844,49.16743850708008,117.1806869506836,78.432373046875,146.68002319335938
2024-11-12,240.0500030517578,86.49723815917969,45.380470275878906,49.01961135864258,117.3297348022461,78.52000427246094,144.6365203857422
2024-11-13,237.6300048828125,85.67671966552734,45.73371887207031,49.04917526245117,116.92232513427734,78.75374603271484,144.2533721923828
2024-11-14,237.00999450683594,86.17284393310547,45.907928466796875,48.92106246948242,116.52484893798828,78.55896759033203,141.98391723632812
2024-11-15,236.58999633789062,85.94386291503906,45.840179443359375,49.147727966308594,113.63322448730469,77.86753845214844,139.35093688964844
2024-11-18,241.08999633789062,86.09650421142578,46.44989776611328,49.29555892944336,114.00088500976562,78.41288757324219,139.4491729736328
2024-11-19,243.25,86.535400390625,46.15471649169922,48.970333099365234,114.93495178222656,78.52000427246094,138.73199462890625
2024-11-20,244.6199951171875,86.25871276855469,46.6192626953125,48.822509765625,114.8355941772461,78.12073516845703,140.3726806640625
2024-11-21,246.66000366210938,86.19193267822266,46.996707916259766,49.44338607788086,116.00316619873047,78.96797180175781,141.50250244140625
2024-11-22,249.83999633789062,86.23963165283203,47.06929397583008,49.995269775390625,116.06278991699219,79.69834899902344,141.63023376464844
2024-11-25,242.47999572753906,88.4721908569336,46.140193939208984,50.320499420166016,116.05781555175781,80.13658142089844,142.83863830566406
2024-11-26,242.9499969482422,88.12872314453125,46.07729721069336,50.41904830932617,116.63912963867188,80.4676742553711,143.60494995117188
2024-11-27,243.49000549316406,88.73932647705078,46.02890396118164,50.51759338378906,115.05916595458984,80.63323974609375,144.3712615966797
2024-11-29,245.58999633789062,89.65524291992188,46.227298736572266,50.596439361572266,116.12737274169922,81.04224395751953,144.82318115234375
2024-12-02,243.44000244140625,89.87066650390625,45.738555908203125,50.09382629394531,117.2303695678711,80.94486236572266,144.5677490234375
2024-12-03,243.92999267578125,89.09515380859375,45.73371887207031,49.719329833984375,117.6526870727539,80.52610778808594,144.24354553222656
2024-12-04,244.6699981689453,90.05256652832031,44.63042068481445,49.53207778930664,119.80402374267578,80.3021240234375,144.16494750976562
2024-12-05,242.86000061035156,90.2344741821289,44.804622650146484,49.679908752441406,119.1978759765625,80.62349700927734,142.55372619628906
2024-12-06,242.9499969482422,90.36849975585938,44.044898986816406,49.67005920410156,119.6599349975586,80.22421264648438,141.74810791015625
2024-12-09,245.36000061035156,89.53556823730469,43.97230911254883,48.990047454833984,118.8799057006836,80.09761047363281,142.16075134277344
2024-12-10,248.58999633789062,89.11433410644531,43.67229080200195,48.980194091796875,117.2303695678711,80.4774169921875,141.57125854492188
2024-12-11,250.9600067138672,88.27180480957031,43.744873046875,49.07874298095703,118.92957305908203,79.86390686035156,139.6456756591797
2024-12-12,247.27999877929688,87.19952392578125,43.391624450683594,48.8619270324707,118.26380157470703,80.09761047363281,138.53549194335938
2024-12-13,244.2899932861328,86.30916595458984,43.17387008666992,48.822509765625,118.77058410644531,79.89311218261719,138.51585388183594
2024-12-16,244.8800048828125,86.5676498413086,42.22542190551758,48.73381042480469,119.95804595947266,79.474365234375,136.86534118652344
2024-12-17,243.94000244140625,86.77827453613281,41.91088104248047,48.38888168334961,119.23265075683594,79.3380355834961,136.76710510253906
2024-12-18,239.25999450683594,85.69318389892578,40.67209243774414,46.94017028808594,115.3870849609375,78.13048553466797,134.9102783203125
2024-12-19,239.60000610351562,84.39567565917969,40.3188362121582,47.10771179199219,115.51129150390625,77.57540130615234,133.88848876953125
2024-12-20,242.10000610351562,84.87621307373047,40.71564483642578,47.80742645263672,117.2353515625,77.84807586669922,135.57833862304688
2024-12-23,240.9600067138672,84.09771728515625,40.95474624633789,47.9222297668457,118.47749328613281,77.43791198730469,136.93234252929688
2024-12-24,241.44000244140625,84.45333862304688,41.30119705200195,48.48637390136719,119.70172882080078,77.94815063476562,137.49488830566406
2024-12-26,243.07000732421875,84.40528106689453,41.26703643798828,48.605140686035156,119.78136444091797,78.1934585571289,137.77122497558594
2024-12-27,241.39999389648438,83.7132797241211,41.26215744018555,48.24884033203125,118.18885040283203,77.810791015625,137.12973022460938
2024-12-30,240.6300048828125,84.38605499267578,41.25727844238281,47.783668518066406,116.68592071533203,76.89824676513672,135.44212341308594
2024-12-31,242.1300048828125,83.93431854248047,41.798919677734375,47.833160400390625,115.71549224853516,77.13373565673828,135.767822265625
