Date,GLD,IWM,QQQ,TLT
2010-01-04,109.80000305175781,51.63050079345703,40.39356231689453,56.98408508300781
2010-01-05,109.69999694824219,51.452972412109375,40.39356231689453,57.35210037231445
2010-01-06,111.51000213623047,51.4045524597168,40.14993667602539,56.584346771240234
2010-01-07,110.81999969482422,51.78383255004883,40.176025390625,56.67949676513672
2010-01-08,111.37000274658203,52.06625747680664,40.50669860839844,56.654151916503906
2010-01-11,112.8499984741211,51.85645294189453,40.34135818481445,56.34322738647461
2010-01-12,110.48999786376953,51.291568756103516,39.83665466308594,57.307655334472656
2010-01-13,111.54000091552734,51.95328140258789,40.33267593383789,56.64143753051758
2010-01-14,112.02999877929688,52.14697265625,40.36744689941406,57.43458557128906
2010-01-15,110.86000061035156,51.3884162902832,39.89757537841797,57.78989791870117
2010-01-19,111.5199966430664,52.33256530761719,40.5414924621582,57.624881744384766
2010-01-20,108.94000244140625,51.57400131225586,39.95848846435547,58.20862579345703
2010-01-21,107.37000274658203,50.726680755615234,39.584312438964844,58.475135803222656
2010-01-22,107.16999816894531,49.814796447753906,38.426971435546875,58.37363052368164
2010-01-25,107.4800033569336,49.87128448486328,38.55748748779297,58.10710906982422
2010-01-26,107.55999755859375,49.3790283203125,38.59230422973633,58.12620162963867
2010-01-27,106.52999877929688,49.90357208251953,38.89686584472656,58.094444274902344
2010-01-28,106.4800033569336,49.048160552978516,37.896175384521484,58.06272888183594
2010-01-29,105.95999908447266,48.507469177246094,37.234825134277344,58.570316314697266
2010-02-01,108.3499984741211,49.080448150634766,37.643821716308594,58.03866195678711
2010-02-02,109.12999725341797,49.62112045288086,37.983192443847656,58.20420837402344
2010-02-03,108.69999694824219,49.290260314941406,38.1920280456543,57.52924346923828
2010-02-04,104.37000274658203,47.6440315246582,37.08689880371094,58.43978500366211
2010-02-05,104.68000030517578,47.82963943481445,37.40017318725586,58.56715393066406
2010-02-08,104.04000091552734,47.3535041809082,37.13040542602539,58.64357376098633
2010-02-09,105.41000366210938,48.00716781616211,37.51329040527344,58.0577278137207
2010-02-10,105.12000274658203,48.120121002197266,37.43497085571289,57.50377655029297
2010-02-11,107.12999725341797,48.886775970458984,38.00057601928711,57.191734313964844
2010-02-12,107.04000091552734,49.24184036254883,38.07889175415039,57.42739486694336
2010-02-16,109.62000274658203,50.073028564453125,38.56621170043945,57.53562545776367
2010-02-17,109.25,50.41197204589844,38.78374481201172,56.87976837158203
2010-02-18,109.9800033569336,50.823524475097656,39.02739334106445,56.65054702758789
2010-02-19,109.47000122070312,50.888057708740234,39.00999069213867,56.956214904785156
2010-02-22,109.06999969482422,51.04141616821289,38.93168640136719,56.72058868408203
2010-02-23,107.88999938964844,50.444244384765625,38.426971435546875,57.605682373046875
2010-02-24,107.36000061035156,50.8719482421875,38.81855773925781,57.74574279785156
2010-02-25,108.30999755859375,50.888057708740234,38.80985641479492,58.070457458496094
2010-02-26,109.43000030517578,50.678260803222656,38.94908905029297,58.369728088378906
2010-03-01,109.43000030517578,51.85645294189453,39.51470184326172,58.344207763671875
2010-03-02,111.0199966430664,52.25186538696289,39.636505126953125,58.26755905151367
2010-03-03,111.62999725341797,52.55044174194336,39.68001937866211,58.120628356933594
2010-03-04,110.83000183105469,52.68764114379883,39.81055450439453,58.4272575378418
2010-03-05,110.80999755859375,53.76092529296875,40.41097640991211,57.660728454589844
2010-03-08,109.87999725341797,53.85775375366211,40.48928451538086,57.360538482666016
2010-03-09,109.72000122070312,54.05144119262695,40.71553039550781,57.3732795715332
2010-03-10,108.47000122070312,54.511409759521484,41.046199798583984,57.22638702392578
2010-03-11,108.5999984741211,54.672794342041016,41.20283508300781,57.437171936035156
2010-03-12,107.94999694824219,54.648590087890625,41.21152877807617,57.79486846923828
2010-03-15,108.36000061035156,54.46297836303711,41.10712432861328,57.71824264526367
2010-03-16,110.4000015258789,54.93105697631836,41.368167877197266,58.17814254760742
2010-03-17,109.58999633789062,55.25380325317383,41.48128128051758,58.4272575378418
2010-03-18,110.33999633789062,55.08436965942383,41.62052536010742,58.23557662963867
2010-03-19,108.27999877929688,54.39845275878906,41.36876678466797,58.29307174682617
2010-03-22,107.75,55.16506576538086,41.743350982666016,58.35694885253906
2010-03-23,108.31999969482422,55.867149353027344,42.03080749511719,58.08228302001953
2010-03-24,106.30000305175781,55.229671478271484,41.83045196533203,57.02196502685547
2010-03-25,106.77999877929688,54.88178253173828,41.76947021484375,56.657859802246094
2010-03-26,108.58999633789062,54.857505798339844,41.81302261352539,56.817569732666016
2010-03-29,108.75,55.15685272216797,42.013397216796875,56.60041046142578
2010-03-30,107.97000122070312,55.326744079589844,42.15275192260742,56.779266357421875
2010-03-31,108.94999694824219,54.84943771362305,41.9524040222168,57.16887283325195
2010-04-01,110.26000213623047,55.35911178588867,41.9524040222168,57.02913284301758
2010-04-05,110.88999938964844,56.39459991455078,42.34440994262695,56.08023452758789
2010-04-06,111.02999877929688,56.72628402709961,42.46635437011719,56.1700439453125
2010-04-07,112.48999786376953,56.54829025268555,42.361812591552734,56.888057708740234
2010-04-08,112.6500015258789,56.49168014526367,42.45764923095703,56.913700103759766
2010-04-09,113.63999938964844,56.83143615722656,42.710269927978516,57.04833984375
2010-04-12,113.01000213623047,57.06605529785156,42.745113372802734,57.34968566894531
2010-04-13,112.69000244140625,57.19549560546875,42.962894439697266,57.535614013671875
2010-04-14,113.02999877929688,58.41707229614258,43.476837158203125,57.131717681884766
2010-04-15,113.6500015258789,58.595035552978516,43.66849136352539,57.195831298828125
2010-04-16,111.23999786376953,57.81032943725586,43.14582061767578,57.612548828125
2010-04-19,111.1500015258789,57.52717971801758,43.119686126708984,57.47146224975586
2010-04-20,111.45999908447266,58.31189727783203,43.33748245239258,57.67665100097656
2010-04-21,112.30999755859375,58.71638870239258,43.58137130737305,58.151119232177734
2010-04-22,111.83999633789062,59.33930587768555,43.825286865234375,57.978031158447266
2010-04-23,113.19000244140625,59.97031784057617,44.00821304321289,57.772865295410156
2010-04-26,112.75,59.74380874633789,43.91241455078125,57.83699035644531
2010-04-27,114.62999725341797,58.37662124633789,42.98030090332031,58.65118408203125
2010-04-28,114.30999755859375,58.47371292114258,43.006439208984375,58.151119232177734
2010-04-29,114.27999877929688,59.7114372253418,43.75559997558594,58.394737243652344
2010-04-30,115.36000061035156,57.96402359008789,42.8931999206543,59.06794738769531
2010-05-03,115.7300033569336,59.26650619506836,43.4942626953125,58.99073791503906
2010-05-04,114.87000274658203,57.40583419799805,42.18759536743164,60.05226516723633
2010-05-05,115.08999633789062,56.56448745727539,41.96984100341797,60.40615463256836
2010-05-06,118.48999786376953,54.44493103027344,40.56736755371094,62.27193069458008
2010-05-07,118.2699966430664,52.875518798828125,39.556880950927734,61.49344253540039
2010-05-10,117.56999969482422,55.84446716308594,41.6126708984375,60.21954345703125
2010-05-11,120.66000366210938,56.216617584228516,41.56911087036133,60.06513214111328
2010-05-12,121.4000015258789,57.93976974487305,42.353111267089844,59.608360290527344
2010-05-13,120.55999755859375,57.38156509399414,41.6823616027832,60.000831604003906
2010-05-14,120.37000274658203,56.273250579833984,40.88096237182617,61.04304885864258
2010-05-17,119.36000061035156,56.378440856933594,41.01162338256836,60.8178825378418
2010-05-18,119.48999786376953,55.29437255859375,40.44540023803711,61.750789642333984
2010-05-19,116.62999725341797,54.63908386230469,40.12310028076172,61.95665740966797
2010-05-20,115.83999633789062,51.87234115600586,38.63349914550781,63.262672424316406
2010-05-21,115.22000122070312,52.6408805847168,39.060333251953125,63.32703399658203
2010-05-24,116.83999633789062,51.93705749511719,38.903541564941406,63.10829544067383
2010-05-25,117.36000061035156,51.92898941040039,38.938385009765625,63.4171142578125
2010-05-26,118.47000122070312,52.05841827392578,38.50283432006836,63.23696517944336
2010-05-27,118.69000244140625,54.29122543334961,39.95756149291992,61.80228805541992
2010-05-28,118.87999725341797,53.59550094604492,39.722373962402344,62.08536911010742
2010-06-01,119.91000366210938,51.96942138671875,39.35651779174805,62.521766662597656
2010-06-02,119.77999877929688,53.44987487792969,40.288597106933594,61.927825927734375
2010-06-03,117.95999908447266,54.137508392333984,40.67189025878906,61.47597122192383
2010-06-04,119.19000244140625,51.41932678222656,39.27811050415039,63.128543853759766
2010-06-07,121.48999786376953,50.09258270263672,38.56382751464844,63.61272430419922
2010-06-08,121.0,50.068302154541016,38.49412155151367,63.2963981628418
2010-06-09,120.55999755859375,50.10067367553711,38.171810150146484,63.22542953491211
2010-06-10,118.97000122070312,51.831905364990234,39.26068115234375,62.095699310302734
2010-06-11,120.01000213623047,52.53572082519531,39.63526916503906,62.8832893371582
2010-06-14,119.5999984741211,52.867408752441406,39.626564025878906,62.56045150756836
2010-06-15,120.98999786376953,54.19416809082031,40.689308166503906,62.30228042602539
2010-06-16,120.33000183105469,53.9433708190918,40.85483169555664,62.657291412353516
2010-06-17,121.9000015258789,54.00806427001953,40.985477447509766,63.16731262207031
2010-06-18,122.83000183105469,54.04045486450195,41.01951599121094,63.06394577026367
2010-06-21,120.38999938964844,53.482242584228516,40.670413970947266,62.8832893371582
2010-06-22,121.44999694824219,52.38201904296875,40.35622787475586,63.6320915222168
2010-06-23,120.94999694824219,52.23638153076172,40.19041061401367,64.06459045410156
2010-06-24,121.30000305175781,51.40312957763672,39.57947540283203,63.68370056152344
2010-06-25,122.76000213623047,52.28492736816406,39.58734893798828,63.94194793701172
2010-06-28,121.08999633789062,51.98563003540039,39.44742965698242,64.54229736328125
2010-06-29,121.2699966430664,50.0197639465332,37.925846099853516,65.2459716796875
2010-06-30,121.68000030517578,49.44538116455078,37.348697662353516,65.6849136352539
2010-07-01,117.04000091552734,49.08942794799805,37.243751525878906,65.78851318359375
2010-07-02,118.48999786376953,48.55293273925781,37.138824462890625,65.26404571533203
2010-07-06,116.51000213623047,47.919837951660156,37.25249481201172,65.80152130126953
2010-07-07,117.7300033569336,49.59183883666992,38.44179153442383,65.03094482421875
2010-07-08,117.20999908447266,50.30609130859375,38.65166091918945,64.61652374267578
2010-07-09,118.36000061035156,51.08527755737305,39.01891326904297,64.24742889404297
2010-07-12,117.33999633789062,50.50900650024414,39.13261413574219,64.2215347290039
2010-07-13,118.36000061035156,52.107948303222656,39.63981628417969,63.671119689941406
2010-07-14,118.30000305175781,51.9212760925293,39.84093475341797,64.31220245361328
2010-07-15,118.2300033569336,51.442405700683594,39.87590789794922,64.95323944091797
2010-07-16,116.66999816894531,49.56748962402344,38.774085998535156,65.27051544189453
2010-07-19,115.7300033569336,49.77851867675781,39.10639190673828,64.8690185546875
2010-07-20,116.6500015258789,50.61452102661133,39.57858657836914,64.96622467041016
2010-07-21,115.8499984741211,49.70546340942383,39.03641891479492,66.06697082519531
2010-07-22,116.86000061035156,51.474884033203125,40.02458572387695,65.30290222167969
2010-07-23,116.08999633789062,52.74104309082031,40.27817153930664,64.61004638671875
2010-07-26,115.5199966430664,53.94228744506836,40.61048126220703,64.49993896484375
2010-07-27,113.51000213623047,53.74748611450195,40.59297561645508,63.87834930419922
2010-07-28,113.77999877929688,52.8790283203125,40.26942825317383,64.08552551269531
2010-07-29,114.29000091552734,52.74104309082031,39.972110748291016,64.06613159179688
2010-07-30,115.48999786376953,52.77352523803711,40.0595588684082,65.06331634521484
2010-08-02,115.54000091552734,53.690670013427734,40.811614990234375,64.14996337890625
2010-08-03,115.98999786376953,53.260494232177734,40.63670349121094,64.52023315429688
2010-08-04,116.72000122070312,53.82054901123047,41.047698974609375,64.0264892578125
2010-08-05,116.9800033569336,53.18745803833008,40.9515266418457,64.32536315917969
2010-08-06,117.83999633789062,52.87089538574219,40.89030456542969,65.02696990966797
2010-08-09,117.4000015258789,53.45528030395508,41.17013168334961,64.7865982055664
2010-08-10,117.7300033569336,52.4488639831543,40.811614990234375,64.9229736328125
2010-08-11,117.33999633789062,50.38725662231445,39.701026916503906,65.79352569580078
2010-08-12,118.7699966430664,50.135658264160156,39.38621139526367,65.63101196289062
2010-08-13,118.73999786376953,49.56748962402344,39.10639190673828,66.4495849609375
2010-08-16,119.7300033569336,49.96520233154297,39.176334381103516,68.11261749267578
2010-08-17,119.75,50.825557708740234,39.6748046875,67.72283172607422
2010-08-18,120.22000122070312,50.97976303100586,39.832191467285156,67.90477752685547
2010-08-19,120.38999938964844,49.58371353149414,39.22881317138672,68.96365356445312
2010-08-20,119.97000122070312,49.63243103027344,39.28128433227539,68.88568115234375
2010-08-23,119.77999877929688,48.958740234375,38.89650344848633,68.89866638183594
2010-08-24,120.36000061035156,48.398712158203125,38.17070388793945,70.00305938720703
2010-08-25,121.36000061035156,49.12919235229492,38.53797149658203,69.77562713623047
2010-08-26,120.95999908447266,48.76396179199219,38.07450485229492,70.43175506591797
2010-08-27,121.01000213623047,50.03824234008789,38.53797149658203,68.4374008178711
2010-08-30,120.91000366210938,48.942527770996094,38.135711669921875,69.74967193603516
2010-08-31,122.08000183105469,48.84511184692383,38.00454330444336,70.52275848388672
2010-09-01,121.69000244140625,50.73628616333008,39.14137268066406,69.0645980834961
2010-09-02,122.29000091552734,51.29631805419922,39.57858657836914,68.33477783203125
2010-09-03,121.86000061035156,52.21347427368164,40.23445129394531,67.4877700805664
2010-09-07,122.69999694824219,51.22325897216797,39.963356018066406,68.86908721923828
2010-09-08,122.70999908447266,51.523555755615234,40.4443359375,68.32177734375
2010-09-09,121.55999755859375,51.556026458740234,40.60172653198242,66.97305297851562
2010-09-10,121.7300033569336,51.71836471557617,40.75039291381836,66.66683959960938
2010-09-13,121.62000274658203,52.9764289855957,41.31879425048828,66.99263000488281
2010-09-14,124.0199966430664,52.74913787841797,41.49369430541992,67.63764953613281
2010-09-15,123.94000244140625,53.04948806762695,41.756038665771484,66.63419342041016
2010-09-16,124.62999725341797,52.70857238769531,41.922183990478516,65.97615814208984
2010-09-17,124.54000091552734,52.92770767211914,42.064178466796875,66.24333190917969
2010-09-20,124.87000274658203,54.39680862426758,42.80044174194336,66.62776947021484
2010-09-21,126.01000213623047,54.08026885986328,42.791683197021484,67.55294799804688
2010-09-22,126.19999694824219,53.43906021118164,42.677757263183594,68.15888977050781
2010-09-23,126.30000305175781,52.79218292236328,42.660213470458984,68.35430145263672
2010-09-24,126.69000244140625,54.50907897949219,43.52797317504883,67.4356918334961
2010-09-27,126.72000122070312,54.37073516845703,43.29130554199219,68.60848236083984
2010-09-28,127.8499984741211,54.90778350830078,43.27377700805664,69.07755279541016
2010-09-29,127.94999694824219,55.062374114990234,43.203670501708984,68.7908935546875
2010-09-30,127.91000366210938,54.924068450927734,43.010826110839844,68.74530792236328
2010-10-01,128.91000366210938,55.216976165771484,42.958229064941406,68.41304779052734
2010-10-04,128.4600067138672,54.4683837890625,42.4936637878418,68.58963012695312
2010-10-05,130.99000549316406,56.01439666748047,43.52797317504883,68.1776123046875
2010-10-06,131.80999755859375,55.82726287841797,43.151065826416016,69.03435516357422
2010-10-07,130.3699951171875,55.66450881958008,43.308834075927734,68.45882415771484
2010-10-08,131.66000366210938,56.37240982055664,43.60685729980469,68.15804290771484
2010-10-11,132.2899932861328,56.42122268676758,43.62438201904297,68.17108917236328
2010-10-12,131.9600067138672,56.56770706176758,43.92240905761719,67.49744415283203
2010-10-13,134.07000732421875,57.43022918701172,44.28179931640625,67.39287567138672
2010-10-14,134.75,57.38951873779297,44.19411849975586,66.38568878173828
2010-10-15,133.67999267578125,57.194252014160156,45.13201904296875,65.57476806640625
2010-10-18,134.27999877929688,57.674312591552734,44.9654655456543,66.10450744628906
2010-10-19,130.11000061035156,56.551429748535156,44.544742584228516,66.50341796875
2010-10-20,131.32000732421875,57.1291618347168,44.86904525756836,66.64730834960938
2010-10-21,129.47000122070312,56.85249328613281,44.956687927246094,65.85598754882812
2010-10-22,129.72999572753906,57.21866989135742,45.26347351074219,66.30073547363281
2010-10-25,130.85000610351562,57.5604133605957,45.48261260986328,66.49034881591797
2010-10-26,130.8800048828125,57.51972961425781,45.605323791503906,65.46363067626953
2010-10-27,129.52000427246094,57.37327194213867,45.74555587768555,64.88809204101562
2010-10-28,131.24000549316406,57.023372650146484,45.84199142456055,65.06468200683594
2010-10-29,132.6199951171875,57.20238494873047,45.73680877685547,65.6728744506836
2010-11-01,131.9199981689453,56.81182861328125,45.77185821533203,65.3901138305664
2010-11-02,132.49000549316406,57.991668701171875,46.262725830078125,66.24961853027344
2010-11-03,131.57000732421875,58.219512939453125,46.47307205200195,64.89808654785156
2010-11-04,136.02999877929688,59.692291259765625,47.042808532714844,65.40326690673828
2010-11-05,136.3800048828125,60.025875091552734,47.042808532714844,64.2813720703125
2010-11-08,137.77999877929688,59.977073669433594,47.104164123535156,64.57005310058594
2010-11-09,135.58999633789062,59.17966842651367,46.849979400634766,63.14637756347656
2010-11-10,137.24000549316406,59.8387451171875,47.08663558959961,63.23168182373047
2010-11-11,137.66000366210938,59.60274124145508,46.78861618041992,63.19884490966797
2010-11-12,133.69000244140625,58.610050201416016,46.02604293823242,62.85771179199219
2010-11-15,132.4199981689453,58.61821365356445,45.850746154785156,61.54555892944336
2010-11-16,130.97000122070312,57.479034423828125,45.09693908691406,63.07416534423828
2010-11-17,130.3800048828125,57.633628845214844,45.22841262817383,62.72648620605469
2010-11-18,132.08999633789062,58.756526947021484,45.955928802490234,62.98234176635742
2010-11-19,132.1999969482422,58.951812744140625,45.990989685058594,63.36942672729492
2010-11-22,133.47999572753906,59.23661804199219,46.376670837402344,63.63840103149414
2010-11-23,134.41000366210938,58.67514419555664,45.6403923034668,63.95333480834961
2010-11-24,134.17999267578125,59.99336242675781,46.56072235107422,62.811763763427734
2010-11-26,133.11000061035156,59.578369140625,46.253944396972656,63.684356689453125
2010-11-29,133.50999450683594,59.667877197265625,46.2188720703125,64.22891235351562
2010-11-30,135.4199981689453,59.195926666259766,45.657920837402344,64.56343841552734
2010-12-01,135.3800048828125,60.522212982177734,46.62207794189453,63.128211975097656
2010-12-02,135.1999969482422,61.132511138916016,47.09539794921875,62.96366500854492
2010-12-03,138.07000732421875,61.571876525878906,47.21811294555664,62.46995544433594
2010-12-06,139.11000061035156,61.95432662963867,47.200592041015625,63.35212326049805
2010-12-07,136.5,62.31237030029297,47.22688674926758,61.99589157104492
2010-12-08,134.7899932861328,62.27165603637695,47.40219497680664,61.39683151245117
2010-12-09,135.3699951171875,62.48323059082031,47.446006774902344,61.699737548828125
2010-12-10,135.41000366210938,63.264366149902344,47.76156234741211,61.324440002441406
2010-12-13,136.0500030517578,62.93888854980469,47.59502410888672,61.554832458496094
2010-12-14,136.17999267578125,62.90632247924805,47.68267059326172,60.65951919555664
2010-12-15,134.6999969482422,62.7110710144043,47.472312927246094,59.869503021240234
2010-12-16,133.80999755859375,63.288780212402344,47.8404541015625,60.28425216674805
2010-12-17,134.1999969482422,63.48407745361328,47.88261032104492,61.383670806884766
2010-12-20,135.11000061035156,63.73630905151367,47.917728424072266,61.317832946777344
2010-12-21,135.32000732421875,64.4442138671875,48.20755386352539,61.745750427246094
2010-12-22,135.0500030517578,64.42540740966797,48.198753356933594,61.304710388183594
2010-12-23,134.66000366210938,64.34368133544922,48.07582473754883,61.17958450317383
2010-12-27,135.02000427246094,64.53987884521484,48.1021614074707,61.72602462768555
2010-12-28,137.22000122070312,64.36003112792969,48.01433181762695,60.51709747314453
2010-12-29,137.7100067138672,64.49898529052734,48.11974334716797,61.541072845458984
2010-12-30,137.02999877929688,64.37638854980469,48.005550384521484,61.494842529296875
2010-12-31,138.72000122070312,63.95135498046875,47.82991027832031,62.175209045410156
2011-01-03,138.0,65.06294250488281,48.5764274597168,61.70622253417969
2011-01-04,134.75,64.09844970703125,48.541282653808594,61.77888107299805
2011-01-05,134.3699951171875,64.85045623779297,48.95406723022461,60.41801071166992
2011-01-06,133.8300018310547,64.54801940917969,49.112159729003906,60.682281494140625
2011-01-07,133.5800018310547,64.18020629882812,49.068267822265625,61.005985260009766
2011-01-10,134.1199951171875,64.54801940917969,49.25269317626953,61.336238861083984
2011-01-11,134.91000366210938,64.80958557128906,49.322940826416016,60.992759704589844
2011-01-12,135.4600067138672,65.36540222167969,49.67426681518555,60.51709747314453
2011-01-13,134.0500030517578,65.34089660644531,49.691829681396484,61.05882263183594
2011-01-14,132.69000244140625,65.83132934570312,50.06068420410156,60.66908264160156
2011-01-18,133.42999267578125,65.88035583496094,50.201194763183594,60.38499450683594
2011-01-19,133.72000122070312,64.18836212158203,49.630332946777344,60.82097244262695
2011-01-20,131.1999969482422,63.518157958984375,49.279029846191406,59.98207092285156
2011-01-21,131.02999877929688,63.09313201904297,48.901390075683594,60.45764923095703
2011-01-24,130.36000061035156,63.55897903442383,49.5776481628418,60.484066009521484
2011-01-25,130.10000610351562,63.657100677490234,49.64789962768555,61.05882263183594
2011-01-26,131.16000366210938,64.67064666748047,49.91138458251953,60.13395690917969
2011-01-27,127.93000030517578,64.85860443115234,50.21877670288086,60.40483093261719
2011-01-28,130.27999877929688,63.27294921875,48.94529342651367,60.721885681152344
2011-01-31,129.8699951171875,63.714290618896484,49.182411193847656,60.259483337402344
2011-02-01,130.8000030517578,65.18558502197266,50.104591369628906,59.96116638183594
2011-02-02,130.4499969482422,64.94036102294922,50.02555847167969,59.97449493408203
2011-02-03,132.1999969482422,65.16923522949219,50.113380432128906,59.47725296020508
2011-02-04,131.66000366210938,65.2836685180664,50.39441680908203,58.873992919921875
2011-02-07,131.67999267578125,65.92937469482422,50.63154602050781,59.17893981933594
2011-02-08,133.13999938964844,66.39532470703125,50.96527099609375,58.635345458984375
2011-02-09,133.07000732421875,66.1010513305664,50.877464294433594,59.145790100097656
2011-02-10,132.85000610351562,66.36259460449219,50.956504821777344,58.46296310424805
2011-02-11,132.32000732421875,67.0818862915039,51.32536697387695,59.3049201965332
2011-02-14,132.9499969482422,67.42515563964844,51.44832992553711,59.34466552734375
2011-02-15,133.97000122070312,67.0410385131836,51.37805938720703,59.60984420776367
2011-02-16,134.10000610351562,67.58049774169922,51.71179962158203,59.41758728027344
2011-02-17,135.0399932861328,68.05458068847656,51.69422912597656,59.51038360595703
2011-02-18,135.41000366210938,68.12812805175781,51.5800666809082,59.32477951049805
2011-02-22,136.2899932861328,66.37892150878906,50.08702850341797,60.21306610107422
2011-02-23,137.50999450683594,65.23460388183594,49.67426681518555,60.43187713623047
2011-02-24,136.47999572753906,65.6514663696289,49.93772506713867,60.81634521484375
2011-02-25,137.3800048828125,67.17179870605469,50.63154602050781,61.17435073852539
2011-02-28,137.66000366210938,67.24537658691406,50.7369499206543,61.253868103027344
2011-03-01,140.02999877929688,65.89671325683594,49.92015838623047,61.431453704833984
2011-03-02,139.9199981689453,66.17459869384766,50.18363571166992,60.48705291748047
2011-03-03,138.08999633789062,67.67858123779297,51.17605972290039,59.89514923095703
2011-03-04,139.35000610351562,67.38427734375,50.91259765625,60.39398956298828
2011-03-07,139.72000122070312,66.28083038330078,50.22755813598633,60.008216857910156
2011-03-08,139.36000061035156,67.35980224609375,50.42954635620117,59.64244079589844
2011-03-09,139.41000366210938,67.0900650024414,50.08702850341797,60.2210578918457
2011-03-10,137.77000427246094,65.36540222167969,49.305389404296875,61.231929779052734
2011-03-11,138.22000122070312,65.53704833984375,49.612770080566406,60.88609313964844
2011-03-14,138.86000061035156,65.18558502197266,49.43710708618164,60.85954666137695
2011-03-15,136.27000427246094,64.60523986816406,48.73451614379883,61.77063751220703
2011-03-16,136.24000549316406,63.959537506103516,47.55765151977539,62.46894073486328
2011-03-17,136.97000122070312,64.09844970703125,47.99678421020508,61.990047454833984
2011-03-18,138.3699951171875,64.94855499267578,47.888587951660156,62.1563606262207
2011-03-21,139.13999938964844,66.45252990722656,48.81206130981445,61.79058074951172
2011-03-22,139.0500030517578,66.1010513305664,48.72413635253906,61.99669647216797
2011-03-23,140.33999633789062,66.3053970336914,48.99677276611328,61.916969299316406
2011-03-24,139.22000122070312,66.76324462890625,49.86747741699219,61.45137023925781
2011-03-25,139.25999450683594,67.34476470947266,49.9906005859375,61.29840087890625
2011-03-28,138.5399932861328,67.19734191894531,49.717933654785156,61.38494110107422
2011-03-29,138.2100067138672,67.82805633544922,50.201683044433594,60.9127197265625
2011-03-30,138.6699981689453,68.70449829101562,50.439144134521484,61.398193359375
2011-03-31,139.86000061035156,68.94197082519531,50.509498596191406,61.271846771240234
2011-04-01,139.1999969482422,69.24507904052734,50.5359001159668,61.56972885131836
2011-04-04,139.83999633789062,69.40068817138672,50.36879348754883,61.63645935058594
2011-04-05,142.0500030517578,69.77748107910156,50.236846923828125,61.38938522338867
2011-04-06,142.3800048828125,69.93309020996094,50.359989166259766,60.46772003173828
2011-04-07,142.50999450683594,69.51535034179688,50.32480239868164,60.347557067871094
2011-04-08,143.66000366210938,68.786376953125,50.08734130859375,60.02691650390625
2011-04-11,142.63999938964844,68.17208099365234,49.920223236083984,60.08036804199219
2011-04-12,141.61000061035156,67.27925872802734,49.57722854614258,60.72820281982422
2011-04-13,141.89999389648438,67.3693618774414,49.99939727783203,61.10890579223633
2011-04-14,143.80999755859375,67.68060302734375,49.91143798828125,61.06212615966797
2011-04-15,145.0500030517578,68.40143585205078,49.823486328125,61.89027404785156
2011-04-18,145.92999267578125,67.27108764648438,49.471702575683594,62.03050231933594
2011-04-19,145.92999267578125,67.28743743896484,49.779518127441406,62.29768371582031
2011-04-20,146.5,68.66352844238281,50.905269622802734,61.89698791503906
2011-04-21,146.74000549316406,69.17131805419922,51.309844970703125,61.84351348876953
2011-04-25,146.8699951171875,69.0812759399414,51.4417724609375,62.0772705078125
2011-04-26,146.3800048828125,69.76927185058594,51.732017517089844,62.67836380004883
2011-04-27,149.1999969482422,70.1870346069336,52.08381271362305,62.03720474243164
2011-04-28,149.82000732421875,70.50642395019531,52.00463104248047,62.511356353759766
2011-04-29,152.3699951171875,70.7603530883789,51.960662841796875,62.705074310302734
2011-05-02,150.41000366210938,69.93309020996094,51.86391830444336,62.80562973022461
2011-05-03,149.8800048828125,69.04846954345703,51.61766052246094,63.16115951538086
2011-05-04,147.72999572753906,68.15567779541016,51.53850173950195,63.44285202026367
2011-05-05,143.47000122070312,67.84444427490234,51.25706481933594,64.04649353027344
2011-05-06,145.3000030517578,68.20481872558594,51.42417526245117,63.764793395996094
2011-05-09,147.3800048828125,68.99932098388672,51.61766052246094,63.69770431518555
2011-05-10,147.89999389648438,70.05595397949219,52.057403564453125,63.24165725708008
2011-05-11,146.5399932861328,68.76180267333984,51.67923355102539,63.60380554199219
2011-05-12,146.58999633789062,69.36790466308594,51.987064361572266,63.20140838623047
2011-05-13,145.6300048828125,68.40143585205078,51.371402740478516,63.77146911621094
2011-05-16,145.3699951171875,67.40213012695312,50.48311996459961,64.126953125
2011-05-17,144.74000549316406,67.18914031982422,50.62382888793945,64.78426361083984
2011-05-18,145.60000610351562,68.22119903564453,51.04600524902344,63.925758361816406
2011-05-19,145.64999389648438,68.36862182617188,51.19548797607422,63.8989372253418
2011-05-20,147.49000549316406,67.86901092529297,50.80853271484375,63.932464599609375
2011-05-23,147.8300018310547,66.64859008789062,50.06096267700195,64.240966796875
2011-05-24,148.58999633789062,66.32913970947266,49.75312805175781,64.48242950439453
2011-05-25,148.5800018310547,67.16459655761719,49.94663619995117,64.18061828613281
2011-05-26,148.22000122070312,68.04922485351562,50.25444030761719,64.7305908203125
2011-05-27,149.6999969482422,68.51609802246094,50.509498596191406,64.70381927490234
2011-05-31,149.63999938964844,69.49077606201172,51.32741165161133,64.851318359375
2011-06-01,149.91000366210938,67.25469970703125,50.21047592163086,65.727783203125
2011-06-02,149.5,67.23013305664062,50.31599044799805,64.47570037841797
2011-06-03,150.22000122070312,66.24720764160156,49.55964279174805,64.84593963623047
2011-06-06,150.47999572753906,65.15787506103516,49.15506362915039,64.35458374023438
2011-06-07,150.4199981689453,65.3134765625,49.06711959838867,64.65074920654297
2011-06-08,149.80999755859375,64.5844955444336,48.715309143066406,65.15562438964844
2011-06-09,150.55999755859375,64.92849731445312,48.803279876708984,64.89307403564453
2011-06-10,149.24000549316406,63.88825988769531,48.055702209472656,65.3912582397461
2011-06-13,147.77000427246094,63.70807647705078,48.055702209472656,65.06137084960938
2011-06-14,148.6699981689453,65.07593536376953,48.67136001586914,64.07855987548828
2011-06-15,149.1199951171875,63.912841796875,47.74787902832031,65.24312591552734
2011-06-16,148.97000122070312,64.06025695800781,47.56317901611328,65.53934478759766
2011-06-17,149.94000244140625,64.07667541503906,47.41421127319336,65.22964477539062
2011-06-20,150.02999877929688,64.6664047241211,47.66102981567383,65.3104476928711
2011-06-21,150.75999450683594,66.06700897216797,48.68354034423828,65.02096557617188
2011-06-22,150.99000549316406,65.5592041015625,48.330955505371094,65.06137084960938
2011-06-23,148.33999633789062,65.8131332397461,48.7805061340332,65.55951690673828
2011-06-24,146.25999450683594,65.47730255126953,47.93429946899414,65.2835693359375
2011-06-27,145.72999572753906,65.985107421875,48.70116424560547,64.38817596435547
2011-06-28,146.24000549316406,67.00897979736328,49.42396926879883,63.86983871459961
2011-06-29,147.17999267578125,67.32841491699219,49.62670135498047,63.4457893371582
2011-06-30,146.0,67.81987762451172,50.28780746459961,63.34477996826172
2011-07-01,144.92999267578125,68.87646484375,51.04587173461914,63.24345016479492
2011-07-05,147.6300048828125,69.04241180419922,51.30149841308594,63.38532638549805
2011-07-06,148.91000366210938,69.3217544555664,51.46896743774414,63.70954132080078
2011-07-07,149.14999389648438,70.36510467529297,52.174137115478516,63.52047348022461
2011-07-08,150.25,69.93790435791016,52.03312683105469,64.41877746582031
2011-07-11,151.58999633789062,68.450927734375,51.08994674682617,65.3846664428711
2011-07-12,152.77000427246094,68.06481170654297,50.70209503173828,65.6075668334961
2011-07-13,154.13999938964844,68.67274475097656,50.91364669799805,65.78998565673828
2011-07-14,154.5399932861328,67.58006286621094,50.32307434082031,64.85110473632812
2011-07-15,155.1999969482422,68.03194427490234,50.99300765991211,64.95916748046875
2011-07-18,156.57000732421875,66.9393081665039,50.719722747802734,64.33097076416016
2011-07-19,154.66000366210938,68.450927734375,51.874454498291016,65.66838073730469
2011-07-20,156.02000427246094,68.33589935302734,51.65407180786133,64.89161682128906
2011-07-21,154.8300018310547,68.96028900146484,51.99785614013672,64.39173126220703
2011-07-22,156.1199951171875,69.0506591796875,52.53554916381836,64.87812042236328
2011-07-25,157.33999633789062,68.23731231689453,52.42977523803711,64.16887664794922
2011-07-26,157.77000427246094,67.71974182128906,52.56199264526367,64.60794830322266
2011-07-27,157.19000244140625,65.6987533569336,51.204532623291016,64.61463928222656
2011-07-28,157.32000732421875,65.59195709228516,51.29267883300781,64.85778045654297
2011-07-29,158.2899932861328,65.50980377197266,51.125186920166016,66.14117431640625
2011-08-01,157.72000122070312,65.08255004882812,50.88719940185547,66.80876922607422
2011-08-02,161.52000427246094,63.05339431762695,49.60026168823242,68.81475067138672
2011-08-03,161.49000549316406,63.472389221191406,50.076255798339844,68.95035552978516
2011-08-04,160.63999938964844,59.64398193359375,47.749168395996094,71.40361785888672
2011-08-05,161.75,58.60063171386719,47.449485778808594,69.3433837890625
2011-08-08,167.1199951171875,53.49885559082031,44.593509674072266,71.53242492675781
2011-08-09,168.61000061035156,57.06434631347656,46.744300842285156,71.7492904663086
2011-08-10,174.5800018310547,54.27109146118164,44.83150863647461,73.88406372070312
2011-08-11,170.75,56.9821891784668,46.80599594116211,70.15666961669922
2011-08-12,169.97000122070312,57.335445404052734,47.220306396484375,71.54597473144531
2011-08-15,171.8000030517578,58.95391082763672,47.916656494140625,70.82077026367188
2011-08-16,173.9199981689453,57.86943817138672,47.511192321777344,71.99325561523438
2011-08-17,174.4199981689453,57.88587951660156,47.22911071777344,73.25376892089844
2011-08-18,177.72000122070312,54.59147644042969,44.91085433959961,74.7582778930664
2011-08-19,179.9499969482422,53.630287170410156,44.099884033203125,75.3614730834961
2011-08-22,184.58999633789062,53.44134521484375,44.258567810058594,75.17171478271484
2011-08-23,177.6699981689453,56.0209846496582,46.08320617675781,74.13482666015625
2011-08-24,171.64999389648438,56.850730895996094,46.444610595703125,72.0270767211914
2011-08-25,172.36000061035156,55.454132080078125,45.68653869628906,72.80653381347656
2011-08-26,177.47000122070312,56.776798248291016,46.832454681396484,73.5248794555664
2011-08-29,173.88999938964844,59.46324157714844,48.13701248168945,72.50828552246094
2011-08-30,179.10000610351562,59.80830764770508,48.454341888427734,73.6739501953125
2011-08-31,177.72000122070312,59.68505096435547,48.53368377685547,72.53543090820312
2011-09-01,177.8699951171875,58.4034309387207,48.09294891357422,74.07308197021484
2011-09-02,183.24000549316406,56.242801666259766,46.964664459228516,76.47931671142578
2011-09-06,182.89999389648438,56.08671951293945,46.973487854003906,77.274658203125
2011-09-07,177.0800018310547,58.20628356933594,48.16345977783203,75.79960632324219
2011-09-08,181.80999755859375,57.138275146484375,47.94309616088867,76.47931671142578
2011-09-09,180.6999969482422,55.454132080078125,46.87651824951172,77.2950439453125
2011-09-12,176.6699981689453,55.930606842041016,47.47590255737305,77.37664794921875
2011-09-13,178.5399932861328,56.83432388305664,48.11056900024414,76.27542877197266
2011-09-14,177.2100067138672,57.852996826171875,48.798133850097656,76.92120361328125
2011-09-15,174.39999389648438,58.666358947753906,49.520938873291016,75.74522399902344
2011-09-16,176.02999877929688,58.756690979003906,49.97483825683594,76.2957992553711
2011-09-19,173.30999755859375,57.70515441894531,49.992496490478516,77.75050354003906
2011-09-20,175.77999877929688,56.809654235839844,49.771728515625,78.0767822265625
2011-09-21,173.58999633789062,54.70649719238281,48.906288146972656,80.65988159179688
2011-09-22,169.0500030517578,53.178443908691406,47.31670379638672,83.69155883789062
2011-09-23,159.8000030517578,53.72276306152344,47.82006072998047,82.13493347167969
2011-09-26,157.5800018310547,54.737178802490234,48.37641906738281,80.81621551513672
2011-09-27,160.6300048828125,55.91653060913086,48.87979507446289,79.57907104492188
2011-09-28,156.22000122070312,53.77224349975586,48.1556510925293,79.5518569946289
2011-09-29,157.6999969482422,54.704185485839844,47.581626892089844,80.10248565673828
2011-09-30,158.05999755859375,53.029998779296875,46.3541145324707,82.11454772949219
2011-10-03,160.9600067138672,50.30015182495117,45.16193389892578,84.37431335449219
2011-10-04,157.63999938964844,53.43410873413086,46.08917999267578,83.30437469482422
2011-10-05,159.4600067138672,54.16812515258789,47.27256774902344,82.70465850830078
2011-10-06,160.49000549316406,55.37223434448242,48.06733322143555,81.17819213867188
2011-10-07,159.17999267578125,54.0196647644043,47.74943161010742,80.5784912109375
2011-10-10,163.27000427246094,56.38665008544922,49.40081787109375,79.44036102294922
2011-10-11,162.10000610351562,56.774253845214844,49.736412048339844,79.17463684082031
2011-10-12,163.25999450683594,57.58249282836914,49.98367691040039,78.02288055419922
2011-10-13,162.3000030517578,57.53299331665039,50.44289016723633,78.79981231689453
2011-10-14,163.39999389648438,58.6711311340332,51.378971099853516,77.65494537353516
2011-10-17,162.6199951171875,56.88969802856445,50.58417892456055,78.99748229980469
2011-10-18,161.83999633789062,58.398963928222656,51.21118927001953,78.50672149658203
2011-10-19,159.8699951171875,57.2608528137207,50.222110748291016,78.4795150756836
2011-10-20,157.77000427246094,57.41755294799805,49.97483825683594,77.92070770263672
2011-10-21,159.52000427246094,58.662872314453125,50.60182571411133,77.09611511230469
2011-10-24,161.02000427246094,60.55147933959961,51.652748107910156,77.22560119628906
2011-10-25,165.58999633789062,58.85255813598633,50.63715744018555,79.18822479248047
2011-10-26,167.39999389648438,59.86698913574219,50.57535171508789,77.80487060546875
2011-10-27,169.5500030517578,63.02568054199219,51.970664978027344,75.16751098632812
2011-10-28,169.6199951171875,62.70403289794922,52.05013656616211,75.95804595947266
2011-10-31,167.33999633789062,61.03812026977539,51.175872802734375,78.97015380859375
2011-11-01,167.3800048828125,58.87731170654297,49.84236145019531,81.61363983154297
2011-11-02,169.05999755859375,60.32884216308594,50.26626968383789,80.59558868408203
2011-11-03,171.72000122070312,61.829830169677734,51.30833053588867,79.48876190185547
2011-11-04,170.85000610351562,61.524681091308594,51.043399810791016,79.58439636230469
2011-11-07,174.97999572753906,61.40098190307617,51.405452728271484,80.09001922607422
2011-11-08,173.52999877929688,62.29993438720703,51.997161865234375,79.06517791748047
2011-11-09,172.07000732421875,59.330909729003906,50.16911697387695,80.7049560546875
2011-11-10,171.13999938964844,59.76802444458008,50.14262390136719,79.50238037109375
2011-11-11,173.9600067138672,61.34324645996094,51.08755874633789,79.01729583740234
2011-11-14,173.1999969482422,60.460777282714844,50.769630432128906,80.28812408447266
2011-11-15,173.36000061035156,61.227783203125,51.3348388671875,80.17884826660156
2011-11-16,171.50999450683594,60.23809814453125,50.48704147338867,80.90989685058594
2011-11-17,167.10000610351562,59.38039016723633,49.303688049316406,81.55899047851562
2011-11-18,167.6199951171875,59.36390686035156,48.92395782470703,81.53851318359375
2011-11-21,163.5,57.94537353515625,47.98785400390625,82.02362060546875
2011-11-22,165.30999755859375,57.458778381347656,48.146827697753906,82.93915557861328
2011-11-23,164.8300018310547,55.652618408203125,47.06061935424805,83.75223541259766
2011-11-25,163.39999389648438,54.94337844848633,46.69852828979492,82.53601837158203
2011-11-28,166.6300048828125,57.55774688720703,48.32343673706055,82.49504852294922
2011-11-29,166.8800048828125,57.450538635253906,48.02320098876953,81.818603515625
2011-11-30,170.1300048828125,60.80716323852539,49.79820251464844,80.5409927368164
2011-12-01,169.6300048828125,60.37006378173828,50.14262390136719,80.1368637084961
2011-12-02,169.82000732421875,60.61749267578125,50.00133514404297,81.2601318359375
2011-12-05,167.32000732421875,61.65663146972656,50.54885482788086,81.09577178955078
2011-12-06,168.17999267578125,61.714378356933594,50.40755844116211,80.32176971435547
2011-12-07,169.39999389648438,61.590675354003906,50.40755844116211,80.60948944091797
2011-12-08,165.97999572753906,59.67727279663086,49.55978012084961,81.61627197265625
2011-12-09,166.39999389648438,61.4752311706543,50.354576110839844,79.9382095336914
2011-12-12,161.99000549316406,60.59272384643555,49.78939437866211,80.82864379882812
2011-12-13,158.4499969482422,59.330909729003906,49.241859436035156,81.58204650878906
2011-12-14,152.88999938964844,58.588645935058594,48.473575592041016,83.12313842773438
2011-12-15,152.3300018310547,59.13297653198242,48.341102600097656,82.8149642944336
2011-12-16,155.22999572753906,59.594810485839844,48.589988708496094,83.7806396484375
2011-12-19,154.8699951171875,58.56391143798828,48.1116943359375,84.84231567382812
2011-12-20,156.97999572753906,60.914390563964844,49.53770446777344,82.72586059570312
2011-12-21,157.16000366210938,61.16178894042969,48.82912826538086,81.57518768310547
2011-12-22,156.0399932861328,61.55134582519531,49.24541473388672,81.91768646240234
2011-12-23,156.30999755859375,61.783382415771484,49.67055130004883,81.00674438476562
2011-12-27,154.91000366210938,61.9657096862793,49.8558349609375,81.3914794921875
2011-12-28,151.02999877929688,60.838584899902344,49.279605865478516,82.89630889892578
2011-12-29,150.33999633789062,61.451873779296875,49.63420867919922,83.04752349853516
2011-12-30,151.99000549316406,61.120384216308594,49.492366790771484,83.31549072265625
2012-01-03,155.9199981689453,62.13144302368164,50.44092559814453,82.0649185180664
2012-01-04,156.7100067138672,61.79166030883789,50.653648376464844,81.08919525146484
2012-01-05,157.77999877929688,62.1397590637207,51.07032012939453,80.94488525390625
2012-01-06,157.1999969482422,61.98226547241211,51.24761199951172,81.5838851928711
2012-01-09,156.5,62.29719924926758,51.07917785644531,81.43958282470703
2012-01-10,158.63999938964844,63.208824157714844,51.45151138305664,81.3021469116211
2012-01-11,159.6699981689453,63.457454681396484,51.557884216308594,82.36035919189453
2012-01-12,160.3800048828125,63.64809799194336,51.761756896972656,82.2435531616211
2012-01-13,159.25999450683594,63.308258056640625,51.57560348510742,83.06124877929688
2012-01-17,160.5,63.283424377441406,52.045448303222656,83.4460220336914
2012-01-18,161.60000610351562,64.41050720214844,52.736900329589844,82.4359359741211
2012-01-19,161.22000122070312,64.80830383300781,53.06488800048828,81.3021469116211
2012-01-20,162.07000732421875,64.84973907470703,52.985111236572266,80.38141632080078
2012-01-23,163.16000366210938,64.76687622070312,53.00284194946289,79.87297058105469
2012-01-24,162.00999450683594,65.13978576660156,52.90533447265625,80.01721954345703
2012-01-25,166.4199981689453,65.695068359375,53.570186614990234,79.82485961914062
2012-01-26,167.27000427246094,65.62049102783203,53.384033203125,80.88301849365234
2012-01-27,168.97000122070312,66.06802368164062,53.54360580444336,81.13725280761719
2012-01-30,168.02999877929688,65.55416107177734,53.58790969848633,82.09239959716797
2012-01-31,169.30999755859375,65.4878921508789,53.65884017944336,83.0406494140625
2012-02-01,169.55999755859375,66.8967514038086,54.093223571777344,82.08946228027344
2012-02-02,171.0500030517578,67.27802276611328,54.261653900146484,82.05494689941406
2012-02-03,167.63999938964844,68.74488067626953,55.006282806396484,80.29167938232422
2012-02-06,167.17999267578125,68.52110290527344,54.96198272705078,81.09070587158203
2012-02-07,169.6999969482422,68.47967529296875,55.077205657958984,80.0850830078125
2012-02-08,168.5,68.62885284423828,55.36976623535156,80.14704895019531
2012-02-09,168.02000427246094,68.28904724121094,55.76866912841797,79.54784393310547
2012-02-10,167.13999938964844,67.3525619506836,55.37861633300781,80.58097839355469
2012-02-13,167.50999450683594,68.22278594970703,55.89276885986328,80.68431091308594
2012-02-14,167.1199951171875,67.9161605834961,56.03461456298828,81.11137390136719
2012-02-15,168.11000061035156,67.3525619506836,55.644561767578125,80.96672821044922
2012-02-16,168.0,68.62056732177734,56.40693664550781,80.31927490234375
2012-02-17,167.35000610351562,68.61228942871094,56.22964859008789,80.29859161376953
2012-02-21,171.02000427246094,68.1481704711914,56.389198303222656,79.41011047363281
2012-02-22,172.94000244140625,67.6094970703125,56.13212966918945,80.40877532958984
2012-02-23,173.02000427246094,68.62056732177734,56.504459381103516,80.40877532958984
2012-02-24,172.22999572753906,68.4879379272461,56.69948959350586,80.93225860595703
2012-02-27,171.6999969482422,68.3719253540039,56.779258728027344,81.64857482910156
2012-02-28,173.49000549316406,68.18961334228516,57.35548400878906,81.3800048828125
2012-02-29,164.2899932861328,67.17025756835938,57.0984001159668,80.88406372070312
2012-03-01,166.61000061035156,67.518310546875,57.550498962402344,80.12260437011719
2012-03-02,166.33999633789062,66.50724029541016,57.506195068359375,80.87507629394531
2012-03-05,165.64999389648438,66.58183288574219,56.912227630615234,80.2330322265625
2012-03-06,162.6999969482422,65.25585174560547,56.3537483215332,81.20649719238281
2012-03-07,163.6300048828125,65.8691177368164,56.78812026977539,80.70941925048828
2012-03-08,165.27999877929688,66.72270965576172,57.39979553222656,79.90171813964844
2012-03-09,166.3800048828125,67.62608337402344,57.639156341552734,80.06045532226562
2012-03-12,165.07000732421875,67.49346923828125,57.665748596191406,80.0466537475586
2012-03-13,162.3000030517578,68.8360366821289,58.73841094970703,78.63832092285156
2012-03-14,159.57000732421875,68.27249145507812,58.94226837158203,76.65702819824219
2012-03-15,161.0800018310547,68.84435272216797,59.1107177734375,76.77436065673828
2012-03-16,161.3000030517578,68.78629302978516,59.06896209716797,76.92625427246094
2012-03-19,161.58999633789062,69.36644744873047,59.48634338378906,76.00804138183594
2012-03-20,160.1300048828125,68.74488067626953,59.5929069519043,76.31184387207031
2012-03-21,160.2100067138672,68.72831726074219,59.601776123046875,77.17479705810547
2012-03-22,159.57000732421875,68.0652847290039,59.47747039794922,77.4233169555664
2012-03-23,161.52999877929688,68.73114013671875,59.44193649291992,78.15503692626953
2012-03-26,164.39999389648438,70.1610107421875,60.48086929321289,77.75469970703125
2012-03-27,163.24000549316406,69.67051696777344,60.56969451904297,78.31388854980469
2012-03-28,161.50999450683594,69.2631607055664,60.32992172241211,78.2033920288086
2012-03-29,161.27999877929688,69.06369018554688,60.09904479980469,78.79022979736328
2012-03-30,162.1199951171875,68.8392333984375,59.98360061645508,77.45780181884766
2012-04-02,162.94000244140625,69.68714904785156,60.60520553588867,77.88697052001953
2012-04-03,159.88999938964844,69.22162628173828,60.587440490722656,76.53728485107422
2012-04-04,157.2100067138672,68.11599731445312,59.761627197265625,77.58934783935547
2012-04-05,158.30999755859375,67.81674194335938,60.13456344604492,78.14997100830078
2012-04-09,159.3699951171875,66.70281982421875,59.681678771972656,79.97721862792969
2012-04-10,161.10000610351562,65.13168334960938,58.7226676940918,80.88395690917969
2012-04-11,161.07000732421875,66.05441284179688,59.00680923461914,79.91488647460938
2012-04-12,162.6999969482422,67.00209045410156,59.681678771972656,79.58270263671875
2012-04-13,160.85000610351562,66.12091827392578,58.77595138549805,80.8700942993164
2012-04-16,160.4600067138672,66.2289810180664,58.11884307861328,80.75242614746094
2012-04-17,160.25,67.18494415283203,59.29984664916992,80.70397186279297
2012-04-18,159.30999755859375,66.67787170410156,59.1489143371582,80.93933868408203
2012-04-19,159.42999267578125,66.29547119140625,58.48291015625,81.01543426513672
2012-04-20,159.5399932861328,66.67787170410156,58.32307052612305,81.02930450439453
2012-04-23,159.07000732421875,65.755126953125,57.79027557373047,81.61764526367188
2012-04-24,159.3000030517578,66.2539291381836,57.4794807434082,81.04314422607422
2012-04-25,159.6199951171875,67.2846908569336,59.00680923461914,80.62779998779297
2012-04-26,161.02999877929688,67.94976806640625,59.353126525878906,81.1123275756836
2012-04-27,161.3800048828125,68.48177337646484,59.70833206176758,81.18153381347656
2012-04-30,161.8800048828125,67.72532653808594,59.282100677490234,81.20232391357422
2012-05-01,161.32000732421875,67.79180145263672,59.37978744506836,80.78117370605469
2012-05-02,160.58999633789062,67.97469329833984,59.54851150512695,81.35009765625
2012-05-03,158.97000122070312,67.01869201660156,58.91801834106445,81.32929229736328
2012-05-04,159.47000122070312,65.74684143066406,57.45284652709961,81.96759796142578
2012-05-07,159.0800018310547,65.92142486572266,57.50611877441406,81.98151397705078
2012-05-08,156.0,65.87984466552734,57.292999267578125,82.41861724853516
2012-05-09,154.47000122070312,65.5057601928711,57.11540222167969,82.4740982055664
2012-05-10,154.77000427246094,65.755126953125,56.99996566772461,82.23125457763672
2012-05-11,153.55999755859375,65.58885192871094,56.9910888671875,82.91120147705078
2012-05-14,151.3300018310547,64.7160415649414,56.45830154418945,84.06983947753906
2012-05-15,149.74000549316406,64.59962463378906,56.27180480957031,84.40983581542969
2012-05-16,149.4600067138672,64.13412475585938,55.889991760253906,84.65267944335938
2012-05-17,152.8000030517578,62.67938232421875,54.70896530151367,86.15130615234375
2012-05-18,154.5500030517578,62.0891227722168,53.99856185913086,86.17214965820312
2012-05-21,154.64999389648438,63.55223083496094,55.508148193359375,85.99174499511719
2012-05-22,152.0800018310547,63.16981887817383,55.44599151611328,85.03426361083984
2012-05-23,151.6199951171875,63.577171325683594,55.552547454833984,85.62406158447266
2012-05-24,151.41000366210938,63.710182189941406,55.188472747802734,85.29793548583984
2012-05-25,152.67999267578125,63.668601989746094,55.117427825927734,85.6170883178711
2012-05-29,151.02000427246094,64.59133911132812,55.81895446777344,85.35344696044922
2012-05-30,151.91000366210938,63.35271453857422,55.34830856323242,87.51814270019531
2012-05-31,151.6199951171875,63.269569396972656,55.108558654785156,88.5311279296875
2012-06-01,157.5,61.36594009399414,53.643367767333984,90.63285064697266
2012-06-04,157.32000732421875,61.22460174560547,54.05183410644531,89.91675567626953
2012-06-05,157.13999938964844,62.01433181762695,54.27384567260742,88.71398162841797
2012-06-06,157.2100067138672,63.54391860961914,55.51702117919922,86.94109344482422
2012-06-07,154.5,63.12826919555664,55.29502868652344,87.07315826416016
2012-06-08,154.72999572753906,63.984500885009766,55.827823638916016,87.05229949951172
2012-06-11,155.36000061035156,62.57129669189453,54.88655090332031,87.44857788085938
2012-06-12,156.4600067138672,63.36101150512695,55.552547454833984,86.64908599853516
2012-06-13,157.1199951171875,62.62945556640625,55.17070388793945,87.50426483154297
2012-06-14,157.75,63.34439468383789,55.374961853027344,87.39298248291016
2012-06-15,157.83999633789062,64.19229888916016,56.06293869018555,87.87962341308594
2012-06-18,157.92999267578125,64.26712036132812,56.58806610107422,88.35242462158203
2012-06-19,157.16000366210938,65.38105010986328,57.17546463012695,87.19831085205078
2012-06-20,155.97000122070312,65.28129577636719,57.219993591308594,87.62940216064453
2012-06-21,152.02000427246094,63.693538665771484,55.79592514038086,88.09518432617188
2012-06-22,152.63999938964844,64.41679382324219,56.38335037231445,86.92020416259766
2012-06-25,153.75999450683594,63.41090393066406,55.297508239746094,88.18558502197266
2012-06-26,152.6199951171875,63.659019470214844,55.64462661743164,87.83794403076172
2012-06-27,152.8300018310547,64.69493103027344,55.982818603515625,87.97701263427734
2012-06-28,151.0500030517578,64.58634948730469,55.35980224609375,88.1925277709961
2012-06-29,155.19000244140625,66.46603393554688,57.10427474975586,87.04537200927734
2012-07-02,155.08999633789062,67.234619140625,57.27337646484375,87.94347381591797
2012-07-03,157.4600067138672,68.1117935180664,57.75399398803711,87.26760864257812
2012-07-05,155.67999267578125,68.03662109375,57.78960037231445,87.71351623535156
2012-07-06,153.7100067138672,67.27640533447266,57.06868362426758,88.52873229980469
2012-07-09,154.0399932861328,67.01741790771484,56.96187973022461,89.30911254882812
2012-07-10,152.14999389648438,66.27389526367188,56.4011344909668,89.490234375
2012-07-11,152.99000549316406,66.04832458496094,56.089622497558594,89.60176849365234
2012-07-12,152.58999633789062,65.82273864746094,55.56452178955078,90.23574829101562
2012-07-13,154.13999938964844,66.64147186279297,56.41005325317383,89.99890899658203
2012-07-16,154.2100067138672,66.37415313720703,56.249839782714844,90.41693878173828
2012-07-17,153.47000122070312,66.60806274414062,56.54353713989258,89.70623016357422
2012-07-18,153.0500030517578,67.01741790771484,57.30897521972656,89.75505065917969
2012-07-19,153.3800048828125,66.79183197021484,57.94089889526367,89.52508544921875
2012-07-20,153.6699981689453,65.93970489501953,57.17546463012695,90.61894226074219
2012-07-23,153.02999877929688,64.88707733154297,56.48126220703125,91.12760925292969
2012-07-24,153.52000427246094,64.03491973876953,56.03623580932617,91.84525299072266
2012-07-25,155.6699981689453,64.17697143554688,55.66242218017578,92.08216857910156
2012-07-26,156.77000427246094,64.7283706665039,56.4011344909668,91.23905944824219
2012-07-27,157.5399932861328,66.26554107666016,57.736202239990234,89.51809692382812
2012-07-30,157.42999267578125,66.03998565673828,57.69169235229492,90.18698120117188
2012-07-31,156.49000549316406,65.45519256591797,57.67390441894531,90.36811828613281
2012-08-01,155.13999938964844,64.37747955322266,57.50477600097656,89.91641235351562
2012-08-02,154.1300048828125,64.1435775756836,57.30005645751953,90.42609405517578
2012-08-03,155.5500030517578,65.67240142822266,58.38591384887695,88.9668197631836
2012-08-06,156.3000030517578,66.18199157714844,58.8309211730957,89.00177001953125
2012-08-07,156.27999877929688,66.78349304199219,59.3204460144043,87.85665893554688
2012-08-08,156.47999572753906,66.6832275390625,59.29375076293945,87.38890075683594
2012-08-09,156.99000549316406,67.00067901611328,59.47175979614258,87.3260269165039
2012-08-10,157.17999267578125,66.76681518554688,59.507362365722656,87.7658920288086
2012-08-13,155.99000549316406,66.6581802368164,59.649749755859375,87.61930084228516
2012-08-14,155.1300048828125,66.49945831298828,59.67647933959961,86.43231201171875
2012-08-15,155.6300048828125,67.08425903320312,59.82778549194336,85.2174301147461
2012-08-16,156.55999755859375,67.78598022460938,60.53978729248047,84.49124908447266
2012-08-17,156.72000122070312,68.2621841430664,60.80682373046875,84.90321350097656
2012-08-20,157.25999450683594,68.1117935180664,60.895790100097656,85.0777359008789
2012-08-21,158.8300018310547,68.07006072998047,60.655479431152344,85.45475769042969
2012-08-22,160.5399932861328,67.74421691894531,60.90467071533203,86.86519622802734
2012-08-23,161.88999938964844,67.26803588867188,60.406280517578125,87.22827911376953
2012-08-24,161.97000122070312,67.45183563232422,60.780086517333984,87.14451599121094
2012-08-27,161.36000061035156,67.65232849121094,60.87800598144531,87.65416717529297
2012-08-28,161.63999938964844,67.96146392822266,60.87800598144531,87.8636474609375
2012-08-29,160.58999633789062,68.1703109741211,60.87800598144531,87.47962951660156
2012-08-30,160.52000427246094,67.49359893798828,60.26388931274414,87.9334716796875
2012-08-31,164.22000122070312,67.76929473876953,60.66438674926758,89.17630767822266
2012-09-04,164.47999572753906,68.59636688232422,60.60207748413086,89.08674621582031
2012-09-05,164.30999755859375,68.6130599975586,60.53978729248047,88.66690063476562
2012-09-06,164.88999938964844,69.87454223632812,61.88374710083008,87.19053649902344
2012-09-07,168.44000244140625,70.39249420166016,61.79473114013672,86.78469848632812
2012-09-10,167.2899932861328,70.07502746582031,61.00259017944336,86.9946060180664
2012-09-11,167.89999389648438,70.22542572021484,60.90467071533203,86.4488525390625
2012-09-12,167.9199981689453,70.58464050292969,61.08271408081055,85.37130737304688
2012-09-13,171.30999755859375,71.51197814941406,61.9104118347168,85.03544616699219
2012-09-14,171.8000030517578,72.18028259277344,62.462242126464844,82.77542877197266
2012-09-17,170.39999389648438,71.84615325927734,62.48893356323242,83.76897430419922
2012-09-18,171.72000122070312,71.61221313476562,62.54234313964844,84.18878936767578
2012-09-19,171.74000549316406,71.48690795898438,62.658050537109375,84.7415771484375
2012-09-20,171.47000122070312,71.16944885253906,62.59574890136719,84.95149993896484
2012-09-21,171.9600067138672,71.42839050292969,62.61359786987305,85.04945373535156
2012-09-24,171.0500030517578,71.19527435302734,62.247650146484375,85.71417236328125
2012-09-25,170.77000427246094,70.17208099365234,61.3729362487793,86.56076049804688
2012-09-26,169.80999755859375,69.72760772705078,60.87308120727539,87.49141693115234
2012-09-27,172.33999633789062,70.482421875,61.712120056152344,86.86869812011719
2012-09-28,171.88999938964844,69.97917175292969,61.20334243774414,86.91765594482422
2012-10-01,172.2899932861328,70.2140121459961,61.11409378051758,87.240234375
2012-10-02,172.10000610351562,70.34822845458984,61.292606353759766,87.1209945678711
2012-10-03,172.41000366210938,70.14692687988281,61.685333251953125,87.1490478515625
2012-10-04,173.61000061035156,70.62496185302734,61.899539947509766,86.06224060058594
2012-10-05,172.6199951171875,70.54112243652344,61.569305419921875,84.94730377197266
2012-10-08,172.0500030517578,70.09661865234375,61.00696563720703,85.66252899169922
2012-10-09,170.99000549316406,69.27469635009766,60.03408432006836,85.50829315185547
2012-10-10,170.83999633789062,69.1656723022461,59.730613708496094,86.11125946044922
2012-10-11,171.32000732421875,69.41727447509766,59.54316711425781,86.707275390625
2012-10-12,170.05999755859375,68.85539245605469,59.516414642333984,86.92467498779297
2012-10-15,168.35000610351562,69.30824279785156,59.95374298095703,86.72833251953125
2012-10-16,169.4199981689453,69.81986999511719,60.80170440673828,85.52935028076172
2012-10-17,169.5399932861328,70.44886016845703,60.765995025634766,84.7369613647461
2012-10-18,168.7899932861328,70.06309509277344,60.06086349487305,84.21812438964844
2012-10-19,166.97000122070312,68.64569854736328,58.623836517333984,85.36105346679688
2012-10-22,167.5800018310547,68.62892150878906,58.92729568481445,84.81411743164062
2012-10-23,165.42999267578125,68.28507995605469,58.36497497558594,86.02713775634766
2012-10-24,164.86000061035156,68.10055541992188,58.159706115722656,85.1787109375
2012-10-25,166.02000427246094,68.3773193359375,58.159706115722656,84.74398040771484
2012-10-26,165.92999267578125,68.05024719238281,58.32927322387695,85.99208068847656
2012-10-31,166.8300018310547,68.4611587524414,57.97224807739258,86.49695587158203
2012-11-01,166.07000732421875,69.18244171142578,58.79341125488281,85.78874206542969
2012-11-02,162.60000610351562,68.09217834472656,58.16862487792969,85.72563934326172
2012-11-05,163.22999572753906,68.54508972167969,58.552425384521484,86.20948028564453
2012-11-06,166.3000030517578,69.05665588378906,58.659549713134766,85.3961181640625
2012-11-07,166.49000549316406,67.37926483154297,57.27605056762695,86.9457015991211
2012-11-08,167.99000549316406,66.43162536621094,56.374549865722656,88.23583984375
2012-11-09,167.82000732421875,66.5741958618164,56.61556625366211,88.33405303955078
2012-11-12,167.4499969482422,66.38127136230469,56.60661697387695,88.48126983642578
2012-11-13,167.10000610351562,66.00384521484375,56.21389389038086,88.77577209472656
2012-11-14,167.13999938964844,64.7793960571289,55.55339431762695,88.85990905761719
2012-11-15,166.08999633789062,64.44391632080078,55.36594772338867,88.68463134765625
2012-11-16,165.8800048828125,64.9806900024414,55.60696029663086,88.6075439453125
2012-11-19,167.8699951171875,66.3561019897461,56.92794418334961,88.10964965820312
2012-11-20,167.38999938964844,66.47351837158203,56.94579315185547,87.2261734008789
2012-11-21,167.55999755859375,66.82572174072266,57.06184768676758,87.17707824707031
2012-11-23,169.61000061035156,67.48831176757812,57.927616119384766,87.09294891357422
2012-11-26,169.42999267578125,67.70637512207031,58.17753982543945,87.50659942626953
2012-11-27,168.7100067138672,67.62249755859375,57.981170654296875,87.85020446777344
2012-11-28,166.5500030517578,68.19280242919922,58.48101043701172,87.72399139404297
2012-11-29,167.17999267578125,68.9727783203125,58.82912063598633,87.73802947998047
2012-11-30,166.0500030517578,68.83856964111328,58.730934143066406,87.49966430664062
2012-12-03,166.1300048828125,68.76310729980469,58.614891052246094,87.58038330078125
2012-12-04,164.4199981689453,68.84697723388672,58.57917404174805,88.08625030517578
2012-12-05,164.1199951171875,68.76310729980469,57.927616119384766,88.0440673828125
2012-12-06,164.5,68.87214660644531,58.30250930786133,88.23379516601562
2012-12-07,165.16000366210938,68.92247009277344,57.954402923583984,87.4188232421875
2012-12-10,165.8000030517578,69.2243881225586,58.12399673461914,87.8052749633789
2012-12-11,165.64999389648438,69.95403289794922,58.8826789855957,87.1377944946289
2012-12-12,165.77000427246094,69.55986785888672,58.757720947265625,86.12615966796875
2012-12-13,164.3699951171875,69.1153564453125,58.29357147216797,86.18936157226562
2012-12-14,164.1300048828125,69.07341766357422,57.74018478393555,86.8357162475586
2012-12-17,164.44000244140625,70.04630279541016,58.50779724121094,85.5360336303711
2012-12-18,162.0800018310547,71.00237274169922,59.400367736816406,84.66483306884766
2012-12-19,161.69000244140625,71.16056823730469,59.141502380371094,84.94585418701172
2012-12-20,159.72999572753906,71.5158462524414,59.141502380371094,84.95989227294922
2012-12-21,160.3300018310547,71.21977233886719,58.519500732421875,85.88724517822266
2012-12-24,160.6199951171875,70.8729476928711,58.40285110473633,85.73265838623047
2012-12-26,160.77999877929688,70.36539459228516,57.89125442504883,86.0411148071289
2012-12-27,161.16000366210938,70.31463623046875,57.80149459838867,86.32979583740234
2012-12-28,160.5399932861328,69.81554412841797,57.245018005371094,86.82267761230469
2012-12-31,162.02000427246094,71.32975769042969,58.45668411254883,85.32292175292969
2013-01-02,163.1699981689453,73.42769622802734,60.31459045410156,84.18228149414062
2013-01-03,161.1999969482422,73.25849914550781,60.000484466552734,83.04163360595703
2013-01-04,160.44000244140625,73.79991912841797,59.80299377441406,83.36553192138672
2013-01-07,159.42999267578125,73.520751953125,59.82096481323242,83.40072631835938
2013-01-08,160.55999755859375,73.47000122070312,59.70426559448242,83.94991302490234
2013-01-09,160.49000549316406,73.82527160644531,59.92864990234375,83.8724594116211
2013-01-10,161.97999572753906,73.99444580078125,60.287654876708984,83.64014434814453
2013-01-11,161.05999755859375,73.88451385498047,60.368446350097656,84.38645935058594
2013-01-14,161.5399932861328,73.92679595947266,60.09919738769531,84.15409851074219
2013-01-15,162.55999755859375,74.24823760986328,59.80299377441406,84.5413589477539
2013-01-16,162.64999389648438,74.0283203125,60.04534149169922,84.71739196777344
2013-01-17,163.35000610351562,74.71351623535156,60.33256530761719,83.8724594116211
2013-01-18,163.08999633789062,74.92501068115234,60.197914123535156,84.5202865600586
2013-01-22,163.6699981689453,75.46643829345703,60.2966423034668,84.68219757080078
2013-01-23,163.2100067138672,75.28877258300781,60.66463088989258,84.55545806884766
2013-01-24,161.4199981689453,75.53408813476562,59.82993698120117,84.25971984863281
2013-01-25,160.64999389648438,76.08396911621094,60.13508605957031,83.1050033569336
2013-01-28,160.2899932861328,76.13470458984375,60.26972198486328,82.80225372314453
2013-01-29,160.99000549316406,76.177001953125,60.27869415283203,82.34458923339844
2013-01-30,162.19000244140625,75.26338958740234,60.153053283691406,82.20375061035156
2013-01-31,161.1999969482422,75.77942657470703,60.01841735839844,82.60508728027344
2013-02-01,161.4499969482422,76.44768524169922,60.72748565673828,81.53248596191406
2013-02-04,162.0,75.52561950683594,59.66837692260742,82.57685852050781
2013-02-05,161.9600067138672,76.20240020751953,60.54796600341797,81.84296417236328
2013-02-06,162.38999938964844,76.52384948730469,60.35049819946289,82.51332092285156
2013-02-07,161.83999633789062,76.27003479003906,60.40436935424805,82.32988739013672
2013-02-08,161.57000732421875,76.81147003173828,61.02362823486328,82.64742279052734
2013-02-11,159.6999969482422,76.72686767578125,61.04160690307617,82.58391571044922
2013-02-12,159.88999938964844,77.06523895263672,60.790306091308594,82.37928771972656
2013-02-13,159.0500030517578,77.38672637939453,61.00571060180664,81.70891571044922
2013-02-14,158.35000610351562,77.5812759399414,60.987754821777344,82.44982147216797
2013-02-15,155.75999450683594,77.60665893554688,60.808231353759766,82.20991516113281
2013-02-19,155.3300018310547,78.29186248779297,61.24803161621094,81.8006362915039
2013-02-20,151.44000244140625,76.83682250976562,60.30562973022461,82.04759216308594
2013-02-21,152.6199951171875,76.09241485595703,59.65937805175781,82.52745056152344
2013-02-22,152.97000122070312,77.00602722167969,60.2607421875,82.58391571044922
2013-02-25,154.33999633789062,75.3056640625,59.515777587890625,84.20691680908203
2013-02-26,156.22000122070312,75.60176086425781,59.74018478393555,83.7199935913086
2013-02-27,154.57000732421875,76.39694213867188,60.35049819946289,83.47306060791016
2013-02-28,153.0,76.540771484375,60.2248420715332,83.62830352783203
2013-03-01,152.44000244140625,76.88760375976562,60.47615432739258,84.08369445800781
2013-03-04,152.3000030517578,77.09062194824219,60.74540710449219,83.63821411132812
2013-03-05,152.3800048828125,77.98729705810547,61.6429557800293,83.39775848388672
2013-03-06,153.22999572753906,78.19036102294922,61.49037170410156,82.64109802246094
2013-03-07,152.69000244140625,78.56255340576172,61.651947021484375,82.0046157836914
2013-03-08,152.7100067138672,79.2900619506836,61.7237434387207,81.14892578125
2013-03-11,152.99000549316406,79.26470184326172,61.903255462646484,81.22669982910156
2013-03-12,154.19000244140625,79.10396575927734,61.67885971069336,81.81365203857422
2013-03-13,153.66000366210938,79.4000244140625,61.59807586669922,81.72885131835938
2013-03-14,153.67999267578125,80.19522857666016,61.80453109741211,81.48127746582031
2013-03-15,154.0,80.15291595458984,61.63268280029297,81.86316680908203
2013-03-18,155.3800048828125,79.71305847167969,61.49776077270508,82.48548126220703
2013-03-19,156.0800018310547,79.3746337890625,61.38079833984375,83.04412841796875
2013-03-20,155.3699951171875,80.1106185913086,61.81261444091797,82.11776733398438
2013-03-21,156.25,79.40850830078125,61.11091995239258,82.90979766845703
2013-03-22,155.5500030517578,79.65380859375,61.70463943481445,82.97347259521484
2013-03-25,155.24000549316406,79.69963836669922,61.479766845703125,82.89566802978516
2013-03-26,154.72000122070312,79.95411682128906,61.81261444091797,82.99463653564453
2013-03-27,155.36000061035156,80.00502014160156,61.89357376098633,83.70182037353516
2013-03-28,154.4499969482422,80.10680389404297,62.04652404785156,83.27754211425781
2013-04-01,154.6699981689453,79.02944946289062,61.623695373535156,83.90472412109375
2013-04-02,152.42999267578125,78.53744506835938,62.109493255615234,83.56452941894531
2013-04-03,150.72999572753906,77.30736541748047,61.5427131652832,84.3157958984375
2013-04-04,150.2899932861328,77.96907043457031,61.56071090698242,85.32217407226562
2013-04-05,152.80999755859375,77.81636810302734,61.047950744628906,87.0444107055664
2013-04-08,152.16000366210938,78.46109008789062,61.37179946899414,86.378173828125
2013-04-09,153.33999633789062,78.23202514648438,61.785621643066406,86.16553497314453
2013-04-10,150.75,79.64875793457031,62.9911003112793,84.98196411132812
2013-04-11,151.0500030517578,79.75901794433594,62.96411895751953,85.14498901367188
2013-04-12,143.9499969482422,79.43665313720703,62.91914749145508,86.41358184814453
2013-04-15,131.30999755859375,76.4421157836914,61.67765426635742,87.16481018066406
2013-04-16,132.8000030517578,77.76547241210938,62.496337890625,86.44904327392578
2013-04-17,132.8699951171875,76.4166488647461,61.272830963134766,87.02313995361328
2013-04-18,134.3000030517578,75.99246978759766,60.42718505859375,87.23570251464844
2013-04-19,135.47000122070312,76.86622619628906,61.25484085083008,87.05143737792969
2013-04-22,137.89999389648438,77.0867919921875,61.884578704833984,87.11520385742188
2013-04-23,136.8800048828125,78.3083724975586,62.47834396362305,86.81050109863281
2013-04-24,138.3699951171875,78.7155990600586,62.45134735107422,87.0301742553711
2013-04-25,141.6300048828125,79.23309326171875,62.78419876098633,86.654541015625
2013-04-26,140.91000366210938,78.80888366699219,62.586273193359375,87.44832611083984
2013-04-29,142.3000030517578,79.37727355957031,63.16202163696289,87.12943267822266
2013-04-30,142.77000427246094,79.8268814086914,63.620845794677734,87.17904663085938
2013-05-01,141.11000061035156,77.8927001953125,63.323970794677734,88.07459259033203
2013-05-02,141.9199981689453,79.13129425048828,64.12461853027344,87.9609603881836
2013-05-03,142.08999633789062,80.38675689697266,64.88031768798828,85.88714599609375
2013-05-06,142.14999389648438,80.90425109863281,65.13220977783203,85.67403411865234
2013-05-07,140.3800048828125,81.56593322753906,65.09618377685547,85.34026336669922
2013-05-08,142.4600067138672,81.80343627929688,65.41108703613281,85.47523498535156
2013-05-09,140.80999755859375,81.52351379394531,65.32109832763672,85.25503540039062
2013-05-10,139.60000610351562,82.14277648925781,65.71694946289062,84.33885192871094
2013-05-13,138.42999267578125,82.08343505859375,65.79792022705078,83.6925048828125
2013-05-14,137.80999755859375,83.13533782958984,66.1397705078125,82.783447265625
2013-05-15,134.6300048828125,83.30497741699219,66.27472686767578,83.33743286132812
2013-05-16,134.08999633789062,83.0928955078125,66.2027359008789,84.20387268066406
2013-05-17,131.07000732421875,84.02606964111328,66.84146881103516,83.13855743408203
2013-05-20,135.1199951171875,84.16178131103516,66.74251556396484,83.03911590576172
2013-05-21,132.8800048828125,84.17874145507812,66.81446075439453,83.6925048828125
2013-05-22,131.94000244140625,82.9487075805664,66.22972106933594,82.44961547851562
2013-05-23,134.61000061035156,83.05047607421875,66.0767822265625,82.84027862548828
2013-05-24,133.75999450683594,83.03352355957031,66.04081726074219,82.95391845703125
2013-05-28,133.49000549316406,84.11090087890625,66.47261047363281,80.85163879394531
2013-05-29,134.8300018310547,83.3304443359375,66.15775299072266,81.76075744628906
2013-05-30,136.6999969482422,83.89031982421875,66.50862884521484,81.56189727783203
2013-05-31,133.9199981689453,82.96566772460938,65.89685821533203,81.2848892211914
2013-06-03,136.50999450683594,83.75460815429688,66.01383972167969,81.7155990600586
2013-06-04,135.22999572753906,82.86383819580078,65.67193603515625,80.96092987060547
2013-06-05,135.52000427246094,81.80343627929688,64.81732177734375,82.07867431640625
2013-06-06,136.52999877929688,82.66873168945312,65.13220977783203,82.02886199951172
2013-06-07,133.27999877929688,83.30497741699219,66.0228042602539,80.56228637695312
2013-06-10,133.94000244140625,83.81397247314453,66.0497817993164,80.17782592773438
2013-06-11,133.25,82.90629577636719,65.39307403564453,81.13179016113281
2013-06-12,134.25,82.08343505859375,64.63738250732422,79.9713363647461
2013-06-13,133.74000549316406,83.53404235839844,65.45600891113281,81.224365234375
2013-06-14,134.42999267578125,82.88932037353516,65.02423858642578,81.03216552734375
2013-06-17,133.77000427246094,83.43221282958984,65.65397644042969,80.60497283935547
2013-06-18,132.1300048828125,84.41630554199219,66.19373321533203,80.64767456054688
2013-06-19,130.58999633789062,83.38134765625,65.45600891113281,79.81475067138672
2013-06-20,123.5999984741211,81.17569732666016,63.89973068237305,78.5047607421875
2013-06-21,125.05000305175781,81.41324615478516,63.56037902832031,77.1734619140625
2013-06-24,123.93000030517578,80.3443603515625,62.92866897583008,77.49384307861328
2013-06-25,123.47000122070312,81.11632537841797,63.3889274597168,76.80325317382812
2013-06-26,118.27999877929688,81.49807739257812,63.957489013671875,77.30162811279297
2013-06-27,115.94000244140625,82.7620620727539,64.22821807861328,78.09188079833984
2013-06-28,119.11000061035156,82.28699493408203,64.31844329833984,78.62577056884766
2013-07-01,121.12999725341797,83.62734985351562,64.71553039550781,78.78419494628906
2013-07-02,120.05000305175781,83.56771850585938,64.74262237548828,78.73429107666016
2013-07-03,120.73999786376953,83.73812103271484,65.00433349609375,78.49882507324219
2013-07-05,118.08999633789062,84.92243957519531,65.50067138671875,75.82292938232422
2013-07-08,119.51000213623047,85.26325988769531,65.56382751464844,76.55790710449219
2013-07-09,120.62000274658203,86.0556411743164,65.96095275878906,76.63640594482422
2013-07-10,120.94999694824219,86.29421997070312,66.33998107910156,76.03697967529297
2013-07-11,124.23999786376953,87.30814361572266,67.6575698852539,76.9289779663086
2013-07-12,124.12999725341797,87.487060546875,67.95537567138672,76.86477661132812
2013-07-15,124.18000030517578,88.25391387939453,68.10881042480469,77.27147674560547
2013-07-16,124.88999938964844,87.81085968017578,68.01854705810547,77.53551483154297
2013-07-17,123.31999969482422,88.15167236328125,68.18999481201172,77.67819213867188
2013-07-18,124.01000213623047,88.73956298828125,68.01854705810547,76.70779418945312
2013-07-19,125.11000061035156,88.87590026855469,67.31462860107422,77.92082214355469
2013-07-22,128.83999633789062,89.06332397460938,67.5131607055664,78.03498077392578
2013-07-23,129.7100067138672,89.00370788574219,67.01678466796875,77.70675659179688
2013-07-24,127.4800033569336,88.26243591308594,67.23340606689453,76.72199249267578
2013-07-25,128.6699981689453,89.07186126708984,67.6575698852539,76.69346618652344
2013-07-26,128.77999877929688,88.71398162841797,68.01854705810547,77.1644515991211
2013-07-29,128.47000122070312,88.0920181274414,67.8922348022461,76.60073852539062
2013-07-30,128.1199951171875,88.168701171875,68.25320434570312,76.57221221923828
2013-07-31,127.95999908447266,88.32209777832031,68.37952423095703,76.85047149658203
2013-08-01,126.61000061035156,89.52342224121094,69.07442474365234,75.36968994140625
2013-08-02,126.36000061035156,89.60011291503906,69.46250915527344,76.19952392578125
2013-08-05,125.69999694824219,89.90685272216797,69.50762176513672,75.61295318603516
2013-08-06,123.97000122070312,89.00370788574219,69.09247589111328,75.83466339111328
2013-08-07,124.1500015258789,88.37318420410156,68.96613311767578,76.39981079101562
2013-08-08,126.86000061035156,88.73956298828125,69.30908966064453,76.60725402832031
2013-08-09,126.86000061035156,88.64585876464844,69.0293197631836,76.72889709472656
2013-08-12,129.1300048828125,89.1144790649414,69.1917724609375,76.20667266845703
2013-08-13,127.73999786376953,88.99517059326172,69.57979583740234,75.10498046875
2013-08-14,129.0,88.64585876464844,69.31810760498047,75.21943664550781
2013-08-15,131.69000244140625,87.0014419555664,68.14490509033203,74.20365905761719
2013-08-16,132.5800018310547,86.6350326538086,68.11783599853516,73.94617462158203
2013-08-19,132.00999450683594,85.75745391845703,68.00052642822266,73.30230712890625
2013-08-20,132.4499969482422,86.99288177490234,68.29833984375,73.86748504638672
2013-08-21,132.07000732421875,86.46463775634766,68.06368255615234,73.05908966064453
2013-08-22,132.80999755859375,87.68305206298828,68.73149871826172,73.8030014038086
2013-08-23,134.89999389648438,87.9045639038086,69.1917724609375,74.60421752929688
2013-08-26,135.4499969482422,87.91310119628906,69.22783660888672,74.97623443603516
2013-08-27,136.75,85.85115814208984,67.81096649169922,75.9205093383789
2013-08-28,136.7100067138672,86.02156066894531,68.07270050048828,75.3052978515625
2013-08-29,135.8699951171875,86.88212585449219,68.55101013183594,75.90621185302734
2013-08-30,134.6199951171875,85.52735900878906,68.10881042480469,75.82040405273438
2013-09-03,136.4199981689453,86.10680389404297,68.49684143066406,74.75096893310547
2013-09-04,134.66000366210938,86.86507415771484,69.22783660888672,74.5859603881836
2013-09-05,132.1999969482422,87.0014419555664,69.34517669677734,73.54595947265625
2013-09-06,134.14999389648438,87.23998260498047,69.42639923095703,73.91181945800781
2013-09-09,133.91000366210938,88.5606689453125,70.23863220214844,73.94762420654297
2013-09-10,131.74000549316406,89.42971801757812,70.58153533935547,73.43126678466797
2013-09-11,131.6999969482422,89.47232055664062,70.44617462158203,74.0838851928711
2013-09-12,127.66999816894531,88.81623840332031,70.40107727050781,73.9834976196289
2013-09-13,127.81999969482422,89.30191040039062,70.44617462158203,74.27041625976562
2013-09-16,126.44999694824219,89.49786376953125,70.25663757324219,73.77554321289062
2013-09-17,126.5,90.3840103149414,70.7259521484375,74.3851547241211
2013-09-18,132.00999450683594,91.24456024169922,71.5742416381836,75.30326080322266
2013-09-19,131.75,91.15083312988281,71.74569702148438,74.85852813720703
2013-09-20,127.95999908447266,90.8185043334961,71.4995346069336,75.25299835205078
2013-09-23,127.55000305175781,90.82704162597656,71.35469055175781,75.8053207397461
2013-09-24,127.66000366210938,91.12861633300781,71.35469055175781,76.62296295166016
2013-09-25,128.7899932861328,90.95777893066406,71.11026763916016,76.78076934814453
2013-09-26,127.79000091552734,91.46178436279297,71.66242218017578,76.2427978515625
2013-09-27,128.97000122070312,91.05172729492188,71.57194519042969,76.4292984008789
2013-09-30,128.17999267578125,91.07737731933594,71.39991760253906,76.3145523071289
2013-10-01,124.58999633789062,92.13670349121094,72.12406158447266,76.08301544189453
2013-10-02,127.05999755859375,91.7608413696289,72.096923828125,76.19803619384766
2013-10-03,127.18000030517578,90.8210678100586,71.25511932373047,76.07579803466797
2013-10-04,126.52999877929688,91.42761993408203,71.8706283569336,76.01826477050781
2013-10-07,127.63999938964844,90.3597640991211,71.27323913574219,76.32749938964844
2013-10-08,127.4000015258789,88.89889526367188,69.89736938476562,76.34909057617188
2013-10-09,126.11000061035156,88.54007720947266,69.68011474609375,75.73778533935547
2013-10-10,124.2699966430664,90.67583465576172,71.1555404663086,75.86006927490234
2013-10-11,122.5999984741211,91.99150085449219,71.71675109863281,75.83845520019531
2013-10-14,122.83000183105469,92.45280456542969,72.22364044189453,75.22724151611328
2013-10-15,123.7300033569336,91.54723358154297,71.94305419921875,75.1769027709961
2013-10-16,123.54000091552734,92.68345642089844,72.7577133178711,76.11891174316406
2013-10-17,127.41999816894531,93.49506378173828,73.174072265625,76.80934143066406
2013-10-18,126.8499984741211,94.56292724609375,74.35987854003906,76.97467803955078
2013-10-21,126.9800033569336,94.375,74.52278900146484,76.7302017211914
2013-10-22,129.33999633789062,94.62272644042969,74.63138580322266,77.5859603881836
2013-10-23,128.69000244140625,94.30662536621094,74.17881774902344,77.88799285888672
2013-10-24,129.89999389648438,94.81067657470703,74.50467681884766,77.5859603881836
2013-10-25,130.4600067138672,94.89611053466797,75.0387191772461,77.87358093261719
2013-10-28,130.55999755859375,94.85340118408203,75.05683898925781,77.6075439453125
2013-10-29,129.77000427246094,95.12677001953125,75.18358612060547,77.70820617675781
2013-10-30,129.60000610351562,93.82821655273438,75.11116790771484,77.24077606201172
2013-10-31,127.73999786376953,93.28148651123047,74.93917846679688,77.40620422363281
2013-11-01,126.94999694824219,92.87996673583984,74.95726776123047,76.56829833984375
2013-11-04,126.80999755859375,93.94784545898438,75.06588745117188,76.64041137695312
2013-11-05,126.55999755859375,93.62317657470703,75.1473617553711,75.72471618652344
2013-11-06,127.19999694824219,93.22166442871094,75.12925720214844,75.76073455810547
2013-11-07,126.16000366210938,91.6497573852539,73.7171859741211,76.40250396728516
2013-11-08,124.27999877929688,93.31562805175781,74.7128677368164,74.56380462646484
2013-11-11,123.87000274658203,93.44378662109375,74.59521484375,74.2825698852539
2013-11-12,122.44999694824219,93.52067565917969,74.7128677368164,74.6286849975586
2013-11-13,122.8499984741211,94.41768646240234,75.61803436279297,74.90271759033203
2013-11-14,124.2699966430664,94.32373046875,75.85340118408203,75.3641586303711
2013-11-15,124.31999969482422,94.68253326416016,75.99821472167969,75.51558685302734
2013-11-18,122.9000015258789,94.01618957519531,75.25594329833984,75.96984100341797
2013-11-19,122.94999694824219,93.43522644042969,75.0387191772461,75.39301300048828
2013-11-20,120.12000274658203,93.40107727050781,74.85771942138672,74.10955047607422
2013-11-21,119.94000244140625,95.08406829833984,75.61803436279297,74.23213958740234
2013-11-22,119.91999816894531,95.5539321899414,76.02536010742188,74.92430877685547
2013-11-25,120.45999908447266,95.67352294921875,76.20640563964844,75.14064025878906
2013-11-26,119.81999969482422,96.38260650634766,76.60468292236328,75.42186737060547
2013-11-27,119.45999908447266,96.92084503173828,77.1387710571289,75.29203033447266
2013-11-29,120.69999694824219,96.9720687866211,77.6003646850586,75.31365203857422
2013-12-02,117.58000183105469,95.99815368652344,77.37409973144531,74.7279052734375
2013-12-03,117.95999908447266,95.536865234375,77.31070709228516,75.0027084350586
2013-12-04,119.95999908447266,95.28054809570312,77.38313293457031,74.2867202758789
2013-12-05,118.30000305175781,95.34889221191406,77.28356170654297,74.07701110839844
2013-12-06,118.55000305175781,96.09210968017578,77.84475708007812,74.43140411376953
2013-12-09,119.72000122070312,96.06651306152344,78.16156005859375,74.60494232177734
2013-12-10,121.81999969482422,95.19511413574219,78.10729217529297,75.14009094238281
2013-12-11,120.86000061035156,93.63174438476562,77.10250854492188,74.56157684326172
2013-12-12,118.29000091552734,93.83677673339844,76.90340423583984,74.27946472167969
2013-12-13,119.37999725341797,94.14429473876953,76.8038101196289,74.64112854003906
2013-12-16,119.69000244140625,95.26347351074219,77.229248046875,74.3663101196289
2013-12-17,118.6500015258789,95.12677001953125,77.07539367675781,74.69893646240234
2013-12-18,117.61000061035156,96.4338607788086,77.97148895263672,74.32290649414062
2013-12-19,114.81999969482422,95.71621704101562,77.7542495727539,74.25056457519531
2013-12-20,115.94000244140625,97.33087158203125,78.54607391357422,75.39323425292969
2013-12-23,115.56999969482422,98.43457794189453,79.37239837646484,74.96656036376953
2013-12-24,116.0999984741211,98.81192779541016,79.40870666503906,74.3663101196289
2013-12-26,116.73999786376953,98.82054138183594,79.67203521728516,74.0797119140625
2013-12-27,117.12000274658203,98.76048278808594,79.4722671508789,73.86927795410156
2013-12-30,115.38999938964844,98.70044708251953,79.35420989990234,74.3771743774414
2013-12-31,116.12000274658203,98.93196105957031,79.8718490600586,73.9056167602539
2014-01-02,118.0,97.85999298095703,79.24526977539062,74.13048553466797
2014-01-03,119.29000091552734,98.3573989868164,78.67320251464844,74.13048553466797
2014-01-06,119.5,97.5598373413086,78.38261413574219,74.44245910644531
2014-01-07,118.81999969482422,98.37454223632812,79.10906982421875,74.63114929199219
2014-01-08,118.12000274658203,98.50322723388672,79.2815933227539,74.427978515625
2014-01-09,118.45999908447266,98.5289306640625,79.01824951171875,74.8633041381836
2014-01-10,120.26000213623047,99.0692138671875,79.27250671386719,75.75572967529297
2014-01-13,121.0199966430664,97.7142333984375,78.10113525390625,76.1330337524414
2014-01-14,119.88999938964844,98.91484832763672,79.59031677246094,75.7848129272461
2014-01-15,119.66000366210938,99.65240478515625,80.24412536621094,75.7049331665039
2014-01-16,119.79000091552734,99.77243041992188,80.2531967163086,76.21287536621094
2014-01-17,120.93000030517578,99.42082214355469,79.79917907714844,76.53205871582031
2014-01-21,119.69999694824219,100.01256561279297,80.4075698852539,76.5901107788086
2014-01-22,119.19000244140625,100.5185546875,80.61640930175781,76.40149688720703
2014-01-23,121.79000091552734,99.841064453125,80.34400177001953,77.48255157470703
2014-01-24,122.29000091552734,97.29399871826172,78.76399993896484,77.98318481445312
2014-01-27,120.95999908447266,95.8703842163086,78.0012435913086,77.4390640258789
2014-01-28,120.94999694824219,96.88236236572266,77.9558334350586,77.62767791748047
2014-01-29,122.47000122070312,95.48448181152344,77.12042999267578,78.26616668701172
2014-01-30,119.7699966430664,96.90811157226562,78.54607391357422,78.04126739501953
2014-01-31,120.08999633789062,96.1877212524414,78.33721923828125,78.56365966796875
2014-02-03,121.31999969482422,93.17755126953125,76.53929901123047,79.52091979980469
2014-02-04,120.98999786376953,93.88077545166016,77.10226440429688,78.67713165283203
2014-02-05,121.29000091552734,93.17755126953125,76.90249633789062,77.94973754882812
2014-02-06,121.23999786376953,93.91508483886719,77.8831787109375,77.61510467529297
2014-02-07,122.16999816894531,94.97847747802734,79.27250671386719,77.6805648803711
2014-02-10,122.91999816894531,95.22720336914062,79.72653198242188,77.8988265991211
2014-02-11,124.36000061035156,96.07622528076172,80.63459014892578,77.44780731201172
2014-02-12,124.43000030517578,96.45355224609375,80.78897857666016,77.04773712158203
2014-02-13,125.48999786376953,97.67988586425781,81.38824462890625,77.48419189453125
2014-02-14,127.1500015258789,97.81712341308594,81.55171203613281,77.52781677246094
2014-02-18,127.4000015258789,98.83769989013672,81.95125579833984,77.7023696899414
2014-02-19,126.2699966430664,97.82569885253906,81.38824462890625,77.37510681152344
2014-02-20,127.5999984741211,98.88057708740234,81.76966094970703,77.1859359741211
2014-02-21,127.58000183105469,99.18928527832031,81.6606674194336,77.5932846069336
2014-02-24,128.99000549316406,99.9182357788086,82.09652709960938,77.39694213867188
2014-02-25,129.2100067138672,100.0211410522461,82.00574493408203,78.08790588378906
2014-02-26,128.11000061035156,100.63862609863281,81.93307495117188,78.5025634765625
2014-02-27,128.1999969482422,101.1874771118164,82.46467590332031,78.93177795410156
2014-02-28,127.62000274658203,100.78440856933594,82.37348937988281,78.97538757324219
2014-03-03,130.2899932861328,100.24412536621094,81.7625732421875,79.50257110595703
2014-03-04,128.67999267578125,102.76546478271484,82.80204772949219,78.30670928955078
2014-03-05,128.88999938964844,102.70542907714844,83.03004455566406,78.47445678710938
2014-03-06,130.1699981689453,102.68824005126953,82.95706939697266,77.70149230957031
2014-03-07,129.08999633789062,102.65393829345703,82.5467300415039,77.21296691894531
2014-03-10,129.1300048828125,102.31090545654297,82.61965942382812,77.32231903076172
2014-03-11,129.86000061035156,101.24751281738281,82.26409149169922,77.5264663696289
2014-03-12,131.75999450683594,101.55622863769531,82.5740966796875,78.06607055664062
2014-03-13,132.2100067138672,100.38136291503906,81.40697479248047,79.11610412597656
2014-03-14,133.10000610351562,100.80155181884766,80.85076141357422,79.13072967529297
2014-03-17,131.63999938964844,101.24751281738281,81.56198120117188,78.54007720947266
2014-03-18,130.6199951171875,102.72256469726562,82.5467300415039,78.82438659667969
2014-03-19,128.08999633789062,102.05364990234375,82.0999755859375,78.21189880371094
2014-03-20,127.86000061035156,102.19084930419922,82.32789611816406,78.07341766357422
2014-03-21,128.47000122070312,101.71914672851562,81.33722686767578,78.91922760009766
2014-03-24,126.18000030517578,100.5614242553711,80.62442016601562,79.48068237304688
2014-03-25,126.41000366210938,100.53736877441406,80.8894271850586,79.1817398071289
2014-03-26,125.41000366210938,98.61138153076172,79.84757995605469,79.8015365600586
2014-03-27,124.58999633789062,98.36205291748047,79.3997573852539,80.20256042480469
2014-03-28,124.55999755859375,98.26748657226562,79.5551528930664,79.75049591064453
2014-03-31,123.61000061035156,100.03006744384766,80.12173461914062,79.55362701416016
2014-04-01,123.38999938964844,101.34559631347656,81.52914428710938,78.87374877929688
2014-04-02,124.31999969482422,101.80128479003906,81.73934173583984,78.42046356201172
2014-04-03,123.91999816894531,100.76948547363281,81.09049987792969,78.76411437988281
2014-04-04,125.56999969482422,98.43941497802734,78.93365478515625,79.2904281616211
2014-04-07,124.91000366210938,97.00354766845703,78.18425750732422,79.7656478881836
2014-04-08,126.08999633789062,97.68278503417969,78.90625,79.95570373535156
2014-04-09,126.31999969482422,99.09290313720703,80.2588119506836,79.56092071533203
2014-04-10,127.01000213623047,96.26409912109375,77.77301788330078,80.29930877685547
2014-04-11,126.93000030517578,94.93141174316406,76.86825561523438,80.94992065429688
2014-04-14,127.8499984741211,95.19795227050781,77.47142028808594,80.7379150390625
2014-04-15,125.48999786376953,95.5676498413086,77.72735595703125,81.24232482910156
2014-04-16,125.54000091552734,96.60802459716797,78.76004791259766,81.34468841552734
2014-04-17,124.75,97.0895004272461,78.7782974243164,80.45280456542969
2014-04-21,124.23999786376953,97.54521179199219,79.36322021484375,80.38699340820312
2014-04-22,123.77999877929688,98.55120849609375,79.99380493164062,80.65751647949219
2014-04-23,123.76000213623047,97.93209838867188,79.29009246826172,81.11809539794922
2014-04-24,124.55999755859375,97.68278503417969,80.04863739013672,81.27164459228516
2014-04-25,125.43000030517578,95.96318054199219,78.76919555664062,81.38858795166016
2014-04-28,124.87999725341797,95.40428161621094,79.02506256103516,80.99376678466797
2014-04-29,124.86000061035156,95.6450424194336,79.65567016601562,80.88412475585938
2014-04-30,124.22000122070312,96.28130340576172,79.8658447265625,81.2204360961914
2014-05-01,123.80000305175781,96.24693298339844,80.10346984863281,82.09173583984375
2014-05-02,125.05999755859375,96.32431030273438,79.9572525024414,82.59741973876953
2014-05-05,126.22000122070312,96.20392608642578,80.37762451171875,82.09909057617188
2014-05-06,125.9800033569336,94.63908386230469,79.3358154296875,82.42888641357422
2014-05-07,124.16999816894531,94.69924926757812,79.10731506347656,82.13572692871094
2014-05-08,124.16999816894531,93.7448501586914,79.03423309326172,81.78398895263672
2014-05-09,124.0999984741211,94.60466003417969,79.32665252685547,81.52017974853516
2014-05-12,124.94000244140625,96.75420379638672,80.63352966308594,81.19036102294922
2014-05-13,124.5999984741211,95.80841827392578,80.68836212158203,81.8938980102539
2014-05-14,125.80999755859375,94.25215148925781,80.2679672241211,82.78065490722656
2014-05-15,124.7699966430664,93.61592102050781,79.63736724853516,83.4402084350586
2014-05-16,124.5,94.20916748046875,80.15826416015625,83.20565795898438
2014-05-19,124.58000183105469,95.22372436523438,80.71578216552734,82.5901107788086
2014-05-20,124.69000244140625,93.7706527709961,80.42332458496094,82.7733154296875
2014-05-21,124.38999938964844,94.25215148925781,81.19102478027344,82.26766204833984
2014-05-22,124.66999816894531,95.23234558105469,81.54743957519531,82.15044403076172
2014-05-23,124.51000213623047,96.27267456054688,82.1414566040039,82.5901107788086
2014-05-27,121.8499984741211,97.65702056884766,83.16505432128906,83.07373046875
2014-05-28,121.19999694824219,97.14968872070312,82.90917205810547,84.09976959228516
2014-05-29,120.94000244140625,97.4764404296875,83.439208984375,83.65269470214844
2014-05-30,120.43000030517578,97.03793334960938,83.4483413696289,83.61605834960938
2014-06-02,119.69999694824219,96.51346588134766,83.36610412597656,82.9944839477539
2014-06-03,120.01000213623047,96.28130340576172,83.32950592041016,81.97319793701172
2014-06-04,119.76000213623047,96.65959167480469,83.64026641845703,81.95116424560547
2014-06-05,120.66000366210938,98.68876647949219,84.34396362304688,81.98792266845703
2014-06-06,120.61000061035156,99.63455963134766,84.82833099365234,81.98792266845703
2014-06-09,120.6500015258789,100.51155853271484,84.76435852050781,81.87035369873047
2014-06-10,121.38999938964844,100.31381225585938,84.91057586669922,81.56908416748047
2014-06-11,121.41000366210938,99.82369232177734,84.89230346679688,81.716064453125
2014-06-12,122.63999938964844,99.21324920654297,84.12462615966797,82.4434814453125
2014-06-13,122.95999908447266,99.38520812988281,84.37139129638672,82.39936828613281
2014-06-16,122.41999816894531,99.86668395996094,84.44451141357422,82.60505676269531
2014-06-17,122.27999877929688,100.5717544555664,84.49018096923828,81.95116424560547
2014-06-18,122.66999816894531,101.25100708007812,84.96541595458984,82.5830307006836
2014-06-19,126.94000244140625,101.33695983886719,84.91057586669922,81.52503204345703
2014-06-20,126.5,101.67229461669922,85.0104751586914,82.14220428466797
2014-06-23,126.8499984741211,101.47454071044922,85.02876281738281,81.88501739501953
2014-06-24,126.9800033569336,100.39118957519531,84.94634246826172,82.71529388427734
2014-06-25,126.98999786376953,101.24240112304688,85.48697662353516,82.9283447265625
2014-06-26,126.7300033569336,101.0704345703125,85.53279113769531,83.32508087158203
2014-06-27,126.66000366210938,101.74969482421875,85.90849304199219,83.20020294189453
2014-06-30,128.0399932861328,102.1537857055664,86.05512237548828,83.40592193603516
2014-07-01,127.69999694824219,103.19415283203125,86.99899291992188,82.70765686035156
2014-07-02,127.69999694824219,102.7962646484375,87.14558410644531,81.82366943359375
2014-07-03,127.16000366210938,103.4177017211914,87.69537353515625,81.52901458740234
2014-07-07,127.0199966430664,101.64833068847656,87.42965698242188,82.1257095336914
2014-07-08,127.06999969482422,100.41410827636719,86.3758316040039,83.04645538330078
2014-07-09,127.83999633789062,100.54356384277344,87.01727294921875,83.11273956298828
2014-07-10,128.5399932861328,99.47330474853516,86.74240112304688,83.13484191894531
2014-07-11,128.77999877929688,99.34382629394531,87.30133819580078,83.66519927978516
2014-07-14,125.72000122070312,99.85306549072266,87.82367706298828,83.30429077148438
2014-07-15,124.52999877929688,98.86909484863281,87.52131652832031,83.13484191894531
2014-07-16,124.97000122070312,98.6015396118164,87.8695297241211,83.57682800292969
2014-07-17,127.08999633789062,97.08248901367188,86.7057113647461,84.63020324707031
2014-07-18,126.12999725341797,98.59292602539062,88.08028411865234,84.35761260986328
2014-07-21,126.33999633789062,98.19588470458984,87.97032165527344,84.7774658203125
2014-07-22,125.73999786376953,99.02449798583984,88.52928161621094,84.95426940917969
2014-07-23,125.62000274658203,99.14530181884766,89.097412109375,84.84379577636719
2014-07-24,124.3499984741211,98.94679260253906,88.99662780761719,84.2103500366211
2014-07-25,125.79000091552734,98.04915618896484,88.64840698242188,85.20478057861328
2014-07-28,125.58000183105469,97.55718994140625,88.6758804321289,85.08685302734375
2014-07-29,125.19999694824219,97.82476806640625,88.52011108398438,85.39628601074219
2014-07-30,124.83000183105469,98.21318817138672,88.86834716796875,84.2103500366211
2014-07-31,123.38999938964844,95.96908569335938,87.07227325439453,83.95986938476562
2014-08-01,124.37999725341797,95.5289077758789,86.75153350830078,84.60982513427734
2014-08-04,123.98999786376953,96.374755859375,87.34718322753906,84.38823699951172
2014-08-05,123.87000274658203,96.13307189941406,86.67823791503906,84.66149139404297
2014-08-06,125.66999816894531,96.43516540527344,86.61408996582031,84.71318054199219
2014-08-07,126.18000030517578,95.96908569335938,86.33918762207031,85.5034408569336
2014-08-08,126.19000244140625,96.90121459960938,86.96232604980469,85.31880950927734
2014-08-11,125.95999908447266,97.82476806640625,87.47547149658203,85.31143188476562
2014-08-12,125.98999786376953,97.15153503417969,87.43882751464844,84.75753021240234
2014-08-13,126.19999694824219,97.91104125976562,88.36432647705078,85.31143188476562
2014-08-14,126.30999755859375,98.05779266357422,88.82254028320312,85.99832153320312
2014-08-15,125.4800033569336,97.86790466308594,89.25320434570312,86.93631744384766
2014-08-18,124.95999908447266,99.29205322265625,89.94048309326172,86.07215118408203
2014-08-19,124.68000030517578,99.63728332519531,90.44446563720703,85.80626678466797
2014-08-20,124.22000122070312,99.21435546875,90.44446563720703,85.6659164428711
2014-08-21,122.87999725341797,99.4301528930664,90.62776947021484,86.1460189819336
2014-08-22,123.19000244140625,99.43875122070312,90.76520538330078,86.62609100341797
2014-08-25,122.73999786376953,99.90484619140625,91.08594512939453,86.95101928710938
2014-08-26,123.3499984741211,100.81111145019531,91.17754364013672,86.67040252685547
2014-08-27,123.31999969482422,100.56082153320312,91.19589233398438,87.40890502929688
2014-08-28,124.0,100.04296112060547,91.09510040283203,87.86686706542969
2014-08-29,123.86000061035156,100.60395050048828,91.43412017822266,87.92595672607422
2014-09-02,121.6500015258789,101.15634155273438,91.69986724853516,86.40916442871094
2014-09-03,122.1500015258789,100.51764678955078,91.15924072265625,86.89030456542969
2014-09-04,121.4800033569336,100.12925720214844,91.07675170898438,85.83174133300781
2014-09-05,122.05999755859375,100.44862365722656,91.53496551513672,85.66895294189453
2014-09-08,120.7300033569336,100.60395050048828,91.70904541015625,85.70597076416016
2014-09-09,120.87000274658203,99.41285705566406,90.94844818115234,85.6393051147461
2014-09-10,120.26000213623047,99.99979400634766,91.69986724853516,85.09896087646484
2014-09-11,119.47000122070312,100.64713287353516,91.6265640258789,84.81764221191406
2014-09-12,118.37999725341797,99.57685089111328,91.15924072265625,83.92933654785156
2014-09-15,118.63999938964844,98.48934936523438,90.27952575683594,84.0551986694336
2014-09-16,118.83000183105469,98.7655258178711,91.067626953125,83.71466827392578
2014-09-17,117.54000091552734,99.02449798583984,91.2050552368164,83.50003814697266
2014-09-18,117.77999877929688,99.62865447998047,91.89232635498047,83.76653289794922
2014-09-19,117.08999633789062,98.36851501464844,91.83537292480469,84.83245086669922
2014-09-22,116.8499984741211,96.98755645751953,90.98113250732422,84.93610382080078
2014-09-23,117.5999984741211,96.08126831054688,90.73311614990234,85.4616470336914
2014-09-24,117.05000305175781,96.95108795166016,91.70674896240234,84.98793029785156
2014-09-25,117.38999938964844,95.31533813476562,89.77781677246094,85.99468231201172
2014-09-26,117.05999755859375,96.1721420288086,90.73311614990234,85.86881256103516
2014-09-29,117.02999877929688,96.09425354003906,90.61369323730469,86.55725860595703
2014-09-30,116.20999908447266,94.64025115966797,90.7423095703125,86.06865692138672
2014-10-01,116.7699966430664,93.29875183105469,89.29100036621094,87.7376480102539
2014-10-02,116.73999786376953,94.19023895263672,89.29100036621094,86.97328186035156
2014-10-03,114.61000061035156,94.89989471435547,90.17279815673828,87.34429931640625
2014-10-06,116.02999877929688,94.0863265991211,89.97991180419922,87.39625549316406
2014-10-07,116.36000061035156,92.53712463378906,88.70314025878906,88.57618713378906
2014-10-08,117.47000122070312,94.31134796142578,90.42999267578125,88.5984878540039
2014-10-09,117.63999938964844,91.76685333251953,88.96951293945312,88.21260070800781
2014-10-10,117.58999633789062,90.65039825439453,86.74665832519531,89.08818817138672
2014-10-13,118.5199966430664,90.28691101074219,85.38722229003906,89.62996673583984
2014-10-14,118.58999633789062,91.34275817871094,85.39641571044922,90.21625518798828
2014-10-15,118.98999786376953,92.26018524169922,84.84529113769531,90.92862701416016
2014-10-16,119.22000122070312,93.29875183105469,84.31253051757812,90.34978485107422
2014-10-17,118.98999786376953,93.02181243896484,85.4239501953125,89.84525299072266
2014-10-20,119.80000305175781,94.11231994628906,86.70073699951172,90.17167663574219
2014-10-21,120.0199966430664,95.66150665283203,88.97869873046875,89.45184326171875
2014-10-22,119.33999633789062,94.2940444946289,88.51946258544922,89.54833984375
2014-10-23,118.5199966430664,95.96443939208984,89.851318359375,88.75433349609375
2014-10-24,118.3499984741211,96.12889099121094,90.5861587524414,88.84330749511719
2014-10-27,118.05999755859375,96.07696533203125,90.65045928955078,89.00663757324219
2014-10-28,118.0999984741211,98.81185150146484,92.01908111572266,88.45008087158203
2014-10-29,116.41000366210938,98.57820129394531,91.67920684814453,88.6504135131836
2014-10-30,115.19000244140625,99.4177017211914,91.87210083007812,88.72463989257812
2014-10-31,112.66000366210938,100.88037109375,93.13967895507812,88.49456787109375
2014-11-03,112.1500015258789,100.70726013183594,93.41524505615234,88.49456024169922
2014-11-04,112.22000122070312,100.23991394042969,93.10296630859375,88.76984405517578
2014-11-05,109.79000091552734,100.42167663574219,93.11213684082031,88.64335632324219
2014-11-06,109.87999725341797,100.85440063476562,93.40606689453125,88.0705337524414
2014-11-07,112.97000122070312,101.01018524169922,93.32339477539062,89.0822525024414
2014-11-10,110.45999908447266,101.51215362548828,93.65406799316406,88.26399230957031
2014-11-11,112.04000091552734,101.58139038085938,93.94800567626953,88.3235092163086
2014-11-12,111.5,102.04012298583984,94.11333465576172,88.24909210205078
2014-11-13,111.66999816894531,101.17462921142578,94.51749420166016,88.45736694335938
2014-11-14,114.47000122070312,100.99287414550781,94.81143188476562,88.8888168334961
2014-11-17,114.05000305175781,100.15333557128906,94.5267105102539,88.66567993164062
2014-11-18,115.05000305175781,100.73323822021484,95.23395538330078,88.91117858886719
2014-11-19,113.68000030517578,99.6600341796875,94.80220794677734,88.34579467773438
2014-11-20,114.86000061035156,100.77651977539062,95.22477722167969,88.80703735351562
2014-11-21,115.38999938964844,100.89767456054688,95.40843963623047,89.34259796142578
2014-11-24,115.11000061035156,102.10070037841797,96.15247344970703,89.41704559326172
2014-11-25,115.37999725341797,102.1785888671875,96.29945373535156,90.16095733642578
2014-11-26,115.16000366210938,102.51611328125,96.92403411865234,90.4063720703125
2014-11-28,112.11000061035156,100.99287414550781,97.3741455078125,91.12051391601562
2014-12-01,116.58000183105469,99.4177017211914,96.27189636230469,90.58894348144531
2014-12-02,115.13999938964844,100.61204528808594,96.65764617919922,89.70915985107422
2014-12-03,116.33000183105469,101.58139038085938,96.83221435546875,90.05960083007812
2014-12-04,115.87999725341797,101.09675598144531,96.7862777709961,90.8125991821289
2014-12-05,114.43000030517578,101.85833740234375,96.79549407958984,90.28324127197266
2014-12-08,115.77999877929688,100.58609771728516,96.10655212402344,91.38674926757812
2014-12-09,118.19000244140625,102.27379608154297,96.40968322753906,91.85643005371094
2014-12-10,117.95999908447266,100.10143280029297,94.89408874511719,92.5274658203125
2014-12-11,117.69000244140625,100.49957275390625,95.34419250488281,92.9076919555664
2014-12-12,117.41000366210938,99.27921295166016,94.30623626708984,94.16777801513672
2014-12-15,114.38999938964844,98.27528381347656,93.33255004882812,93.9738998413086
2014-12-16,114.94999694824219,98.13678741455078,91.83537292480469,95.13699340820312
2014-12-17,114.2699966430664,101.16596984863281,93.5071029663086,94.27960968017578
2014-12-18,115.1500015258789,102.67190551757812,95.75749206542969,92.60204315185547
2014-12-19,114.7699966430664,102.90557861328125,96.1788558959961,93.8471450805664
2014-12-22,112.55000305175781,103.60660552978516,96.4185791015625,93.9738998413086
2014-12-23,112.73999786376953,103.7364730834961,96.07743072509766,92.10991668701172
2014-12-24,112.7699966430664,104.03614044189453,96.160400390625,92.61128234863281
2014-12-26,114.83000183105469,104.71372985839844,96.8426742553711,92.95497131347656
2014-12-29,113.66999816894531,105.15677642822266,96.82422637939453,93.64981842041016
2014-12-30,115.19999694824219,104.53998565673828,96.1788558959961,93.90387725830078
2014-12-31,113.58000183105469,103.91455078125,95.19234466552734,94.08320617675781
2015-01-02,114.08000183105469,103.31513214111328,94.90656280517578,95.12921142578125
2015-01-05,115.80000305175781,101.93386840820312,93.51438903808594,96.62357330322266
2015-01-06,117.12000274658203,100.17037963867188,92.2605209350586,98.36441040039062
2015-01-07,116.43000030517578,101.40396118164062,93.44987487792969,98.17018127441406
2015-01-08,115.94000244140625,103.1240005493164,95.23846435546875,96.87010955810547
2015-01-09,117.26000213623047,102.13369750976562,94.6115493774414,97.93109893798828
2015-01-12,118.55999755859375,101.79486083984375,93.62504577636719,98.49148559570312
2015-01-13,118.16000366210938,101.87308502197266,93.59735870361328,98.49148559570312
2015-01-14,117.97000122070312,101.46479034423828,93.08106994628906,99.2386703491211
2015-01-15,120.94000244140625,99.75344848632812,91.873291015625,100.80024719238281
2015-01-16,122.5199966430664,101.37791442871094,92.95201110839844,99.5151138305664
2015-01-20,124.19999694824219,100.95225524902344,93.68954467773438,100.83760070800781
2015-01-21,124.2300033569336,100.6308364868164,94.16898345947266,99.67198944091797
2015-01-22,125.2300033569336,102.68097686767578,95.9114990234375,99.3133773803711
2015-01-23,124.2300033569336,102.61145782470703,96.12352752685547,100.6956558227539
2015-01-26,122.98999786376953,103.6017837524414,96.01290130615234,100.3892822265625
2015-01-27,124.4000015258789,103.10662078857422,93.52361297607422,100.54617309570312
2015-01-28,123.41999816894531,101.36921691894531,93.04419708251953,102.1899185180664
2015-01-29,120.76000213623047,102.76782989501953,93.93849182128906,101.51751708984375
2015-01-30,123.44999694824219,100.50918579101562,93.21013641357422,103.31822967529297
2015-02-02,122.41999816894531,101.43003845214844,94.02149200439453,102.9281234741211
2015-02-03,121.05000305175781,103.24562072753906,94.92498016357422,100.74945068359375
2015-02-04,121.58000183105469,102.86341094970703,94.84201049804688,100.92168426513672
2015-02-05,121.79000091552734,104.19249725341797,95.66259765625,99.81359100341797
2015-02-06,118.63999938964844,104.07959747314453,95.08169555664062,98.04674530029297
2015-02-09,119.16999816894531,103.25433349609375,94.77748107910156,97.8895263671875
2015-02-10,118.47000122070312,103.91455078125,96.25259399414062,97.11091613769531
2015-02-11,117.06999969482422,103.7668685913086,96.60294342041016,97.29058074951172
2015-02-12,117.33999633789062,104.94829559326172,97.72775268554688,96.96868133544922
2015-02-13,117.9800033569336,105.57376861572266,98.56672668457031,95.97293853759766
2015-02-17,116.01000213623047,105.90386199951172,98.65892028808594,94.52796936035156
2015-02-18,116.33999633789062,106.01679992675781,98.79723358154297,95.0895004272461
2015-02-19,115.94000244140625,106.02549743652344,99.28585052490234,94.46057891845703
2015-02-20,115.27999877929688,106.31216430664062,99.94967651367188,94.73760986328125
2015-02-23,115.43000030517578,106.41641235351562,100.05109405517578,95.82319641113281
2015-02-24,115.26000213623047,106.55540466308594,100.1248550415039,97.08094024658203
2015-02-25,115.69999694824219,106.6770248413086,99.87592315673828,97.50019836425781
2015-02-26,116.06999969482422,107.06793975830078,100.38298797607422,96.16755676269531
2015-02-27,116.16000366210938,106.48588562011719,99.94046020507812,96.97614288330078
2015-03-02,115.68000030517578,107.2590560913086,100.84397888183594,95.16980743408203
2015-03-03,115.47000122070312,106.62489318847656,100.37377166748047,94.8248062133789
2015-03-04,115.11000061035156,106.29476928710938,99.98654174804688,94.85472869873047
2015-03-05,115.0,106.60750579833984,100.16171264648438,94.73472595214844
2015-03-06,111.86000061035156,105.26102447509766,99.02771759033203,92.64185333251953
2015-03-09,111.97000122070312,105.72142791748047,99.31353759765625,93.49700164794922
2015-03-10,111.41999816894531,104.50524139404297,97.46961975097656,94.72723388671875
2015-03-11,110.75,105.14810943603516,96.90719604492188,95.41730499267578
2015-03-12,110.72000122070312,106.8941879272461,97.5433578491211,95.34984588623047
2015-03-13,110.87999725341797,106.51194763183594,97.11925506591797,95.05728912353516
2015-03-16,110.80999755859375,107.1374282836914,98.37312316894531,95.97247314453125
2015-03-17,110.20999908447266,107.42411041259766,98.52983856201172,96.76759338378906
2015-03-18,112.37000274658203,108.28409576416016,99.49791717529297,98.6354751586914
2015-03-19,112.29000091552734,108.49261474609375,99.64543914794922,98.13286590576172
2015-03-20,113.56999969482422,109.44818115234375,100.2904281616211,98.65045166015625
2015-03-23,114.29000091552734,109.35263061523438,100.09635925292969,98.53046417236328
2015-03-24,114.56999969482422,109.32656860351562,99.73596954345703,99.48308563232422
2015-03-25,114.7300033569336,106.7151107788086,97.45350646972656,98.6429672241211
2015-03-26,115.4800033569336,106.58440399169922,97.12081146240234,97.10517120361328
2015-03-27,115.05999755859375,107.26406860351562,97.5089340209961,98.31289672851562
2015-03-30,113.75,108.71924591064453,98.62709045410156,97.8253173828125
2015-03-31,113.66000366210938,108.37069702148438,97.58287048339844,98.03536987304688
2015-04-01,115.5999984741211,108.41423797607422,97.07464599609375,99.3230209350586
2015-04-02,115.27999877929688,108.61466979980469,97.13932800292969,98.27059936523438
2015-04-06,116.69000244140625,109.09391021728516,97.93403625488281,97.72184753417969
2015-04-07,116.11000061035156,108.39682006835938,97.7677001953125,98.54122161865234
2015-04-08,115.47000122070312,109.32917785644531,98.54391479492188,98.57131958007812
2015-04-09,114.66999816894531,108.93709564208984,99.1630630493164,97.29342651367188
2015-04-10,115.97000122070312,109.45986938476562,99.56964111328125,97.43621826171875
2015-04-13,115.13999938964844,109.5295639038086,99.32012176513672,97.57154083251953
2015-04-14,114.44000244140625,109.50346374511719,99.03369140625,98.26306915283203
2015-04-15,115.43000030517578,110.27027130126953,99.65283966064453,98.1803970336914
2015-04-16,115.02999877929688,110.20924377441406,99.51419830322266,97.69180297851562
2015-04-17,115.5999984741211,108.42295837402344,97.96175384521484,98.8117904663086
2015-04-20,114.72000122070312,109.48601531982422,99.4310302734375,97.93990325927734
2015-04-21,115.37999725341797,109.37274932861328,99.85610961914062,97.4963607788086
2015-04-22,113.83000183105469,109.5383071899414,100.40131378173828,96.00800323486328
2015-04-23,114.66000366210938,110.03497314453125,100.78018951416016,96.42144012451172
2015-04-24,113.05000305175781,109.66901397705078,102.14784240722656,97.02279663085938
2015-04-27,115.33000183105469,108.45783233642578,101.88910675048828,97.02279663085938
2015-04-28,116.33000183105469,109.0590591430664,101.68578338623047,95.6847152709961
2015-04-29,115.51000213623047,107.87400817871094,101.04818725585938,94.51209259033203
2015-04-30,113.47000122070312,105.59105682373047,99.45875549316406,94.67748260498047
2015-05-01,113.08000183105469,106.2794418334961,100.77096557617188,93.40296936035156
2015-05-04,114.0999984741211,106.66282653808594,100.93726348876953,92.52163696289062
2015-05-05,114.41999816894531,105.3034896850586,99.29243469238281,92.39360809326172
2015-05-06,114.36000061035156,105.66948699951172,98.60858154296875,90.81178283691406
2015-05-07,113.41999816894531,106.07032012939453,99.20001983642578,92.03199768066406
2015-05-08,113.97000122070312,106.86323547363281,100.43828582763672,92.28063201904297
2015-05-11,113.52999877929688,106.92424774169922,100.05015563964844,90.03593444824219
2015-05-12,114.5,106.73253631591797,99.59735107421875,90.26942443847656
2015-05-13,116.55000305175781,106.73253631591797,99.8006820678711,89.54634094238281
2015-05-14,117.18000030517578,107.86531066894531,101.2607192993164,89.7873764038086
2015-05-15,117.52999877929688,107.74332427978516,101.2607192993164,91.58761596679688
2015-05-18,117.5199966430664,108.96320343017578,101.7042465209961,90.0510025024414
2015-05-19,115.88999938964844,108.81509399414062,101.59341430664062,89.25255584716797
2015-05-20,116.08000183105469,109.01547241210938,101.65808868408203,89.40320587158203
2015-05-21,115.69000244140625,108.89349365234375,102.184814453125,90.65357971191406
2015-05-22,115.5999984741211,108.42295837402344,102.08312225341797,90.69124603271484
2015-05-26,113.91000366210938,107.38604736328125,100.90959930419922,92.2429428100586
2015-05-27,113.88999938964844,108.7018051147461,102.53594970703125,92.45384979248047
2015-05-28,114.0199966430664,108.60596466064453,102.30493927001953,92.2278823852539
2015-05-29,114.0999984741211,107.95243835449219,101.6950454711914,92.43124389648438
2015-06-01,114.0,108.29227447509766,102.03691864013672,91.43785858154297
2015-06-02,114.45999908447266,108.50139617919922,101.71351623535156,90.16214752197266
2015-06-03,113.63999938964844,109.58187103271484,102.01847839355469,88.71273803710938
2015-06-04,112.83999633789062,108.48395538330078,101.24225616455078,89.86771392822266
2015-06-05,112.23999786376953,109.26815795898438,101.00196838378906,88.77314758300781
2015-06-08,112.56999969482422,108.76278686523438,99.97622680664062,88.67500305175781
2015-06-09,112.81999969482422,108.43168640136719,99.8099136352539,87.97296905517578
2015-06-10,113.77999877929688,109.78226470947266,101.17755126953125,87.20301818847656
2015-06-11,113.26000213623047,110.06112670898438,101.3254165649414,89.03733825683594
2015-06-12,113.2300033569336,109.7300033569336,100.49370574951172,89.03733825683594
2015-06-15,113.7300033569336,109.38145446777344,99.99472045898438,89.18077087402344
2015-06-16,113.31999969482422,110.15695190429688,100.53992462158203,89.88282775878906
2015-06-17,113.8499984741211,109.99140167236328,100.817138671875,89.18836212158203
2015-06-18,115.31999969482422,111.46403503417969,102.28644561767578,88.75050354003906
2015-06-19,115.12000274658203,111.41169738769531,101.78073120117188,89.89036560058594
2015-06-22,113.63999938964844,112.17854309082031,102.53096008300781,88.05606079101562
2015-06-23,112.88999938964844,112.41377258300781,102.61431884765625,87.52758026123047
2015-06-24,112.58999633789062,111.46403503417969,102.08636474609375,88.28245544433594
2015-06-25,112.44000244140625,111.40304565429688,101.88261413574219,87.97296905517578
2015-06-26,112.55999755859375,111.0980224609375,101.20648193359375,86.98411560058594
2015-06-29,113.06999969482422,108.29227447509766,98.81689453125,89.2864761352539
2015-06-30,112.37000274658203,108.79765319824219,99.16883087158203,88.66746520996094
2015-07-01,111.9800033569336,109.12007904052734,99.95610809326172,87.47064208984375
2015-07-02,111.76000213623047,108.31411743164062,99.98388671875,87.75809478759766
2015-07-06,112.05999755859375,108.27912139892578,99.75233459472656,89.38468170166016
2015-07-07,110.76000213623047,108.40164947509766,100.00242614746094,90.22440338134766
2015-07-08,111.08999633789062,106.7477798461914,98.2611312866211,91.00364685058594
2015-07-09,111.36000061035156,107.13280487060547,98.2055892944336,89.2106704711914
2015-07-10,111.48999786376953,108.62041473388672,99.7060317993164,87.79591369628906
2015-07-13,110.98999786376953,109.84545135498047,101.45658874511719,87.52359008789062
2015-07-14,110.73999786376953,110.4580078125,102.12345123291016,87.81106567382812
2015-07-15,110.16000366210938,109.8717269897461,102.23458862304688,88.74161529541016
2015-07-16,109.76000213623047,110.52801513671875,103.67945098876953,89.35442352294922
2015-07-17,108.6500015258789,110.04672241210938,105.20767211914062,89.8158950805664
2015-07-20,105.69999694824219,109.45169067382812,105.56893920898438,89.43760681152344
2015-07-21,105.37000274658203,108.93539428710938,105.50408172607422,89.92182922363281
2015-07-22,104.80000305175781,109.33794403076172,104.30927276611328,90.48162841796875
2015-07-23,104.33000183105469,108.13037109375,103.92025756835938,91.60884094238281
2015-07-24,105.3499984741211,106.38899993896484,102.90144348144531,91.83584594726562
2015-07-27,104.86000061035156,105.50519561767578,102.04933166503906,92.32760620117188
2015-07-28,105.0199966430664,106.406494140625,102.92923736572266,91.654296875
2015-07-29,105.16999816894531,106.70403289794922,103.3182373046875,91.3138198852539
2015-07-30,104.2699966430664,107.01029968261719,103.80914306640625,92.01741027832031
2015-07-31,104.93000030517578,107.59657287597656,103.68870544433594,92.69831085205078
2015-08-03,104.0999984741211,107.06281280517578,103.36454772949219,93.6740951538086
2015-08-04,104.30999755859375,106.80904388427734,103.1700668334961,92.93107604980469
2015-08-05,103.93000030517578,107.05406951904297,103.9665756225586,92.23350524902344
2015-08-06,104.38999938964844,105.6102294921875,102.29940795898438,93.05239868164062
2015-08-07,104.6500015258789,104.90140533447266,102.16975402832031,94.27306365966797
2015-08-10,105.72000122070312,106.10901641845703,103.33677673339844,93.10546875
2015-08-11,106.26000213623047,105.19892883300781,102.01228332519531,94.58389282226562
2015-08-12,107.75,104.99767303466797,102.36426544189453,94.06832122802734
2015-08-13,106.86000061035156,104.64767456054688,102.1975326538086,93.76507568359375
2015-08-14,106.8499984741211,105.32146453857422,102.35499572753906,93.98490905761719
2015-08-17,107.12999725341797,106.4327621459961,103.20709991455078,94.40948486328125
2015-08-18,107.11000061035156,105.5839614868164,102.6791763305664,93.66651916503906
2015-08-19,108.55000305175781,104.49014282226562,102.00299835205078,94.59148406982422
2015-08-20,110.44000244140625,101.84748840332031,99.17811584472656,95.54681396484375
2015-08-21,111.12999725341797,100.65740966796875,94.84346008300781,95.83489990234375
2015-08-24,110.52999877929688,96.7284164428711,91.19422149658203,95.80461883544922
2015-08-25,109.16000366210938,95.98462677001953,90.85150146484375,94.26545715332031
2015-08-26,107.66999816894531,98.42604064941406,95.42697143554688,92.44584655761719
2015-08-27,107.7300033569336,100.18486022949219,97.8443832397461,92.49888610839844
2015-08-28,108.69999694824219,101.1737060546875,97.82584381103516,92.77181243896484
2015-08-31,108.81999969482422,100.8061752319336,96.61250305175781,92.05915832519531
2015-09-01,109.19999694824219,97.91848754882812,93.59309387207031,92.72245025634766
2015-09-02,108.62000274658203,99.67737579345703,96.23277282714844,91.9246597290039
2015-09-03,107.83999633789062,99.51983642578125,95.7603988647461,92.37295532226562
2015-09-04,107.48999786376953,98.76727294921875,94.62118530273438,93.21636199951172
2015-09-08,107.5199966430664,101.0249252319336,97.28865051269531,91.84105682373047
2015-09-09,106.12999725341797,99.86109924316406,96.19570922851562,92.28177642822266
2015-09-10,106.37999725341797,100.31615447998047,97.24232482910156,91.65868377685547
2015-09-11,106.16000366210938,100.78865051269531,97.779541015625,92.23617553710938
2015-09-14,106.22000122070312,100.32489776611328,97.48313903808594,92.38054656982422
2015-09-15,105.9000015258789,101.45372772216797,98.63163757324219,90.61014556884766
2015-09-16,107.30999755859375,102.32874298095703,99.1873550415039,90.26823425292969
2015-09-17,108.41000366210938,102.67877197265625,99.22440338134766,91.36992645263672
2015-09-18,109.20999908447266,101.26119995117188,97.81314849853516,92.77565002441406
2015-09-21,108.52999877929688,101.07744598388672,98.11954498291016,91.26358032226562
2015-09-22,107.79000091552734,99.54606628417969,96.65258026123047,92.53252410888672
2015-09-23,108.22000122070312,99.24858093261719,96.72689056396484,92.52490234375
2015-09-24,110.48999786376953,99.08232879638672,96.37406158447266,93.15557098388672
2015-09-25,109.80999755859375,97.77825927734375,95.55701446533203,92.35015106201172
2015-09-28,108.41999816894531,95.0402603149414,92.83660888671875,93.93060302734375
2015-09-29,107.9800033569336,94.36453247070312,92.35380554199219,94.19656372070312
2015-09-30,106.86000061035156,95.83006286621094,94.47998046875,93.86981964111328
2015-10-01,106.7300033569336,95.66333770751953,94.90707397460938,94.27030944824219
2015-10-02,108.98999786376953,97.08499145507812,96.56904602050781,94.84138488769531
2015-10-05,108.7699966430664,99.40171813964844,97.95244598388672,93.55459594726562
2015-10-06,109.86000061035156,98.71721649169922,97.4881820678711,93.9581527709961
2015-10-07,109.69999694824219,100.463623046875,98.07311248779297,93.64594268798828
2015-10-08,109.13999938964844,101.36750030517578,98.46308898925781,92.86172485351562
2015-10-09,110.87000274658203,101.5693359375,98.90873718261719,93.10540008544922
2015-10-12,111.30999755859375,101.4201431274414,99.15013122558594,93.81344604492188
2015-10-13,111.86000061035156,100.03360748291016,98.50952911376953,93.97334289550781
2015-10-14,113.80999755859375,99.05068969726562,98.35165405273438,94.79569244384766
2015-10-15,113.29000091552734,101.4201431274414,99.96719360351562,94.33123779296875
2015-10-16,112.48999786376953,101.28851318359375,100.3849868774414,94.36166381835938
2015-10-19,112.0199966430664,101.48159790039062,100.96062469482422,94.10281372070312
2015-10-20,112.7300033569336,101.3411636352539,100.4406967163086,93.52412414550781
2015-10-21,111.7300033569336,99.79664611816406,99.82791900634766,94.45307159423828
2015-10-22,111.69000244140625,100.67422485351562,101.86122131347656,94.61296844482422
2015-10-23,111.5,101.6658706665039,104.71160125732422,93.80584716796875
2015-10-26,111.43000030517578,100.97258758544922,104.77660369873047,94.4301986694336
2015-10-27,111.68000030517578,99.86687469482422,104.99016571044922,94.6662826538086
2015-10-28,110.77999877929688,102.78038024902344,105.86290740966797,94.2855453491211
2015-10-29,109.72000122070312,101.68341064453125,105.69577026367188,92.78555297851562
2015-10-30,109.30000305175781,101.21830749511719,105.2222671508789,93.4860610961914
2015-11-02,108.58999633789062,103.3244400024414,106.41069030761719,93.05644989013672
2015-11-03,106.9800033569336,103.85975646972656,106.78207397460938,92.29340362548828
2015-11-04,105.97000122070312,103.80712127685547,106.79133605957031,92.40019989013672
2015-11-05,105.63999938964844,103.8861083984375,106.50354766845703,92.15603637695312
2015-11-06,104.0999984741211,104.62326049804688,106.57781982421875,90.805419921875
2015-11-09,104.4000015258789,103.3946304321289,105.44508361816406,90.29414367675781
2015-11-10,104.18000030517578,103.70182037353516,105.17581176757812,90.56123352050781
2015-11-11,103.83000183105469,102.79792022705078,105.04586791992188,90.37046813964844
2015-11-12,103.8499984741211,100.83218383789062,104.02454376220703,90.805419921875
2015-11-13,103.55999755859375,100.10380554199219,101.98192596435547,91.32427215576172
2015-11-16,103.70999908447266,100.96379089355469,103.44889831542969,91.24037170410156
2015-11-17,102.33999633789062,100.57769775390625,103.51390075683594,91.39295196533203
2015-11-18,102.43000030517578,102.28018188476562,105.50079345703125,91.58369445800781
2015-11-19,103.55999755859375,101.85012817382812,105.5750732421875,92.19416809082031
2015-11-20,103.08999633789062,102.50830078125,106.28999328613281,91.91185760498047
2015-11-23,102.26000213623047,103.01730346679688,105.98361206054688,92.19416809082031
2015-11-24,102.94000244140625,103.77204132080078,105.89076232910156,92.18655395507812
2015-11-25,102.45999908447266,104.57937622070312,105.98361206054688,92.40019989013672
2015-11-27,101.25,104.97431945800781,106.13214874267578,92.30868530273438
2015-11-30,101.91999816894531,104.51795196533203,105.86290740966797,92.6749267578125
2015-12-01,102.27999877929688,105.21125030517578,106.9213638305664,93.92672729492188
2015-12-02,100.69000244140625,104.07916259765625,106.26213836669922,93.95730590820312
2015-12-03,101.76000213623047,102.32405090332031,104.4609375,91.40322875976562
2015-12-04,104.0199966430664,103.35956573486328,106.90277099609375,92.20616149902344
2015-12-07,102.66999816894531,101.80628204345703,106.41997528076172,93.10086059570312
2015-12-08,102.83999633789062,101.2446517944336,106.42924499511719,93.14674377441406
2015-12-09,102.63999938964844,100.11256408691406,104.81375885009766,93.0473403930664
2015-12-10,102.55000305175781,100.446044921875,105.28723907470703,93.169677734375
2015-12-11,103.11000061035156,98.20826721191406,102.8639907836914,94.63786315917969
2015-12-14,101.79000091552734,97.50621032714844,103.64388275146484,93.41437530517578
2015-12-15,101.5199966430664,98.91031646728516,104.27521514892578,92.86383056640625
2015-12-16,102.75,100.41970825195312,105.82575225830078,92.66494750976562
2015-12-17,100.5,99.34909057617188,104.2845230102539,93.71259307861328
2015-12-18,102.04000091552734,97.83092498779297,102.28408813476562,94.23259735107422
2015-12-21,103.1500015258789,98.56804656982422,103.4202880859375,94.20967102050781
2015-12-22,102.61000061035156,99.47195434570312,104.10010528564453,93.52906036376953
2015-12-23,102.30999755859375,100.72688293457031,104.87309265136719,92.82556915283203
2015-12-24,103.05000305175781,100.9172592163086,104.8544692993164,93.35739135742188
2015-12-28,102.2699966430664,100.45012664794922,104.79857635498047,93.63323211669922
2015-12-29,102.19999694824219,101.53421020507812,106.44699096679688,92.07767486572266
2015-12-30,101.41999816894531,100.5118179321289,105.48775482177734,91.98574829101562
2015-12-31,101.45999908447266,99.26026153564453,104.17461395263672,92.39952087402344
2016-01-04,102.88999938964844,96.95989227294922,101.9767837524414,93.06616973876953
2016-01-05,103.18000030517578,97.17143249511719,101.7998275756836,92.69072723388672
2016-01-06,104.66999816894531,95.69071960449219,100.82195281982422,93.93977355957031
2016-01-07,106.1500015258789,93.13471984863281,97.66487884521484,94.10835266113281
2016-01-08,105.68000030517578,91.5306167602539,96.86397552490234,94.52981567382812
2016-01-11,104.73999786376953,91.13400268554688,97.16197967529297,93.49531555175781
2016-01-12,104.20999908447266,91.40724182128906,98.28883361816406,94.84398651123047
2016-01-13,104.72000122070312,88.47223663330078,94.89893341064453,95.77883911132812
2016-01-14,103.0199966430664,89.69738006591797,96.91983032226562,94.88229370117188
2016-01-15,104.08000183105469,88.24311065673828,93.91178131103516,96.36125946044922
2016-01-19,103.9800033569336,87.05323791503906,94.11661529541016,96.06238555908203
2016-01-20,105.37000274658203,87.41461181640625,93.82795715332031,97.07389831542969
2016-01-21,105.48999786376953,87.21188354492188,93.9210433959961,96.41483306884766
2016-01-22,105.0,89.34483337402344,96.64046478271484,96.04703521728516
2016-01-25,106.08000183105469,87.3617172241211,95.2062759399414,96.56815338134766
2016-01-26,107.29000091552734,89.1068344116211,96.06304931640625,96.61410522460938
2016-01-27,107.69000244140625,87.88176727294922,93.6696548461914,96.59114074707031
2016-01-28,106.54000091552734,87.8641128540039,94.9920654296875,96.72903442382812
2016-01-29,106.94999694824219,90.74620819091797,96.97570037841797,97.5489730834961
2016-02-01,108.05000305175781,90.33196258544922,97.23648071289062,97.2503433227539
2016-02-02,108.08999633789062,88.38411712646484,95.13174438476562,99.05455017089844
2016-02-03,109.25,88.4986801147461,94.6754150390625,98.23303985595703
2016-02-04,110.56999969482422,88.84246063232422,94.66610717773438,98.70903778076172
2016-02-05,112.31999969482422,86.40985107421875,91.37864685058594,98.82422637939453
2016-02-08,113.83000183105469,84.9908218383789,89.98170471191406,100.95085906982422
2016-02-09,113.58000183105469,84.41793823242188,89.70230865478516,101.0583724975586
2016-02-10,114.45999908447266,84.46199798583984,90.046875,101.94894409179688
2016-02-11,119.05999755859375,83.54539489746094,89.91648864746094,102.66300201416016
2016-02-12,118.36000061035156,85.13187408447266,91.28550720214844,100.95856475830078
2016-02-16,114.7699966430664,87.15020751953125,93.34365844726562,99.89138793945312
2016-02-17,115.4800033569336,88.51632690429688,95.45770263671875,99.27716064453125
2016-02-18,118.29000091552734,88.09326171875,94.36808776855469,100.49791717529297
2016-02-19,117.58000183105469,88.53395080566406,94.64744567871094,100.5823745727539
2016-02-22,115.48999786376953,89.52108764648438,96.1841049194336,100.52862548828125
2016-02-23,117.22000122070312,88.70143127441406,94.60092163085938,100.93547821044922
2016-02-24,117.61000061035156,89.55635070800781,95.5042724609375,100.7359390258789
2016-02-25,117.91999816894531,90.37602233886719,96.44487762451172,101.0967788696289
2016-02-26,117.11000061035156,90.94891357421875,96.32380676269531,100.1217041015625
2016-02-29,118.63999938964844,90.54349517822266,95.45770263671875,100.55933380126953
2016-03-01,117.7699966430664,92.49134063720703,98.52165222167969,98.78861236572266
2016-03-02,118.68000030517578,93.44319915771484,98.5589370727539,99.19629669189453
2016-03-03,120.7300033569336,94.4215316772461,98.3726577758789,99.55782318115234
2016-03-04,120.54000091552734,94.9415283203125,98.409912109375,98.9194107055664
2016-03-07,121.13999938964844,95.97271728515625,97.8045654296875,98.88859558105469
2016-03-08,120.58000183105469,93.65470886230469,96.99433135986328,99.98086547851562
2016-03-09,119.58000183105469,94.13066864013672,97.61831665039062,99.37321472167969
2016-03-10,121.5,93.3638916015625,97.46929931640625,98.96553802490234
2016-03-11,119.41000366210938,95.36459350585938,99.17356872558594,97.96559143066406
2016-03-14,117.87000274658203,95.11781311035156,99.34120178222656,98.27326965332031
2016-03-15,117.95999908447266,93.63712310791016,99.30394744873047,98.36556243896484
2016-03-16,120.58999633789062,94.29814147949219,100.18866729736328,98.65784454345703
2016-03-17,120.12999725341797,95.74358367919922,100.13279724121094,99.06549835205078
2016-03-18,119.80000305175781,96.60730743408203,100.28971099853516,99.27322387695312
2016-03-21,118.95999908447266,96.37818145751953,100.68203735351562,98.51170349121094
2016-03-22,119.30999755859375,96.26361083984375,100.99027252197266,98.48860931396484
2016-03-23,116.61000061035156,94.48406219482422,100.1589584350586,99.6039810180664
2016-03-24,116.33000183105469,94.76695251464844,100.18697357177734,99.64244079589844
2016-03-28,116.5999984741211,94.88188171386719,100.04686737060547,99.77322387695312
2016-03-29,118.76000213623047,97.51626586914062,101.65343475341797,100.81929779052734
2016-03-30,117.0999984741211,97.5251235961914,102.14849090576172,99.7578125
2016-03-31,117.63999938964844,97.79917907714844,101.99903869628906,100.46546173095703
2016-04-01,116.93000030517578,98.23230743408203,103.0825424194336,100.7275390625
2016-04-04,116.1500015258789,97.41015625,102.69026947021484,100.78921508789062
2016-04-05,117.66000366210938,96.30516815185547,101.70011901855469,101.89147186279297
2016-04-06,116.94000244140625,97.39250183105469,103.37210845947266,101.15148162841797
2016-04-07,118.61000061035156,96.07530212402344,101.88695526123047,102.40023040771484
2016-04-08,118.43000030517578,96.45541381835938,101.81222534179688,101.75276184082031
2016-04-11,120.02999877929688,96.1548843383789,101.43860626220703,101.6216049194336
2016-04-12,120.05000305175781,97.18917083740234,102.28862762451172,100.92022705078125
2016-04-13,118.7699966430664,99.2842788696289,103.5962905883789,101.27481079101562
2016-04-14,117.11000061035156,99.16053009033203,103.60562896728516,100.78921508789062
2016-04-15,117.91999816894531,99.40805053710938,103.3440933227539,101.65250396728516
2016-04-18,117.73999786376953,100.15946960449219,103.89517211914062,101.213134765625
2016-04-19,119.58000183105469,100.23904418945312,103.26001739501953,100.89710235595703
2016-04-20,118.97000122070312,100.3893051147461,103.3440933227539,99.78718566894531
2016-04-21,119.41999816894531,99.88542938232422,103.35343933105469,99.19369506835938
2016-04-22,117.88999938964844,100.87551879882812,101.79353332519531,98.93928527832031
2016-04-25,118.2300033569336,100.15946960449219,101.79353332519531,98.53077697753906
2016-04-26,118.69999694824219,101.1407470703125,101.29849243164062,98.08368682861328
2016-04-27,119.04000091552734,101.49432373046875,100.48587036132812,99.0626220703125
2016-04-28,121.29000091552734,100.33628845214844,99.27159881591797,99.47114562988281
2016-04-29,123.6500015258789,99.4345703125,98.7485122680664,99.7254638671875
2016-05-02,123.23999786376953,100.31861114501953,99.6826171875,98.72144317626953
2016-05-03,122.95999908447266,98.67430877685547,98.75788116455078,99.9649429321289
2016-05-04,122.20999908447266,97.86100769042969,98.12271118164062,100.51327514648438
2016-05-05,122.06999969482422,97.47205352783203,98.09465026855469,101.18524169921875
2016-05-06,123.18000030517578,98.04669952392578,98.6177749633789,100.75274658203125
2016-05-09,120.6500015258789,98.32954406738281,98.89798736572266,101.06940460205078
2016-05-10,120.9800033569336,99.31966400146484,100.25235748291016,101.07708740234375
2016-05-11,122.12000274658203,98.0908432006836,99.3463363647461,101.64863586425781
2016-05-12,121.16000366210938,97.56928253173828,98.9073257446289,101.18524169921875
2016-05-13,121.70999908447266,96.92394256591797,98.54303741455078,102.1661148071289
2016-05-16,121.80000305175781,98.15274810791016,99.77601623535156,101.28570556640625
2016-05-17,122.22000122070312,96.59689331054688,98.52436065673828,101.45555877685547
2016-05-18,120.0999984741211,97.10076141357422,98.87928771972656,100.0113296508789
2016-05-19,119.87000274658203,96.32283020019531,98.36554718017578,100.44380187988281
2016-05-20,119.70999908447266,97.94058227539062,99.44906616210938,100.52103424072266
2016-05-23,119.37000274658203,97.82567596435547,99.31831359863281,100.74500274658203
2016-05-24,117.30000305175781,99.84119415283203,101.3078384399414,100.29701232910156
2016-05-25,116.9800033569336,100.42469787597656,102.0363998413086,99.91860961914062
2016-05-26,116.58000183105469,100.30977630615234,102.33528900146484,100.43608856201172
2016-05-27,115.62000274658203,101.3087158203125,102.86770629882812,100.28934478759766
2016-05-31,116.05999755859375,101.66230010986328,103.06388092041016,100.52871704101562
2016-06-01,115.94000244140625,102.35183715820312,103.07322692871094,100.9366226196289
2016-06-02,115.66999816894531,103.13862609863281,103.28804779052734,101.66413116455078
2016-06-03,118.87999725341797,102.51980590820312,102.80233001708984,103.11132049560547
2016-06-06,118.91999816894531,103.62483215332031,103.17597198486328,102.34514617919922
2016-06-07,118.81999969482422,103.92543029785156,102.91442108154297,102.59286499023438
2016-06-08,120.58000183105469,104.69449615478516,103.09190368652344,103.142333984375
2016-06-09,121.25,104.02263641357422,102.92375183105469,103.80789947509766
2016-06-10,121.73999786376953,102.60819244384766,101.7562026977539,104.31098937988281
2016-06-13,122.63999938964844,101.49432373046875,100.90621185302734,104.77531433105469
2016-06-14,122.7699966430664,101.20260620117188,100.90621185302734,104.69792175292969
2016-06-15,123.68000030517578,101.2733383178711,100.61662292480469,105.1003646850586
2016-06-16,122.37999725341797,101.26451110839844,100.9155502319336,105.61123657226562
2016-06-17,123.94999694824219,100.83132934570312,99.73268127441406,104.95333862304688
2016-06-20,123.20999908447266,101.92752075195312,100.36018371582031,103.83112335205078
2016-06-21,120.83999633789062,101.7330322265625,100.6785888671875,103.35130310058594
2016-06-22,120.9000015258789,101.3352279663086,100.43508911132812,103.52155303955078
2016-06-23,120.11000061035156,103.27123260498047,101.86798858642578,102.33740234375
2016-06-24,126.0,99.34617614746094,97.67228698730469,105.08490753173828
2016-06-27,126.68000030517578,96.08415985107422,95.73362731933594,107.70856475830078
2016-06-28,125.31999969482422,97.56928253173828,97.83150482177734,107.93303680419922
2016-06-29,125.83999633789062,99.7881851196289,99.56409454345703,107.10479736328125
2016-06-30,126.47000122070312,101.6446304321289,100.716064453125,107.49955749511719
2016-07-01,128.41000366210938,102.00708770751953,101.22179412841797,108.9921646118164
2016-07-05,129.47000122070312,100.50422668457031,100.60367584228516,110.35673522949219
2016-07-06,130.22999572753906,101.2340087890625,101.42780303955078,110.53509521484375
2016-07-07,129.74000549316406,101.44733428955078,101.72752380371094,110.52737426757812
2016-07-08,130.52000427246094,103.81172943115234,103.30094909667969,111.34150695800781
2016-07-11,129.2899932861328,105.01172637939453,103.89093780517578,110.36450958251953
2016-07-12,127.1500015258789,106.4161605834961,104.41542053222656,108.55017852783203
2016-07-13,128.32000732421875,105.99837493896484,104.16252899169922,109.82951354980469
2016-07-14,127.33000183105469,106.10504150390625,104.87433624267578,108.23226165771484
2016-07-15,126.83999633789062,106.39839935302734,104.70574188232422,107.30179595947266
2016-07-18,127.04000091552734,106.5761489868164,105.39875793457031,107.2011489868164
2016-07-19,127.20999908447266,106.04283142089844,105.01477813720703,107.80583190917969
2016-07-20,125.38999938964844,106.73616790771484,106.24168395996094,107.21663665771484
2016-07-21,127.30000305175781,106.2294921875,105.99817657470703,107.43366241455078
2016-07-22,126.3499984741211,107.02058410644531,106.43833923339844,107.61973571777344
2016-07-25,125.47000122070312,106.860595703125,106.44772338867188,107.5422592163086
2016-07-26,126.0,107.37614440917969,106.56945037841797,107.71282958984375
2016-07-27,128.02999877929688,107.67838287353516,107.30933380126953,109.05419921875
2016-07-28,127.66000366210938,107.40278625488281,107.6839370727539,108.85261535644531
2016-07-29,128.97999572753906,107.61613464355469,107.9180908203125,109.75971984863281
2016-08-01,129.22000122070312,107.70500183105469,108.48938751220703,108.56976318359375
2016-08-02,130.27000427246094,106.20281982421875,107.66522979736328,107.45116424560547
2016-08-03,129.64999389648438,107.06505584716797,108.0211181640625,107.5133285522461
2016-08-04,129.8699951171875,107.16280364990234,108.33016204833984,108.32117462158203
2016-08-05,127.55000305175781,108.70946502685547,109.3697280883789,107.1948471069336
2016-08-08,127.44000244140625,108.6561279296875,109.24796295166016,107.39685821533203
2016-08-09,127.95999908447266,108.77168273925781,109.50084686279297,108.45327758789062
2016-08-10,128.55999755859375,107.98947143554688,109.21988677978516,108.87274169921875
2016-08-11,127.66999816894531,108.50501251220703,109.68819427490234,107.9017105102539
2016-08-12,127.4000015258789,108.61168670654297,109.76306915283203,108.81057739257812
2016-08-15,127.83999633789062,109.68720245361328,110.2313461303711,107.78523254394531
2016-08-16,128.47000122070312,108.79833984375,109.62259674072266,107.4977035522461
2016-08-17,128.5,108.47836303710938,109.81927490234375,108.14251708984375
2016-08-18,129.11000061035156,109.27833557128906,109.84735107421875,108.31336975097656
2016-08-19,127.97000122070312,109.27833557128906,109.81927490234375,107.74636840820312
2016-08-22,127.77999877929688,109.52723693847656,109.90357208251953,108.65515899658203
2016-08-23,127.76000213623047,110.2916488647461,110.1002426147461,108.77168273925781
2016-08-24,126.33999633789062,109.39389038085938,109.38845825195312,108.51531982421875
2016-08-25,126.2300033569336,109.60721588134766,109.21053314208984,108.10369110107422
2016-08-26,126.05000305175781,109.3849868774414,109.3697280883789,107.47441101074219
2016-08-29,126.30000305175781,109.95387268066406,109.51958465576172,108.91153717041016
2016-08-30,125.02999877929688,110.15834045410156,109.16365814208984,108.49202728271484
2016-08-31,124.77999877929688,109.53610229492188,109.05130004882812,108.6473617553711
2016-09-01,125.29000091552734,109.61610412597656,109.33228302001953,108.76728057861328
2016-09-02,126.56999969482422,110.67387390136719,109.68819427490234,107.88015747070312
2016-09-06,128.7100067138672,110.78052520751953,110.37183380126953,108.66608428955078
2016-09-07,128.27000427246094,111.47386932373047,110.43739318847656,108.58826446533203
2016-09-08,127.58999633789062,111.25164031982422,109.79118347167969,107.22640991210938
2016-09-09,126.75,107.77613067626953,107.02835845947266,105.45995330810547
2016-09-12,126.58999633789062,109.27833557128906,108.94829559326172,105.51443481445312
2016-09-13,125.75,107.18058013916016,107.97427368164062,104.31603240966797
2016-09-14,126.18000030517578,107.19835662841797,108.48938751220703,104.47167205810547
2016-09-15,125.37000274658203,108.47836303710938,110.1751480102539,104.02030944824219
2016-09-16,125.05999755859375,108.318359375,110.1225814819336,104.86074829101562
2016-09-19,125.31999969482422,109.03832244873047,109.64374542236328,104.51834869384766
2016-09-20,125.44000244140625,108.57611083984375,109.85032653808594,104.88410949707031
2016-09-21,127.2699966430664,110.14942932128906,110.93003845214844,105.73233032226562
2016-09-22,127.56999969482422,111.73162078857422,111.81259155273438,106.5727310180664
2016-09-23,127.6500015258789,110.94054412841797,111.09903717041016,106.47163391113281
2016-09-26,127.55000305175781,109.8388671875,110.16954040527344,107.1485824584961
2016-09-27,126.62000274658203,110.28451538085938,111.25863647460938,107.93462371826172
2016-09-28,126.22000122070312,111.13127899169922,111.44644927978516,107.70113372802734
2016-09-29,126.06999969482422,109.5090560913086,110.63896179199219,107.97349548339844
2016-09-30,125.63999938964844,110.71234893798828,111.46519470214844,107.0085220336914
2016-10-03,125.31999969482422,110.36473083496094,111.30558013916016,106.65544891357422
2016-10-04,120.97000122070312,109.82102966308594,111.13658142089844,105.40807342529297
2016-10-05,120.77999877929688,110.48060607910156,111.53091430664062,104.91688537597656
2016-10-06,119.66000366210938,110.36473083496094,111.47459411621094,104.33222961425781
2016-10-07,119.73999786376953,109.4822998046875,111.2304916381836,104.40235900878906
2016-10-10,120.16000366210938,110.79255676269531,111.93464660644531,103.7865219116211
2016-10-11,119.55000305175781,108.76923370361328,110.33853149414062,103.55261993408203
2016-10-12,119.73999786376953,108.68010711669922,110.24462127685547,103.65396118164062
2016-10-13,120.02999877929688,107.77985382080078,109.85032653808594,104.0438003540039
2016-10-14,119.36000061035156,107.34310913085938,109.98175811767578,102.58592987060547
2016-10-17,119.68000030517578,107.21830749511719,109.6812973022461,103.24080657958984
2016-10-18,120.41999816894531,107.8333511352539,110.65774536132812,103.57608032226562
2016-10-19,121.11000061035156,108.28793334960938,110.64836120605469,103.66181945800781
2016-10-20,120.73999786376953,107.967041015625,110.51690673828125,103.77091217041016
2016-10-21,120.83000183105469,107.91357421875,110.93003845214844,103.92683410644531
2016-10-24,120.55999755859375,108.59986114501953,112.26325225830078,103.47473907470703
2016-10-25,121.47000122070312,107.78878021240234,111.90647888183594,103.74752044677734
2016-10-26,120.79000091552734,106.71917724609375,111.14596557617188,103.0458984375
2016-10-27,121.01000213623047,105.4980697631836,110.63896179199219,101.92330169677734
2016-10-28,121.58000183105469,105.20391082763672,109.94419860839844,101.69731140136719
2016-10-31,121.94000244140625,105.62285614013672,109.84090423583984,102.3208999633789
2016-11-01,122.7300033569336,104.33039855957031,109.01470947265625,102.32872009277344
2016-11-02,123.63999938964844,103.0023193359375,108.14153289794922,102.77392578125
2016-11-03,124.30000305175781,102.50318908691406,107.08058166503906,101.98504638671875
2016-11-04,124.38999938964844,103.16278076171875,106.70500946044922,102.89888763427734
2016-11-07,122.1500015258789,105.68524932861328,109.24002838134766,102.02409362792969
2016-11-08,121.63999938964844,105.96153259277344,109.95359802246094,101.61012268066406
2016-11-09,121.55999755859375,109.22380828857422,110.4605712890625,97.2986068725586
2016-11-10,119.75,110.97083282470703,108.67671203613281,95.8614273071289
2016-11-11,117.0999984741211,113.52002716064453,108.72362518310547,95.32244110107422
2016-11-14,116.11000061035156,115.11553192138672,107.62513732910156,94.75222778320312
2016-11-15,117.12000274658203,115.47208404541016,109.11796569824219,95.22090911865234
2016-11-16,116.7699966430664,115.46315002441406,109.76580047607422,96.080078125
2016-11-17,116.16999816894531,116.14054870605469,110.56385040283203,94.6663818359375
2016-11-18,115.1500015258789,116.75556182861328,110.15076446533203,94.39298248291016
2016-11-21,115.58000183105469,117.29931640625,111.29622650146484,94.62728881835938
2016-11-22,115.54000091552734,118.36891174316406,111.63420104980469,94.5960693359375
2016-11-23,113.25,119.10867309570312,111.18351745605469,94.22895812988281
2016-11-25,112.61000061035156,119.5008773803711,111.54032135009766,94.36955261230469
2016-11-28,113.80000305175781,117.94998931884766,111.28680419921875,95.06473541259766
2016-11-29,113.2699966430664,117.88756561279297,111.6717529296875,95.46305084228516
2016-11-30,111.75,117.30816650390625,110.31975555419922,93.91654205322266
2016-12-01,111.54000091552734,116.73772430419922,108.41378784179688,92.92488861083984
2016-12-02,112.13999938964844,116.67536163330078,108.62976837158203,93.60581970214844
2016-12-05,111.54000091552734,118.68085479736328,109.4747543334961,93.50406646728516
2016-12-06,111.43000030517578,119.96437072753906,109.73764038085938,93.43359375
2016-12-07,111.83000183105469,121.13201904296875,111.12720489501953,94.23194122314453
2016-12-08,111.56999969482422,123.03948211669922,111.32437896728516,93.12057495117188
2016-12-09,110.4000015258789,123.28010559082031,112.19754791259766,91.96224975585938
2016-12-12,110.81999969482422,121.97876739501953,111.69053649902344,92.1343994140625
2016-12-13,110.44999694824219,121.98772430419922,113.098876953125,92.4631576538086
2016-12-14,108.83000183105469,120.46349334716797,112.86414337158203,91.42999267578125
2016-12-15,107.33999633789062,121.36377716064453,113.04252624511719,91.89178466796875
2016-12-16,108.05000305175781,121.14093780517578,112.6235122680664,91.6804428100586
2016-12-19,108.58999633789062,121.93421173095703,113.08492279052734,92.66663360595703
2016-12-20,107.79000091552734,122.9681396484375,113.51807403564453,92.2048568725586
2016-12-21,107.8499984741211,122.16596221923828,113.43333435058594,92.61183166503906
2016-12-22,107.58999633789062,121.11253356933594,113.11316680908203,92.44628143310547
2016-12-23,107.93000030517578,121.75697326660156,113.1884765625,92.63459014892578
2016-12-27,108.55999755859375,122.30289459228516,113.77232360839844,92.33636474609375
2016-12-28,108.86000061035156,121.04988861083984,112.88719940185547,93.01126861572266
2016-12-29,110.29000091552734,121.15725708007812,112.7270736694336,93.34082794189453
2016-12-30,109.61000061035156,120.69188690185547,111.5688247680664,93.48202514648438
2017-01-03,110.47000122070312,121.29156494140625,112.56696319580078,93.88225555419922
2017-01-04,110.86000061035156,123.31423950195312,113.1790771484375,94.24323272705078
2017-01-05,112.58000183105469,121.89117431640625,113.81940460205078,95.71849060058594
2017-01-06,111.75,121.44371795654297,114.81758880615234,94.83961486816406
2017-01-09,112.66999816894531,120.64710998535156,115.19427490234375,95.60081481933594
2017-01-10,113.1500015258789,121.80171966552734,115.44850158691406,95.5379867553711
2017-01-11,113.5,122.01649475097656,115.75926971435547,95.8597412109375
2017-01-12,113.91000366210938,121.0767593383789,115.58032989501953,95.64784240722656
2017-01-13,114.20999908447266,121.95386505126953,115.97583770751953,95.19271087646484
2017-01-17,115.8499984741211,120.29803466796875,115.62743377685547,96.18926239013672
2017-01-18,114.87000274658203,120.69188690185547,115.86284637451172,94.95731353759766
2017-01-19,114.7699966430664,119.70738983154297,115.80632781982422,94.3060302734375
2017-01-20,115.05000305175781,120.32493591308594,116.06060028076172,94.11766052246094
2017-01-23,115.79000091552734,119.82372283935547,116.1547622680664,95.0593032836914
2017-01-24,115.2699966430664,121.658447265625,116.93632507324219,94.40801239013672
2017-01-25,114.31999969482422,122.80413055419922,118.1134262084961,93.22314453125
2017-01-26,113.26000213623047,122.31188201904297,118.23584747314453,93.53697967529297
2017-01-27,113.48999786376953,121.89117431640625,118.46183013916016,93.87445068359375
2017-01-30,113.97000122070312,120.19065856933594,117.53901672363281,93.59192657470703
2017-01-31,115.55000305175781,121.03197479248047,117.30357360839844,94.24323272705078
2017-02-01,115.19999694824219,120.96036529541016,118.1134262084961,93.6604995727539
2017-02-02,115.83999633789062,120.65608978271484,118.00985717773438,93.62118530273438
2017-02-03,116.12999725341797,122.49978637695312,118.34883117675781,93.58185577392578
2017-02-06,117.69999694824219,121.57794189453125,118.49010467529297,94.14806365966797
2017-02-07,117.45999908447266,121.04098510742188,118.92328643798828,94.84011840820312
2017-02-08,118.19000244140625,120.8261489868164,119.12098693847656,96.12980651855469
2017-02-09,117.29000091552734,122.52665710449219,119.55419158935547,95.02098846435547
2017-02-10,117.5999984741211,123.45748138427734,119.94967651367188,94.96593475341797
2017-02-13,116.80000305175781,123.7796630859375,120.62767791748047,94.66712188720703
2017-02-14,116.93000030517578,124.1913070678711,121.03258514404297,93.9829330444336
2017-02-15,117.44999694824219,124.93421173095703,121.74822998046875,93.55038452148438
2017-02-16,118.08000183105469,124.58518981933594,121.7105941772461,94.06158447265625
2017-02-17,117.68000030517578,124.504638671875,122.23794555664062,94.61991119384766
2017-02-21,117.75,125.48020935058594,122.840576171875,94.45479583740234
2017-02-22,117.91000366210938,124.92530059814453,122.8876953125,94.6120834350586
2017-02-23,118.94000244140625,124.18238830566406,122.42626190185547,94.89518737792969
2017-02-24,119.69999694824219,124.09291076660156,122.66166687011719,95.94893646240234
2017-02-27,119.12000274658203,125.3011703491211,122.81230926513672,95.38274383544922
2017-02-28,119.2300033569336,123.36792755126953,122.43569946289062,95.73660278320312
2017-03-01,119.05999755859375,125.62337493896484,123.77286529541016,94.13240051269531
2017-03-02,117.58000183105469,124.18238830566406,123.15132904052734,93.79362487792969
2017-03-03,117.51000213623047,124.09291076660156,123.37733459472656,94.03787231445312
2017-03-06,116.72000122070312,123.2426528930664,123.10424041748047,93.58873748779297
2017-03-07,115.77999877929688,122.43717193603516,122.89710998535156,93.30509948730469
2017-03-08,115.05999755859375,121.63163757324219,123.11369323730469,92.80082702636719
2017-03-09,114.47000122070312,121.14836120605469,123.20783996582031,92.06022644042969
2017-03-10,114.72000122070312,121.68535614013672,123.72577667236328,92.38320922851562
2017-03-13,114.73999786376953,121.97172546386719,123.93292999267578,91.8001937866211
2017-03-14,114.12000274658203,121.38998413085938,123.6316146850586,92.24146270751953
2017-03-15,116.25,123.2695083618164,124.39437103271484,93.36812591552734
2017-03-16,116.7300033569336,123.43061828613281,124.30961608886719,92.89539337158203
2017-03-17,116.98999786376953,123.92289733886719,124.2662124633789,93.47843933105469
2017-03-20,117.51000213623047,123.3858871459961,124.37943267822266,93.88028717041016
2017-03-21,118.54000091552734,119.90428924560547,122.49217987060547,94.66030883789062
2017-03-22,118.83000183105469,119.93111419677734,123.32257080078125,95.0385513305664
2017-03-23,118.66999816894531,120.62923431396484,123.01116943359375,94.9045639038086
2017-03-24,118.86000061035156,120.71627807617188,123.26592254638672,95.24337005615234
2017-03-27,119.52999877929688,120.94068908691406,123.46410369873047,95.67671966552734
2017-03-28,119.04000091552734,121.88314819335938,124.21900939941406,95.0385513305664
2017-03-29,119.33000183105469,122.278076171875,124.79458618164062,95.60581970214844
2017-03-30,118.47000122070312,123.20258331298828,125.00220489501953,94.83365631103516
2017-03-31,118.72000122070312,123.40010070800781,124.91728973388672,95.10942840576172
2017-04-03,119.3499984741211,122.09857940673828,124.8418197631836,96.06876373291016
2017-04-04,119.62000274658203,121.95499420166016,125.03994750976562,95.54762268066406
2017-04-05,119.62000274658203,120.57266998291016,124.5304183959961,95.83979797363281
2017-04-06,119.18000030517578,121.69467163085938,124.59649658203125,95.69766235351562
2017-04-07,119.45999908447266,121.64083099365234,124.5304183959961,95.31076049804688
2017-04-10,119.45999908447266,121.91008758544922,124.57760620117188,95.75297546386719
2017-04-11,121.19000244140625,122.87948608398438,124.03970336914062,96.66094970703125
2017-04-12,122.0199966430664,121.20994567871094,123.53959655761719,97.18998718261719
2017-04-13,122.5999984741211,120.02513885498047,123.04889678955078,97.49004364013672
2017-04-17,122.23999786376953,121.43435668945312,124.06802368164062,97.18998718261719
2017-04-18,122.81999969482422,121.4612808227539,123.87928009033203,98.46119689941406
2017-04-19,121.7300033569336,121.88314819335938,124.07748413085938,97.92427825927734
2017-04-20,121.95999908447266,123.43598937988281,125.11546325683594,97.5453109741211
2017-04-21,122.30999755859375,123.15775299072266,125.08716583251953,97.5453109741211
2017-04-24,121.4800033569336,124.69261169433594,126.59697723388672,97.06369018554688
2017-04-25,120.25,125.90436553955078,127.51227569580078,95.89508056640625
2017-04-26,120.83999633789062,126.55055236816406,127.3329849243164,96.424072265625
2017-04-27,120.38999938964844,126.51470947265625,128.09730529785156,96.39250946044922
2017-04-28,120.7699966430664,124.81829071044922,128.32379150390625,96.60572052001953
2017-05-01,119.66999816894531,125.53636932373047,129.46559143066406,95.80259704589844
2017-05-02,119.6500015258789,124.89906311035156,129.68260192871094,96.29315185546875
2017-05-03,117.9800033569336,124.12709045410156,129.26742553710938,96.3564453125
2017-05-04,116.79000091552734,123.95661163330078,129.31455993652344,95.88174438476562
2017-05-05,117.01000213623047,124.7554702758789,129.786376953125,95.96876525878906
2017-05-08,116.75,124.23482513427734,130.06947326660156,95.446533203125
2017-05-09,116.05000305175781,124.18096923828125,130.5224151611328,95.43861389160156
2017-05-10,116.04000091552734,124.95289611816406,130.59793090820312,95.32784271240234
2017-05-11,116.5,124.08222198486328,130.49412536621094,95.32784271240234
2017-05-12,116.83000183105469,123.42701721191406,130.78663635253906,96.04786682128906
2017-05-15,117.13999938964844,124.38738250732422,131.2018585205078,95.78678894042969
2017-05-16,117.6500015258789,124.43230438232422,131.74917602539062,96.14282989501953
2017-05-17,119.79000091552734,121.0753402709961,128.3992919921875,97.5433120727539
2017-05-18,118.80999755859375,121.51515197753906,129.52218627929688,97.65403747558594
2017-05-19,119.4000015258789,122.09857940673828,130.06947326660156,97.88351440429688
2017-05-22,119.9000015258789,122.9243392944336,131.16409301757812,97.61454010009766
2017-05-23,119.13999938964844,123.32826232910156,131.2962188720703,96.95777893066406
2017-05-24,119.61000061035156,123.40909576416016,131.90016174316406,97.50373077392578
2017-05-25,119.4800033569336,123.4898452758789,133.02304077148438,97.53535461425781
2017-05-26,120.54000091552734,123.45393371582031,133.25897216796875,97.70160675048828
2017-05-30,120.13999938964844,122.48455047607422,133.37217712402344,98.18421936035156
2017-05-31,120.62000274658203,122.35887145996094,133.32501220703125,98.4294662475586
2017-06-01,120.72000122070312,124.71953582763672,133.8440399169922,98.43981170654297
2017-06-02,121.61000061035156,125.52737426757812,135.37266540527344,99.6053695678711
2017-06-05,121.7300033569336,124.74646759033203,135.34432983398438,98.9869155883789
2017-06-06,123.0999984741211,124.62983703613281,134.8064727783203,99.5261001586914
2017-06-07,122.44999694824219,124.74646759033203,135.3349151611328,99.05033874511719
2017-06-08,121.6500015258789,126.45185089111328,135.47645568847656,98.7886962890625
2017-06-09,120.54000091552734,127.10713958740234,132.0888671875,98.63800048828125
2017-06-12,120.36000061035156,126.90066528320312,131.3811492919922,98.6063003540039
2017-06-13,120.4800033569336,127.54696655273438,132.4474334716797,98.62216186523438
2017-06-14,119.81999969482422,126.79293823242188,131.87181091308594,100.14456176757812
2017-06-15,119.31999969482422,126.14662170410156,131.28677368164062,99.9859619140625
2017-06-16,119.33999633789062,125.83255004882812,130.71717834472656,100.1841812133789
2017-06-19,118.43000030517578,126.76597595214844,132.90286254882812,100.04147338867188
2017-06-20,118.18000030517578,125.48246765136719,131.8620147705078,100.93746948242188
2017-06-21,118.5199966430664,125.16831970214844,133.1678466796875,101.14363861083984
2017-06-22,118.91999816894531,125.64401245117188,133.12998962402344,101.3656234741211
2017-06-23,119.43000030517578,126.47883605957031,133.6409149169922,101.31806182861328
2017-06-26,118.36000061035156,126.63140106201172,133.0164337158203,101.69864654541016
2017-06-27,118.80999755859375,125.51836395263672,130.6036376953125,100.61235809326172
2017-06-28,118.9000015258789,127.4392318725586,132.48654174804688,100.27935028076172
2017-06-29,118.31999969482422,126.68524169921875,130.1873016357422,99.43888854980469
2017-06-30,118.0199966430664,126.48778533935547,130.23460388183594,99.20892333984375
2017-07-03,116.08999633789062,127.54696655273438,128.86260986328125,98.88948822021484
2017-07-05,116.5199966430664,127.08916473388672,130.13050842285156,98.91333770751953
2017-07-06,116.47000122070312,125.42955017089844,128.95721435546875,98.09494018554688
2017-07-07,115.27999877929688,126.64651489257812,130.34815979003906,97.50701904296875
2017-07-10,115.47000122070312,126.0966796875,131.19967651367188,97.65003204345703
2017-07-11,115.62000274658203,126.46622467041016,131.56874084472656,97.81687927246094
2017-07-12,116.02999877929688,127.43982696533203,133.12998962402344,98.49220275878906
2017-07-13,115.81999969482422,127.5480728149414,133.42327880859375,97.87247467041016
2017-07-14,116.7699966430664,127.76441192626953,134.47360229492188,97.9916763305664
2017-07-17,117.29000091552734,128.0618133544922,134.53982543945312,98.2618179321289
2017-07-18,118.11000061035156,127.72833251953125,135.43865966796875,99.11995697021484
2017-07-19,118.08000183105469,128.99935913085938,136.2335205078125,99.15966796875
2017-07-20,118.23999786376953,129.08949279785156,136.4132537841797,99.44570922851562
2017-07-21,119.26000213623047,128.50357055664062,136.3565216064453,99.86681365966797
2017-07-24,119.30999755859375,128.68385314941406,136.9810028076172,99.47750091552734
2017-07-25,118.91999816894531,129.85574340820312,136.63088989257812,98.18236541748047
2017-07-26,119.87999725341797,129.13455200195312,137.07557678222656,98.34123229980469
2017-07-27,119.79000091552734,128.3142547607422,136.2145538330078,97.85661315917969
2017-07-28,120.69000244140625,127.9716796875,136.10105895996094,98.43663787841797
2017-07-31,120.75,127.5660171508789,135.52389526367188,98.55580139160156
2017-08-01,120.6500015258789,127.80943298339844,135.83609008789062,99.24775695800781
2017-08-02,120.4000015258789,126.41219329833984,136.205078125,99.30350494384766
2017-08-03,120.58999633789062,125.78111267089844,135.6752471923828,100.3306884765625
2017-08-04,119.6500015258789,126.3941421508789,135.92124938964844,99.47870635986328
2017-08-07,119.51000213623047,126.60147857666016,136.7823028564453,99.59017181396484
2017-08-08,119.86000061035156,126.20482635498047,136.5457305908203,99.23182678222656
2017-08-09,121.30999755859375,125.1140365600586,136.36595153808594,99.77330780029297
2017-08-10,122.20999908447266,122.84234619140625,133.4421844482422,100.62533569335938
2017-08-11,122.79000091552734,123.0226821899414,134.4546661376953,100.67308807373047
2017-08-14,121.91999816894531,124.88870239257812,136.1861572265625,100.15550994873047
2017-08-15,120.9800033569336,123.86104583740234,136.28085327148438,99.73350524902344
2017-08-16,121.87000274658203,123.8971176147461,136.51734924316406,100.09979248046875
2017-08-17,122.48999786376953,121.6343765258789,133.72605895996094,100.84827423095703
2017-08-18,122.30000305175781,121.6253662109375,133.6313934326172,100.82439422607422
2017-08-21,122.76000213623047,121.54425048828125,133.4611358642578,101.07123565673828
2017-08-22,122.20999908447266,122.86036682128906,135.49546813964844,100.68106842041016
2017-08-23,122.66999816894531,122.66207122802734,135.0128631591797,101.36585235595703
2017-08-24,122.29000091552734,123.04069519042969,134.61549377441406,100.99161529541016
2017-08-25,122.73999786376953,123.39225006103516,134.3316650390625,101.38176727294922
2017-08-28,124.69000244140625,123.91507720947266,134.74795532226562,101.31807708740234
2017-08-29,124.41999816894531,123.94217681884766,135.27784729003906,101.6445541381836
2017-08-30,124.36000061035156,124.73541259765625,136.867431640625,101.61270141601562
2017-08-31,125.81999969482422,125.9614028930664,138.3340301513672,101.91529846191406
2017-09-01,126.05999755859375,126.67363739013672,138.1448211669922,101.13569641113281
2017-09-05,127.45999908447266,125.45659637451172,136.9053192138672,102.73957824707031
2017-09-06,126.80999755859375,125.71807861328125,137.32159423828125,102.1091537475586
2017-09-07,128.1300048828125,125.40255737304688,137.64334106445312,103.15446472167969
2017-09-08,127.97000122070312,125.50167083740234,136.45114135742188,102.93103790283203
2017-09-11,126.19000244140625,126.81780242919922,138.02178955078125,101.70227813720703
2017-09-12,126.55999755859375,127.59310150146484,138.35296630859375,101.16764831542969
2017-09-13,125.61000061035156,127.9716796875,138.54222106933594,100.76869201660156
2017-09-14,126.16000366210938,127.85447692871094,137.72848510742188,101.18360137939453
2017-09-15,125.52999877929688,128.3773193359375,138.20159912109375,101.22351837158203
2017-09-18,124.36000061035156,129.2517852783203,138.02044677734375,100.6410140991211
2017-09-19,124.62000274658203,129.2517852783203,138.25758361816406,100.39366912841797
2017-09-20,123.62000274658203,129.66647338867188,137.830810546875,100.46549987792969
2017-09-21,122.68000030517578,129.5312042236328,136.98681640625,100.40960693359375
2017-09-22,123.23999786376953,130.08116149902344,136.85409545898438,100.6968765258789
2017-09-25,124.52999877929688,130.26138305664062,135.41268920898438,101.32725524902344
2017-09-26,123.13999938964844,130.6761474609375,135.76356506347656,101.14368438720703
2017-09-27,121.9800033569336,133.2335205078125,136.98681640625,99.61965942382812
2017-09-28,122.20999908447266,133.58590698242188,136.93942260742188,99.32447052001953
2017-09-29,121.58000183105469,133.9021759033203,137.92564392089844,99.54792785644531
2017-10-02,120.7699966430664,135.5468292236328,138.04893493652344,99.3656005859375
2017-10-03,120.83000183105469,135.8450164794922,138.3428192138672,99.46153259277344
2017-10-04,121.16999816894531,135.41131591796875,138.47560119628906,99.46956634521484
2017-10-05,120.5199966430664,135.78176879882812,139.8316650390625,99.0937728881836
2017-10-06,121.08999633789062,135.5919952392578,140.0213623046875,98.81391906738281
2017-10-09,122.08000183105469,135.03175354003906,139.86009216308594,99.125732421875
2017-10-10,122.4000015258789,135.42031860351562,139.96441650390625,99.28565216064453
2017-10-11,122.79000091552734,135.3209228515625,140.3816680908203,99.47755432128906
2017-10-12,122.88999938964844,135.2215118408203,140.1256103515625,99.90127563476562
2017-10-13,123.81999969482422,134.97750854492188,140.6661376953125,100.62086486816406
2017-10-16,122.97000122070312,134.8600616455078,141.14974975585938,100.54889678955078
2017-10-17,122.12999725341797,134.4715576171875,141.32992553710938,100.6767807006836
2017-10-18,121.66999816894531,135.11305236816406,141.1592254638672,100.01319122314453
2017-10-19,122.38999938964844,134.90524291992188,140.63766479492188,100.1890869140625
2017-10-20,121.61000061035156,135.5287628173828,141.01699829101562,99.125732421875
2017-10-23,121.80000305175781,134.5167236328125,140.0972137451172,99.3016128540039
2017-10-24,121.33000183105469,134.79676818847656,140.33428955078125,98.68596649169922
2017-10-25,121.3499984741211,134.1461639404297,139.80320739746094,98.21428680419922
2017-10-26,120.33000183105469,134.42628479003906,139.3575439453125,97.88643646240234
2017-10-27,120.9000015258789,135.3570556640625,143.41612243652344,98.5340805053711
2017-10-30,121.12999725341797,133.92926025390625,143.73854064941406,99.47755432128906
2017-10-31,120.66999816894531,134.87811279296875,144.2790069580078,99.5094985961914
2017-11-01,121.11000061035156,133.98350524902344,144.2316436767578,99.95258331298828
2017-11-02,121.19000244140625,134.38116455078125,143.95660400390625,100.39325714111328
2017-11-03,120.62000274658203,134.29074096679688,145.34109497070312,100.66568756103516
2017-11-06,121.6500015258789,134.44436645507812,145.8341827392578,101.04222106933594
2017-11-07,121.20999908447266,132.8359375,145.9195556640625,101.4668960571289
2017-11-08,121.62999725341797,133.01663208007812,146.50741577148438,101.24258422851562
2017-11-09,122.12999725341797,132.5467071533203,145.73934936523438,100.95404815673828
2017-11-10,121.12999725341797,132.4473114013672,145.72987365722656,99.43177795410156
2017-11-13,121.30999755859375,132.48345947265625,145.91009521484375,99.64012145996094
2017-11-14,121.55999755859375,132.12203979492188,145.37901306152344,100.31312561035156
2017-11-15,121.41000366210938,131.59791564941406,144.69627380371094,101.40277862548828
2017-11-16,121.4000015258789,133.53172302246094,146.54541015625,100.52147674560547
2017-11-17,122.86000061035156,134.1461639404297,145.9859161376953,101.26659393310547
2017-11-20,121.30999755859375,135.12216186523438,145.8721160888672,101.22653198242188
2017-11-21,121.51000213623047,136.5318145751953,147.4557342529297,101.54700469970703
2017-11-22,122.62999725341797,136.35104370117188,147.6359405517578,101.87550354003906
2017-11-24,122.31999969482422,136.40524291992188,148.17642211914062,101.59503936767578
2017-11-27,122.83000183105469,135.98959350585938,148.11004638671875,101.45087432861328
2017-11-28,122.80999755859375,138.1312713623047,148.48934936523438,101.58706665039062
2017-11-29,122.04000091552734,138.59205627441406,145.90060424804688,100.58552551269531
2017-11-30,121.0999984741211,138.8451690673828,147.12384033203125,100.2490463256836
2017-12-01,121.58999633789062,138.2758331298828,146.4979705810547,101.60184478759766
2017-12-04,121.18000030517578,137.76072692871094,144.81007385253906,101.65001678466797
2017-12-05,120.31999969482422,136.38720703125,144.90489196777344,102.15580749511719
2017-12-06,120.06999969482422,135.74563598632812,145.5592041015625,102.50907897949219
2017-12-07,118.48999786376953,136.69447326660156,146.05233764648438,101.70623016357422
2017-12-08,118.4800033569336,136.82098388671875,146.69711303710938,101.71422576904297
2017-12-11,118.01000213623047,136.7667694091797,147.8350067138672,101.50550079345703
2017-12-12,118.1500015258789,136.342041015625,147.6359405517578,101.46538543701172
2017-12-13,119.16999816894531,137.1553192138672,147.92037963867188,102.22809600830078
2017-12-14,118.93000030517578,135.63723754882812,147.81610107421875,102.66160583496094
2017-12-15,119.18000030517578,137.5709991455078,149.4945068359375,103.0469741821289
2017-12-18,119.7300033569336,139.4324493408203,150.7479248046875,102.10765838623047
2017-12-19,119.81999969482422,138.33004760742188,149.8546600341797,100.78295135498047
2017-12-20,120.13999938964844,138.6011505126953,149.693115234375,99.66693878173828
2017-12-21,120.30999755859375,139.2079620361328,149.71214294433594,100.24786376953125
2017-12-22,120.94000244140625,138.9540252685547,149.5410614013672,100.38459777832031
2017-12-26,121.7699966430664,139.03564453125,148.73333740234375,100.68233489990234
2017-12-27,122.2300033569336,138.89956665039062,148.75238037109375,101.99373626708984
2017-12-28,122.8499984741211,139.4438018798828,148.93289184570312,101.90523529052734
2017-12-29,123.6500015258789,138.29185485839844,148.0111541748047,102.0661392211914
2018-01-02,125.1500015258789,139.59803771972656,150.6053466796875,100.96392059326172
2018-01-03,124.81999969482422,139.74317932128906,152.06874084472656,101.44666290283203
2018-01-04,125.45999908447266,140.11505126953125,152.3347930908203,101.43052673339844
2018-01-05,125.33000183105469,140.40533447265625,153.86468505859375,101.14088439941406
2018-01-08,125.30999755859375,140.62298583984375,154.46337890625,101.07654571533203
2018-01-09,124.7300033569336,140.43251037597656,154.4728240966797,99.72486114501953
2018-01-10,125.02999877929688,140.4506378173828,154.1117706298828,99.60424041748047
2018-01-11,125.44000244140625,142.86346435546875,155.16656494140625,100.01451873779297
2018-01-12,126.95999908447266,143.4621124267578,156.30690002441406,100.18346405029297
2018-01-16,127.16999816894531,141.62982177734375,155.86024475097656,100.60187530517578
2018-01-17,126.13999938964844,142.97230529785156,157.54214477539062,100.46515655517578
2018-01-18,125.86000061035156,141.99270629882812,157.57070922851562,99.53182220458984
2018-01-19,126.41999816894531,143.86122131347656,158.06480407714844,99.00883483886719
2018-01-22,126.6500015258789,144.6322784423828,159.7562713623047,99.10535430908203
2018-01-23,127.27999877929688,145.0948944091797,161.07713317871094,99.53182220458984
2018-01-24,128.8300018310547,144.1968231201172,160.03184509277344,98.99275207519531
2018-01-25,127.97000122070312,144.2512969970703,159.974853515625,99.80535125732422
2018-01-26,128.07000732421875,144.76832580566406,162.42649841308594,99.43527221679688
2018-01-29,127.3499984741211,143.9519500732422,161.6377410888672,98.74332427978516
2018-01-30,126.80000305175781,142.57321166992188,160.30743408203125,98.16404724121094
2018-01-31,127.6500015258789,141.8294219970703,160.9726104736328,98.74332427978516
2018-02-01,128.07000732421875,142.2738494873047,159.60426330566406,97.312255859375
2018-02-02,126.38999938964844,139.5345458984375,156.42086791992188,96.40933227539062
2018-02-05,126.70999908447266,134.1737518310547,150.25376892089844,97.32035064697266
2018-02-06,125.37999725341797,135.77926635742188,154.23532104492188,96.71565246582031
2018-02-07,124.79000091552734,135.91534423828125,152.23983764648438,95.79653930664062
2018-02-08,124.9800033569336,131.92417907714844,145.8160858154297,95.69171142578125
2018-02-09,124.7699966430664,133.130615234375,148.33425903320312,95.08707427978516
2018-02-12,125.37000274658203,134.39146423339844,150.96646118164062,95.50629425048828
2018-02-13,126.08000183105469,134.6816864013672,151.74563598632812,95.9336166381836
2018-02-14,128.22999572753906,137.10360717773438,154.58689880371094,94.869384765625
2018-02-15,128.3800048828125,138.60018920898438,157.45664978027344,95.19189453125
2018-02-16,127.95999908447266,139.090087890625,156.75344848632812,95.70787048339844
2018-02-20,126.23999786376953,137.94715881347656,157.06703186035156,95.28861999511719
2018-02-21,125.66000366210938,138.09228515625,156.62042236328125,94.11955261230469
2018-02-22,126.30000305175781,137.87460327148438,156.6014404296875,94.40176391601562
2018-02-23,126.13999938964844,139.6705780029297,159.8037872314453,95.24026489257812
2018-02-26,126.44999694824219,140.5867156982422,161.92286682128906,95.27249145507812
2018-02-27,125.12999725341797,138.56393432617188,159.91783142089844,95.13544464111328
2018-02-28,125.0,136.3779296875,158.89154052734375,95.74009704589844
2018-03-01,124.72000122070312,136.0150604248047,156.29737854003906,96.39363861083984
2018-03-02,125.38999938964844,138.19210815429688,157.7322540283203,95.61006164550781
2018-03-05,125.18000030517578,139.42568969726562,159.48069763183594,95.35157012939453
2018-03-06,126.52999877929688,140.93142700195312,160.15536499023438,95.44037628173828
2018-03-07,125.72000122070312,142.17413330078125,160.5259552001953,95.33536529541016
2018-03-08,125.41999816894531,141.88385009765625,161.40972900390625,95.88473510742188
2018-03-09,125.54000091552734,144.15150451660156,164.54556274414062,95.25460815429688
2018-03-12,125.54000091552734,144.40545654296875,165.41976928710938,95.803955078125
2018-03-13,125.77999877929688,143.73426818847656,163.16766357421875,96.28865814208984
2018-03-14,125.69999694824219,143.05397033691406,163.13914489746094,97.13692474365234
2018-03-15,124.9000015258789,142.33738708496094,162.99667358398438,97.13692474365234
2018-03-16,124.5999984741211,143.13563537597656,162.51199340820312,96.78949737548828
2018-03-19,124.87000274658203,141.75680541992188,159.04464721679688,96.4825439453125
2018-03-20,124.30999755859375,141.7205352783203,159.568115234375,96.0947265625
2018-03-21,126.4800033569336,142.54595947265625,158.87332153320312,96.19978332519531
2018-03-22,125.9800033569336,139.42030334472656,154.95191955566406,97.15306091308594
2018-03-23,127.61000061035156,136.4200439453125,150.8686981201172,97.08032989501953
2018-03-26,128.27999877929688,139.402099609375,156.4747772216797,96.7087631225586
2018-03-27,127.48999786376953,136.701904296875,151.41128540039062,97.74275970458984
2018-03-28,125.7300033569336,136.6564483642578,149.66944885253906,98.00130462646484
2018-03-29,125.79000091552734,138.03836059570312,152.41062927246094,98.47792053222656
2018-04-02,127.26000213623047,134.6744384765625,148.01333618164062,98.67222595214844
2018-04-03,126.30000305175781,136.60186767578125,149.678955078125,97.91123962402344
2018-04-04,126.44999694824219,138.33837890625,152.03945922851562,97.70880126953125
2018-04-05,125.80000305175781,139.48394775390625,152.90554809570312,96.98021697998047
2018-04-06,126.38999938964844,136.701904296875,149.079345703125,98.04080963134766
2018-04-09,126.81999969482422,136.86558532714844,150.12632751464844,98.20267486572266
2018-04-10,127.12000274658203,139.44757080078125,153.43861389160156,98.0245590209961
2018-04-11,128.11000061035156,139.74761962890625,152.55345153808594,98.37268829345703
2018-04-12,126.62000274658203,140.70220947265625,154.39035034179688,97.65216827392578
2018-04-13,127.44999694824219,139.96575927734375,153.59085083007812,97.87886047363281
2018-04-16,127.62999725341797,141.2567901611328,154.7615509033203,97.91123962402344
2018-04-17,127.75,142.7932891845703,158.09283447265625,98.17835998535156
2018-04-18,127.8499984741211,143.17514038085938,158.4164581298828,97.39310455322266
2018-04-19,127.5999984741211,142.18417358398438,156.960205078125,96.59967803955078
2018-04-20,126.62999725341797,141.4204559326172,154.47605895996094,95.90345001220703
2018-04-23,125.62000274658203,141.21136474609375,154.0857391357422,95.92771911621094
2018-04-24,126.2300033569336,140.40216064453125,150.82110595703125,95.49057006835938
2018-04-25,125.41000366210938,140.193115234375,151.00198364257812,94.85099792480469
2018-04-26,124.97000122070312,140.83856201171875,154.1809539794922,95.51485443115234
2018-04-27,125.5,140.63853454589844,154.27610778808594,96.2515869140625
2018-04-30,124.58999633789062,139.39303588867188,153.18154907226562,96.42157745361328
2018-05-01,123.70999908447266,140.0749053955078,154.93292236328125,96.07433319091797
2018-05-02,123.6500015258789,140.60223388671875,154.01913452148438,95.96881866455078
2018-05-03,124.27999877929688,139.83848571777344,154.00013732910156,96.39889526367188
2018-05-04,124.54000091552734,141.58412170410156,156.92210388183594,96.54491424560547
2018-05-07,124.56999969482422,142.78419494628906,158.22608947753906,96.39073944091797
2018-05-08,124.58999633789062,143.4933319091797,158.06427001953125,96.301513671875
2018-05-09,124.33000183105469,144.26612854003906,159.78701782226562,95.72543334960938
2018-05-10,125.18000030517578,145.0389404296875,161.44313049316406,96.4962387084961
2018-05-11,125.0,145.32078552246094,161.29087829589844,96.7396469116211
2018-05-14,124.48999786376953,144.76614379882812,161.56689453125,96.228515625
2018-05-15,122.4800033569336,144.79348754882812,159.77748107910156,95.13312530517578
2018-05-16,122.29000091552734,146.30259704589844,160.83401489257812,94.76809692382812
2018-05-17,122.36000061035156,146.97543334960938,160.21534729003906,94.28931427001953
2018-05-18,122.41000366210938,147.16635131835938,159.3872528076172,95.1007080078125
2018-05-21,122.4800033569336,148.13922119140625,160.28195190429688,95.14936828613281
2018-05-22,122.41000366210938,147.06639099121094,160.07257080078125,95.00334167480469
2018-05-23,122.54000091552734,147.25729370117188,161.42413330078125,95.6929702758789
2018-05-24,123.58999633789062,147.3118438720703,161.3765411376953,96.45568084716797
2018-05-25,123.20999908447266,147.0481719970703,161.53834533691406,97.05610656738281
2018-05-29,123.19000244140625,146.8481903076172,160.82447814941406,99.181884765625
2018-05-30,123.37000274658203,149.1755828857422,161.9761962890625,98.51657104492188
2018-05-31,123.0999984741211,147.9846649169922,161.87147521972656,98.35425567626953
2018-06-01,122.48999786376953,148.9574737548828,164.4127655029297,97.83460235595703
2018-06-04,122.37000274658203,149.74839782714844,165.8975067138672,97.12710571289062
2018-06-05,122.8499984741211,150.67568969726562,166.4114990234375,97.35480499267578
2018-06-06,122.91999816894531,151.7667236328125,167.38233947753906,96.56592559814453
2018-06-07,122.86000061035156,150.93936157226562,166.02125549316406,97.50119018554688
2018-06-08,123.01000213623047,151.3939666748047,166.0308074951172,97.20840454101562
2018-06-11,123.2300033569336,151.62132263183594,166.4781036376953,97.02951049804688
2018-06-12,122.81999969482422,152.312255859375,167.35379028320312,97.05392456054688
2018-06-13,123.19000244140625,151.71226501464844,167.3443145751953,97.00511932373047
2018-06-14,123.37999725341797,152.52130126953125,169.0384521484375,97.81024932861328
2018-06-15,121.33999633789062,152.5668182373047,168.4483184814453,97.899658203125
2018-06-18,121.11000061035156,153.2850341796875,168.3510284423828,97.81024932861328
2018-06-19,120.80000305175781,153.29415893554688,167.87413024902344,98.3794937133789
2018-06-20,120.26000213623047,154.5306396484375,169.06642150878906,97.51741790771484
2018-06-21,120.05000305175781,153.08502197265625,167.59754943847656,98.02979278564453
2018-06-22,120.33999633789062,152.575927734375,167.22555541992188,98.02168273925781
2018-06-25,119.88999938964844,150.08482360839844,163.4578857421875,98.24122619628906
2018-06-26,119.26000213623047,150.9575958251953,164.12564086914062,98.3794937133789
2018-06-27,118.58000183105469,148.53921508789062,161.8936309814453,99.30660247802734
2018-06-28,118.22000122070312,148.99378967285156,163.28616333007812,99.33100128173828
2018-06-29,118.6500015258789,148.89376831054688,163.72499084472656,98.98947143554688
2018-07-02,117.45999908447266,149.92112731933594,164.8218994140625,98.91199493408203
2018-07-03,118.6500015258789,150.518798828125,162.91421508789062,99.4417953491211
2018-07-05,119.05000305175781,152.23419189453125,164.93630981445312,99.7270736694336
2018-07-06,118.86000061035156,153.520751953125,167.5021209716797,100.05316162109375
2018-07-09,119.1500015258789,154.48797607421875,169.0091552734375,99.4092025756836
2018-07-10,118.93000030517578,153.785400390625,169.13319396972656,99.40106201171875
2018-07-11,117.63999938964844,152.4805450439453,168.2747344970703,99.78414154052734
2018-07-12,118.12999725341797,153.2196807861328,171.17440795898438,99.7760009765625
2018-07-13,117.61000061035156,152.76344299316406,171.31747436523438,100.02867126464844
2018-07-16,117.55000305175781,152.17037963867188,170.90725708007812,99.61298370361328
2018-07-17,116.27999877929688,152.84552001953125,171.94703674316406,99.42548370361328
2018-07-18,116.30999755859375,153.27442932128906,171.62266540527344,99.02613067626953
2018-07-19,115.80999755859375,154.36026000976562,170.76422119140625,99.65376281738281
2018-07-20,116.55999755859375,153.73062133789062,170.72607421875,98.43110656738281
2018-07-23,116.0,153.92227172851562,171.26974487304688,97.21662139892578
2018-07-24,116.04000091552734,152.2798309326172,171.97557067871094,97.55076599121094
2018-07-25,116.68000030517578,152.83639526367188,174.3792266845703,97.39591217041016
2018-07-26,115.7699966430664,153.6576385498047,171.7371063232422,97.20845794677734
2018-07-27,115.83000183105469,150.79251098632812,169.4193572998047,97.37150573730469
2018-07-30,115.6500015258789,149.82534790039062,167.0252227783203,97.03727722167969
2018-07-31,115.98999786376953,151.34909057617188,168.3033447265625,97.56705474853516
2018-08-01,115.13999938964844,151.2487335205078,168.9424591064453,96.7722396850586
2018-08-02,114.5199966430664,152.3528594970703,171.24114990234375,96.91110229492188
2018-08-03,114.91999816894531,151.82359313964844,171.76571655273438,97.3930892944336
2018-08-06,114.33000183105469,152.6721649169922,172.77679443359375,97.45027160644531
2018-08-07,114.58999633789062,153.0371856689453,173.4062957763672,96.94376373291016
2018-08-08,114.91000366210938,152.90029907226562,173.61619567871094,97.0418472290039
2018-08-09,114.73999786376953,153.29266357421875,173.5112762451172,97.85872650146484
2018-08-10,114.69000244140625,152.8638153076172,172.1855010986328,98.5694808959961
2018-08-13,112.95999908447266,151.9696044921875,171.9947052001953,98.36524963378906
2018-08-14,113.06999969482422,153.47512817382812,173.07249450683594,98.14462280273438
2018-08-15,111.19000244140625,151.5498809814453,170.95498657226562,98.71649169921875
2018-08-16,111.0999984741211,152.95504760742188,171.51776123046875,98.70832824707031
2018-08-17,112.12999725341797,153.61199951171875,171.55589294433594,98.83086395263672
2018-08-20,112.69000244140625,154.04092407226562,171.4033203125,99.49259948730469
2018-08-21,113.0199966430664,155.81106567382812,172.03280639648438,99.15763092041016
2018-08-22,113.2699966430664,156.1942596435547,172.7005615234375,99.54975128173828
2018-08-23,112.19999694824219,155.7198028564453,172.4525146484375,99.70492553710938
2018-08-24,114.16000366210938,156.5684051513672,174.054931640625,99.90099334716797
2018-08-27,114.58999633789062,156.79649353027344,175.82907104492188,99.32917022705078
2018-08-28,113.68000030517578,156.9424591064453,176.08663940429688,98.73283386230469
2018-08-29,114.19999694824219,157.39871215820312,178.11827087402344,98.86354064941406
2018-08-30,113.63999938964844,157.2709503173828,177.8035125732422,99.07594299316406
2018-08-31,113.51000213623047,157.87319946289062,178.03240966796875,98.84720611572266
2018-09-04,112.93000030517578,157.17062377929688,177.26934814453125,98.27569580078125
2018-09-05,113.31999969482422,156.7508544921875,174.9801483154297,98.01372528076172
2018-09-06,113.54000091552734,155.6924285888672,173.41587829589844,98.37395477294922
2018-09-07,113.2300033569336,155.6102752685547,172.74822998046875,97.53880310058594
2018-09-10,113.1500015258789,155.80191040039062,173.33004760742188,97.89909362792969
2018-09-11,113.22000122070312,156.05740356445312,174.66534423828125,97.15399932861328
2018-09-12,114.16999816894531,155.6833038330078,174.15037536621094,97.38330078125
2018-09-13,113.76000213623047,155.7198028564453,176.01025390625,97.5306396484375
2018-09-14,113.0199966430664,156.3767547607422,175.4952392578125,97.0639419555664
2018-09-17,113.61000061035156,154.71607971191406,172.9675750732422,97.0639419555664
2018-09-18,113.44000244140625,155.36395263671875,174.39830017089844,96.04869842529297
2018-09-19,113.87999725341797,154.79818725585938,174.2648162841797,95.47554016113281
2018-09-20,114.2699966430664,156.2307586669922,176.1915283203125,95.91766357421875
2018-09-21,113.48999786376953,155.48257446289062,175.22817993164062,95.87673950195312
2018-09-24,113.47000122070312,154.90774536132812,175.71551513671875,95.63115692138672
2018-09-25,113.6500015258789,155.14498901367188,175.95440673828125,95.53285217285156
2018-09-26,113.05000305175781,153.7268524169922,176.07859802246094,96.20420837402344
2018-09-27,112.05000305175781,153.7360382080078,177.56924438476562,96.26976013183594
2018-09-28,112.76000213623047,154.20260620117188,177.53102111816406,96.01591491699219
2018-10-01,112.56999969482422,152.1715850830078,177.8941650390625,95.31106567382812
2018-10-02,113.87000274658203,150.52484130859375,177.4928436279297,95.89363861083984
2018-10-03,113.41999816894531,151.84225463867188,177.68392944335938,94.2279052734375
2018-10-04,113.4800033569336,149.71055603027344,174.27259826660156,93.56319427490234
2018-10-05,113.80000305175781,148.3565216064453,172.1417694091797,92.75904083251953
2018-10-08,112.54000091552734,148.0454864501953,171.09063720703125,92.44720458984375
2018-10-09,112.5999984741211,147.46914672851562,171.64486694335938,93.3826904296875
2018-10-10,112.87999725341797,143.2332305908203,164.09603881835938,93.1282958984375
2018-10-11,115.77999877929688,140.49774169921875,162.0607147216797,94.26066589355469
2018-10-12,115.2300033569336,140.52520751953125,166.5709228515625,93.9324951171875
2018-10-15,116.0,141.04666137695312,164.55470275878906,93.89141845703125
2018-10-16,115.80000305175781,145.13616943359375,169.342041015625,94.10478973388672
2018-10-17,115.79000091552734,144.51406860351562,169.40884399414062,93.54676055908203
2018-10-18,115.91999816894531,141.80601501464844,165.4815673828125,93.51399993896484
2018-10-19,116.01000213623047,140.3056182861328,165.3286895751953,93.30878448486328
2018-10-22,115.70999908447266,140.0037078857422,166.17913818359375,93.18572235107422
2018-10-23,116.38999938964844,138.75033569335938,165.56761169433594,93.48115539550781
2018-10-24,116.66000366210938,133.5263671875,157.99014282226562,94.18683624267578
2018-10-25,116.4000015258789,136.4174041748047,163.455810546875,93.79297637939453
2018-10-26,116.7699966430664,134.92613220214844,159.25140380859375,94.35913848876953
2018-10-29,116.30999755859375,134.1851043701172,155.97390747070312,94.14580535888672
2018-10-30,115.80000305175781,136.98463439941406,158.54434204101562,93.6780776977539
2018-10-31,115.1500015258789,137.25906372070312,162.27101135253906,93.2021255493164
2018-11-01,116.62999725341797,140.4245147705078,164.41136169433594,93.28852081298828
2018-11-02,116.6500015258789,140.89117431640625,161.8505401611328,92.12866973876953
2018-11-05,116.37000274658203,140.78140258789062,161.4491424560547,92.4906234741211
2018-11-06,116.04000091552734,141.47666931152344,162.67222595214844,92.43305969238281
2018-11-07,116.02999877929688,144.0108642578125,167.7748565673828,92.55641174316406
2018-11-08,115.77999877929688,143.62664794921875,166.70465087890625,92.5481948852539
2018-11-09,114.4800033569336,140.96437072753906,163.89541625976562,93.2391586303711
2018-11-12,113.66000366210938,138.17396545410156,158.9361114501953,93.8478775024414
2018-11-13,113.69999694824219,137.7348175048828,159.06985473632812,93.79029083251953
2018-11-14,114.63999938964844,136.72840881347656,157.85635375976562,93.8478775024414
2018-11-15,114.7699966430664,138.67718505859375,160.61782836914062,93.80671691894531
2018-11-16,115.62000274658203,139.00648498535156,160.05409240722656,94.34966278076172
2018-11-19,115.66999816894531,136.18870544433594,154.85589599609375,94.61284637451172
2018-11-20,115.66999816894531,133.56297302246094,152.08480834960938,94.64576721191406
2018-11-21,115.86000061035156,135.42933654785156,153.24099731445312,94.61284637451172
2018-11-23,115.7699966430664,135.30123901367188,152.132568359375,94.7115707397461
2018-11-26,115.63999938964844,137.0577850341797,155.64898681640625,94.49768829345703
2018-11-27,114.94999694824219,135.9233856201172,156.17457580566406,94.60464477539062
2018-11-28,115.37999725341797,139.28097534179688,161.20074462890625,94.14398956298828
2018-11-29,115.73999786376953,138.90585327148438,160.67518615722656,94.51417541503906
2018-11-30,115.54000091552734,139.6285858154297,161.8408966064453,94.86785125732422
2018-12-03,116.41000366210938,140.96437072753906,164.66934204101562,95.54144287109375
2018-12-04,117.12000274658203,134.96270751953125,158.3531951904297,97.1409912109375
2018-12-06,117.13999938964844,134.66995239257812,159.47120666503906,97.44601440429688
2018-12-07,118.08999633789062,131.7606964111328,154.20616149902344,97.62743377685547
2018-12-10,117.68000030517578,131.37640380859375,155.82101440429688,98.03140258789062
2018-12-11,117.54000091552734,131.23922729492188,156.33697509765625,98.01492309570312
2018-12-12,117.79000091552734,132.4925994873047,157.71298217773438,97.57794189453125
2018-12-13,117.52999877929688,130.6170654296875,157.76080322265625,97.34709167480469
2018-12-14,117.05999755859375,128.64096069335938,153.91946411132812,97.68515014648438
2018-12-17,117.87000274658203,125.77606964111328,150.4316864013672,98.25401306152344
2018-12-18,118.1500015258789,125.62001037597656,151.37767028808594,98.84243774414062
2018-12-19,117.43000030517578,123.00389862060547,147.66061401367188,100.14823150634766
2018-12-20,119.23999786376953,120.97521209716797,145.52020263671875,99.78459930419922
2018-12-21,118.72000122070312,117.83588409423828,141.01004028320312,99.76811218261719
2018-12-24,120.0199966430664,115.55021667480469,137.5133056640625,100.263916015625
2018-12-26,119.66000366210938,121.10374450683594,146.0994873046875,99.18954467773438
2018-12-27,120.56999969482422,121.60860443115234,146.6648712158203,99.20611572265625
2018-12-28,121.05999755859375,121.95741271972656,146.58822631835938,100.04080200195312
2018-12-31,121.25,122.91206359863281,147.82435607910156,100.42095947265625
2019-01-02,121.33000183105469,123.60971069335938,148.41851806640625,100.94986724853516
2019-01-03,122.43000030517578,121.3974609375,143.56961059570312,102.0986328125
2019-01-04,121.44000244140625,125.9321517944336,149.71218872070312,100.91685485839844
2019-01-07,121.86000061035156,128.1351776123047,151.49461364746094,100.61930847167969
2019-01-08,121.52999877929688,130.09954833984375,152.8649444580078,100.3548583984375
2019-01-09,122.30999755859375,131.17355346679688,154.11065673828125,100.19781494140625
2019-01-10,121.58999633789062,131.85279846191406,154.55149841308594,99.5531997680664
2019-01-11,121.80000305175781,131.88954162597656,153.986083984375,99.9416275024414
2019-01-14,122.08999633789062,130.576904296875,152.6253662109375,99.56971740722656
2019-01-15,121.87999725341797,131.6783905029297,155.6055908203125,99.20611572265625
2019-01-16,122.2699966430664,132.66062927246094,155.57684326171875,99.30525970458984
2019-01-17,122.11000061035156,133.86312866210938,156.80349731445312,99.33004760742188
2019-01-18,121.0199966430664,135.24002075195312,158.3559112548828,98.80939483642578
2019-01-22,121.44999694824219,133.1011962890625,155.18392944335938,99.47879791259766
2019-01-23,121.27999877929688,132.7340545654297,155.3851776123047,99.43746948242188
2019-01-24,121.08999633789062,133.53265380859375,156.39141845703125,100.09038543701172
2019-01-25,122.86000061035156,135.24917602539062,158.2600555419922,99.61107635498047
2019-01-28,123.29000091552734,134.52401733398438,156.30517578125,99.51187133789062
2019-01-29,123.9800033569336,134.20272827148438,154.82936096191406,100.01599884033203
2019-01-30,124.69000244140625,135.67141723632812,158.7678985595703,99.9416275024414
2019-01-31,124.75,136.8280487060547,161.14447021484375,100.80110931396484
2019-02-01,124.5,136.93820190429688,160.46408081054688,100.19233703613281
2019-02-04,123.95999908447266,138.57208251953125,162.45729064941406,99.74503326416016
2019-02-05,124.27999877929688,138.718994140625,163.8946990966797,100.2005844116211
2019-02-06,123.44000244140625,138.5446014404297,163.40602111816406,100.2502670288086
2019-02-07,123.73999786376953,137.40635681152344,161.2115478515625,100.9129638671875
2019-02-08,124.20999908447266,137.55320739746094,161.52777099609375,101.34368133544922
2019-02-11,123.5999984741211,138.7006378173828,161.3744354248047,100.94603729248047
2019-02-12,123.86000061035156,140.43556213378906,163.76058959960938,100.6893081665039
2019-02-13,123.37000274658203,140.83030700683594,163.87554931640625,100.30828094482422
2019-02-14,124.05999755859375,141.15155029296875,164.07681274414062,100.87981414794922
2019-02-15,124.80000305175781,143.4005126953125,164.76675415039062,101.0372085571289
2019-02-19,126.69999694824219,143.79519653320312,165.0925750732422,101.29399108886719
2019-02-20,126.4800033569336,144.47447204589844,165.0638427734375,101.00405883789062
2019-02-21,125.05000305175781,143.92372131347656,164.46009826660156,100.1011962890625
2019-02-22,125.5,145.17210388183594,165.67713928222656,100.69758605957031
2019-02-25,125.37000274658203,145.20880126953125,166.28086853027344,100.39934539794922
2019-02-26,125.58000183105469,144.2082977294922,166.4533233642578,100.8963623046875
2019-02-27,124.69000244140625,144.41018676757812,166.34793090820312,99.75334167480469
2019-02-28,123.98999786376953,143.91448974609375,165.96458435058594,99.41371154785156
2019-03-01,121.87999725341797,145.25474548339844,167.11453247070312,98.49481201171875
2019-03-04,121.55999755859375,143.94203186035156,167.14328002929688,99.26679992675781
2019-03-05,121.72000122070312,143.27198791503906,167.2678985595703,99.47430419921875
2019-03-06,121.61000061035156,140.4630889892578,166.31918334960938,99.83953094482422
2019-03-07,121.51000213623047,139.23304748535156,164.27804565429688,100.48698425292969
2019-03-08,122.83999633789062,139.19630432128906,164.0288543701172,100.91029357910156
2019-03-11,122.23999786376953,141.6288604736328,167.4403533935547,100.61148071289062
2019-03-12,122.9800033569336,141.70230102539062,168.36026000976562,101.3169937133789
2019-03-13,123.83999633789062,142.2622528076172,169.62522888183594,101.1261215209961
2019-03-14,122.41000366210938,141.6839599609375,169.33775329589844,100.3956527709961
2019-03-15,122.97000122070312,142.0602569580078,170.9093475341797,101.05970764160156
2019-03-18,123.04000091552734,142.9690399169922,171.3163604736328,101.00165557861328
2019-03-19,123.37999725341797,142.24391174316406,171.89239501953125,100.77750396728516
2019-03-20,124.18000030517578,141.05844116210938,172.57395935058594,101.8316650390625
2019-03-21,123.68000030517578,142.90838623046875,175.27171325683594,102.05579376220703
2019-03-22,123.97000122070312,137.70819091796875,171.4219970703125,103.64117431640625
2019-03-25,124.91999816894531,138.315673828125,171.09556579589844,103.80722045898438
2019-03-26,124.30000305175781,139.76988220214844,171.89239501953125,103.73247528076172
2019-03-27,123.6500015258789,139.2268829345703,170.78836059570312,104.68708801269531
2019-03-28,121.9000015258789,140.46937561035156,171.18199157714844,105.0522689819336
2019-03-29,122.01000213623047,140.90196228027344,172.47799682617188,104.95267486572266
2019-04-01,121.52999877929688,142.43896484375,174.7628631591797,103.46196746826172
2019-04-02,121.9800033569336,142.07081604003906,175.42529296875,103.65328979492188
2019-04-03,121.80000305175781,142.8071746826172,176.43328857421875,102.75482940673828
2019-04-04,122.11000061035156,143.50668334960938,176.3661346435547,103.0459976196289
2019-04-05,121.9800033569336,144.85043334960938,177.27818298339844,103.17913818359375
2019-04-08,122.51000213623047,144.611083984375,177.72935485839844,102.81307983398438
2019-04-09,123.1500015258789,142.8439483642578,177.1053466796875,103.13749694824219
2019-04-10,123.52999877929688,144.78594970703125,178.0557403564453,103.3870620727539
2019-04-11,121.94999694824219,144.60189819335938,177.63333129882812,102.77980041503906
2019-04-12,121.83000183105469,145.1265106201172,178.4013671875,102.0477523803711
2019-04-15,121.5999984741211,144.65711975097656,178.43017578125,102.30561065673828
2019-04-16,120.51000213623047,144.99766540527344,179.0446014404297,101.66504669189453
2019-04-17,120.27999877929688,143.67233276367188,179.6685791015625,101.70668029785156
2019-04-18,120.37000274658203,143.24893188476562,179.8990020751953,102.23906707763672
2019-04-22,120.37000274658203,142.87156677246094,180.40780639648438,101.7482681274414
2019-04-23,120.12000274658203,145.0253143310547,182.7022705078125,101.96454620361328
2019-04-24,120.47000122070312,145.4762420654297,182.12625122070312,102.79643249511719
2019-04-25,120.56999969482422,144.27056884765625,182.86546325683594,102.6467056274414
2019-04-26,121.37000274658203,145.66954040527344,183.02865600585938,102.99607849121094
2019-04-29,120.83000183105469,146.3690643310547,183.3839111328125,102.33888244628906
2019-04-30,121.19999694824219,145.6879425048828,181.96304321289062,102.86298370361328
2019-05-01,120.4000015258789,144.30740356445312,181.37745666503906,103.28730010986328
2019-05-02,119.94000244140625,144.97927856445312,180.59022521972656,102.79547882080078
2019-05-03,120.6500015258789,147.7496337890625,183.47027587890625,103.08724212646484
2019-05-06,120.80999755859375,147.9153289794922,182.3470458984375,103.37065887451172
2019-05-07,121.20999908447266,144.98846435546875,178.79498291015625,104.16264343261719
2019-05-08,120.91000366210938,144.2797393798828,178.34376525878906,103.71247863769531
2019-05-09,121.19999694824219,143.75518798828125,177.38372802734375,104.13761138916016
2019-05-10,121.43000030517578,144.1509246826172,177.60455322265625,103.99593353271484
2019-05-13,122.66999816894531,139.5581817626953,171.44119262695312,104.81285858154297
2019-05-14,122.45999908447266,141.31613159179688,173.3228302001953,104.50444030761719
2019-05-15,122.38999938964844,141.77633666992188,175.77093505859375,105.14634704589844
2019-05-16,121.51000213623047,142.659912109375,177.53733825683594,104.79618835449219
2019-05-17,120.6500015258789,140.67185974121094,175.72286987304688,105.02958679199219
2019-05-20,120.63999938964844,139.69622802734375,172.7563934326172,104.81285858154297
2019-05-21,120.36000061035156,141.57383728027344,174.56126403808594,104.64610290527344
2019-05-22,120.23999786376953,140.38653564453125,173.78369140625,105.24634552001953
2019-05-23,121.16999816894531,137.49649047851562,171.12435913085938,106.43009948730469
2019-05-24,121.30000305175781,138.7850799560547,171.03799438476562,106.52180480957031
2019-05-28,120.83000183105469,137.68060302734375,170.394775390625,107.28877258300781
2019-05-29,120.87000274658203,136.53013610839844,168.9931182861328,107.61387634277344
2019-05-30,121.69000244140625,136.15277099609375,169.70355224609375,108.53916931152344
2019-05-31,123.33000183105469,134.24754333496094,166.99632263183594,109.89803314208984
2019-06-03,125.11000061035156,134.71697998046875,163.31939697265625,110.63317108154297
2019-06-04,125.1500015258789,138.2052001953125,167.9179229736328,109.37174987792969
2019-06-05,125.47000122070312,138.2328643798828,169.1659393310547,108.75362396240234
2019-06-06,125.87999725341797,137.87388610839844,170.50999450683594,109.10443878173828
2019-06-07,126.58999633789062,138.84947204589844,173.80284118652344,110.04839324951172
2019-06-10,125.33000183105469,139.66864013671875,175.82850646972656,109.01253509521484
2019-06-11,125.18000030517578,139.2544708251953,176.0684814453125,109.07939147949219
2019-06-12,125.83000183105469,139.41090393066406,175.05088806152344,109.16290283203125
2019-06-13,126.5999984741211,140.88357543945312,176.0877227783203,109.5388412475586
2019-06-14,126.55999755859375,139.6502227783203,175.3388671875,109.81451416015625
2019-06-17,126.4800033569336,140.6135711669922,176.3948974609375,110.00662231445312
2019-06-18,127.12000274658203,142.2484130859375,178.95819091796875,110.55797576904297
2019-06-19,127.88999938964844,142.7564239501953,179.6302032470703,110.71659851074219
2019-06-20,131.11000061035156,143.43063354492188,181.30064392089844,111.00907135009766
2019-06-21,131.97999572753906,142.19297790527344,181.03184509277344,109.7894515991211
2019-06-24,133.94000244140625,140.46580505371094,181.03759765625,110.60806274414062
2019-06-25,134.1999969482422,139.60682678222656,177.9298858642578,110.9505615234375
2019-06-26,132.97000122070312,139.28355407714844,178.75733947753906,110.24053955078125
2019-06-27,132.83999633789062,141.89744567871094,179.4404754638672,111.01738739013672
2019-06-28,133.1999969482422,143.6246337890625,179.67137145996094,110.94219970703125
2019-07-01,130.6199951171875,144.17880249023438,182.09597778320312,110.6827163696289
2019-07-02,133.41000366210938,143.30136108398438,182.8175811767578,111.53646087646484
2019-07-03,133.6300048828125,144.32656860351562,184.19346618652344,112.33159637451172
2019-07-05,132.13999938964844,144.71449279785156,183.8182373046875,110.8417739868164
2019-07-08,131.2899932861328,143.33828735351562,182.52891540527344,110.99241638183594
2019-07-09,131.75,143.5322723388672,183.44300842285156,110.95059204101562
2019-07-10,133.8300018310547,143.78160095214844,185.2710418701172,110.33960723876953
2019-07-11,132.6999969482422,143.07969665527344,185.13636779785156,108.8664779663086
2019-07-12,133.52999877929688,144.18801879882812,186.20433044433594,108.9920425415039
2019-07-15,133.52999877929688,143.43063354492188,186.8008575439453,109.6197509765625
2019-07-16,132.39999389648438,143.38449096679688,185.8386993408203,109.29335021972656
2019-07-17,134.5800018310547,142.35926818847656,184.92466735839844,110.4735107421875
2019-07-18,136.47999572753906,142.89495849609375,185.13636779785156,110.48185729980469
2019-07-19,134.47000122070312,142.07290649414062,183.77969360351562,110.2223892211914
2019-07-22,134.4499969482422,141.943603515625,185.24217224121094,110.4316635131836
2019-07-23,133.69000244140625,142.88572692871094,186.45448303222656,109.82898712158203
2019-07-24,134.3699951171875,145.2501678466797,187.7630157470703,110.30612182617188
2019-07-25,133.4199981689453,143.49530029296875,185.98306274414062,109.77879333496094
2019-07-26,133.63999938964844,145.19476318359375,187.89768981933594,110.0382308959961
2019-07-29,134.52999877929688,144.22494506835938,187.25308227539062,110.07172393798828
2019-07-30,134.97999572753906,145.785888671875,186.4449005126953,110.33960723876953
2019-07-31,133.2100067138672,144.60365295410156,183.86631774902344,111.22681427001953
2019-08-01,136.41000366210938,142.5070037841797,182.9522705078125,113.43572235107422
2019-08-02,135.88999938964844,140.92762756347656,180.2582550048828,114.48409271240234
2019-08-05,137.7899932861328,136.6973876953125,173.88885498046875,116.46331024169922
2019-08-06,138.91000366210938,137.95352172851562,176.32308959960938,117.39424896240234
2019-08-07,141.02000427246094,137.91656494140625,177.27561950683594,117.43611145019531
2019-08-08,141.72999572753906,140.89065551757812,181.13380432128906,117.68773651123047
2019-08-09,141.25999450683594,139.1172637939453,179.43080139160156,117.45294952392578
2019-08-12,142.6300048828125,137.31622314453125,177.37184143066406,119.90180206298828
2019-08-13,141.77999877929688,138.7940216064453,181.2589111328125,119.4908676147461
2019-08-14,142.75,134.914794921875,175.84202575683594,122.18289184570312
2019-08-15,143.6999969482422,134.37905883789062,175.63999938964844,123.54151153564453
2019-08-16,142.77999877929688,137.27923583984375,178.45907592773438,122.55192565917969
2019-08-19,141.11000061035156,138.66473388671875,181.29737854003906,120.79912567138672
2019-08-20,142.2100067138672,137.75955200195312,179.8926239013672,122.04872131347656
2019-08-21,141.75999450683594,138.8955841064453,181.48980712890625,121.23522186279297
2019-08-22,141.39999389648438,138.57229614257812,180.90292358398438,120.43009948730469
2019-08-23,144.1699981689453,134.32362365722656,175.1781768798828,122.40934753417969
2019-08-26,144.19000244140625,135.80145263671875,177.82403564453125,121.91455078125
2019-08-27,145.57000732421875,133.78793334960938,177.4488067626953,123.7930679321289
2019-08-28,145.16000366210938,135.34889221191406,178.0838165283203,123.95244598388672
2019-08-29,144.1199951171875,137.72259521484375,180.80667114257812,123.48283386230469
2019-08-30,143.75,137.47323608398438,180.3737030029297,123.51631927490234
2019-09-03,145.75,135.459716796875,178.6226043701172,123.67597961425781
2019-09-04,146.66000366210938,136.549560546875,181.20115661621094,123.86076354980469
2019-09-05,143.13999938964844,139.089599609375,184.5205535888672,121.61766052246094
2019-09-06,141.9199981689453,138.45228576660156,184.33779907226562,122.48302459716797
2019-09-09,141.38999938964844,140.3087921142578,183.95297241210938,120.30701446533203
2019-09-10,140.17999267578125,142.1006317138672,183.42373657226562,118.1983413696289
2019-09-11,141.02999877929688,145.0100555419922,185.14598083496094,117.98829650878906
2019-09-12,141.32000732421875,145.04696655273438,185.91567993164062,117.21538543701172
2019-09-13,140.14999389648438,145.2963409423828,185.25180053710938,114.71175384521484
2019-09-16,141.32000732421875,145.84130859375,184.42434692382812,116.17359924316406
2019-09-17,141.60000610351562,145.46263122558594,185.3095703125,116.80367279052734
2019-09-18,140.7100067138672,144.56674194335938,185.23257446289062,117.29943084716797
2019-09-19,141.27999877929688,143.86473083496094,185.5404510498047,117.65225982666016
2019-09-20,142.9499969482422,143.55990600585938,183.57769775390625,119.2064437866211
2019-09-23,143.75,143.44911193847656,183.6586456298828,119.18128967285156
2019-09-24,144.50999450683594,141.28392028808594,181.21954345703125,120.61788940429688
2019-09-25,141.8300018310547,142.83184814453125,183.2537384033203,118.85368347167969
2019-09-26,141.7899932861328,141.23765563964844,182.57888793945312,119.61815643310547
2019-09-27,141.05999755859375,140.10678100585938,180.31326293945312,119.91219329833984
2019-09-30,138.8699951171875,140.2736358642578,182.0293426513672,120.20620727539062
2019-10-01,139.6300048828125,137.52085876464844,180.54464721679688,120.56817626953125
2019-10-02,141.25999450683594,136.48268127441406,177.4402618408203,120.86264038085938
2019-10-03,141.89999389648438,136.93687438964844,179.38778686523438,121.9652328491211
2019-10-04,141.89999389648438,138.2344970703125,182.0293426513672,122.86573791503906
2019-10-07,140.69000244140625,137.99351501464844,181.47984313964844,121.84738159179688
2019-10-08,141.9199981689453,135.75047302246094,178.76109313964844,122.17559051513672
2019-10-09,142.0500030517578,136.37147521972656,180.50608825683594,121.48551177978516
2019-10-10,140.80999755859375,136.91835021972656,181.9040069580078,119.67601776123047
2019-10-11,140.02999877929688,139.23550415039062,184.24673461914062,118.19478607177734
2019-10-14,140.58999633789062,138.7257537841797,184.2274627685547,119.05326843261719
2019-10-15,139.61000061035156,140.31997680664062,186.57022094726562,117.61408233642578
2019-10-16,140.41000366210938,140.46826171875,186.10745239257812,117.75714874267578
2019-10-17,140.61000061035156,142.12741088867188,186.59912109375,117.4710464477539
2019-10-18,140.4600067138672,141.45077514648438,184.8058624267578,117.4710464477539
2019-10-21,139.7899932861328,142.77621459960938,186.4449005126953,116.58734893798828
2019-10-22,140.1999969482422,142.93380737304688,184.96018981933594,117.2690200805664
2019-10-23,140.52999877929688,143.10989379882812,185.31689453125,117.38684844970703
2019-10-24,141.52999877929688,142.90599060058594,187.1197052001953,117.15121459960938
2019-10-25,141.86000061035156,143.66600036621094,188.61407470703125,116.57894134521484
2019-10-28,140.63999938964844,144.9080352783203,190.47476196289062,115.5184555053711
2019-10-29,140.25,145.38075256347656,188.99966430664062,115.59425354003906
2019-10-30,141.02000427246094,144.89877319335938,189.91555786132812,117.2858657836914
2019-10-31,142.42999267578125,144.0831298828125,190.0023651123047,118.8680648803711
2019-11-01,142.55999755859375,146.53933715820312,191.72805786132812,118.502197265625
2019-11-04,142.14999389648438,147.3272247314453,192.91390991210938,116.94251251220703
2019-11-05,139.85000610351562,147.51254272460938,193.0199737548828,115.62731170654297
2019-11-06,140.4499969482422,146.65982055664062,192.5861053466797,116.32707977294922
2019-11-07,138.27000427246094,147.04913330078125,193.2320556640625,114.21939086914062
2019-11-08,137.38999938964844,147.44769287109375,194.0032958984375,113.73883819580078
2019-11-11,137.05999755859375,147.1696319580078,193.7429962158203,113.8147201538086
2019-11-12,137.42999267578125,147.2159881591797,194.30218505859375,114.33740234375
2019-11-13,137.97999572753906,146.5856475830078,194.35035705566406,115.07929992675781
2019-11-14,138.55999755859375,146.53933715820312,194.19613647460938,116.2680435180664
2019-11-15,138.2100067138672,147.29937744140625,195.6229705810547,116.14159393310547
2019-11-18,138.6199951171875,146.9286651611328,195.77723693847656,116.35235595703125
2019-11-19,138.69000244140625,147.47547912597656,196.0664825439453,117.32186889648438
2019-11-20,138.75999450683594,146.9193572998047,194.89027404785156,118.53594207763672
2019-11-21,138.0,146.1964111328125,194.45643615722656,117.79399108886719
2019-11-22,137.74000549316406,146.65054321289062,194.581787109375,117.94569396972656
2019-11-25,137.0800018310547,149.76486206054688,196.88597106933594,118.29144287109375
2019-11-26,137.74000549316406,149.86683654785156,197.26190185546875,118.9827880859375
2019-11-27,137.00999450683594,150.92347717285156,198.6405792236328,118.63705444335938
2019-11-29,137.86000061035156,149.9409942626953,197.734375,118.38410186767578
2019-12-02,137.7899932861328,148.47653198242188,195.7097625732422,116.8057861328125
2019-12-03,139.11000061035156,148.0037841796875,194.17686462402344,119.25482940673828
2019-12-04,138.9199981689453,149.02333068847656,195.1602325439453,118.06413269042969
2019-12-05,139.0,149.17164611816406,195.5458221435547,117.4897689819336
2019-12-06,137.6199951171875,150.91419982910156,197.63792419433594,116.83956146240234
2019-12-09,137.5800018310547,150.62686157226562,196.74131774902344,117.09284973144531
2019-12-10,137.97000122070312,150.7195281982422,196.57742309570312,117.10127258300781
2019-12-11,138.9199981689453,150.67323303222656,197.61863708496094,118.02184295654297
2019-12-12,138.42999267578125,151.97084045410156,199.0937042236328,116.07943725585938
2019-12-13,139.0500030517578,151.3868865966797,199.74929809570312,117.42224884033203
2019-12-16,139.0399932861328,152.45394897460938,201.7545623779297,116.36653900146484
2019-12-17,139.00999450683594,153.21673583984375,201.87026977539062,116.20613861083984
2019-12-18,139.02000427246094,153.51446533203125,202.02452087402344,115.25183868408203
2019-12-19,139.3800048828125,154.1749725341797,203.2874755859375,115.43622589111328
2019-12-20,139.52000427246094,154.39820861816406,204.10694885253906,115.58845520019531
2019-12-23,139.9499969482422,154.70518493652344,204.64605712890625,115.41932678222656
2019-12-24,141.27000427246094,155.0586700439453,204.75234985351562,115.74918365478516
2019-12-26,142.3800048828125,155.0586700439453,206.5591278076172,116.02832794189453
2019-12-27,142.3300018310547,154.29592895507812,206.38519287109375,116.15518188476562
2019-12-30,142.6300048828125,153.9051513671875,205.03262329101562,115.73228454589844
2019-12-31,142.89999389648438,154.11911010742188,205.41900634765625,114.59883117675781
2020-01-02,143.9499969482422,154.2214813232422,208.84893798828125,115.89293670654297
2020-01-03,145.86000061035156,153.61676025390625,206.9359130859375,117.67774200439453
2020-01-06,147.38999938964844,153.82147216796875,208.26922607421875,117.00951385498047
2020-01-07,147.97000122070312,153.30979919433594,208.24026489257812,116.43437194824219
2020-01-08,146.86000061035156,153.7842254638672,209.80543518066406,115.66463470458984
2020-01-09,146.02999877929688,153.97027587890625,211.58323669433594,116.07063293457031
2020-01-10,146.91000366210938,153.3935089111328,211.04214477539062,117.10260009765625
2020-01-13,145.82000732421875,154.38890075683594,213.47695922851562,116.747314453125
2020-01-14,145.69000244140625,154.95640563964844,212.63636779785156,117.34789276123047
2020-01-15,146.5399932861328,155.70057678222656,212.72332763671875,118.12608337402344
2020-01-16,146.30999755859375,157.70999145507812,214.76197814941406,117.75389099121094
2020-01-17,146.5800018310547,157.28208923339844,215.8247528076172,116.747314453125
2020-01-21,146.74000549316406,155.97967529296875,215.7281036376953,117.973876953125
2020-01-22,146.7899932861328,155.87733459472656,216.2982177734375,118.3883285522461
2020-01-23,147.1199951171875,155.7750244140625,216.9938201904297,119.21729278564453
2020-01-24,147.97999572753906,153.85867309570312,215.16778564453125,120.18157196044922
2020-01-27,148.99000549316406,152.10971069335938,210.72332763671875,122.05093383789062
2020-01-28,147.66000366210938,153.37490844726562,213.9600372314453,121.09512329101562
2020-01-29,148.4600067138672,152.50039672851562,214.30787658691406,122.27934265136719
2020-01-30,148.47000122070312,152.50039672851562,215.0711669921875,122.29619598388672
2020-01-31,149.3300018310547,149.33749389648438,211.6605224609375,123.4127426147461
2020-02-03,148.36000061035156,151.00274658203125,214.85861206054688,123.312744140625
2020-02-04,146.42999267578125,153.2818603515625,219.7764434814453,121.65216064453125
2020-02-05,146.61000061035156,155.644775390625,220.50106811523438,120.32190704345703
2020-02-06,147.39999389648438,155.29127502441406,222.40447998046875,120.86421203613281
2020-02-07,147.7899932861328,153.3842315673828,221.4479522705078,122.37232208251953
2020-02-10,148.1699981689453,154.2493896484375,224.1241912841797,122.71126556396484
2020-02-11,147.66000366210938,155.3191680908203,224.16287231445312,122.0927505493164
2020-02-12,147.5399932861328,156.38897705078125,226.346435546875,121.47421264648438
2020-02-13,148.3800048828125,156.79832458496094,226.05657958984375,121.94022369384766
2020-02-14,149.0,156.1936492919922,226.70394897460938,122.47403717041016
2020-02-18,150.91000366210938,155.8587646484375,226.79086303710938,123.312744140625
2020-02-19,151.7899932861328,156.65875244140625,228.96478271484375,123.30435180664062
2020-02-20,152.41000366210938,157.04014587402344,226.8391571044922,124.27021789550781
2020-02-21,154.6999969482422,155.44944763183594,222.48171997070312,125.43099212646484
2020-02-24,156.08999633789062,150.77015686035156,213.902099609375,127.30359649658203
2020-02-25,153.3000030517578,145.41171264648438,208.08566284179688,127.98133087158203
2020-02-26,153.97000122070312,143.7279510498047,209.15811157226562,127.30359649658203
2020-02-27,154.0,138.667236328125,198.6847686767578,128.68458557128906
2020-02-28,148.3800048828125,136.1275634765625,198.83935546875,131.59068298339844
2020-03-02,149.1999969482422,140.4998779296875,209.1001739501953,130.62255859375
2020-03-03,153.88999938964844,137.63461303710938,202.3948516845703,132.6505584716797
2020-03-04,154.16000366210938,141.55105590820312,210.83929443359375,131.2420196533203
2020-03-05,157.49000549316406,137.04856872558594,204.4335479736328,134.50880432128906
2020-03-06,157.5500030517578,134.3321075439453,200.98426818847656,141.50918579101562
2020-03-09,157.80999755859375,121.27103424072266,187.0229949951172,145.3445281982422
2020-03-10,154.47999572753906,125.05723571777344,197.20648193359375,137.89442443847656
2020-03-11,153.92999267578125,117.1033706665039,188.6171417236328,132.8202667236328
2020-03-12,147.7899932861328,104.16322326660156,171.3226318359375,133.64332580566406
2020-03-13,143.27999877929688,111.14029693603516,185.83460998535156,130.62255859375
2020-03-16,141.63999938964844,96.39539337158203,163.5739288330078,139.0823974609375
2020-03-17,143.55999755859375,100.81422424316406,175.97959899902344,129.80799865722656
2020-03-18,140.6999969482422,92.99988555908203,170.62692260742188,122.48516845703125
2020-03-19,138.0399932861328,96.62796020507812,171.6510772705078,125.81988525390625
2020-03-20,140.11000061035156,94.33018493652344,164.92652893066406,135.281005859375
2020-03-23,146.3000030517578,92.93476104736328,165.04562377929688,140.85581970214844
2020-03-24,153.39999389648438,101.4375,177.82632446289062,138.23387145996094
2020-03-25,151.3000030517578,102.69822692871094,176.50955200195312,137.91993713378906
2020-03-26,153.24000549316406,109.08592987060547,185.80458068847656,138.59877014160156
2020-03-27,152.25,105.11695861816406,179.41424560546875,142.2982940673828
2020-03-30,152.9199981689453,107.43296813964844,185.940185546875,141.12733459472656
2020-03-31,148.0500030517578,106.89131164550781,184.35220336914062,139.9818115234375
2020-04-01,149.4499969482422,99.60708618164062,176.5192108154297,141.943115234375
2020-04-02,151.89999389648438,100.55029296875,180.10169982910156,142.84378051757812
2020-04-03,152.64999389648438,97.70198822021484,177.54551696777344,143.18370056152344
2020-04-06,156.8800048828125,105.18233489990234,190.23912048339844,142.80984497070312
2020-04-07,156.0399932861328,105.45315551757812,190.1616668701172,141.31427001953125
2020-04-08,154.64999389648438,110.26261138916016,194.19918823242188,140.2860107421875
2020-04-09,158.69000244140625,115.53900146484375,194.47999572753906,140.5409698486328
2020-04-13,161.41000366210938,112.4105224609375,196.58106994628906,139.25784301757812
2020-04-14,162.67999267578125,114.6891860961914,205.130615234375,139.22384643554688
2020-04-15,161.85000610351562,110.0104751586914,202.7777557373047,142.9117889404297
2020-04-16,161.7100067138672,109.1793212890625,206.47640991210938,144.53485107421875
2020-04-17,158.57000732421875,113.98876953125,208.45166015625,142.59742736816406
2020-04-20,159.6999969482422,112.64398956298828,205.98265075683594,143.74459838867188
2020-04-21,158.61000061035156,109.95442199707031,198.38198852539062,145.55447387695312
2020-04-22,161.72999572753906,111.28987121582031,204.26889038085938,144.06747436523438
2020-04-23,163.33999633789062,112.38250732421875,203.83316040039062,144.83226013183594
2020-04-24,162.63999938964844,114.31562042236328,207.04774475097656,145.172119140625
2020-04-27,161.55999755859375,118.84491729736328,208.71304321289062,142.46990966796875
2020-04-28,160.83999633789062,120.57258605957031,204.78204345703125,144.10997009277344
2020-04-29,161.72999572753906,126.50270080566406,212.04379272460938,143.36215209960938
2020-04-30,158.8000030517578,121.69324493408203,211.9566650390625,141.68809509277344
2020-05-01,159.77999877929688,116.8650894165039,205.98265075683594,142.90147399902344
2020-05-04,160.33999633789062,117.36941528320312,208.38389587402344,142.2292938232422
2020-05-05,161.02000427246094,118.2752685546875,210.74639892578125,141.31884765625
2020-05-06,158.9499969482422,117.4067611694336,212.04379272460938,139.03866577148438
2020-05-07,161.38999938964844,119.01301574707031,214.77427673339844,141.3614044189453
2020-05-08,160.4199981689453,123.60768127441406,217.7176513671875,139.52357482910156
2020-05-11,159.4199981689453,122.9913330078125,219.66378784179688,138.4345245361328
2020-05-12,160.0399932861328,118.57411193847656,215.06471252441406,139.85537719726562
2020-05-13,161.5800018310547,114.60513305664062,212.37301635742188,140.83387756347656
2020-05-14,163.00999450683594,114.97868347167969,214.78392028808594,142.21226501464844
2020-05-15,163.92999267578125,116.8090591430664,216.1781768798828,141.846435546875
2020-05-18,162.69000244140625,123.90653991699219,220.20603942871094,138.7322998046875
2020-05-19,164.25999450683594,121.45978546142578,219.6541748046875,139.2512969970703
2020-05-20,164.64999389648438,125.13923645019531,224.040283203125,139.66815185546875
2020-05-21,162.25,125.36339569091797,221.6002960205078,140.01718139648438
2020-05-22,163.2100067138672,125.9703598022461,222.365234375,140.8594207763672
2020-05-26,160.88999938964844,129.60317993164062,221.76490783691406,138.97048950195312
2020-05-27,161.17999267578125,133.628173828125,222.9752197265625,138.71524047851562
2020-05-28,161.72000122070312,130.46231079101562,222.68472290039062,138.20469665527344
2020-05-29,162.91000366210938,129.7152099609375,225.9477081298828,139.19171142578125
2020-06-01,163.66000366210938,130.95726013183594,226.62542724609375,138.2545623779297
2020-06-02,162.60000610351562,132.04061889648438,228.1455841064453,137.75193786621094
2020-06-03,159.60000610351562,135.22508239746094,229.17190551757812,135.92027282714844
2020-06-04,161.27999877929688,135.02896118164062,227.56463623046875,133.9522247314453
2020-06-05,158.00999450683594,140.24929809570312,232.07662963867188,132.99807739257812
2020-06-08,159.72000122070312,142.9669189453125,233.87754821777344,133.50926208496094
2020-06-09,161.25999450683594,140.32403564453125,235.57199096679688,135.0257110595703
2020-06-10,163.57000732421875,136.5138397216797,238.39918518066406,137.02777099609375
2020-06-11,162.38999938964844,126.10114288330078,226.5867462158203,139.6177215576172
2020-06-12,162.6199951171875,129.1268768310547,228.3876190185547,138.2716064453125
2020-06-15,162.3300018310547,132.11227416992188,231.16647338867188,138.34832763671875
2020-06-16,162.25,135.2887725830078,235.1362762451172,136.22691345214844
2020-06-17,162.55999755859375,132.8431396484375,235.88180541992188,136.78924560546875
2020-06-18,162.24000549316406,132.79629516601562,236.52081298828125,138.23757934570312
2020-06-19,164.02999877929688,132.11227416992188,236.48207092285156,138.34832763671875
2020-06-22,165.08999633789062,133.4334716796875,239.31809997558594,138.36537170410156
2020-06-23,166.47999572753906,133.99575805664062,241.35499572753906,137.419677734375
2020-06-24,165.89999389648438,129.6478729248047,236.37928771972656,138.89356994628906
2020-06-25,165.8000030517578,131.6062774658203,238.62948608398438,139.29396057128906
2020-06-26,166.5399932861328,128.0642547607422,232.9942626953125,140.78492736816406
2020-06-29,166.6300048828125,132.2528533935547,235.53546142578125,140.3418426513672
2020-06-30,167.3699951171875,134.1643829345703,240.15225219726562,139.6602783203125
2020-07-01,166.6199951171875,132.89002990722656,242.95535278320312,139.38905334472656
2020-07-02,166.97999572753906,133.4334716796875,244.6041717529297,139.5341033935547
2020-07-06,167.97999572753906,134.3986053466797,250.61773681640625,138.96258544921875
2020-07-07,169.0399932861328,132.01856994628906,248.89125061035156,140.9158477783203
2020-07-08,170.08999633789062,133.0024871826172,252.1696014404297,140.35289001464844
2020-07-09,169.6300048828125,130.31320190429688,254.29373168945312,142.58763122558594
2020-07-10,169.19000244140625,132.4121551513672,256.0299072265625,141.87115478515625
2020-07-13,169.39999389648438,130.73487854003906,250.76321411132812,142.34027099609375
2020-07-14,170.19000244140625,132.89939880371094,252.5382080078125,142.54498291015625
2020-07-15,170.33999633789062,137.77197265625,253.0522003173828,141.87965393066406
2020-07-16,168.72999572753906,136.9567413330078,251.32579040527344,142.553466796875
2020-07-17,170.1199951171875,137.3596649169922,251.61679077148438,142.25497436523438
2020-07-20,170.94000244140625,136.7693328857422,258.7553405761719,142.6046600341797
2020-07-21,173.0,138.70896911621094,256.0589294433594,142.69003295898438
2020-07-22,175.6300048828125,138.78396606445312,256.9610595703125,143.11647033691406
2020-07-23,177.17999267578125,138.92449951171875,250.24916076660156,144.78826904296875
2020-07-24,178.6999969482422,136.88174438476562,247.87286376953125,144.7797393798828
2020-07-27,182.22999572753906,138.30606079101562,252.29566955566406,144.2423553466797
2020-07-28,183.75,136.9286346435547,249.085205078125,145.2403106689453
2020-07-29,185.1300048828125,139.94589233398438,251.95619201660156,144.99293518066406
2020-07-30,183.75999450683594,139.39297485351562,253.2753143310547,145.9482421875
2020-07-31,185.42999267578125,138.08119201660156,257.7951965332031,145.85443115234375
2020-08-03,185.63999938964844,140.3300323486328,261.2771911621094,145.12002563476562
2020-08-04,189.58999633789062,141.295166015625,262.2471618652344,146.5033721923828
2020-08-05,191.35000610351562,144.1062774658203,262.89697265625,145.2225341796875
2020-08-06,193.88999938964844,144.0500946044922,266.3789978027344,146.0338134765625
2020-08-07,190.80999755859375,146.33644104003906,263.3042297363281,145.06028747558594
2020-08-10,190.14999389648438,147.85438537597656,262.1791687011719,144.4113311767578
2020-08-11,179.94000244140625,147.0017547607422,257.2131042480469,142.69500732421875
2020-08-12,179.10000610351562,147.6013946533203,263.68255615234375,141.3970184326172
2020-08-13,183.3300018310547,147.29220581054688,264.28387451171875,139.8856964111328
2020-08-14,182.5399932861328,147.19851684570312,263.9734802246094,139.33921813964844
2020-08-17,186.5,147.95748901367188,267.03851318359375,139.6892852783203
2020-08-18,188.17999267578125,146.54258728027344,269.6087646484375,140.68838500976562
2020-08-19,182.24000549316406,146.55191040039062,267.7950439453125,139.8087615966797
2020-08-20,183.5,145.95225524902344,271.5098876953125,141.0725860595703
2020-08-21,182.02999877929688,144.87466430664062,273.39141845703125,141.9179229736328
2020-08-24,181.0,146.39266967773438,275.0985412597656,141.68739318847656
2020-08-25,181.22000122070312,146.55191040039062,277.26141357421875,140.60302734375
2020-08-26,183.36000061035156,145.63363647460938,283.17791748046875,140.06500244140625
2020-08-27,181.24000549316406,145.98976135253906,282.2952575683594,137.6826629638672
2020-08-28,184.38999938964844,147.22659301757812,283.7308044433594,137.58006286621094
2020-08-31,184.8300018310547,145.64300537109375,286.01007080078125,138.4938201904297
2020-09-01,185.0500030517578,147.3109588623047,290.89849853515625,140.077880859375
2020-09-02,182.6199951171875,148.48223876953125,293.6531066894531,141.4114532470703
2020-09-03,181.13999938964844,144.09693908691406,278.7647399902344,141.81324768066406
2020-09-04,181.63999938964844,143.17861938476562,275.050048828125,139.1204376220703
2020-09-08,181.2899932861328,140.4237823486328,261.8300476074219,139.97535705566406
2020-09-09,183.0500030517578,142.5508575439453,269.521484375,139.5991973876953
2020-09-10,182.4600067138672,140.6955108642578,264.1481018066406,140.30870056152344
2020-09-11,182.4499969482422,139.75845336914062,262.31494140625,140.6079559326172
2020-09-14,183.88999938964844,143.4409942626953,266.88330078125,140.59938049316406
2020-09-15,183.4499969482422,143.71273803710938,270.6659240722656,140.2574005126953
2020-09-16,183.97000122070312,145.07144165039062,266.3498840332031,139.83853149414062
2020-09-17,182.9600067138672,144.01260375976562,262.1888732910156,140.2659149169922
2020-09-18,183.1999969482422,143.6378173828125,258.8426513671875,139.8300323486328
2020-09-21,179.52000427246094,138.60589599609375,259.46337890625,140.5394744873047
2020-09-22,178.64999389648438,139.67413330078125,264.28387451171875,140.4283905029297
2020-09-23,174.7899932861328,135.51292419433594,256.2142028808594,140.61643981933594
2020-09-24,175.44000244140625,135.51292419433594,257.4071960449219,141.15509033203125
2020-09-25,174.94000244140625,137.7139129638672,263.3915710449219,141.15509033203125
2020-09-28,176.6999969482422,141.1094970703125,268.8619079589844,140.75323486328125
2020-09-29,178.19000244140625,140.46987915039062,267.649658203125,140.9156494140625
2020-09-30,177.1199951171875,140.8931427001953,269.4826354980469,139.56495666503906
2020-10-01,178.6999969482422,143.1411895751953,273.7599792480469,139.79513549804688
2020-10-02,178.5399932861328,143.7714080810547,266.0588684082031,139.27316284179688
2020-10-05,179.41000366210938,147.7407684326172,271.73291015625,136.55189514160156
2020-10-06,177.3000030517578,147.31747436523438,266.88330078125,137.28782653808594
2020-10-07,177.22000122070312,150.53431701660156,271.5000915527344,136.2865753173828
2020-10-08,177.85000610351562,152.24624633789062,272.9453125,137.0225067138672
2020-10-09,181.0800018310547,153.03634643554688,277.1158752441406,136.99685668945312
2020-10-12,180.55999755859375,154.06158447265625,285.67059326171875,137.4333038330078
2020-10-13,177.72000122070312,153.03634643554688,285.66094970703125,138.4174041748047
2020-10-14,178.27000427246094,151.52197265625,283.27496337890625,138.7340087890625
2020-10-15,178.9199981689453,153.0834197998047,281.3739318847656,138.4944305419922
2020-10-16,178.3000030517578,152.70713806152344,279.8316955566406,138.1093292236328
2020-10-19,178.38999938964844,150.88235473632812,275.2633361816406,137.5873260498047
2020-10-20,179.25,151.2115478515625,275.8550109863281,136.27801513671875
2020-10-21,180.60000610351562,149.91355895996094,275.6416320800781,135.80734252929688
2020-10-22,178.8300018310547,152.50022888183594,275.6319580078125,134.3953857421875
2020-10-23,178.63999938964844,153.38441467285156,276.17510986328125,135.2169189453125
2020-10-26,178.5500030517578,150.0734405517578,272.03363037109375,136.474853515625
2020-10-27,179.02000427246094,148.78480529785156,274.1576232910156,137.39053344726562
2020-10-28,176.1300048828125,144.2040557861328,263.4691467285156,137.5188751220703
2020-10-29,175.39999389648438,145.9253692626953,268.07635498046875,136.1838836669922
2020-10-30,176.1999969482422,143.9971466064453,261.2771911621094,134.84036254882812
2020-11-02,177.91000366210938,146.56500244140625,261.8591613769531,135.85044860839844
2020-11-03,178.9199981689453,150.7224884033203,266.3885803222656,135.06219482421875
2020-11-04,178.82000732421875,150.89178466796875,278.2799072265625,137.99203491210938
2020-11-05,182.92999267578125,155.11508178710938,285.534912109375,138.23191833496094
2020-11-06,183.19000244140625,153.9016876220703,285.7482604980469,136.5614776611328
2020-11-09,175.0800018310547,159.47950744628906,279.9093017578125,133.6915740966797
2020-11-10,175.66000366210938,162.44236755371094,274.89483642578125,132.92062377929688
2020-11-11,174.89999389648438,162.3765411376953,281.044189453125,133.4002685546875
2020-11-12,175.9600067138672,159.88397216796875,279.72509765625,135.67047119140625
2020-11-13,177.16000366210938,163.1948699951172,282.17889404296875,135.49057006835938
2020-11-16,177.14999389648438,167.07955932617188,284.38067626953125,135.16502380371094
2020-11-17,176.5,167.86032104492188,283.4785461425781,136.04739379882812
2020-11-18,175.49000549316406,165.5087890625,281.3836364746094,136.4414825439453
2020-11-19,175.16000366210938,166.778564453125,283.58526611328125,137.1439666748047
2020-11-20,175.69000244140625,166.95729064941406,281.6454772949219,138.36044311523438
2020-11-23,172.22999572753906,170.08009338378906,281.65521240234375,137.72647094726562
2020-11-24,169.58999633789062,173.2781524658203,285.6124572753906,136.35585021972656
2020-11-25,169.50999450683594,172.68560791015625,287.3680419921875,135.93606567382812
2020-11-27,167.7899932861328,173.41925048828125,290.0158996582031,137.25535583496094
2020-11-30,166.6699981689453,170.26821899414062,290.6075134277344,137.08396911621094
2020-12-01,170.17999267578125,171.8484344482422,294.3320617675781,135.06272888183594
2020-12-02,171.4600067138672,172.02716064453125,294.71026611328125,133.99082946777344
2020-12-03,172.80999755859375,172.99595642089844,295.12738037109375,135.0712890625
2020-12-04,172.32000732421875,177.02175903320312,296.330078125,133.09042358398438
2020-12-07,174.88999938964844,177.19107055664062,298.0080871582031,134.2909698486328
2020-12-08,175.5,179.46731567382812,299.0166931152344,134.92550659179688
2020-12-09,172.5,178.15988159179688,292.24664306640625,134.47959899902344
2020-12-10,172.1699981689453,179.88121032714844,293.42034912109375,135.67166137695312
2020-12-11,172.49000549316406,178.9970245361328,292.77044677734375,136.15182495117188
2020-12-14,171.5399932861328,179.20648193359375,294.8945617675781,135.7745361328125
2020-12-15,173.94000244140625,183.6883544921875,298.0469055175781,135.32005310058594
2020-12-16,174.89999389648438,183.02783203125,299.6860046386719,134.9598846435547
2020-12-17,176.74000549316406,185.20741271972656,301.6452331542969,134.602783203125
2020-12-18,176.44000244140625,184.31103515625,300.73345947265625,134.19931030273438
2020-12-21,175.8800048828125,184.21669006347656,300.17095947265625,134.7314910888672
2020-12-22,174.49000549316406,186.31138610839844,300.98712158203125,135.42686462402344
2020-12-23,175.64999389648438,187.896484375,299.47137451171875,134.49111938476562
2020-12-24,176.35000610351562,187.7738494873047,300.7927551269531,135.02333068847656
2020-12-28,175.7100067138672,187.0756378173828,303.8244323730469,135.08348083496094
2020-12-29,176.35000610351562,183.45240783691406,304.0964660644531,134.91180419921875
2020-12-30,177.6999969482422,185.3206329345703,304.10614013671875,135.2037353515625
2020-12-31,178.36000061035156,184.99037170410156,304.8544006347656,135.401123046875
2021-01-04,182.3300018310547,182.57496643066406,300.5497741699219,135.23800659179688
2021-01-05,182.8699951171875,185.39617919921875,303.0275573730469,134.23358154296875
2021-01-06,179.89999389648438,192.98216247558594,298.83001708984375,131.47801208496094
2021-01-07,179.47999572753906,196.41668701171875,306.0593566894531,130.3191375732422
2021-01-08,173.33999633789062,195.9920654296875,309.9945983886719,129.89852905273438
2021-01-11,173.0,195.82223510742188,305.51513671875,129.68386840820312
2021-01-12,174.1199951171875,199.3321990966797,305.0292663574219,129.58090209960938
2021-01-13,173.3699951171875,197.90745544433594,307.0892333984375,131.04025268554688
2021-01-14,173.27999877929688,201.8609161376953,305.4470520019531,129.8126678466797
2021-01-15,171.1300048828125,198.8510284423828,303.0275573730469,130.32777404785156
2021-01-19,172.5800018310547,201.39854431152344,307.44879150390625,130.74835205078125
2021-01-20,175.38999938964844,202.28549194335938,314.6002197265625,130.87716674804688
2021-01-21,175.27999877929688,200.530517578125,317.1169128417969,129.9586181640625
2021-01-22,173.89999389648438,202.86106872558594,316.2035217285156,130.3792266845703
2021-01-25,174.0500030517578,202.66290283203125,318.8173522949219,131.91590881347656
2021-01-26,173.6199951171875,201.2570037841797,319.2838439941406,131.66688537597656
2021-01-27,172.52000427246094,197.5677947998047,310.38323974609375,132.00169372558594
2021-01-28,172.67999267578125,196.93563842773438,312.21966552734375,131.27206420898438
2021-01-29,172.61000061035156,193.9540252685547,305.6511535644531,130.48228454589844
2021-02-01,174.22999572753906,198.7189178466797,313.28863525390625,130.63352966308594
2021-02-02,172.11000061035156,201.54953002929688,318.3995361328125,129.79132080078125
2021-02-03,171.85000610351562,202.15338134765625,317.13641357421875,128.6396026611328
2021-02-04,168.14999389648438,206.27664184570312,320.8870849609375,128.29586791992188
2021-02-05,169.80999755859375,209.1355743408203,321.9753112792969,127.22158813476562
2021-02-08,171.52000427246094,214.4760284423828,324.1324768066406,127.7801513671875
2021-02-09,172.0800018310547,215.48561096191406,324.06451416015625,127.8747329711914
2021-02-10,172.7100067138672,214.0703125,323.3260192871094,128.7255859375
2021-02-11,171.2100067138672,213.82496643066406,325.1041564941406,128.02088928222656
2021-02-12,170.69000244140625,214.4288330078125,326.9211730957031,126.43096923828125
2021-02-16,168.24000549316406,213.07955932617188,326.03704833984375,124.50577545166016
2021-02-17,166.3300018310547,211.4095001220703,324.4725646972656,125.2964096069336
2021-02-18,166.32000732421875,208.13546752929688,323.053955078125,124.7892837524414
2021-02-19,167.00999450683594,212.4757080078125,321.64501953125,123.13065338134766
2021-02-22,169.50999450683594,211.09812927246094,313.3079833984375,122.19390869140625
2021-02-23,169.1199951171875,209.23939514160156,312.3751525878906,121.84156036376953
2021-02-24,169.0,214.18350219726562,314.9500732421875,121.04226684570312
2021-02-25,165.82000732421875,206.26722717285156,303.97021484375,119.0655517578125
2021-02-26,161.80999755859375,205.98416137695312,305.2430725097656,123.00172424316406
2021-03-01,161.52999877929688,213.30604553222656,314.4254455566406,121.37718963623047
2021-03-02,162.41000366210938,209.20162963867188,309.3824157714844,121.38581085205078
2021-03-03,160.6199951171875,206.93714904785156,300.4041442871094,120.06925201416016
2021-03-04,159.0399932861328,201.1532440185547,295.4874267578125,119.29486846923828
2021-03-05,159.13999938964844,205.4180450439453,299.937744140625,119.5272216796875
2021-03-08,157.49000549316406,206.38987731933594,291.4452209472656,118.59790802001953
2021-03-09,160.83999633789062,210.73019409179688,302.9401550292969,120.24138641357422
2021-03-10,161.66000366210938,214.3910675048828,302.0753479003906,120.48233032226562
2021-03-11,161.52000427246094,219.1088104248047,309.0325622558594,119.61324310302734
2021-03-12,161.49000549316406,220.40142822265625,306.5256042480469,117.07488250732422
2021-03-15,162.1999969482422,221.1845703125,309.8002014160156,117.76329040527344
2021-03-16,162.35000610351562,217.48590087890625,311.5006408691406,117.2900161743164
2021-03-17,163.50999450683594,219.1936798095703,312.7833251953125,116.4123764038086
2021-03-18,162.55999755859375,212.5228729248047,303.2024841308594,115.23347473144531
2021-03-19,163.24000549316406,214.1269073486328,304.2713928222656,115.94766998291016
2021-03-22,163.0,212.51344299316406,309.97747802734375,117.2469482421875
2021-03-23,161.80999755859375,204.8047332763672,308.62506103515625,118.30538177490234
2021-03-24,162.3699951171875,200.06820678710938,303.4200134277344,118.94206237792969
2021-03-25,161.77999877929688,204.81175231933594,302.8946533203125,118.00418853759766
2021-03-26,162.24000549316406,208.54574584960938,307.43817138671875,117.59117126464844
2021-03-29,160.30999755859375,202.67532348632812,307.3505859375,116.59300994873047
2021-03-30,157.57000732421875,206.0879364013672,305.8037414550781,117.2039566040039
2021-03-31,159.9600067138672,208.85769653320312,310.4833984375,116.55000305175781
2021-04-01,161.97999572753906,211.50457763671875,315.7759704589844,118.48438262939453
2021-04-05,161.9199981689453,212.66734313964844,322.0803527832031,117.96736907958984
2021-04-06,163.22000122070312,212.0434112548828,321.85662841796875,118.76868438720703
2021-04-07,162.75999450683594,208.62139892578125,322.6349792480469,117.94158935546875
2021-04-08,164.50999450683594,210.38909912109375,326.00128173828125,118.9151840209961
2021-04-09,163.27000427246094,210.41746520996094,327.9761657714844,118.48438262939453
2021-04-12,162.27999877929688,209.59506225585938,327.54815673828125,118.43264770507812
2021-04-13,163.42999267578125,209.04676818847656,331.3716125488281,119.3201675415039
2021-04-14,162.72000122070312,211.10757446289062,327.39251708984375,118.94105529785156
2021-04-15,165.35000610351562,212.02447509765625,332.35430908203125,120.93144989013672
2021-04-16,166.35000610351562,212.36480712890625,332.7434997558594,119.99225616455078
2021-04-19,165.88999938964844,209.60450744628906,329.6982116699219,119.6475830078125
2021-04-20,166.47999572753906,205.312744140625,327.295166015625,120.1990737915039
2021-04-21,168.1300048828125,210.33238220214844,330.09716796875,120.44031524658203
2021-04-22,167.0399932861328,209.46270751953125,326.11798095703125,120.96585845947266
2021-04-23,166.39999389648438,213.4141082763672,330.2236022949219,120.68158721923828
2021-04-26,166.83999633789062,215.63563537597656,332.3737487792969,120.50923919677734
2021-04-27,166.4199981689453,215.9569854736328,330.933837890625,119.4580307006836
2021-04-28,166.91000366210938,216.32568359375,329.81500244140625,119.53557586669922
2021-04-29,166.22000122070312,215.52220153808594,331.0019836425781,119.18233489990234
2021-04-30,165.66000366210938,212.59169006347656,328.83233642578125,119.4580307006836
2021-05-03,167.80999755859375,213.63153076171875,327.0811462402344,119.5296630859375
2021-05-04,166.5800018310547,211.07919311523438,321.195068359375,120.34080505371094
2021-05-05,167.27000427246094,210.23782348632812,320.11517333984375,120.53923797607422
2021-05-06,170.05999755859375,210.41746520996094,322.52801513671875,120.73768615722656
2021-05-07,171.58999633789062,213.06434631347656,325.1450500488281,120.14234161376953
2021-05-10,172.11000061035156,207.64767456054688,316.9336853027344,118.92562103271484
2021-05-11,172.13999938964844,206.9860076904297,316.4959411621094,118.25254821777344
2021-05-12,170.42999267578125,200.26480102539062,308.3041076660156,117.00997924804688
2021-05-13,171.1300048828125,203.95152282714844,310.6876525878906,117.19121551513672
2021-05-14,172.69000244140625,208.93333435058594,317.5467224121094,118.28706359863281
2021-05-17,174.6999969482422,209.21693420410156,315.6203308105469,118.0368423461914
2021-05-18,175.0399932861328,207.6287841796875,313.48974609375,117.73480987548828
2021-05-19,175.16000366210938,206.03123474121094,313.8495788574219,117.45004272460938
2021-05-20,175.9600067138672,207.40188598632812,319.9205627441406,118.41651153564453
2021-05-21,176.0399932861328,207.9407196044922,318.14990234375,118.79621124267578
2021-05-24,176.35000610351562,209.29251098632812,323.50079345703125,119.23624420166016
2021-05-25,177.9499969482422,207.26953125,323.9483642578125,120.34080505371094
2021-05-26,177.63999938964844,211.1359100341797,325.0769958496094,120.13370513916016
2021-05-27,177.7100067138672,213.31011962890625,323.86090087890625,119.65043640136719
2021-05-28,178.3800048828125,213.16835021972656,324.8824157714844,119.46063232421875
2021-06-01,177.89999389648438,215.5883331298828,323.802490234375,119.43382263183594
2021-06-02,178.77000427246094,215.84356689453125,324.434814453125,119.71034240722656
2021-06-03,175.27000427246094,214.0380401611328,321.05877685546875,119.26097869873047
2021-06-04,177.16000366210938,214.96441650390625,326.5071105957031,120.89423370361328
2021-06-07,177.8699951171875,217.84764099121094,327.4801025390625,120.52265167236328
2021-06-08,177.32000732421875,220.15420532226562,327.6356506347656,121.36952209472656
2021-06-09,176.97999572753906,218.68894958496094,327.7135009765625,122.44104766845703
2021-06-10,177.74000549316406,217.0672149658203,331.1284484863281,123.17557525634766
2021-06-11,175.74000549316406,219.35830688476562,331.9942932128906,122.97683715820312
2021-06-14,174.7100067138672,218.7145538330078,335.1757507324219,122.0349349975586
2021-06-15,174.0500030517578,218.0896759033203,332.9866638183594,121.88800811767578
2021-06-16,171.11000061035156,217.6257781982422,331.7704772949219,121.78433990478516
2021-06-17,165.85000610351562,215.1831817626953,335.9832458496094,123.60765838623047
2021-06-18,164.92999267578125,210.29803466796875,333.3466796875,125.9322509765625
2021-06-21,166.9499969482422,214.79505920410156,335.4183349609375,123.82371520996094
2021-06-22,166.25,215.77017211914062,338.5450744628906,124.12616729736328
2021-06-23,166.13999938964844,216.480224609375,338.7105712890625,123.80644226074219
2021-06-24,166.0399932861328,219.53817749023438,340.8048095703125,124.00517272949219
2021-06-25,166.58999633789062,219.90740966796875,340.3860168457031,122.71759796142578
2021-06-28,166.5800018310547,218.16543579101562,344.525634765625,123.979248046875
2021-06-29,164.8300018310547,217.1239776611328,345.7723388671875,124.18663024902344
2021-06-30,165.6300048828125,217.15240478515625,345.22686767578125,124.7397232055664
2021-07-01,166.1999969482422,219.06475830078125,345.3633117675781,124.74662780761719
2021-07-02,167.2899932861328,216.98202514648438,349.3276672363281,125.4993896484375
2021-07-06,168.1199951171875,213.82940673828125,350.83734130859375,126.97036743164062
2021-07-07,168.75999450683594,211.8412322998047,351.57769775390625,128.0952606201172
2021-07-08,168.64999389648438,209.89097595214844,349.4542236328125,128.5970916748047
2021-07-09,169.2100067138672,214.32167053222656,351.6360778808594,126.78866577148438
2021-07-12,169.0,214.50155639648438,353.009521484375,126.62427520751953
2021-07-13,169.22000122070312,210.45901489257812,353.009521484375,125.65518188476562
2021-07-14,171.0399932861328,207.2117156982422,353.642578125,127.08287811279297
2021-07-15,171.07000732421875,206.03773498535156,351.1588439941406,128.48460388183594
2021-07-16,169.41000366210938,203.50051879882812,348.31463623046875,128.24240112304688
2021-07-19,169.61000061035156,200.4519805908203,345.4607849121094,131.054443359375
2021-07-20,169.38999938964844,206.6720733642578,349.4737548828125,129.79119873046875
2021-07-21,168.75999450683594,210.2317657470703,352.17181396484375,128.14718627929688
2021-07-22,169.08999633789062,206.88986206054688,354.4997253417969,129.35858154296875
2021-07-23,168.55999755859375,207.8555145263672,358.639404296875,128.4932403564453
2021-07-26,168.16000366210938,208.46136474609375,358.9218444824219,128.11257934570312
2021-07-27,168.44000244140625,206.02828979492188,354.96728515625,129.4796905517578
2021-07-28,169.2899932861328,209.057861328125,356.3309020996094,129.4883575439453
2021-07-29,171.1699981689453,210.66726684570312,356.964111328125,128.77017211914062
2021-07-30,169.82000732421875,209.27557373046875,355.1036682128906,129.37586975097656
2021-08-02,169.61000061035156,208.23419189453125,355.1329040527344,130.52978515625
2021-08-03,169.49000549316406,209.095703125,357.2854919433594,130.59906005859375
2021-08-04,169.52999877929688,206.49217224121094,357.8017272949219,130.86769104003906
2021-08-05,168.86000061035156,210.20338439941406,360.0712585449219,130.20062255859375
2021-08-06,164.63999938964844,211.49095153808594,358.49322509765625,128.02609252929688
2021-08-09,161.72000122070312,210.3264617919922,359.1556396484375,127.56696319580078
2021-08-10,161.77000427246094,210.74302673339844,357.314697265625,126.97782897949219
2021-08-11,164.0,211.77499389648438,356.701171875,126.89987182617188
2021-08-12,164.0399932861328,211.27320861816406,357.9867858886719,126.69197082519531
2021-08-13,166.38999938964844,209.351318359375,359.2433166503906,128.6932373046875
2021-08-16,167.22000122070312,207.40109252929688,359.399169921875,129.00503540039062
2021-08-17,166.97000122070312,204.87326049804688,356.2335510253906,128.9530792236328
2021-08-18,167.10000610351562,203.0839080810547,352.804931640625,129.38624572753906
2021-08-19,166.61000061035156,200.65086364746094,354.509521484375,130.3392333984375
2021-08-20,166.6999969482422,204.04017639160156,358.18157958984375,130.42581176757812
2021-08-23,168.72999572753906,207.92178344726562,363.53875732421875,130.3392333984375
2021-08-24,168.64999389648438,209.96670532226562,364.6491394042969,129.32559204101562
2021-08-25,167.47999572753906,210.7051544189453,365.0680236816406,128.2513885498047
2021-08-26,167.6699981689453,208.47084045410156,362.7498779296875,128.60658264160156
2021-08-27,170.19000244140625,214.35009765625,366.27581787109375,129.48155212402344
2021-08-30,169.35000610351562,213.4696044921875,370.38623046875,129.81939697265625
2021-08-31,169.69000244140625,213.8861846923828,370.08428955078125,128.93577575683594
2021-09-01,169.6999969482422,215.32522583007812,370.69793701171875,129.1518096923828
2021-09-02,169.25,216.82107543945312,370.52264404296875,129.71559143066406
2021-09-03,171.05999755859375,215.81753540039062,371.66217041015625,128.53585815429688
2021-09-07,167.7100067138672,214.33114624023438,372.1882019042969,127.45156860351562
2021-09-08,167.2899932861328,211.9927215576172,370.8927917480469,128.3190155029297
2021-09-09,168.02999877929688,211.8885955810547,369.61676025390625,129.87168884277344
2021-09-10,167.17999267578125,209.8152313232422,366.8116149902344,128.72669982910156
2021-09-13,167.74000549316406,211.0081329345703,366.55828857421875,129.50743103027344
2021-09-14,168.82000732421875,208.3194122314453,365.51617431640625,131.07742309570312
2021-09-15,167.8300018310547,210.20338439941406,368.2336120605469,130.61766052246094
2021-09-16,164.02999877929688,210.35488891601562,368.4869079589844,130.0191650390625
2021-09-17,163.77000427246094,210.62939453125,364.1231689453125,129.39462280273438
2021-09-20,164.94000244140625,205.62120056152344,356.5992431640625,130.99932861328125
2021-09-21,166.0399932861328,205.93359375,357.0379943847656,130.88656616210938
2021-09-22,165.4199981689453,209.1335906982422,360.3729248046875,131.6672821044922
2021-09-23,163.50999450683594,212.83531188964844,363.69805908203125,128.69200134277344
2021-09-24,163.3000030517578,211.80880737304688,364.0393371582031,127.43427276611328
2021-09-27,163.63999938964844,215.0279541015625,361.1335754394531,126.96575927734375
2021-09-28,162.0500030517578,210.13746643066406,350.914306640625,124.98808288574219
2021-09-29,161.32000732421875,209.69119262695312,350.3389892578125,125.20488739013672
2021-09-30,164.22000122070312,207.7255096435547,349.0518798828125,125.18760681152344
2021-10-01,164.58999633789062,211.07760620117188,351.21661376953125,126.24108123779297
2021-10-04,165.36000061035156,209.15940856933594,343.8447265625,125.91976928710938
2021-10-05,164.58999633789062,209.88111877441406,348.486328125,124.70381164550781
2021-10-06,165.02999877929688,208.7890625,350.7193298339844,125.4073715209961
2021-10-07,164.16000366210938,212.00820922851562,353.93719482421875,124.0958251953125
2021-10-08,164.22999572753906,210.41290283203125,352.1722106933594,123.22733306884766
2021-10-11,163.9199981689453,209.20689392089844,349.47119140625,122.91461944580078
2021-10-12,164.66000366210938,210.35589599609375,348.25225830078125,125.01648712158203
2021-10-13,167.58999633789062,211.3529815673828,351.04107666015625,126.2324447631836
2021-10-14,168.0,214.48667907714844,357.5060729980469,126.70147705078125
2021-10-15,165.3300018310547,213.8124542236328,359.7585754394531,125.96316528320312
2021-10-18,164.9199981689453,213.68902587890625,363.376220703125,126.55382537841797
2021-10-19,165.4499969482422,214.48667907714844,366.1260986328125,124.80799102783203
2021-10-20,166.89999389648438,215.9110870361328,365.6482849121094,123.9655532836914
2021-10-21,166.75,216.46185302734375,367.8812255859375,123.8178939819336
2021-10-22,167.77000427246094,215.94903564453125,364.7901611328125,125.18150329589844
2021-10-25,168.92999267578125,218.00022888183594,368.5249328613281,124.99044799804688
2021-10-26,167.67999267578125,216.357421875,369.6852722167969,126.02401733398438
2021-10-27,168.1199951171875,212.3785400390625,370.5433654785156,128.31692504882812
2021-10-28,168.0800018310547,216.61380004882812,374.6583557128906,127.88262939453125
2021-10-29,166.64999389648438,216.5568389892578,376.50128173828125,128.27349853515625
2021-11-01,167.52000427246094,222.1689453125,377.7884826660156,127.34994506835938
2021-11-02,167.16000366210938,222.63427734375,379.3681335449219,127.91522216796875
2021-11-03,165.77000427246094,226.61306762695312,383.3953857421875,126.59331512451172
2021-11-04,167.64999389648438,226.5276336669922,388.3099365234375,127.92388153076172
2021-11-05,169.83999633789062,229.62335205078125,388.6805114746094,129.83712768554688
2021-11-08,170.4499969482422,230.33551025390625,388.15386962890625,129.5935821533203
2021-11-09,171.2899932861328,228.99658203125,385.4820861816406,131.28074645996094
2021-11-10,173.14999389648438,225.3881072998047,379.8166809082031,128.8804473876953
2021-11-11,174.1199951171875,227.20184326171875,380.86981201171875,128.68917846679688
2021-11-12,174.4499969482422,227.4297332763672,384.8775329589844,128.12388610839844
2021-11-15,174.17999267578125,226.5276336669922,384.7897644042969,126.51500701904297
2021-11-16,172.9199981689453,226.9454345703125,387.5298156738281,126.19332122802734
2021-11-17,174.5,223.97317504882812,387.734619140625,127.19340515136719
2021-11-18,173.94000244140625,223.02359008789062,391.75213623046875,127.67169952392578
2021-11-19,172.61000061035156,220.991455078125,393.9363098144531,129.01959228515625
2021-11-22,168.74000549316406,220.05133056640625,389.363037109375,127.5064468383789
2021-11-23,167.27999877929688,219.6715087890625,387.58843994140625,125.66284942626953
2021-11-24,167.1199951171875,219.9088897705078,388.83648681640625,127.68042755126953
2021-11-26,166.85000610351562,211.61891174316406,381.46466064453125,130.90676879882812
2021-11-29,166.6199951171875,211.48594665527344,389.74334716796875,129.85450744628906
2021-11-30,165.5,207.17471313476562,384.0194091796875,131.8285369873047
2021-12-01,166.16000366210938,202.51219177246094,377.48614501953125,132.64173889160156
2021-12-02,165.24000549316406,208.16233825683594,380.206787109375,132.80722045898438
2021-12-03,166.6300048828125,203.8891143798828,373.595458984375,134.39190673828125
2021-12-06,166.22000122070312,207.98191833496094,376.58905029296875,132.54600524902344
2021-12-07,166.80999755859375,212.80589294433594,387.9296569824219,131.47503662109375
2021-12-08,166.89999389648438,214.25875854492188,389.665283203125,129.20249938964844
2021-12-09,165.8800048828125,209.4062957763672,383.931640625,129.92523193359375
2021-12-10,166.5800018310547,208.82708740234375,388.105224609375,129.61172485351562
2021-12-13,167.0,205.77525329589844,382.49822998046875,131.52735900878906
2021-12-14,165.44000244140625,204.00364685058594,378.53936767578125,131.2138214111328
2021-12-15,166.14999389648438,207.24208068847656,387.16900634765625,129.9512939453125
2021-12-16,168.16000366210938,203.0511474609375,377.213134765625,130.00189208984375
2021-12-17,167.8000030517578,204.9180145263672,375.3311462402344,131.47508239746094
2021-12-20,167.08999633789062,202.04151916503906,371.6903381347656,130.49002075195312
2021-12-21,167.02000427246094,207.81356811523438,380.0088806152344,129.99314880371094
2021-12-22,168.58999633789062,209.8137969970703,384.6368408203125,130.59463500976562
2021-12-23,168.97000122070312,211.4901885986328,387.5365905761719,129.46142578125
2021-12-27,169.3699951171875,213.47137451171875,393.94158935546875,129.77528381347656
2021-12-28,168.63999938964844,212.16647338867188,392.11572265625,129.26095581054688
2021-12-29,168.58999633789062,212.3950653076172,392.0571594238281,127.8488998413086
2021-12-30,169.8000030517578,212.33792114257812,390.8855285644531,128.92098999023438
2021-12-31,170.9600067138672,211.88072204589844,388.44464111328125,129.17379760742188
2022-01-03,168.3300018310547,214.61436462402344,392.1841735839844,125.78298950195312
2022-01-04,169.57000732421875,214.29049682617188,387.09722900390625,125.25996398925781
2022-01-05,169.05999755859375,207.03256225585938,375.2052307128906,124.58007049560547
2022-01-06,166.99000549316406,208.21365356445312,374.9415588378906,124.9025650024414
2022-01-07,167.75,205.80380249023438,370.8799133300781,124.00482940673828
2022-01-10,168.25999450683594,205.08950805664062,371.1239929199219,124.30989837646484
2022-01-11,170.2899932861328,207.2706756591797,376.6990661621094,125.13796997070312
2022-01-12,170.74000549316406,205.72767639160156,378.19287109375,124.65850830078125
2022-01-13,170.16000366210938,203.84170532226562,368.73199462890625,125.76558685302734
2022-01-14,169.6699981689453,204.12747192382812,371.0263977050781,123.86529541015625
2022-01-18,169.38999938964844,197.95535278320312,361.7900695800781,122.12199401855469
2022-01-19,172.0800018310547,194.73594665527344,357.8162841796875,122.967529296875
2022-01-20,171.64999389648438,191.21176147460938,353.16876220703125,123.72582244873047
2022-01-21,171.08999633789062,187.6304168701172,343.37591552734375,125.198974609375
2022-01-24,172.02999877929688,191.95468139648438,344.9478454589844,124.17035675048828
2022-01-25,172.5800018310547,189.39248657226562,336.951416015625,123.96992492675781
2022-01-26,169.7899932861328,186.65884399414062,336.42425537109375,122.47061920166016
2022-01-27,167.60000610351562,182.42030334472656,333.0362854003906,124.71955108642578
2022-01-28,167.10000610351562,185.97308349609375,343.4832763671875,124.76314544677734
2022-01-31,168.08999633789062,191.67845153808594,354.4673156738281,124.11804962158203
2022-02-01,168.22999572753906,193.6977081298828,356.8789367675781,123.7060546875
2022-02-02,168.83999633789062,191.77371215820312,359.7787170410156,124.12508392333984
2022-02-03,168.60000610351562,188.14476013183594,345.19189453125,123.15616607666016
2022-02-04,168.86000061035156,188.95436096191406,349.5465393066406,121.34053039550781
2022-02-07,170.11000061035156,189.88780212402344,346.734619140625,121.41910552978516
2022-02-08,170.6300048828125,193.12623596191406,350.6302490234375,120.6072998046875
2022-02-09,171.2100067138672,196.7933349609375,358.06036376953125,120.8342514038086
2022-02-10,170.55999755859375,193.77394104003906,349.95654296875,118.91390228271484
2022-02-11,173.80999755859375,191.81182861328125,338.8553466796875,120.67713165283203
2022-02-14,174.74000549316406,191.14503479003906,339.27520751953125,119.17582702636719
2022-02-15,173.0800018310547,196.26943969726562,347.7109375,117.82283782958984
2022-02-16,174.86000061035156,196.67904663085938,347.6230773925781,118.52114868164062
2022-02-17,177.25,191.64035034179688,337.2833557128906,119.4027328491211
2022-02-18,177.1199951171875,189.99256896972656,333.4365539550781,120.65969848632812
2022-02-22,177.49000549316406,187.31607055664062,330.087646484375,120.9738998413086
2022-02-23,178.2899932861328,183.81092834472656,321.6324157714844,119.30670166015625
2022-02-24,177.13999938964844,188.63052368164062,332.4406433105469,119.38524627685547
2022-02-25,176.5500030517578,192.87860107421875,337.5958251953125,119.4725570678711
2022-02-28,178.3800048828125,193.65963745117188,338.6014404296875,122.09123229980469
2022-03-01,181.6199951171875,190.0115966796875,333.4169616699219,123.5028076171875
2022-03-02,179.72999572753906,194.5359344482422,339.01153564453125,119.28113555908203
2022-03-03,180.8000030517578,192.23094177246094,334.1688537597656,120.49610900878906
2022-03-04,183.67999267578125,189.2210693359375,329.3260803222656,122.57633209228516
2022-03-07,186.41000366210938,184.51576232910156,317.18017578125,121.64106750488281
2022-03-08,191.50999450683594,185.53488159179688,315.70587158203125,120.41744995117188
2022-03-09,185.82000732421875,190.76406860351562,327.0706481933594,119.23745727539062
2022-03-10,186.39999389648438,190.4211883544922,323.43865966796875,117.52436065673828
2022-03-11,185.08999633789062,187.3827667236328,316.7310485839844,117.91764831542969
2022-03-14,182.3000030517578,183.55377197265625,310.6483459472656,115.16442108154297
2022-03-15,178.88999938964844,186.4779052734375,320.3924255371094,114.96337890625
2022-03-16,180.00999450683594,192.34519958496094,332.2746887207031,116.09090423583984
2022-03-17,180.88999938964844,195.3645782470703,336.2972412109375,115.22563171386719
2022-03-18,179.3000030517578,197.42198181152344,343.1805419921875,116.63282012939453
2022-03-21,180.6699981689453,195.6789093017578,342.2265319824219,113.93201446533203
2022-03-22,179.36000061035156,197.64100646972656,348.95220947265625,112.47235107421875
2022-03-23,181.80999755859375,194.21205139160156,343.937255859375,114.9371566772461
2022-03-24,183.1300048828125,196.4452667236328,351.5818176269531,114.03693389892578
2022-03-25,182.3800048828125,196.71249389648438,351.28857421875,112.45487213134766
2022-03-28,179.05999755859375,196.779296875,356.72381591796875,113.41630554199219
2022-03-29,179.13999938964844,202.04737854003906,362.8629455566406,114.27288055419922
2022-03-30,180.5800018310547,197.99136352539062,358.85491943359375,115.16442108154297
2022-03-31,180.64999389648438,195.9012908935547,354.406982421875,115.44408416748047
2022-04-01,179.5,198.09632873535156,353.7325134277344,115.88358306884766
2022-04-04,180.3699951171875,198.42083740234375,361.01531982421875,115.07817840576172
2022-04-05,179.24000549316406,193.72535705566406,352.99932861328125,112.47830200195312
2022-04-06,179.66000366210938,190.976806640625,345.3351745605469,111.5678939819336
2022-04-07,180.33999633789062,190.35647583007812,346.1564025878906,110.72750854492188
2022-04-08,181.47000122070312,188.83900451660156,341.3173828125,109.52827453613281
2022-04-11,182.3699951171875,187.5697479248047,333.2427062988281,107.79497528076172
2022-04-12,183.77000427246094,188.16143798828125,331.83502197265625,107.64618682861328
2022-04-13,184.64999389648438,191.7403106689453,338.5801696777344,107.864990234375
2022-04-14,184.0399932861328,189.87928771972656,330.8379211425781,105.70279693603516
2022-04-18,184.61000061035156,188.60044860839844,331.092041015625,105.17758178710938
2022-04-19,181.82000732421875,192.3606414794922,338.4922180175781,104.38971710205078
2022-04-20,182.7100067138672,193.09548950195312,333.5555419921875,106.49067687988281
2022-04-21,182.05999755859375,188.7722625732422,326.6539306640625,105.70279693603516
2022-04-22,180.2899932861328,183.88592529296875,318.1001281738281,105.03753662109375
2022-04-25,177.0500030517578,185.00250244140625,322.1864013671875,106.08796691894531
2022-04-26,177.32000732421875,179.17140197753906,310.0255126953125,107.15596771240234
2022-04-27,175.97999572753906,178.42701721191406,309.6540222167969,105.78160095214844
2022-04-28,176.92999267578125,181.75770568847656,320.651611328125,105.93916320800781
2022-04-29,176.91000366210938,176.50869750976562,306.2227783203125,104.56482696533203
2022-05-02,173.6300048828125,178.3601837158203,311.33538818359375,102.75228881835938
2022-05-03,174.08999633789062,179.88714599609375,311.6677551269531,103.44502258300781
2022-05-04,175.8000030517578,184.68760681152344,322.2059326171875,104.01502227783203
2022-05-05,175.1300048828125,177.19589233398438,305.9783935546875,101.16515350341797
2022-05-06,175.4199981689453,174.24688720703125,302.3124694824219,99.67448425292969
2022-05-09,172.8800048828125,166.91741943359375,290.4839172363281,100.55134582519531
2022-05-10,171.4199981689453,166.96511840820312,294.0129699707031,101.46329498291016
2022-05-11,172.82000732421875,162.81365966796875,285.2930603027344,103.41873168945312
2022-05-12,170.1699981689453,164.72238159179688,284.61846923828125,103.22583770751953
2022-05-13,168.7899932861328,169.94271850585938,295.1664733886719,101.70005798339844
2022-05-16,170.39999389648438,169.1315460205078,291.7449951171875,101.59483337402344
2022-05-17,169.3300018310547,174.30416870117188,299.3015441894531,100.36721801757812
2022-05-18,169.4199981689453,168.19625854492188,284.6087646484375,102.50679016113281
2022-05-19,171.91000366210938,168.4730224609375,283.083740234375,102.75228881835938
2022-05-20,172.02999877929688,168.04354858398438,282.2038879394531,103.91856384277344
2022-05-23,172.8300018310547,170.0763397216797,286.8962707519531,102.20864868164062
2022-05-24,174.1300048828125,167.55682373046875,280.7961730957031,104.2254638671875
2022-05-25,173.0800018310547,170.5726318359375,284.72607421875,104.6375961303711
2022-05-26,172.75999450683594,174.38050842285156,292.6150207519531,104.1640853881836
2022-05-27,172.85000610351562,179.0759735107422,302.1658020019531,104.41838836669922
2022-05-31,171.13999938964844,176.85227966308594,301.3642272949219,102.20864868164062
2022-06-01,172.22999572753906,175.8502197265625,299.13543701171875,102.09180450439453
2022-06-02,174.35000610351562,180.14483642578125,307.327392578125,102.14453125
2022-06-03,172.5800018310547,178.5224151611328,299.3309326171875,101.92491149902344
2022-06-06,171.82000732421875,179.29544067382812,300.3280029296875,100.04507446289062
2022-06-07,172.94000244140625,182.1871795654297,302.91851806640625,101.12554931640625
2022-06-08,172.77999877929688,179.3717803955078,300.73858642578125,100.22953796386719
2022-06-09,172.22999572753906,175.6533966064453,292.6835021972656,100.56333923339844
2022-06-10,174.5399932861328,170.88818359375,282.3603210449219,99.93965911865234
2022-06-13,169.92999267578125,162.85997009277344,269.23162841796875,96.80364227294922
2022-06-14,168.57000732421875,162.0753631591797,269.720458984375,95.58261108398438
2022-06-15,170.77000427246094,164.44839477539062,276.4558410644531,97.3658218383789
2022-06-16,172.69000244140625,156.83168029785156,265.3018493652344,98.1388168334961
2022-06-17,171.27000427246094,158.0564727783203,268.5277099609375,98.4551010131836
2022-06-21,170.6300048828125,160.8888397216797,275.3026428222656,96.78605651855469
2022-06-22,171.30999755859375,160.5826416015625,274.90106201171875,99.44772338867188
2022-06-23,170.25999450683594,162.50592041015625,278.9951171875,100.2646713256836
2022-06-24,170.08999633789062,167.5391082763672,288.5544738769531,98.87673950195312
2022-06-27,169.89999389648438,168.16107177734375,286.4389343261719,98.03341674804688
2022-06-28,169.6199951171875,165.00341796875,277.7120666503906,98.49022674560547
2022-06-29,169.49000549316406,163.32884216308594,277.9666442871094,100.02749633789062
2022-06-30,168.4600067138672,162.0562286376953,274.5190734863281,100.90596771240234
2022-07-01,168.32000732421875,164.017822265625,276.3310241699219,101.9418716430664
2022-07-05,164.75,165.37657165527344,281.0617370605469,102.74284362792969
2022-07-06,162.13999938964844,164.15174865722656,282.86395263671875,101.0177001953125
2022-07-07,162.22999572753906,168.03668212890625,288.9169006347656,100.12870788574219
2022-07-08,162.3000030517578,168.01751708984375,289.2793273925781,99.01969909667969
2022-07-11,161.42999267578125,164.6397705078125,283.0989685058594,100.72726440429688
2022-07-12,160.8300018310547,164.0751953125,280.35650634765625,101.32575225830078
2022-07-13,161.60000610351562,163.93167114257812,279.7786865234375,102.48757934570312
2022-07-14,159.3300018310547,162.24757385253906,280.7777404785156,101.65145111083984
2022-07-15,159.00999450683594,165.62533569335938,285.8708190917969,102.22354125976562
2022-07-18,159.16000366210938,165.156494140625,283.4515686035156,101.15852355957031
2022-07-19,159.5399932861328,170.9838409423828,292.1686706542969,100.61280059814453
2022-07-20,158.0399932861328,173.6630859375,296.80145263671875,100.87689208984375
2022-07-21,160.27000427246094,174.55299377441406,301.06207275390625,102.61962127685547
2022-07-22,160.6699981689453,171.76844787597656,295.78277587890625,104.34477233886719
2022-07-25,160.22999572753906,172.6583709716797,294.0981750488281,103.32376861572266
2022-07-26,160.0399932861328,171.59625244140625,288.3194274902344,103.40296936035156
2022-07-27,161.6699981689453,175.50027465820312,300.5037536621094,102.82207489013672
2022-07-28,163.63999938964844,177.91159057617188,303.44207763671875,103.640625
2022-07-29,164.10000610351562,179.17469787597656,308.9759216308594,103.35897064208984
2022-08-01,165.02999877929688,179.1077117919922,308.7898254394531,105.84819793701172
2022-08-02,164.0500030517578,178.9354705810547,307.869140625,103.6085205078125
2022-08-03,164.4499969482422,181.56687927246094,316.2532653808594,105.23981475830078
2022-08-04,167.1699981689453,181.18414306640625,317.732177734375,105.20453643798828
2022-08-05,165.2899932861328,182.57159423828125,315.13665771484375,102.70030212402344
2022-08-08,166.69000244140625,184.50448608398438,314.1180725097656,104.3580322265625
2022-08-09,167.1999969482422,181.9879150390625,310.5626525878906,103.952392578125
2022-08-10,166.77999877929688,187.18373107910156,319.230712890625,103.2734146118164
2022-08-11,166.33999633789062,187.8822479248047,317.41876220703125,100.86620330810547
2022-08-12,167.8699951171875,191.71934509277344,323.59912109375,101.88906860351562
2022-08-15,165.7100067138672,192.398681640625,326.2142028808594,101.80088806152344
2022-08-16,165.4199981689453,192.32211303710938,325.45025634765625,102.22413635253906
2022-08-17,164.35000610351562,189.08792114257812,321.73809814453125,101.15718841552734
2022-08-18,163.9199981689453,190.34140014648438,322.5118713378906,101.30709075927734
2022-08-19,162.72000122070312,186.2555694580078,316.22381591796875,99.67581176757812
2022-08-22,161.63999938964844,182.4185028076172,307.8985595703125,99.3407211303711
2022-08-23,162.77000427246094,182.71511840820312,307.6439514160156,98.79401397705078
2022-08-24,163.25,184.1121826171875,308.53521728515625,98.07096862792969
2022-08-25,163.75,186.97320556640625,313.99072265625,99.43772888183594
2022-08-26,161.75999450683594,180.83006286621094,301.1208190917969,100.18724822998047
2022-08-29,161.86000061035156,179.16510009765625,298.153076171875,99.35836029052734
2022-08-30,160.50999450683594,176.65809631347656,294.8327331542969,99.605224609375
2022-08-31,159.27000427246094,175.58642578125,293.11871337890625,98.65292358398438
2022-09-01,157.8699951171875,173.6726837158203,293.24609375,96.84678649902344
2022-09-02,159.25999450683594,172.32347106933594,289.10302734375,97.39463806152344
2022-09-06,158.3300018310547,170.62020874023438,287.026611328125,94.9822998046875
2022-09-07,159.94000244140625,174.33290100097656,292.82489013671875,96.4844970703125
2022-09-08,158.97999572753906,175.78733825683594,294.3430480957031,95.49481964111328
2022-09-09,159.82000732421875,179.3182373046875,300.7779846191406,95.70687866210938
2022-09-12,160.6300048828125,181.49032592773438,304.35296630859375,94.92046356201172
2022-09-13,158.5399932861328,174.39031982421875,287.6632385253906,95.14134979248047
2022-09-14,157.92999267578125,175.0697021484375,289.9453430175781,95.46829986572266
2022-09-15,154.97999572753906,173.7970428466797,285.1166687011719,95.40644836425781
2022-09-16,155.83999633789062,171.27090454101562,283.3732604980469,94.61119842529297
2022-09-19,155.9600067138672,172.73495483398438,285.5799560546875,94.83209228515625
2022-09-20,155.07000732421875,170.38101196289062,283.3036193847656,93.88660430908203
2022-09-21,155.7899932861328,167.77833557128906,278.230712890625,95.4594955444336
2022-09-22,155.6999969482422,163.9987030029297,274.8063659667969,93.02062225341797
2022-09-23,153.00999450683594,160.09461975097656,270.3320617675781,93.40058898925781
2022-09-26,151.22999572753906,157.9026336669922,269.2134704589844,91.61564636230469
2022-09-27,151.5399932861328,158.4412384033203,269.32147216796875,89.20330047607422
2022-09-28,154.69000244140625,163.4523468017578,274.6787414550781,92.19001007080078
2022-09-29,154.66000366210938,159.78781127929688,266.7604064941406,91.71284484863281
2022-09-30,154.6699981689453,158.62396240234375,262.2371520996094,90.52876281738281
2022-10-03,158.42999267578125,162.82716369628906,268.3891906738281,91.96723937988281
2022-10-04,160.6999969482422,169.28099060058594,276.82757568359375,91.71036529541016
2022-10-05,159.80999755859375,168.03060913085938,276.6804504394531,90.83346557617188
2022-10-06,159.6300048828125,167.08804321289062,274.50213623046875,90.32856750488281
2022-10-07,157.8800048828125,162.17311096191406,264.0425720214844,89.45170593261719
2022-10-10,155.47999572753906,161.2689971923828,261.4031066894531,88.06108856201172
2022-10-11,155.16000366210938,161.3170928955078,257.81182861328125,88.45081329345703
2022-10-12,155.99000549316406,160.87464904785156,257.72357177734375,88.88479614257812
2022-10-13,154.91000366210938,164.85662841796875,263.7677307128906,88.03450012207031
2022-10-14,152.97999572753906,160.44183349609375,255.83961486816406,87.30817413330078
2022-10-17,153.4199981689453,165.5587615966797,264.28778076171875,86.88300323486328
2022-10-18,153.75,167.52085876464844,266.37774658203125,87.08672332763672
2022-10-19,151.69000244140625,164.67385864257812,265.4064025878906,85.5012435913086
2022-10-20,151.4499969482422,162.57708740234375,264.0522766113281,84.03978729248047
2022-10-21,154.14999389648438,166.1070098876953,270.2437438964844,82.52517700195312
2022-10-24,153.64999389648438,166.81875610351562,273.21673583984375,81.8431167602539
2022-10-25,154.0,171.3681640625,278.8686218261719,84.22576904296875
2022-10-26,154.97999572753906,172.21456909179688,272.7065734863281,85.43925476074219
2022-10-27,154.74000549316406,172.25303649902344,267.74163818359375,86.3338623046875
2022-10-28,153.16000366210938,176.16766357421875,275.9346923828125,85.74040222167969
2022-10-31,151.91000366210938,176.3311767578125,272.7261657714844,85.1292495727539
2022-11-01,153.4600067138672,176.57164001464844,269.9395751953125,85.9248275756836
2022-11-02,152.38999938964844,170.71412658691406,260.6867370605469,85.55189514160156
2022-11-03,151.80999755859375,169.5695343017578,255.59432983398438,85.09017944335938
2022-11-04,156.47000122070312,171.85870361328125,259.70556640625,83.66060638427734
2022-11-07,155.85000610351562,172.6377716064453,262.56085205078125,82.82598114013672
2022-11-08,159.4499969482422,172.705078125,264.4742736816406,83.73164367675781
2022-11-09,158.64999389648438,167.96328735351562,258.3711242675781,84.00690460205078
2022-11-10,163.47999572753906,178.30291748046875,277.4360046386719,87.23895263671875
2022-11-11,164.55999755859375,179.764892578125,282.54803466796875,86.91930389404297
2022-11-14,164.9199981689453,177.75466918945312,280.0754089355469,86.70620727539062
2022-11-15,165.5,180.3900909423828,283.9511413574219,88.10911560058594
2022-11-16,165.1199951171875,177.21604919433594,280.0754089355469,90.03593444824219
2022-11-17,163.9199981689453,175.57135009765625,279.4572448730469,89.08584594726562
2022-11-18,162.7899932861328,176.70626831054688,279.46697998046875,88.47319793701172
2022-11-21,161.8800048828125,175.78289794921875,276.5921630859375,88.84609985351562
2022-11-22,162.07000732421875,177.65847778320312,280.57586669921875,90.10697937011719
2022-11-23,163.0800018310547,178.12017822265625,283.39190673828125,91.6786117553711
2022-11-25,163.22000122070312,178.4952850341797,281.5276184082031,91.36785888671875
2022-11-28,161.92999267578125,174.89805603027344,277.396728515625,91.6253433227539
2022-11-29,162.72999572753906,175.4077911376953,275.296875,90.55093383789062
2022-11-30,164.80999755859375,180.2169189453125,287.8465270996094,91.21688079833984
2022-12-01,167.83999633789062,179.82260131835938,288.1998596191406,94.1308822631836
2022-12-02,167.25999450683594,180.87095642089844,287.0517578125,95.31461334228516
2022-12-05,164.38999938964844,175.88873291015625,282.2341003417969,93.97955322265625
2022-12-06,164.83999633789062,173.19561767578125,276.3860778808594,95.19000244140625
2022-12-07,166.3300018310547,172.68585205078125,275.2576904296875,97.43292236328125
2022-12-08,166.47000122070312,173.9362335205078,278.51531982421875,97.16592407226562
2022-12-09,167.05999755859375,171.8009490966797,276.73931884765625,94.63822174072266
2022-12-12,165.67999267578125,173.82081604003906,280.2126770019531,94.94081115722656
2022-12-13,168.50999450683594,175.26052856445312,283.2250671386719,95.85755157470703
2022-12-14,168.10000610351562,174.11068725585938,281.1253662109375,96.2669677734375
2022-12-15,165.35000610351562,169.75283813476562,271.68609619140625,96.6426010131836
2022-12-16,166.7899932861328,168.48703002929688,269.095703125,95.56304931640625
2022-12-19,166.32000732421875,166.20664978027344,265.3139343261719,93.95708465576172
2022-12-20,169.0800018310547,167.08595275878906,265.1074523925781,92.2886962890625
2022-12-21,168.8000030517578,169.96543884277344,268.9531555175781,92.5206527709961
2022-12-22,166.75999450683594,167.7430419921875,262.3730773925781,92.5028076171875
2022-12-23,167.25999450683594,168.50634765625,262.9632568359375,91.14669799804688
2022-12-27,168.6699981689453,167.37583923339844,259.24542236328125,89.34443664550781
2022-12-28,167.91000366210938,164.77659606933594,255.82272338867188,88.81805419921875
2022-12-29,168.85000610351562,168.95082092285156,262.0584411621094,89.82621002197266
2022-12-30,169.63999938964844,168.4773712158203,261.9010009765625,88.82695770263672
2023-01-03,171.05999755859375,167.5497589111328,260.130615234375,90.52214813232422
2023-01-04,172.6699981689453,169.63690185546875,261.3699035644531,91.76227569580078
2023-01-05,170.52000427246094,167.82029724121094,257.27825927734375,92.14593505859375
2023-01-06,173.7100067138672,171.5887451171875,264.3795471191406,93.84111785888672
2023-01-09,174.10000610351562,171.87864685058594,266.0909423828125,94.34072875976562
2023-01-10,174.74000549316406,174.41989135742188,268.3432922363281,92.77938842773438
2023-01-11,174.6199951171875,176.593994140625,272.9856872558594,94.28721618652344
2023-01-12,176.63999938964844,179.56040954589844,274.4610290527344,96.14297485351562
2023-01-13,178.75999450683594,180.7392578125,276.3493957519531,95.24185180664062
2023-01-17,177.58999633789062,180.51699829101562,276.91009521484375,94.62623596191406
2023-01-18,177.0800018310547,177.59889221191406,273.3102722167969,96.91917419433594
2023-01-19,179.88999938964844,175.8982696533203,270.6252136230469,96.31251525878906
2023-01-20,179.2899932861328,178.7970428466797,278.0312805175781,94.75114440917969
2023-01-23,179.6300048828125,181.00982666015625,284.2080078125,94.3050308227539
2023-01-24,180.27999877929688,180.62327575683594,283.6277770996094,95.66117858886719
2023-01-25,181.11000061035156,181.125732421875,282.998291015625,95.89313507080078
2023-01-26,179.47000122070312,182.19830322265625,288.5160217285156,95.44705963134766
2023-01-27,179.22000122070312,183.18386840820312,291.3880310058594,95.20616149902344
2023-01-30,178.75999450683594,180.63294982910156,285.4964904785156,94.85821533203125
2023-01-31,179.41000366210938,185.01976013183594,289.77496337890625,95.6165771484375
2023-02-01,181.6699981689453,187.92823791503906,295.97137451171875,96.7659912109375
2023-02-02,177.89999389648438,191.62901306152344,306.5937194824219,96.89122009277344
2023-02-03,173.4600067138672,190.3438720703125,301.1448669433594,95.442138671875
2023-02-06,173.82000732421875,187.5900115966797,298.597412109375,94.73551177978516
2023-02-07,173.97999572753906,188.9814453125,304.7840270996094,93.97518920898438
2023-02-08,174.41000366210938,186.21795654296875,299.3645935058594,94.42242431640625
2023-02-09,173.02999877929688,183.52207946777344,296.7188415527344,93.52793884277344
2023-02-10,173.36000061035156,183.88925170898438,294.7713928222656,92.48137664794922
2023-02-13,172.47999572753906,186.1020050048828,299.4924621582031,93.25959777832031
2023-02-14,172.61000061035156,186.01504516601562,301.70550537109375,93.04492950439453
2023-02-15,170.88999938964844,187.8992462158203,304.0168762207031,92.1772689819336
2023-02-16,170.75,186.1020050048828,298.312255859375,90.87130737304688
2023-02-17,171.25999450683594,186.61412048339844,296.20745849609375,91.57794189453125
2023-02-21,170.6199951171875,181.1063995361328,289.19464111328125,89.79790496826172
2023-02-22,169.66000366210938,181.59922790527344,289.4110412597656,90.6208267211914
2023-02-23,169.57000732421875,182.8939971923828,291.9387512207031,91.50640106201172
2023-02-24,168.35000610351562,181.18373107910156,287.0505676269531,90.31672668457031
2023-02-27,169.00999450683594,181.82144165039062,289.10614013671875,90.56719970703125
2023-02-28,169.77999877929688,181.83114624023438,288.732421875,90.97865295410156
2023-03-01,170.75999450683594,182.06300354003906,286.4112548828125,90.0012435913086
2023-03-02,170.66000366210938,182.4978485107422,288.78155517578125,89.20320129394531
2023-03-03,172.49000549316406,185.03912353515625,294.7517395019531,91.36424255371094
2023-03-06,171.6199951171875,182.3335723876953,295.0861511230469,90.65583801269531
2023-03-07,168.6199951171875,180.2174530029297,291.4666442871094,91.21177673339844
2023-03-08,168.5399932861328,180.30442810058594,292.9223327636719,91.30146789550781
2023-03-09,170.1999969482422,175.28955078125,287.8471374511719,91.52562713623047
2023-03-10,173.8699951171875,170.23597717285156,283.8048400878906,94.6820068359375
2023-03-13,177.86000061035156,167.46279907226562,285.90960693359375,94.8971939086914
2023-03-14,176.8300018310547,170.56451416015625,292.479736328125,93.33695220947266
2023-03-15,178.2100067138672,167.752685546875,294.0140686035156,95.13931274414062
2023-03-16,178.57000732421875,170.04269409179688,301.7645568847656,94.3950424194336
2023-03-17,183.77000427246094,165.4529571533203,300.3383483886719,95.81185150146484
2023-03-20,183.83999633789062,167.5980987548828,301.4042053222656,94.96893310546875
2023-03-21,180.3699951171875,170.6901092529297,305.7090148925781,94.15294647216797
2023-03-22,183.44000244140625,165.84915161132812,301.55194091796875,95.4083251953125
2023-03-23,185.74000549316406,165.11305236816406,305.1278381347656,95.4083251953125
2023-03-24,183.64999389648438,166.60655212402344,306.25079345703125,95.81185150146484
2023-03-27,181.9499969482422,168.45895385742188,304.152587890625,93.56111907958984
2023-03-28,183.44000244140625,168.21649169921875,302.5369873046875,93.73152923583984
2023-03-29,182.52999877929688,170.12705993652344,308.0534973144531,93.54319763183594
2023-03-30,184.17999267578125,169.89427185058594,310.9692687988281,93.97360229492188
2023-03-31,183.22000122070312,173.01712036132812,316.1409912109375,95.38140869140625
2023-04-03,184.5399932861328,173.09471130371094,315.3725891113281,95.82998657226562
2023-04-04,187.97999572753906,170.0591583251953,314.3087463378906,96.30644989013672
2023-04-05,187.8300018310547,168.3910675048828,311.2057800292969,97.31330108642578
2023-04-06,186.49000549316406,168.64320373535156,313.3039245605469,97.56500244140625
2023-04-10,185.11000061035156,170.44708251953125,313.1265563964844,95.99183654785156
2023-04-11,186.27999877929688,171.79515075683594,311.1170349121094,96.18958282470703
2023-04-12,187.19000244140625,170.5343780517578,308.36871337890625,96.09069061279297
2023-04-13,189.72000122070312,172.7940673828125,314.40716552734375,95.33558654785156
2023-04-14,186.36000061035156,171.18417358398438,313.816162109375,94.46356201171875
2023-04-17,185.52999877929688,173.3856964111328,314.0821228027344,93.33985900878906
2023-04-18,186.25,172.6486053466797,314.1018371582031,93.67247772216797
2023-04-19,185.36000061035156,172.87167358398438,313.9540710449219,93.58258819580078
2023-04-20,186.08999633789062,171.97943115234375,311.5603942871094,94.38265228271484
2023-04-21,184.25,172.20249938964844,311.8853759765625,93.85228729248047
2023-04-24,184.80999755859375,172.08609008789062,311.23529052734375,94.76024627685547
2023-04-25,185.75,167.8382568359375,305.36419677734375,96.15362548828125
2023-04-26,184.74000549316406,166.21864318847656,307.2161865234375,95.1287841796875
2023-04-27,184.75,168.43954467773438,315.56964111328125,94.18489837646484
2023-04-28,184.8000030517578,169.91366577148438,317.7467041015625,95.70414733886719
2023-05-01,183.97000122070312,170.01068115234375,317.38214111328125,92.94454956054688
2023-05-02,187.52000427246094,166.51927185058594,314.6141052246094,95.26071166992188
2023-05-03,189.11000061035156,167.13031005859375,312.55523681640625,95.79246520996094
2023-05-04,190.44000244140625,165.25852966308594,311.4520263671875,94.84614562988281
2023-05-05,187.4600067138672,169.1863250732422,318.0717468261719,94.53074645996094
2023-05-08,187.69000244140625,168.79840087890625,318.8597717285156,93.20591735839844
2023-05-09,189.02000427246094,168.29408264160156,316.84033203125,92.87246704101562
2023-05-10,188.75,169.1475372314453,320.28814697265625,93.77367401123047
2023-05-11,187.1300048828125,167.8479461669922,321.33233642578125,94.76505279541016
2023-05-12,186.80999755859375,167.50851440429688,320.1798400878906,93.97196197509766
2023-05-15,187.2100067138672,169.5548858642578,321.9135437011719,92.99864959716797
2023-05-16,184.8699951171875,167.08180236816406,322.27801513671875,92.71926879882812
2023-05-17,184.22999572753906,170.805908203125,326.17889404296875,92.44886779785156
2023-05-18,181.83999633789062,171.84364318847656,332.23712158203125,91.76396179199219
2023-05-19,183.63999938964844,170.79623413085938,331.4884948730469,91.11505889892578
2023-05-22,183.2100067138672,172.88134765625,332.60162353515625,90.79061126708984
2023-05-23,183.42999267578125,172.06671142578125,328.38543701171875,91.05196380615234
2023-05-24,181.9499969482422,170.24343872070312,326.70098876953125,90.60133361816406
2023-05-25,180.1999969482422,168.91476440429688,334.6506042480469,90.37602996826172
2023-05-26,180.9199981689453,170.83502197265625,343.2010803222656,91.10602569580078
2023-05-30,182.0399932861328,170.20462036132812,344.7574768066406,92.01628112792969
2023-05-31,182.32000732421875,168.52684020996094,342.797119140625,92.81839752197266
2023-06-01,183.75999450683594,170.35008239746094,346.7571716308594,93.18255615234375
2023-06-02,181.0500030517578,176.52793884277344,349.3577575683594,92.16143798828125
2023-06-05,182.13999938964844,174.16156005859375,349.60406494140625,91.98975372314453
2023-06-06,182.33999633789062,178.74880981445312,349.5449523925781,92.53194427490234
2023-06-07,180.14999389648438,182.09329223632812,343.6147766113281,91.15841674804688
2023-06-08,182.52999877929688,181.41253662109375,347.8801574707031,92.22468566894531
2023-06-09,182.0399932861328,179.94403076171875,349.2100830078125,92.09820556640625
2023-06-12,181.8800048828125,180.69285583496094,355.110595703125,92.36927032470703
2023-06-13,180.5399932861328,182.76429748535156,357.83929443359375,91.45661926269531
2023-06-14,180.63999938964844,180.79986572265625,360.4398498535156,92.18854522705078
2023-06-15,181.91000366210938,182.28778076171875,364.7348327636719,93.07411193847656
2023-06-16,181.6300048828125,180.82899475097656,362.4396057128906,92.71265411376953
2023-06-20,179.75,180.0413055419922,361.9207458496094,93.35424041748047
2023-06-21,179.49000549316406,179.6230926513672,356.9886169433594,93.58013916015625
2023-06-22,177.7100067138672,178.29075622558594,361.2007141113281,92.45060729980469
2023-06-23,178.1999969482422,175.60665893554688,357.61993408203125,93.37232971191406
2023-06-26,178.50999450683594,175.7816619873047,352.8258972167969,93.47173309326172
2023-06-27,177.69000244140625,178.31993103027344,358.89239501953125,93.22772216796875
2023-06-28,177.27999877929688,179.19520568847656,359.59283447265625,93.62532043457031
2023-06-29,177.08999633789062,181.25694274902344,358.87261962890625,91.935546875
2023-06-30,178.27000427246094,182.12246704101562,364.40655517578125,93.01990509033203
2023-07-03,178.47000122070312,182.49200439453125,365.2647705078125,92.4925537109375
2023-07-05,177.83999633789062,180.6734161376953,365.2549133300781,91.61365509033203
2023-07-06,177.30999755859375,177.75588989257812,362.47314453125,90.31797790527344
2023-07-07,178.63999938964844,179.63287353515625,361.2697448730469,89.77430725097656
2023-07-10,178.77999877929688,182.70594787597656,361.3880615234375,89.8921127319336
2023-07-11,179.4499969482422,184.58291625976562,363.1735534667969,90.35421752929688
2023-07-12,181.8800048828125,186.59600830078125,367.76043701171875,91.35995483398438
2023-07-13,182.00999450683594,188.10342407226562,374.0045166015625,92.3204116821289
2023-07-14,181.42999267578125,186.26535034179688,373.9255676269531,91.77676391601562
2023-07-17,181.55999755859375,188.259033203125,377.4175109863281,91.82206726074219
2023-07-18,183.63999938964844,190.5833282470703,380.5050964355469,92.2388687133789
2023-07-19,183.6699981689453,191.3905029296875,380.416259765625,93.28085327148438
2023-07-20,182.74000549316406,189.71778869628906,371.6469421386719,92.14825439453125
2023-07-21,182.17999267578125,189.1148681640625,370.5323181152344,92.17544555664062
2023-07-24,181.39999389648438,189.58163452148438,371.1241455078125,91.84019470214844
2023-07-25,182.41000366210938,189.56219482421875,373.6395263671875,91.66802215576172
2023-07-26,183.3000030517578,191.05984497070312,372.39654541015625,91.75862121582031
2023-07-27,180.4199981689453,188.5896759033203,371.50885009765625,89.9736557006836
2023-07-28,181.86000061035156,191.03067016601562,378.2757873535156,90.43574523925781
2023-07-31,182.35000610351562,193.24801635742188,378.4730529785156,90.65320587158203
2023-08-01,180.4600067138672,192.363037109375,377.5951232910156,89.1677017211914
2023-08-02,179.60000610351562,189.74696350097656,369.3091735839844,88.21368408203125
2023-08-03,179.5399932861328,189.2120819091797,368.7173156738281,86.17849731445312
2023-08-04,180.19000244140625,188.8328094482422,366.9909973144531,87.70488739013672
2023-08-07,179.77999877929688,188.95924377441406,370.09820556640625,86.84173583984375
2023-08-08,178.63999938964844,187.77276611328125,366.9515380859375,87.85026550292969
2023-08-09,177.7899932861328,186.30429077148438,362.91705322265625,88.30453491210938
2023-08-10,177.60000610351562,185.47764587402344,363.58782958984375,86.85081481933594
2023-08-11,177.60000610351562,185.74020385742188,361.2697448730469,86.65094757080078
2023-08-14,177.05999755859375,185.41929626464844,365.3239440917969,86.46015167236328
2023-08-15,176.58999633789062,182.9685516357422,361.447265625,85.93315124511719
2023-08-16,175.57000732421875,180.7317657470703,357.61993408203125,85.26080322265625
2023-08-17,175.3000030517578,178.60194396972656,353.7136535644531,84.89736938476562
2023-08-18,175.3300018310547,179.574462890625,353.269775390625,85.19721221923828
2023-08-21,175.80999755859375,179.31190490722656,358.96142578125,84.0615005493164
2023-08-22,176.10000610351562,178.77703857421875,358.44854736328125,84.70659637451172
2023-08-23,177.88999938964844,180.68312072753906,364.10076904296875,86.80541229248047
2023-08-24,177.85000610351562,178.18380737304688,356.31787109375,86.23299407958984
2023-08-25,177.6199951171875,178.9423370361328,359.0798034667969,86.5146484375
2023-08-28,178.1300048828125,180.53726196289062,361.78265380859375,86.60549926757812
2023-08-29,179.8699951171875,183.0560760498047,369.68389892578125,87.50498962402344
2023-08-30,180.32000732421875,183.74655151367188,371.7455749511719,87.41413879394531
2023-08-31,180.02000427246094,183.4256134033203,372.8602294921875,87.8048324584961
2023-09-01,180.11000061035156,185.60409545898438,372.4656982421875,86.43695068359375
2023-09-05,178.63999938964844,181.694580078125,372.9391784667969,85.22492218017578
2023-09-06,177.8300018310547,181.01380920410156,369.6543884277344,85.43453216552734
2023-09-07,178.02000427246094,179.2632598876953,367.01068115234375,85.67145538330078
2023-09-08,178.0800018310547,178.86456298828125,367.523681640625,85.99954223632812
2023-09-11,178.41000366210938,179.29246520996094,371.8541259765625,85.37986755371094
2023-09-12,177.49000549316406,179.1173858642578,367.7308044433594,85.8719482421875
2023-09-13,177.0800018310547,177.94064331054688,369.13153076171875,85.8537368774414
2023-09-14,177.1699981689453,180.4497528076172,372.1500244140625,85.23404693603516
2023-09-15,178.33999633789062,178.56304931640625,365.77764892578125,84.71461486816406
2023-09-18,179.38999938964844,177.37660217285156,366.158935546875,85.19760131835938
2023-09-19,179.22000122070312,176.68609619140625,365.3785705566406,84.56879425048828
2023-09-20,179.35000610351562,174.9161376953125,360.1133728027344,84.83307647705078
2023-09-21,178.0500030517578,172.20286560058594,353.51446533203125,82.65506744384766
2023-09-22,178.6199951171875,171.81381225585938,353.5638122558594,83.3203125
2023-09-25,177.6999969482422,172.5821075439453,355.2431640625,81.26988220214844
2023-09-26,176.27999877929688,170.3631591796875,349.90875244140625,80.98738861083984
2023-09-27,174.10000610351562,171.95579528808594,350.7286682128906,80.56818389892578
2023-09-28,173.22999572753906,173.50936889648438,353.66265869140625,80.81423950195312
2023-09-29,171.4499969482422,172.68862915039062,353.9194030761719,80.82335662841797
2023-10-02,169.64999389648438,170.07981872558594,356.8731384277344,79.47036743164062
2023-10-03,169.16000366210938,167.21697998046875,350.6101379394531,77.76081848144531
2023-10-04,169.13999938964844,167.29515075683594,355.3815002441406,78.85785675048828
2023-10-05,168.8300018310547,167.4221649169922,354.3343505859375,78.4647445678711
2023-10-06,169.6999969482422,169.0343475341797,360.2713928222656,77.51399993896484
2023-10-09,172.82000732421875,170.01141357421875,362.1087341308594,79.33323669433594
2023-10-10,172.52999877929688,171.93626403808594,364.1141357421875,79.2235336303711
2023-10-11,173.7899932861328,171.6431427001953,366.71221923828125,80.87821960449219
2023-10-12,173.25999450683594,167.76414489746094,365.4378967285156,78.68414306640625
2023-10-13,178.8300018310547,166.36692810058594,360.8443298339844,80.09198760986328
2023-10-16,177.9600067138672,169.0538787841797,364.9241638183594,78.802978515625
2023-10-17,178.2899932861328,170.93963623046875,363.7288818359375,77.93450927734375
2023-10-18,180.8699951171875,167.4221649169922,358.95751953125,77.2488784790039
2023-10-19,183.08999633789062,164.75473022460938,355.59881591796875,75.6673355102539
2023-10-20,183.58999633789062,162.62472534179688,350.2940368652344,76.09700775146484
2023-10-23,182.97000122070312,161.24703979492188,351.3510437011719,77.01116180419922
2023-10-24,182.9499969482422,162.65403747558594,354.7690124511719,78.02593231201172
2023-10-25,183.72000122070312,159.96707153320312,346.0857849121094,76.28897094726562
2023-10-26,184.00999450683594,160.37744140625,339.48687744140625,77.45914459228516
2023-10-27,186.14999389648438,158.49171447753906,341.1168518066406,77.13001251220703
2023-10-30,185.10000610351562,159.3710479736328,344.9595947265625,76.78263854980469
2023-10-31,184.08999633789062,160.74871826171875,346.60931396484375,76.4078140258789
2023-11-01,183.50999450683594,161.66717529296875,352.6253662109375,78.06452178955078
2023-11-02,184.1199951171875,165.97608947753906,359.0267028808594,79.84412384033203
2023-11-03,184.7899932861328,170.49017333984375,363.24481201171875,80.38533782958984
2023-11-06,183.35000610351562,168.36016845703125,364.7265930175781,79.6056137084961
2023-11-07,182.58999633789062,167.76414489746094,368.1742248535156,80.77979278564453
2023-11-08,180.77000427246094,165.97608947753906,368.4113464355469,82.15579986572266
2023-11-09,181.49000549316406,163.40635681152344,365.576171875,80.26609802246094
2023-11-10,179.50999450683594,165.23350524902344,373.7951354980469,80.71559143066406
2023-11-13,180.50999450683594,165.29212951660156,372.62945556640625,80.53211212158203
2023-11-14,182.1199951171875,174.36920166015625,380.65081787109375,82.35758209228516
2023-11-15,181.63999938964844,174.67208862304688,380.93731689453125,81.2017593383789
2023-11-16,183.69000244140625,171.8483123779297,381.2633361816406,82.2108383178711
2023-11-17,183.6699981689453,174.2030792236328,381.35223388671875,82.59611511230469
2023-11-20,183.3699951171875,175.21923828125,385.9951477050781,83.10064697265625
2023-11-21,185.35000610351562,172.9622039794922,383.75274658203125,83.06394958496094
2023-11-22,184.55999755859375,174.04673767089844,385.3233947753906,83.35747528076172
2023-11-24,185.52000427246094,175.21923828125,384.7801208496094,82.37594604492188
2023-11-27,186.77000427246094,174.6330108642578,384.4442138671875,83.751953125
2023-11-28,189.25999450683594,173.9588165283203,385.4518127441406,83.91706848144531
2023-11-29,189.5399932861328,174.87725830078125,385.07647705078125,84.97200012207031
2023-11-30,188.75,175.54168701171875,384.10833740234375,83.99042510986328
2023-12-01,192.00999450683594,180.67132568359375,385.2048645019531,85.57232666015625
2023-12-04,187.86000061035156,182.60594177246094,381.62884521484375,85.23184204101562
2023-12-05,187.14999389648438,180.1632537841797,382.5870361328125,87.0631103515625
2023-12-06,187.83999633789062,179.8408203125,380.374267578125,88.22259521484375
2023-12-07,188.14999389648438,181.14035034179688,385.68890380859375,87.71648406982422
2023-12-08,185.63999938964844,182.51800537109375,387.40777587890625,86.9986801147461
2023-12-11,183.58999633789062,182.89906311035156,390.7171325683594,86.81462860107422
2023-12-12,183.49000549316406,182.7134246826172,393.8288879394531,87.07229614257812
2023-12-13,187.6300048828125,188.89833068847656,398.8373107910156,89.1152114868164
2023-12-14,188.72999572753906,194.1549835205078,398.4915771484375,91.43335723876953
2023-12-15,187.0,192.52325439453125,400.4178771972656,91.5348892211914
2023-12-18,187.85000610351562,192.5916748046875,402.93994140625,90.80560302734375
2023-12-19,189.1300048828125,196.3240966796875,404.9988098144531,91.29487609863281
2023-12-20,188.10000610351562,192.4838409423828,398.9806823730469,91.91342163085938
2023-12-21,189.42999267578125,195.75926208496094,403.6229553222656,91.3318099975586
2023-12-22,190.27000427246094,197.58326721191406,404.2267761230469,90.91636657714844
2023-12-26,191.72000122070312,200.15260314941406,406.7013244628906,91.17485809326172
2023-12-27,192.58999633789062,200.85867309570312,407.52923583984375,92.79045867919922
2023-12-28,191.47000122070312,200.09373474121094,407.3312072753906,92.11652374267578
2023-12-29,191.1699981689453,196.82814025878906,405.5683288574219,91.28563690185547
2024-01-02,190.72000122070312,195.66119384765625,398.70526123046875,90.75944519042969
2024-01-03,189.1300048828125,190.44407653808594,394.4862976074219,91.137939453125
2024-01-04,189.32000732421875,190.0714111328125,392.4561462402344,89.75315856933594
2024-01-05,189.35000610351562,189.51243591308594,392.9216003417969,88.89456176757812
2024-01-08,187.8699951171875,192.92515563964844,401.0424499511719,89.77159881591797
2024-01-09,187.92999267578125,191.19915771484375,401.83477783203125,89.19922637939453
2024-01-10,187.5,191.3070526123047,404.5581970214844,88.78377532958984
2024-01-11,187.8699951171875,189.806640625,405.3999938964844,89.28231811523438
2024-01-12,189.7100067138672,189.49282836914062,405.60797119140625,89.1069107055664
2024-01-16,187.91000366210938,187.1490478515625,405.5683288574219,87.5374755859375
2024-01-17,185.83999633789062,185.8153533935547,403.2806396484375,87.39898681640625
2024-01-18,187.3699951171875,186.9136962890625,409.00494384765625,86.58658599853516
2024-01-19,187.92999267578125,188.70828247070312,417.1158752441406,86.8635482788086
2024-01-22,187.22000122070312,192.73878479003906,417.66058349609375,87.38052368164062
2024-01-23,187.9499969482422,192.1798553466797,419.3937072753906,86.68814849853516
2024-01-24,186.39999389648438,190.60096740722656,421.72100830078125,86.18037414550781
2024-01-25,187.13999938964844,192.1798553466797,422.2359619140625,86.74351501464844
2024-01-26,187.00999450683594,192.1896209716797,419.720458984375,86.57734680175781
2024-01-29,188.3300018310547,195.55331420898438,424.0185852050781,87.57439422607422
2024-01-30,188.58999633789062,193.8861846923828,421.1960754394531,88.36834716796875
2024-01-31,188.4499969482422,189.14959716796875,412.94647216796875,89.23616790771484
2024-02-01,190.41000366210938,191.66009521484375,417.8091125488281,90.98658752441406
2024-02-02,188.61000061035156,190.65000915527344,424.87030029296875,88.9768295288086
2024-02-05,187.57000732421875,188.227783203125,424.3157043457031,87.18006896972656
2024-02-06,188.5500030517578,189.92428588867188,423.4639892578125,88.03214263916016
2024-02-07,188.5,189.4830322265625,427.8215637207031,87.60610961914062
2024-02-08,188.3300018310547,192.35635375976562,428.61383056640625,87.09671020507812
2024-02-09,187.60000610351562,195.4846649169922,432.83270263671875,86.92076110839844
2024-02-12,187.11000061035156,199.03466796875,431.13922119140625,87.0226058959961
2024-02-13,184.52999877929688,190.8461456298828,424.4147644042969,85.53150177001953
2024-02-14,184.4199981689453,195.2787322998047,429.0397033691406,85.96678924560547
2024-02-15,185.66000366210938,200.48602294921875,430.3172302246094,86.41134643554688
2024-02-16,186.33999633789062,197.75979614257812,426.41522216796875,85.9112319946289
2024-02-20,187.47000122070312,195.03358459472656,423.19659423828125,85.98532104492188
2024-02-21,187.47999572753906,194.1117401123047,421.50311279296875,85.37403106689453
2024-02-22,187.55999755859375,195.58273315429688,433.8429260253906,85.79082489013672
2024-02-23,188.6199951171875,196.0240478515625,432.5653076171875,86.93927001953125
2024-02-26,188.1999969482422,197.2596435546875,432.3375244140625,86.679931640625
2024-02-27,188.0,200.05453491210938,433.3774108886719,86.06866455078125
2024-02-28,188.33999633789062,198.40704345703125,431.06988525390625,86.6150894165039
2024-02-29,189.30999755859375,199.78973388671875,434.7638854980469,87.22638702392578
2024-03-01,192.88999938964844,201.90798950195312,441.3100891113281,87.76988983154297
2024-03-04,196.00999450683594,201.7216339111328,439.73541259765625,87.41683959960938
2024-03-05,197.19000244140625,199.78973388671875,431.84234619140625,88.66179656982422
2024-03-06,198.80999755859375,201.28036499023438,434.555908203125,89.18207550048828
2024-03-07,199.94000244140625,202.95730590820312,441.1516418457031,89.09846496582031
2024-03-08,201.6300048828125,202.8297882080078,434.78369140625,88.94050598144531
2024-03-11,202.0,201.2215118408203,433.1694641113281,88.8940658569336
2024-03-12,199.7899932861328,200.94692993164062,439.3789367675781,88.15081024169922
2024-03-13,201.19000244140625,201.73146057128906,436.0018615722656,87.72343444824219
2024-03-14,200.35000610351562,198.12261962890625,434.9025573730469,86.37625885009766
2024-03-15,199.7100067138672,198.49530029296875,429.73297119140625,86.34839630126953
2024-03-18,200.02999877929688,197.35772705078125,433.8314514160156,86.08826446533203
2024-03-19,199.8000030517578,198.19129943847656,434.91241455078125,86.3298110961914
2024-03-20,202.17999267578125,202.11392211914062,440.0690002441406,86.30193328857422
2024-03-21,201.97000122070312,204.43612670898438,442.1514587402344,86.48774719238281
2024-03-22,200.35000610351562,201.614501953125,442.6572265625,87.31464385986328
2024-03-25,200.99000549316406,202.07655334472656,441.0507507324219,86.87796783447266
2024-03-26,201.63999938964844,201.71279907226562,439.6227722167969,87.1195297241211
2024-03-27,203.10000610351562,206.10748291015625,441.12017822265625,87.98356628417969
2024-03-28,205.72000122070312,206.75634765625,440.3070068359375,87.90924835205078
2024-04-01,207.82000732421875,204.80972290039062,441.2391662597656,86.2705307006836
2024-04-02,210.88999938964844,201.04425048828125,437.4311828613281,85.7951431274414
2024-04-03,212.74000549316406,202.36166381835938,438.4129333496094,85.7764663696289
2024-04-04,211.52000427246094,200.33641052246094,431.7093200683594,86.39170837402344
2024-04-05,215.13999938964844,201.0049285888672,436.79656982421875,85.18923950195312
2024-04-08,216.47999572753906,202.10606384277344,436.92547607421875,85.17989349365234
2024-04-09,217.6699981689453,202.90240478515625,438.5418395996094,85.97223663330078
2024-04-10,215.61000061035156,197.54421997070312,434.71405029296875,84.09862518310547
2024-04-11,219.8000030517578,198.88131713867188,441.6556091308594,83.71643829345703
2024-04-12,216.88999938964844,195.34197998046875,434.6148376464844,84.16387176513672
2024-04-15,220.9499969482422,192.4810028076172,427.4649963378906,82.85884857177734
2024-04-16,221.22000122070312,191.77316284179688,427.5046691894531,82.30888366699219
2024-04-17,219.58999633789062,189.7478485107422,422.28851318359375,83.2223892211914
2024-04-18,220.33999633789062,189.59056091308594,419.87884521484375,82.80290985107422
2024-04-19,221.02999877929688,189.88551330566406,411.19189453125,83.1012191772461
2024-04-22,215.57000732421875,192.0091094970703,415.3270568847656,82.96139526367188
2024-04-23,215.0399932861328,195.22401428222656,421.52496337890625,82.98934936523438
2024-04-24,214.63999938964844,194.3489990234375,422.9529724121094,82.40210723876953
2024-04-25,215.9199981689453,193.16920471191406,420.9101257324219,81.82417297363281
2024-04-26,216.6199951171875,195.01754760742188,427.405517578125,82.25296020507812
2024-04-29,216.17999267578125,196.59059143066406,429.1408996582031,82.94273376464844
2024-04-30,211.8699951171875,192.5989990234375,421.0489501953125,82.23430633544922
2024-05-01,213.7899932861328,193.00209045410156,418.00457763671875,82.84046173095703
2024-05-02,213.1300048828125,196.55126953125,423.33966064453125,83.1959228515625
2024-05-03,212.9600067138672,198.49790954589844,431.8481750488281,84.03779602050781
2024-05-06,215.1999969482422,201.0639190673828,436.578369140625,84.36518096923828
2024-05-07,214.2100067138672,201.51617431640625,436.64776611328125,84.87967681884766
2024-05-08,213.5800018310547,200.34622192382812,436.38995361328125,84.36518096923828
2024-05-09,216.9499969482422,202.3911895751953,437.3419494628906,84.77677917480469
2024-05-10,218.7100067138672,200.86727905273438,438.3732604980469,84.29972076416016
2024-05-13,216.25999450683594,201.29005432128906,439.384765625,84.51484680175781
2024-05-14,218.08999633789062,203.37429809570312,442.2109680175781,84.99192810058594
2024-05-15,220.88999938964844,205.91085815429688,449.1228942871094,86.1518325805664
2024-05-16,220.02999877929688,204.42630004882812,448.21051025390625,86.0676498413086
2024-05-17,223.66000366210938,204.57376098632812,447.9924011230469,85.4876937866211
2024-05-20,224.55999755859375,205.0260009765625,451.1161193847656,85.23511505126953
2024-05-21,224.22999572753906,204.82936096191406,451.99871826171875,85.67476654052734
2024-05-22,220.11000061035156,203.0990447998047,451.9093933105469,85.77766418457031
2024-05-23,215.72000122070312,199.76617431640625,449.8765869140625,85.22576141357422
2024-05-24,215.9199981689453,201.978271484375,454.1307373046875,85.47833251953125
2024-05-28,218.19000244140625,201.70297241210938,455.8463134765625,84.25294494628906
2024-05-29,216.16000366210938,198.72402954101562,452.6333312988281,83.23332977294922
2024-05-30,216.57000732421875,200.6116943359375,447.7840881347656,84.03779602050781
2024-05-31,215.3000030517578,202.30270385742188,446.95111083984375,84.60839080810547
2024-06-03,217.22000122070312,201.16221618652344,449.3509521484375,85.97689819335938
2024-06-04,215.27000427246094,198.5667266845703,450.5805969238281,86.98121643066406
2024-06-05,217.82000732421875,201.60464477539062,459.6642150878906,87.61946105957031
2024-06-06,219.42999267578125,200.159423828125,459.50555419921875,87.48805236816406
2024-06-07,211.60000610351562,197.80967712402344,459.0989685058594,85.88304901123047
2024-06-10,213.5399932861328,198.48806762695312,460.953369140625,85.31048583984375
2024-06-11,214.14999389648438,197.80978393554688,464.1167907714844,86.19277954101562
2024-06-12,214.72000122070312,200.84632873535156,470.1956481933594,86.84042358398438
2024-06-13,212.97000122070312,199.09144592285156,472.7442321777344,88.116943359375
2024-06-14,215.72999572753906,195.92672729492188,475.1936340332031,88.85843658447266
2024-06-17,214.61000061035156,197.5731658935547,481.0146179199219,87.97615051269531
2024-06-18,215.47000122070312,197.918212890625,481.1634216308594,88.78335571289062
2024-06-20,218.16000366210938,197.08021545410156,477.45458984375,88.1920166015625
2024-06-21,214.77999877929688,197.52386474609375,476.1753845214844,88.1920166015625
2024-06-24,215.6300048828125,198.38160705566406,470.7542419433594,88.54869079589844
2024-06-25,214.55999755859375,197.73089599609375,476.1375732421875,88.69888305664062
2024-06-26,212.5800018310547,197.20835876464844,477.12091064453125,87.43174743652344
2024-06-27,214.99000549316406,199.20974731445312,478.3525085449219,87.77904510498047
2024-06-28,215.00999450683594,200.02804565429688,475.86944580078125,86.14584350585938
2024-07-01,215.57000732421875,198.35202026367188,478.6604309082031,84.65907287597656
2024-07-02,215.55999755859375,199.0322723388672,483.6862487792969,85.31816864013672
2024-07-03,217.99000549316406,198.9829864501953,487.71875,86.4386978149414
2024-07-05,220.92999267578125,198.03651428222656,492.8041076660156,87.15428924560547
2024-07-08,218.19000244140625,199.4266357421875,493.9761657714844,87.3426284790039
2024-07-09,218.55999755859375,198.55905151367188,494.4031982421875,86.9565658569336
2024-07-10,219.36000061035156,200.50125122070312,499.55810546875,87.22962188720703
2024-07-11,223.25,207.70814514160156,488.60272216796875,88.07707214355469
2024-07-12,223.11000061035156,210.1334686279297,491.47320556640625,88.4537124633789
2024-07-15,223.8300018310547,214.12631225585938,492.794189453125,87.43677520751953
2024-07-16,228.2899932861328,221.43179321289062,492.98291015625,88.6702880859375
2024-07-17,227.22999572753906,219.1149444580078,478.51141357421875,88.68909454345703
2024-07-18,225.77999877929688,214.87559509277344,476.246826171875,88.01115417480469
2024-07-19,221.72999572753906,213.78126525878906,472.0256042480469,87.4932632446289
2024-07-22,221.8000030517578,217.18258666992188,479.0577392578125,87.2390365600586
2024-07-23,222.5800018310547,219.4895782470703,477.3692321777344,87.11663818359375
2024-07-24,221.8000030517578,214.77700805664062,460.2458190917969,86.17504119873047
2024-07-25,218.3300018310547,217.45864868164062,455.17041015625,86.88123321533203
2024-07-26,220.6300048828125,221.05714416503906,459.8385925292969,87.5592041015625
2024-07-29,220.32000732421875,218.60227966308594,460.7622985839844,88.02999114990234
2024-07-30,222.52000427246094,219.43043518066406,454.4353942871094,88.36897277832031
2024-07-31,226.5500030517578,220.70223999023438,467.8838195800781,89.27287292480469
2024-08-01,225.77000427246094,213.52491760253906,456.5509948730469,90.04285430908203
2024-08-02,225.33999633789062,205.97299194335938,445.7147521972656,92.84871673583984
2024-08-05,222.47999572753906,199.3477783203125,432.42529296875,93.33999633789062
2024-08-06,220.6999969482422,201.5167236328125,436.55712890625,91.25211334228516
2024-08-07,220.5500030517578,199.13087463378906,431.829345703125,90.60969543457031
2024-08-08,224.00999450683594,203.97161865234375,445.03936767578125,90.05229949951172
2024-08-09,224.55999755859375,203.5476837158203,447.36358642578125,90.94035339355469
2024-08-12,228.41000366210938,201.7139434814453,448.3269958496094,91.27100372314453
2024-08-13,228.05999755859375,205.036376953125,459.45123291015625,91.90398406982422
2024-08-14,226.1999969482422,203.7645721435547,459.6002502441406,92.48027801513672
2024-08-15,226.91000366210938,209.0489501953125,471.211181640625,91.73391723632812
2024-08-16,231.99000549316406,209.60107421875,471.8170166015625,92.05514526367188
2024-08-19,231.61000061035156,212.1643829345703,478.0148620605469,92.48027801513672
2024-08-20,232.4600067138672,209.68978881835938,477.0116882324219,93.21717834472656
2024-08-21,232.14999389648438,212.42071533203125,479.23651123046875,93.27387237548828
2024-08-22,229.3699951171875,210.5475311279297,471.6382751464844,92.34801483154297
2024-08-23,232.02000427246094,217.2713165283203,476.75341796875,92.95263671875
2024-08-26,232.75999450683594,217.34034729003906,472.12493896484375,92.7164535522461
2024-08-27,233.38999938964844,215.65444946289062,473.53533935546875,92.55583953857422
2024-08-28,231.75,214.19532775878906,468.16192626953125,92.44247436523438
2024-08-29,232.9499969482422,215.72348022460938,467.4765930175781,92.14016723632812
2024-08-30,231.2899932861328,216.97557067871094,473.04864501953125,91.15766143798828
2024-09-03,230.2899932861328,210.34048461914062,458.6864318847656,92.64855194091797
2024-09-04,230.42999267578125,209.98556518554688,457.49456787109375,93.8427963256836
2024-09-05,232.35000610351562,208.9405059814453,457.9216613769531,94.37355041503906
2024-09-06,230.6300048828125,204.9673614501953,445.6551818847656,94.36408233642578
2024-09-09,231.60000610351562,205.53916931152344,451.3861389160156,94.77164459228516
2024-09-10,232.6199951171875,205.37158203125,455.5577697753906,95.43511199951172
2024-09-11,232.25,205.97299194335938,465.45037841796875,95.35928344726562
2024-09-12,236.3300018310547,208.6250457763672,470.019287109375,94.913818359375
2024-09-13,238.67999267578125,213.77139282226562,472.12493896484375,95.16972351074219
2024-09-16,238.66000366210938,214.5404052734375,470.0391540527344,96.0417251586914
2024-09-17,237.33999633789062,216.3150177001953,470.2874755859375,95.57728576660156
2024-09-18,235.50999450683594,216.3544464111328,468.2513122558594,94.39252471923828
2024-09-19,239.1699981689453,220.81068420410156,480.0906677246094,94.07975769042969
2024-09-20,242.2100067138672,218.44456481933594,479.17694091796875,93.71956634521484
2024-09-23,242.67999267578125,217.64596557617188,480.44708251953125,93.52054595947266
2024-09-24,246.07000732421875,218.0107421875,482.7645568847656,93.5015869140625
2024-09-25,245.72999572753906,215.35162353515625,483.2121276855469,92.72437286376953
2024-09-26,246.97999572753906,216.49916076660156,486.8425598144531,92.9423599243164
2024-09-27,245.02000427246094,217.96327209472656,484.1371154785156,93.42574310302734
2024-09-30,243.05999755859375,218.51724243164062,485.4500732421875,92.98027801513672
2024-10-01,245.61000061035156,215.54946899414062,478.68658447265625,93.65160369873047
2024-10-02,245.66000366210938,215.25270080566406,479.3629455566406,92.86238098144531
2024-10-03,245.49000549316406,213.8083953857422,479.0048522949219,91.98757934570312
2024-10-04,245.0,216.79592895507812,484.7041015625,90.85604095458984
2024-10-07,244.1699981689453,215.0944061279297,479.5120849609375,90.17141723632812
2024-10-08,242.3699951171875,215.24281311035156,486.67340087890625,90.32353973388672
2024-10-09,241.0500030517578,215.71766662597656,490.5027770996094,89.81006622314453
2024-10-10,242.82000732421875,214.52064514160156,489.94580078125,89.458251953125
2024-10-11,245.47000122070312,218.88328552246094,490.7116394042969,89.0969009399414
2024-10-14,245.07000732421875,220.49574279785156,494.8294372558594,89.1634750366211
2024-10-15,245.9199981689453,220.67384338378906,488.2151184082031,90.24747467041016
2024-10-16,247.14999389648438,224.30441284179688,488.2748107910156,90.62782287597656
2024-10-17,248.6300048828125,223.69107055664062,488.6130065917969,89.19200897216797
2024-10-18,251.27000427246094,223.22610473632812,491.815673828125,89.2585678100586
2024-10-21,251.22000122070312,219.7142791748047,492.7605895996094,87.69914245605469
2024-10-22,253.92999267578125,218.88328552246094,493.2977294921875,87.78472137451172
2024-10-23,250.8699951171875,216.88499450683594,485.7384948730469,87.5469970703125
2024-10-24,252.8000030517578,217.35980224609375,489.67724609375,88.10801696777344
2024-10-25,253.32000732421875,216.53872680664062,492.6611328125,87.6135482788086
2024-10-28,253.3300018310547,220.0703887939453,492.7406921386719,87.37583923339844
2024-10-29,256.0899963378906,219.35812377929688,497.47515869140625,87.50895690917969
2024-10-30,257.5,219.06134033203125,493.7154235839844,87.76569366455078
2024-10-31,253.50999450683594,215.42088317871094,481.2527160644531,87.9083251953125
2024-11-01,252.47000122070312,216.62774658203125,484.8134765625,86.66896057128906
2024-11-04,252.8300018310547,217.72584533691406,483.4010925292969,88.01422119140625
2024-11-05,253.39999389648438,221.82138061523438,489.56781005859375,88.48171997070312
2024-11-06,245.6999969482422,234.6718292236328,502.8660583496094,86.058349609375
2024-11-07,249.64999389648438,233.8408660888672,510.7833251953125,87.13646697998047
2024-11-08,247.9600067138672,235.5621795654297,511.3801574707031,88.24320983886719
2024-11-11,242.13999938964844,239.10369873046875,511.081787109375,87.81385803222656
2024-11-12,240.0500030517578,234.90927124023438,510.1567077636719,86.49724578857422
2024-11-13,237.6300048828125,232.58450317382812,509.5002746582031,85.67671966552734
2024-11-14,237.00999450683594,229.4485626220703,505.9593811035156,86.17284393310547
2024-11-15,236.58999633789062,226.0257110595703,493.9044189453125,85.94387817382812
2024-11-18,241.08999633789062,226.4709014892578,497.33587646484375,86.09651184082031
2024-11-19,243.25,228.1526336669922,500.7574157714844,86.53539276123047
2024-11-20,244.6199951171875,228.44940185546875,500.4690246582031,86.25871276855469
2024-11-21,246.66000366210938,231.92169189453125,502.269287109375,86.1919174194336
2024-11-22,249.83999633789062,236.2052001953125,503.074951171875,86.23963165283203
2024-11-25,242.47999572753906,239.7961883544922,503.8706359863281,88.47219848632812
2024-11-26,242.9499969482422,238.03530883789062,506.5760498046875,88.12872314453125
2024-11-27,243.49000549316406,238.3617706298828,502.5875549316406,88.73933410644531
2024-11-29,245.58999633789062,239.27186584472656,507.00372314453125,89.65525817871094
2024-12-02,243.44000244140625,239.15318298339844,512.52392578125,89.87065887451172
2024-12-03,243.92999267578125,237.45164489746094,514.095458984375,89.09517669677734
2024-12-04,244.6699981689453,238.3024139404297,520.451171875,90.05255889892578
2024-12-05,242.86000061035156,235.52261352539062,519.0089111328125,90.23445892333984
2024-12-06,242.9499969482422,236.3634796142578,523.6538696289062,90.3685073852539
2024-12-09,245.36000061035156,235.1763458251953,519.575927734375,89.53556823730469
2024-12-10,248.58999633789062,234.1574249267578,517.805419921875,89.11432647705078
2024-12-11,250.9600067138672,235.21592712402344,527.0753784179688,88.27182006835938
2024-12-12,247.27999877929688,232.1591033935547,523.6737670898438,87.19951629638672
2024-12-13,244.2899932861328,230.56642150878906,527.68212890625,86.30916595458984
2024-12-16,244.8800048828125,231.92169189453125,535.2811279296875,86.56763458251953
2024-12-17,243.94000244140625,229.2666015625,532.923828125,86.77828216552734
2024-12-18,239.25999450683594,219.11642456054688,513.697509765625,85.69318389892578
2024-12-19,239.60000610351562,218.1440887451172,511.40997314453125,84.39566802978516
2024-12-20,242.10000610351562,220.18800354003906,515.8758544921875,84.876220703125
2024-12-23,240.9600067138672,219.68199157714844,520.90185546875,84.09771728515625
2024-12-24,241.44000244140625,221.64651489257812,527.9651489257812,84.45333862304688
2024-12-26,243.07000732421875,223.91864013671875,527.6065063476562,84.40528106689453
2024-12-27,241.39999389648438,220.6543426513672,520.5929565429688,83.71327209472656
2024-12-30,240.6300048828125,218.95767211914062,513.669189453125,84.38606262207031
2024-12-31,242.1300048828125,219.2355194091797,509.3056640625,83.9343490600586
