Date,GLD,TLT,XLE,XLF,XLK,XLP,XLV
2010-01-04,109.80000305175781,56.984092712402344,17.529251098632812,9.019767761230469,9.404687881469727,17.48705291748047,24.185998916625977
2010-01-05,109.69999694824219,57.352108001708984,17.672327041625977,9.185550689697266,9.39256477355957,17.493608474731445,23.948808670043945
2010-01-06,111.51000213623047,56.5843620300293,17.88395118713379,9.20397663116455,9.287477493286133,17.480491638183594,24.193660736083984
2010-01-07,110.81999969482422,56.67949676513672,17.85712242126465,9.400453567504883,9.251107215881348,17.480491638183594,24.27782440185547
2010-01-08,111.37000274658203,56.65411376953125,17.97338104248047,9.345195770263672,9.31173324584961,17.421478271484375,24.31607437133789
2010-01-11,112.8499984741211,56.34329605102539,17.949527740478516,9.351330757141113,9.27535629272461,17.467382431030273,24.45380210876465
2010-01-12,110.48999786376953,57.30767059326172,17.690204620361328,9.216253280639648,9.17431926727295,17.565732955932617,24.27782440185547
2010-01-13,111.54000091552734,56.64145278930664,17.755788803100586,9.320635795593262,9.263232231140137,17.690311431884766,24.599185943603516
2010-01-14,112.02999877929688,57.43458938598633,17.806459426879883,9.36361312866211,9.287477493286133,17.637861251831055,24.82107162475586
2010-01-15,110.86000061035156,57.78984451293945,17.66337776184082,9.173272132873535,9.158149719238281,17.5526180267334,24.652740478515625
2010-01-19,111.5199966430664,57.624942779541016,17.824342727661133,9.289934158325195,9.31577205657959,17.657527923583984,25.249553680419922
2010-01-20,108.94000244140625,58.2086296081543,17.547136306762695,9.265372276306152,9.166237831115723,17.526390075683594,25.03531265258789
2010-01-21,107.37000274658203,58.47514724731445,17.18946075439453,9.001347541809082,9.069235801696777,17.277233123779297,24.492061614990234
2010-01-22,107.16999816894531,58.37364959716797,16.781110763549805,8.706625938415527,8.753997802734375,17.237903594970703,24.22426986694336
2010-01-25,107.4800033569336,58.107147216796875,16.891389846801758,8.755745887756348,8.826742172241211,17.270671844482422,24.22426986694336
2010-01-26,107.55999755859375,58.12617874145508,16.784088134765625,8.602245330810547,8.802495002746582,17.251008987426758,24.0865421295166
2010-01-27,106.52999877929688,58.09443664550781,16.718515396118164,8.811009407043457,8.875246047973633,17.29034996032715,24.254863739013672
2010-01-28,106.4800033569336,58.0627326965332,16.542659759521484,8.768028259277344,8.620627403259277,17.24445343017578,24.101844787597656
2010-01-29,105.95999908447266,58.57030487060547,16.244590759277344,8.706625938415527,8.471087455749512,17.178882598876953,23.933507919311523
2010-02-01,108.3499984741211,58.03865432739258,16.781110763549805,8.853988647460938,8.568089485168457,17.310012817382812,24.071231842041016
2010-02-02,109.12999725341797,58.20417785644531,17.001684188842773,8.939947128295898,8.652958869934082,17.559175491333008,24.568572998046875
2010-02-03,108.69999694824219,57.52926254272461,16.85562515258789,8.841707229614258,8.673164367675781,17.434598922729492,24.23956298828125
2010-02-04,104.37000274658203,58.439796447753906,16.164119720458984,8.461023330688477,8.430670738220215,17.08053207397461,23.627450942993164
2010-02-05,104.68000030517578,58.56711959838867,16.167097091674805,8.55926513671875,8.515546798706055,17.034629821777344,23.589195251464844
2010-02-08,104.04000091552734,58.643550872802734,16.0180606842041,8.38734245300293,8.479171752929688,17.01495933532715,23.47443389892578
2010-02-09,105.41000366210938,58.057701110839844,16.354877471923828,8.473302841186523,8.551918983459473,17.218215942382812,23.658061981201172
2010-02-10,105.12000274658203,57.50376892089844,16.286317825317383,8.54084587097168,8.527667045593262,17.198549270629883,23.51268768310547
2010-02-11,107.12999725341797,57.19178771972656,16.56351661682129,8.55926513671875,8.616585731506348,17.336246490478516,23.673368453979492
2010-02-12,107.04000091552734,57.42738723754883,16.569482803344727,8.56540584564209,8.63275146484375,17.336246490478516,23.619802474975586
2010-02-16,109.62000274658203,57.53561782836914,16.95994758605957,8.743468284606934,8.762083053588867,17.513275146484375,23.826391220092773
2010-02-17,109.25,56.87973403930664,16.93610382080078,8.77416706085205,8.78632926940918,17.637861251831055,24.010019302368164
2010-02-18,109.9800033569336,56.65054702758789,17.031484603881836,8.829429626464844,8.84290885925293,17.742765426635742,24.124788284301758
2010-02-19,109.47000122070312,56.95619583129883,17.09705924987793,8.878547668457031,8.818666458129883,17.782114028930664,24.124788284301758
2010-02-22,109.06999969482422,56.72058868408203,16.86159324645996,8.995211601257324,8.802495002746582,17.782114028930664,24.055936813354492
2010-02-23,107.88999938964844,57.60565185546875,16.581411361694336,8.829429626464844,8.693371772766113,17.68375587463379,23.826391220092773
2010-02-24,107.36000061035156,57.7457275390625,16.68572998046875,8.982926368713379,8.778244018554688,17.79522705078125,24.00237274169922
2010-02-25,108.30999755859375,58.070472717285156,16.694673538208008,8.958369255065918,8.753997802734375,17.808338165283203,24.017671585083008
2010-02-26,109.43000030517578,58.36971664428711,16.733421325683594,9.013630867004395,8.766120910644531,17.723094940185547,24.025327682495117
2010-03-01,109.43000030517578,58.344207763671875,16.888416290283203,9.038191795349121,8.879287719726562,17.84768295288086,24.254863739013672
2010-03-02,111.0199966430664,58.267547607421875,17.028507232666016,9.068891525268555,8.86716079711914,17.913249969482422,24.33902931213379
2010-03-03,111.62999725341797,58.12063980102539,17.1030216217041,9.075035095214844,8.87120246887207,17.919801712036133,24.23956298828125
2010-03-04,110.83000183105469,58.427303314208984,17.013601303100586,9.167129516601562,8.907577514648438,17.978803634643555,24.163047790527344
2010-03-05,110.80999755859375,57.660736083984375,17.332530975341797,9.345195770263672,9.016700744628906,18.090280532836914,24.499711990356445
2010-03-08,109.87999725341797,57.36051940917969,17.305696487426758,9.36361312866211,9.06519603729248,18.024715423583984,24.35433578491211
2010-03-09,109.72000122070312,57.373260498046875,17.305696487426758,9.394319534301758,9.105610847473145,17.998483657836914,24.33902931213379
2010-03-10,108.47000122070312,57.226375579833984,17.457719802856445,9.498699188232422,9.166237831115723,17.97224998474121,24.35433578491211
2010-03-11,108.5999984741211,57.43714141845703,17.427915573120117,9.57851791381836,9.202610969543457,18.00503921508789,24.54561996459961
2010-03-12,107.94999694824219,57.794883728027344,17.436859130859375,9.54167652130127,9.194527626037598,18.018152236938477,24.361982345581055
2010-03-15,108.36000061035156,57.71818161010742,17.258012771606445,9.54167652130127,9.186441421508789,18.15584373474121,24.522663116455078
2010-03-16,110.4000015258789,58.17815017700195,17.413009643554688,9.65833854675293,9.255147933959961,18.2410888671875,24.59151840209961
2010-03-17,109.58999633789062,58.427303314208984,17.603775024414062,9.77500057220459,9.283437728881836,18.319766998291016,24.599185943603516
2010-03-18,110.33999633789062,58.235618591308594,17.341472625732422,9.719742774963379,9.29556655883789,18.339439392089844,24.767501831054688
2010-03-19,108.27999877929688,58.293128967285156,17.132993698120117,9.655740737915039,9.240017890930176,18.28545379638672,24.758296966552734
2010-03-22,107.75,58.35696792602539,17.088132858276367,9.704971313476562,9.308947563171387,18.37763023376465,24.919513702392578
2010-03-23,108.31999969482422,58.08230972290039,17.1539363861084,9.784971237182617,9.398138999938965,18.522489547729492,25.0423526763916
2010-03-24,106.30000305175781,57.02193832397461,17.055234909057617,9.791126251220703,9.353545188903809,18.390796661376953,24.773653030395508
2010-03-25,106.77999877929688,56.65788650512695,16.768081665039062,9.834206581115723,9.369759559631348,18.364465713500977,24.67384910583496
2010-03-26,108.58999633789062,56.81755828857422,16.774059295654297,9.846512794494629,9.325163841247559,18.37763023376465,24.489595413208008
2010-03-29,108.75,56.60034942626953,17.1000919342041,9.858818054199219,9.353545188903809,18.46323013305664,24.750619888305664
2010-03-30,107.97000122070312,56.77921676635742,17.127010345458984,9.797281265258789,9.394086837768555,18.49615478515625,24.750619888305664
2010-03-31,108.94999694824219,57.168853759765625,17.20477867126465,9.815743446350098,9.365704536437988,18.390796661376953,24.666175842285156
2010-04-01,110.26000213623047,57.02912521362305,17.509872436523438,9.895746231079102,9.349488258361816,18.509328842163086,24.804357528686523
2010-04-05,110.88999938964844,56.08022689819336,17.820945739746094,9.994211196899414,9.458955764770508,18.509328842163086,24.735265731811523
2010-04-06,111.02999877929688,56.16994094848633,17.820945739746094,10.098830223083496,9.467070579528809,18.450061798095703,24.71990203857422
2010-04-07,112.48999786376953,56.888038635253906,17.64447593688965,10.061903953552246,9.430578231811523,18.3315372467041,24.612442016601562
2010-04-08,112.6500015258789,56.91368865966797,17.70728302001953,10.141910552978516,9.446794509887695,18.364465713500977,24.52031135559082
2010-04-09,113.63999938964844,57.048336029052734,17.895723342895508,10.178832054138184,9.519773483276367,18.46323013305664,24.627788543701172
2010-04-12,113.01000213623047,57.349674224853516,17.937593460083008,10.221912384033203,9.540042877197266,18.522489547729492,24.558704376220703
2010-04-13,112.69000244140625,57.53561019897461,17.874786376953125,10.228066444396973,9.568427085876465,18.46323013305664,24.581735610961914
2010-04-14,113.02999877929688,57.13165283203125,18.04528045654297,10.492694854736328,9.706276893615723,18.48957061767578,24.497282028198242
2010-04-15,113.6500015258789,57.1958122253418,18.04228401184082,10.44960880279541,9.750876426696777,18.456642150878906,24.428192138671875
2010-04-16,111.23999786376953,57.61253356933594,17.737192153930664,10.068058967590332,9.621134757995605,18.37763023376465,24.28232765197754
2010-04-19,111.1500015258789,57.47150421142578,17.76112937927246,10.166524887084961,9.64140796661377,18.450061798095703,24.4819278717041
2010-04-20,111.45999908447266,57.676673889160156,18.108091354370117,10.301913261413574,9.694117546081543,18.502735137939453,24.535654067993164
2010-04-21,112.30999755859375,58.15110778808594,18.090137481689453,10.240376472473145,9.714383125305176,18.502735137939453,24.105751037597656
2010-04-22,111.83999633789062,57.97798538208008,18.135005950927734,10.295761108398438,9.738713264465332,18.502735137939453,23.82938003540039
2010-04-23,113.19000244140625,57.77283477783203,18.571712493896484,10.326534271240234,9.76303768157959,18.456642150878906,24.06736183166504
2010-04-26,112.75,57.83695983886719,18.50889778137207,10.166524887084961,9.750876426696777,18.417137145996094,23.81403160095215
2010-04-27,114.62999725341797,58.651187896728516,17.940589904785156,9.821900367736816,9.560315132141113,18.094493865966797,23.53765296936035
2010-04-28,114.30999755859375,58.15110778808594,18.123048782348633,9.963440895080566,9.588699340820312,18.239355087280273,23.69119644165039
2010-04-29,114.27999877929688,58.39476776123047,18.143980026245117,10.191143035888672,9.686002731323242,18.298614501953125,24.013629913330078
2010-04-30,115.36000061035156,59.067955017089844,17.919652938842773,9.944979667663574,9.483285903930664,18.19326400756836,23.70655059814453
2010-05-03,115.7300033569336,58.99076461791992,18.123048782348633,10.135758399963379,9.61302661895752,18.298614501953125,23.821704864501953
2010-05-04,114.87000274658203,60.05228805541992,17.63849449157715,9.858818054199219,9.337322235107422,18.114248275756836,23.68351936340332
2010-05-05,115.08999633789062,60.40617752075195,17.360319137573242,9.803434371948242,9.29677963256836,18.18008804321289,23.760297775268555
2010-05-06,118.48999786376953,62.271907806396484,16.768081665039062,9.39111042022705,9.017024993896484,17.725751876831055,23.123096466064453
2010-05-07,118.2699966430664,61.493408203125,16.448041915893555,9.286491394042969,8.818358421325684,17.60723304748535,22.816020965576172
2010-05-10,117.56999969482422,60.219512939453125,17.15093421936035,9.803434371948242,9.223800659179688,18.120832443237305,23.430177688598633
2010-05-11,120.66000366210938,60.065181732177734,17.03727912902832,9.766511917114258,9.162984848022461,18.114248275756836,23.38411521911621
2010-05-12,121.4000015258789,59.60835266113281,17.27357292175293,9.87728500366211,9.40219783782959,18.239355087280273,23.576030731201172
2010-05-13,120.55999755859375,60.000858306884766,17.162904739379883,9.698813438415527,9.2643461227417,18.127416610717773,23.32270050048828
2010-05-14,120.37000274658203,61.04308319091797,16.821916580200195,9.446496963500977,9.08594799041748,17.956212997436523,23.00794219970703
2010-05-17,119.36000061035156,60.817893981933594,16.6484375,9.45265007019043,9.130550384521484,18.14716911315918,23.00794219970703
2010-05-18,119.48999786376953,61.750770568847656,16.519811630249023,9.181875228881836,8.992701530456543,18.041818618774414,22.82370376586914
2010-05-19,116.62999725341797,61.95667266845703,16.331378936767578,9.194183349609375,8.923773765563965,17.995723724365234,22.769960403442383
2010-05-20,115.83999633789062,63.2626953125,15.601551055908203,8.769553184509277,8.63996696472168,17.462369918823242,22.055992126464844
2010-05-21,115.22000122070312,63.3270378112793,15.873744010925293,9.07726001739502,8.704834938049316,17.52821159362793,22.1097354888916
2010-05-24,116.83999633789062,63.10832977294922,15.511816024780273,8.8187837600708,8.664292335510254,17.40311050415039,22.055992126464844
2010-05-25,117.36000061035156,63.4171142578125,15.547712326049805,8.898782730102539,8.63996696472168,17.198989868164062,21.963882446289062
2010-05-26,118.47000122070312,63.23704147338867,15.51480770111084,8.837247848510742,8.554821014404297,17.08704376220703,21.825695037841797
2010-05-27,118.69000244140625,61.80224609375,16.172855377197266,9.237260818481445,8.846742630004883,17.436033248901367,22.270950317382812
2010-05-28,118.87999725341797,62.0853385925293,15.867759704589844,9.034173011779785,8.773760795593262,17.350433349609375,22.163471221923828
2010-06-01,119.91000366210938,62.52174758911133,15.114007949829102,8.843402862548828,8.688620567321777,17.31092643737793,21.917810440063477
2010-06-02,119.77999877929688,61.927833557128906,15.76905345916748,9.120329856872559,8.883230209350586,17.60723304748535,22.393783569335938
2010-06-03,117.95999908447266,61.47594451904297,15.98141860961914,9.071099281311035,8.972429275512695,17.633569717407227,22.524293899536133
2010-06-04,119.19000244140625,63.12855911254883,15.419096946716309,8.708013534545898,8.684564590454102,17.166061401367188,21.864070892333984
2010-06-07,121.48999786376953,63.61274719238281,15.28449535369873,8.53569507598877,8.558878898620605,17.03436851501465,21.833364486694336
2010-06-08,121.0,63.296451568603516,15.538736343383789,8.714164733886719,8.575094223022461,17.31092643737793,21.887113571166992
2010-06-09,120.55999755859375,63.22544860839844,15.377224922180176,8.621857643127441,8.530499458312988,17.27800750732422,21.78730583190918
2010-06-10,118.97000122070312,62.09572219848633,16.148929595947266,8.904939651489258,8.73727035522461,17.57431411743164,22.201858520507812
2010-06-11,120.01000213623047,62.88325500488281,16.24763298034668,8.929555892944336,8.814306259155273,17.42945671081543,22.386104583740234
2010-06-14,119.5999984741211,62.56047058105469,16.16388702392578,8.892627716064453,8.798087120056152,17.52821159362793,22.42448616027832
2010-06-15,120.98999786376953,62.30227279663086,16.636476516723633,9.101869583129883,9.029192924499512,17.70599937438965,22.8083438873291
2010-06-16,120.33000183105469,62.65727233886719,16.624509811401367,9.108020782470703,9.05351734161377,17.58746910095215,22.89278221130371
2010-06-17,121.9000015258789,63.167293548583984,16.606555938720703,9.095717430114746,9.08594799041748,17.74550437927246,22.923492431640625
2010-06-18,122.83000183105469,63.064002990722656,16.70932388305664,9.145671844482422,9.085545539855957,17.680511474609375,22.800817489624023
2010-06-21,120.38999938964844,62.88325500488281,16.67327117919922,9.133330345153809,9.020442962646484,17.634098052978516,22.76223373413086
2010-06-22,121.44999694824219,63.632076263427734,16.186500549316406,8.99149227142334,8.943140029907227,17.4417724609375,22.538461685180664
2010-06-23,120.94999694824219,64.06461334228516,16.063310623168945,8.948326110839844,8.926862716674805,17.554519653320312,22.44587516784668
2010-06-24,121.30000305175781,63.6837272644043,15.726774215698242,8.787982940673828,8.747838020324707,17.34229278564453,22.283842086791992
2010-06-25,122.76000213623047,63.94192886352539,15.77184772491455,9.02849292755127,8.739701271057129,17.163232803344727,22.384145736694336
2010-06-28,121.08999633789062,64.54228210449219,15.558507919311523,8.942156791687012,8.755974769592285,17.30913543701172,22.345561981201172
2010-06-29,121.2699966430664,65.24596405029297,15.044702529907227,8.621476173400879,8.43047046661377,17.03059196472168,21.936622619628906
2010-06-30,121.68000030517578,65.6849365234375,14.92751693725586,8.51663875579834,8.300272941589355,16.911224365234375,21.7591552734375
2010-07-01,117.04000091552734,65.7885513305664,14.87342643737793,8.436460494995117,8.267724990844727,16.94438362121582,21.57396697998047
2010-07-02,118.48999786376953,65.26409912109375,14.837379455566406,8.337791442871094,8.25551700592041,16.878067016601562,21.627979278564453
2010-07-06,116.51000213623047,65.80147552490234,14.981596946716309,8.387130737304688,8.33689022064209,16.9775390625,21.73600196838379
2010-07-07,117.7300033569336,65.03096008300781,15.510436058044434,8.757144927978516,8.605430603027344,17.302499771118164,22.160377502441406
2010-07-08,117.20999908447266,64.61650085449219,15.729782104492188,8.824981689453125,8.658326148986816,17.561145782470703,22.345561981201172
2010-07-09,118.36000061035156,64.2474594116211,15.810912132263184,8.948326110839844,8.703083992004395,17.561145782470703,22.399580001831055
2010-07-12,117.33999633789062,64.22151184082031,15.768836975097656,8.960658073425293,8.74377155303955,17.620826721191406,22.361000061035156
2010-07-13,118.36000061035156,63.67110824584961,15.95814037322998,9.182669639587402,8.86989974975586,17.779996871948242,22.53074836730957
2010-07-14,118.30000305175781,64.31219482421875,15.940110206604004,9.114838600158691,8.922799110412598,17.78662109375,22.53074836730957
2010-07-15,118.2300033569336,64.95323181152344,15.922079086303711,9.096335411071777,8.951273918151855,17.839679718017578,22.600194931030273
2010-07-16,116.66999816894531,65.2705078125,15.54348087310791,8.713979721069336,8.69494342803955,17.587671279907227,22.1295166015625
2010-07-19,115.7300033569336,64.86902618408203,15.642643928527832,8.70781421661377,8.780388832092285,17.620826721191406,22.229825973510742
2010-07-20,116.6500015258789,64.96620178222656,16.000207901000977,8.80031681060791,8.837347030639648,17.833044052124023,22.16809844970703
2010-07-21,115.8499984741211,66.06697845458984,15.738797187805176,8.658476829528809,8.731561660766602,17.64072608947754,21.805444717407227
2010-07-22,116.86000061035156,65.30288696289062,16.08734130859375,8.911323547363281,8.967550277709961,17.839679718017578,21.9443359375
2010-07-23,116.08999633789062,64.61003875732422,16.159456253051758,8.979159355163574,9.028583526611328,18.005474090576172,21.936622619628906
2010-07-26,115.5199966430664,64.49993133544922,16.30068588256836,9.102500915527344,9.085545539855957,18.098329544067383,22.252967834472656
2010-07-27,113.51000213623047,63.87834548950195,16.222558975219727,9.127165794372559,9.109957695007324,18.164642333984375,22.276121139526367
2010-07-28,113.77999877929688,64.08557891845703,16.186500549316406,9.0469970703125,9.036717414855957,18.065155029296875,21.975200653076172
2010-07-29,114.29000091552734,64.06611633300781,16.210533142089844,9.077831268310547,8.955343246459961,17.846315383911133,21.959760665893555
2010-07-30,115.48999786376953,65.06332397460938,16.177488327026367,9.071664810180664,8.918722152709961,17.892732620239258,22.044641494750977
2010-08-02,115.54000091552734,64.1499252319336,16.74237823486328,9.299846649169922,9.10588550567627,18.098329544067383,22.46131134033203
2010-08-03,115.98999786376953,64.520263671875,16.73636817932129,9.195006370544434,9.057064056396484,17.93915557861328,22.646488189697266
2010-08-04,116.72000122070312,64.02650451660156,16.865570068359375,9.232007026672363,9.130297660827637,18.005474090576172,22.870254516601562
2010-08-05,116.9800033569336,64.32536315917969,16.91965103149414,9.195006370544434,9.089614868164062,17.925888061523438,22.877973556518555
2010-08-06,117.83999633789062,65.02693939208984,16.718334197998047,9.114838600158691,9.065201759338379,17.96568489074707,22.92426872253418
2010-08-09,117.4000015258789,64.7865982055664,16.787445068359375,9.16417407989502,9.126230239868164,18.058536529541016,22.98599624633789
2010-08-10,117.7300033569336,64.92295837402344,16.64923095703125,9.084000587463379,9.03265380859375,18.098329544067383,23.04000473022461
2010-08-11,117.33999633789062,65.7934799194336,16.1534423828125,8.76331615447998,8.817008018493652,17.799888610839844,22.44587516784668
2010-08-12,118.7699966430664,65.631103515625,16.057296752929688,8.701645851135254,8.69494342803955,17.779996871948242,22.538461685180664
2010-08-13,118.73999786376953,66.44966888427734,16.030250549316406,8.67697811126709,8.654260635375977,17.773361206054688,22.453596115112305
2010-08-16,119.7300033569336,68.11257934570312,16.027240753173828,8.65230941772461,8.670531272888184,17.753467559814453,22.337854385375977
2010-08-17,119.75,67.72286987304688,16.294673919677734,8.720148086547852,8.764111518859863,17.925888061523438,22.646488189697266
2010-08-18,120.22000122070312,67.90478515625,16.138425827026367,8.757144927978516,8.812936782836914,17.93915557861328,22.615625381469727
2010-08-19,120.38999938964844,68.96366882324219,15.877017974853516,8.553635597229004,8.707148551940918,17.7269344329834,22.198963165283203
2010-08-20,119.97000122070312,68.88565063476562,15.681705474853516,8.528969764709473,8.686809539794922,17.7269344329834,22.12180519104004
2010-08-23,119.77999877929688,68.898681640625,15.687716484069824,8.473464012145996,8.609498977661133,17.766733169555664,22.22211456298828
2010-08-24,120.36000061035156,70.00300598144531,15.444334983825684,8.331626892089844,8.491504669189453,17.680511474609375,21.74372100830078
2010-08-25,121.36000061035156,69.7756576538086,15.396248817443848,8.356292724609375,8.544397354125977,17.72030258178711,21.959760665893555
2010-08-26,120.95999908447266,70.43177795410156,15.258044242858887,8.288454055786133,8.458954811096191,17.587671279907227,21.82087516784668
2010-08-27,121.01000213623047,68.43742370605469,15.6546630859375,8.46729850769043,8.56067943572998,17.700416564941406,22.044641494750977
2010-08-30,120.91000366210938,69.74964141845703,15.426309585571289,8.288454055786133,8.44675064086914,17.547882080078125,21.76686668395996
2010-08-31,122.08000183105469,70.52273559570312,15.384232521057129,8.362459182739258,8.418270111083984,17.561145782470703,21.681995391845703
2010-09-01,121.69000244140625,69.06454467773438,15.95814037322998,8.683144569396973,8.6339111328125,17.87283706665039,22.183536529541016
2010-09-02,122.29000091552734,68.33478546142578,16.09034538269043,8.769479751586914,8.71121883392334,17.985578536987305,22.29927635192871
2010-09-03,121.86000061035156,67.48782348632812,16.28565216064453,8.95449161529541,8.84142017364502,18.098329544067383,22.507604598999023
2010-09-07,122.69999694824219,68.86903381347656,16.04227638244629,8.750978469848633,8.768179893493652,18.025373458862305,22.376432418823242
2010-09-08,122.70999908447266,68.3217544555664,16.18048858642578,8.837318420410156,8.817008018493652,18.104957580566406,22.4998836517334
2010-09-09,121.55999755859375,66.97307586669922,16.21354103088379,8.948326110839844,8.84142017364502,18.164642333984375,22.739086151123047
2010-09-10,121.7300033569336,66.66682434082031,16.381807327270508,8.960658073425293,8.845488548278809,18.250856399536133,22.970565795898438
2010-09-13,121.62000274658203,66.99263763427734,16.514013290405273,9.151839256286621,9.004170417785645,18.2707462310791,23.024578094482422
2010-09-14,124.0199966430664,67.6376724243164,16.45692253112793,9.071664810180664,9.040791511535645,18.303911209106445,23.10173797607422
2010-09-15,123.94000244140625,66.63426208496094,16.423873901367188,9.102500915527344,9.09775161743164,18.429916381835938,23.31778335571289
2010-09-16,124.62999725341797,65.97618865966797,16.348758697509766,9.077831268310547,9.150642395019531,18.449806213378906,23.22519302368164
2010-09-17,124.54000091552734,66.2433090209961,16.266950607299805,9.030237197875977,9.200055122375488,18.401046752929688,23.220529556274414
2010-09-20,124.87000274658203,66.62773132324219,16.541641235351562,9.203304290771484,9.334807395935059,18.601421356201172,23.53076934814453
2010-09-21,126.01000213623047,67.55289459228516,16.553712844848633,9.11677360534668,9.318473815917969,18.568029403686523,23.546274185180664
2010-09-22,126.19999694824219,68.15890502929688,16.432973861694336,8.96843147277832,9.273555755615234,18.601421356201172,23.58506202697754
2010-09-23,126.30000305175781,68.35438537597656,16.330347061157227,8.795369148254395,9.261307716369629,18.481199264526367,23.460962295532227
2010-09-24,126.69000244140625,67.43568420410156,16.68351173400879,9.030237197875977,9.440983772277832,18.728330612182617,23.778949737548828
2010-09-27,126.72000122070312,68.60846710205078,16.620121002197266,8.931344032287598,9.445063591003418,18.621463775634766,23.600568771362305
2010-09-28,127.8499984741211,69.07756042480469,16.737844467163086,8.949889183044434,9.457314491271973,18.741683959960938,23.79446029663086
2010-09-29,127.94999694824219,68.7908935546875,16.915943145751953,8.881900787353516,9.436896324157715,18.688251495361328,23.709144592285156
2010-09-30,127.91000366210938,68.74530792236328,16.921981811523438,8.869542121887207,9.400142669677734,18.621463775634766,23.647106170654297
2010-10-01,128.91000366210938,68.41304779052734,17.14836883544922,8.962252616882324,9.404226303100586,18.654857635498047,23.647106170654297
2010-10-04,128.4600067138672,68.58964538574219,16.93405532836914,8.90044116973877,9.326642990112305,18.601421356201172,23.4144287109375
2010-10-05,130.99000549316406,68.1776351928711,17.332500457763672,9.104406356811523,9.510397911071777,18.775089263916016,23.848751068115234
2010-10-06,131.80999755859375,69.03434753417969,17.4864444732666,9.098228454589844,9.465478897094727,18.855234146118164,23.755680084228516
2010-10-07,130.3699951171875,68.45882415771484,17.39891242980957,9.06114387512207,9.465478897094727,18.788440704345703,23.802217483520508
2010-10-08,131.66000366210938,68.15802764892578,17.616243362426758,9.085866928100586,9.518561363220215,18.828523635864258,23.864259719848633
2010-10-11,132.2899932861328,68.17105865478516,17.66454315185547,9.073504447937012,9.534899711608887,18.84855079650879,23.87977409362793
2010-10-12,131.9600067138672,67.49746704101562,17.63737678527832,9.178581237792969,9.592071533203125,18.895313262939453,23.93406105041504
2010-10-13,134.07000732421875,67.39286804199219,17.8516902923584,9.18476390838623,9.66965389251709,19.055612564086914,24.104690551757812
2010-10-14,134.75,66.38573455810547,17.82452964782715,9.024059295654297,9.673734664916992,19.062288284301758,24.058155059814453
2010-10-15,133.67999267578125,65.57478332519531,17.872817993164062,8.869542121887207,9.837076187133789,19.109033584594727,24.158977508544922
2010-10-18,134.27999877929688,66.10452270507812,17.921119689941406,9.0673246383667,9.902409553527832,19.17582893371582,24.38389015197754
2010-10-19,130.11000061035156,66.50345611572266,17.564931869506836,8.943708419799805,9.726819038391113,18.942060470581055,23.92630958557129
2010-10-20,131.32000732421875,66.64734649658203,17.79132080078125,9.030237197875977,9.808490753173828,19.109033584594727,24.151229858398438
2010-10-21,129.47000122070312,65.85601806640625,17.782262802124023,9.030237197875977,9.816658020019531,19.17582893371582,24.21326446533203
2010-10-22,129.72999572753906,66.30072784423828,17.899991989135742,9.024059295654297,9.845246315002441,19.242624282836914,24.221023559570312
2010-10-25,130.85000610351562,66.49034881591797,17.948284149169922,8.993149757385254,9.873827934265137,19.289379119873047,24.352874755859375
2010-10-26,130.8800048828125,65.4636459350586,17.98451042175293,9.005516052246094,9.898327827453613,19.182512283325195,24.283071517944336
2010-10-27,129.52000427246094,64.88810729980469,17.909046173095703,9.01169490814209,9.926911354064941,19.082324981689453,24.13571548461914
2010-10-28,131.24000549316406,65.06468200683594,17.869802474975586,9.01169490814209,9.926911354064941,19.14911460876465,24.275312423706055
2010-10-29,132.6199951171875,65.67288208007812,17.881885528564453,8.9993314743042,9.943244934082031,19.215906143188477,24.17449378967285
2010-11-01,131.9199981689453,65.39006042480469,17.90300941467285,8.9993314743042,9.951412200927734,19.135759353637695,24.17449378967285
2010-11-02,132.49000549316406,66.2495346069336,18.099220275878906,9.024059295654297,10.04941463470459,19.249305725097656,24.40715980529785
2010-11-03,131.57000732421875,64.8980484008789,18.138452529907227,9.110591888427734,10.106584548950195,19.309415817260742,24.422677993774414
2010-11-04,136.02999877929688,65.4031982421875,18.71500015258789,9.413451194763184,10.257674217224121,19.543182373046875,24.53900146484375
2010-11-05,136.3800048828125,64.28134155273438,18.808570861816406,9.629779815673828,10.249505043029785,19.442996978759766,24.391651153564453
2010-11-08,137.77999877929688,64.57000732421875,18.86592674255371,9.555611610412598,10.257674217224121,19.40960121154785,24.329605102539062
2010-11-09,135.58999633789062,63.1463623046875,18.82969856262207,9.376367568969727,10.229087829589844,19.309415817260742,24.228784561157227
2010-11-10,137.24000549316406,63.23166275024414,19.07118034362793,9.48144245147705,10.237255096435547,19.249305725097656,24.221023559570312
2010-11-11,137.66000366210938,63.1988410949707,19.282482147216797,9.388733863830566,10.082083702087402,19.26934242248535,24.29081916809082
2010-11-12,133.69000244140625,62.85768127441406,18.998741149902344,9.234204292297363,9.939167022705078,19.17582893371582,23.98835563659668
2010-11-15,132.4199981689453,61.54554748535156,18.90214729309082,9.277475357055664,9.9105806350708,19.182512283325195,23.99610710144043
2010-11-16,130.97000122070312,63.074241638183594,18.548973083496094,9.122950553894043,9.73090648651123,18.96878433227539,23.647106170654297
2010-11-17,130.3800048828125,62.72650146484375,18.624441146850586,9.06114387512207,9.734989166259766,18.975454330444336,23.68588638305664
2010-11-18,132.08999633789062,62.982337951660156,19.03495979309082,9.18476390838623,9.898327827453613,19.22926902770996,24.019371032714844
2010-11-19,132.1999969482422,63.36943054199219,19.1949462890625,9.18476390838623,9.926911354064941,19.242624282836914,24.042640686035156
2010-11-22,133.47999572753906,63.63841247558594,19.13456916809082,9.048781394958496,9.984084129333496,19.242624282836914,24.05040168762207
2010-11-23,134.41000366210938,63.953346252441406,18.760276794433594,8.906620979309082,9.837076187133789,19.01553726196289,23.701387405395508
2010-11-24,134.17999267578125,62.8117790222168,19.098346710205078,9.04259967803955,10.000414848327637,19.162473678588867,23.92630958557129
2010-11-26,133.11000061035156,63.6843147277832,18.86894416809082,8.912801742553711,9.902409553527832,19.035568237304688,23.716901779174805
2010-11-29,133.50999450683594,64.22887420654297,18.995729446411133,8.986974716186523,9.877908706665039,19.002172470092773,23.693639755249023
2010-11-30,135.4199981689453,64.5634536743164,18.929319381713867,8.937525749206543,9.779909133911133,18.915348052978516,23.476476669311523
2010-12-01,135.3800048828125,63.12828063964844,19.49076271057129,9.11677360534668,9.988162994384766,19.22258949279785,23.92630958557129
2010-12-02,135.1999969482422,62.96370315551758,19.78054428100586,9.351646423339844,10.106584548950195,19.235939025878906,24.11244010925293
2010-12-03,138.07000732421875,62.46993637084961,19.868080139160156,9.382550239562988,10.131083488464355,19.242624282836914,24.11244010925293
2010-12-06,139.11000061035156,63.352081298828125,19.934486389160156,9.370187759399414,10.131083488464355,19.195871353149414,23.957326889038086
2010-12-07,136.5,61.9959602355957,19.859025955200195,9.382550239562988,10.14333724975586,19.302738189697266,23.972843170166016
2010-12-08,134.7899932861328,61.39680862426758,19.765453338623047,9.537071228027344,10.229087829589844,19.376205444335938,23.99610710144043
2010-12-09,135.3699951171875,61.6996955871582,19.810728073120117,9.654504776000977,10.237255096435547,19.429643630981445,24.034889221191406
2010-12-10,135.41000366210938,61.32447052001953,19.892229080200195,9.741037368774414,10.28625774383545,19.463035583496094,24.267555236816406
2010-12-13,136.0500030517578,61.55485916137695,20.06127166748047,9.734855651855469,10.265840530395508,19.463035583496094,24.30634117126465
2010-12-14,136.17999267578125,60.65947723388672,19.96769142150879,9.648326873779297,10.282177925109863,19.556547164916992,24.554515838623047
2010-12-15,134.6999969482422,59.86952209472656,19.859025955200195,9.567975997924805,10.241345405578613,19.576580047607422,24.476966857910156
2010-12-16,133.80999755859375,60.28424072265625,19.97071647644043,9.580334663391113,10.257674217224121,19.75023651123047,24.6475887298584
2010-12-17,134.1999969482422,61.38368225097656,19.977685928344727,9.633685111999512,10.278165817260742,19.781232833862305,24.68968391418457
2010-12-20,135.11000061035156,61.31781005859375,20.108062744140625,9.639883995056152,10.28636360168457,19.761028289794922,24.681884765625
2010-12-21,135.32000732421875,61.74580764770508,20.31119728088379,9.807374954223633,10.347831726074219,19.713855743408203,24.619518280029297
2010-12-22,135.0500030517578,61.30472183227539,20.380939483642578,9.919034957885742,10.33553695678711,19.80144500732422,24.68968391418457
2010-12-23,134.66000366210938,61.17960739135742,20.438541412353516,9.844594955444336,10.331436157226562,19.808181762695312,24.674083709716797
2010-12-27,135.02000427246094,61.72603225708008,20.365781784057617,9.931437492370605,10.351929664611816,19.713855743408203,24.627317428588867
2010-12-28,137.22000122070312,60.51715850830078,20.44157600402832,9.931437492370605,10.33963680267334,19.767757415771484,24.64290428161621
2010-12-29,137.7100067138672,61.54108428955078,20.644718170166016,9.912834167480469,10.360126495361328,19.774499893188477,24.650714874267578
2010-12-30,137.02999877929688,61.49477767944336,20.662912368774414,9.881815910339355,10.33553695678711,19.74081802368164,24.56494903564453
2010-12-31,138.72000122070312,62.17525100708008,20.6932315826416,9.8942232131958,10.3232421875,19.747539520263672,24.557151794433594
2011-01-03,138.0,61.70622253417969,20.847864151000977,10.111335754394531,10.437990188598633,19.774499893188477,24.783231735229492
2011-01-04,134.75,61.77886199951172,20.668977737426758,10.098929405212402,10.478974342346191,19.720598220825195,24.861194610595703
2011-01-05,134.3699951171875,60.41805648803711,20.750835418701172,10.216793060302734,10.540444374084473,19.72733497619629,24.9157657623291
2011-01-06,133.8300018310547,60.6822624206543,20.553760528564453,10.148555755615234,10.601916313171387,19.659961700439453,25.017108917236328
2011-01-07,133.5800018310547,61.00597381591797,20.702327728271484,10.0617094039917,10.552740097045898,19.558897018432617,25.001523971557617
2011-01-10,134.1199951171875,61.336246490478516,20.62046241760254,10.036897659301758,10.560935974121094,19.572370529174805,24.931358337402344
2011-01-11,134.91000366210938,60.99277114868164,20.963077545166016,10.074113845825195,10.54454231262207,19.558897018432617,25.05608558654785
2011-01-12,135.4600067138672,60.51715850830078,21.25111198425293,10.241604804992676,10.638798713684082,19.720598220825195,25.188629150390625
2011-01-13,134.0500030517578,61.0588264465332,21.190479278564453,10.210583686828613,10.630603790283203,19.761028289794922,25.05608558654785
2011-01-14,132.69000244140625,60.66905975341797,21.42090606689453,10.371870994567871,10.724865913391113,19.761028289794922,25.0872745513916
2011-01-18,133.42999267578125,60.38500213623047,21.554311752319336,10.309842109680176,10.737156867980957,19.774499893188477,25.18082618713379
2011-01-19,133.72000122070312,60.82102584838867,21.293563842773438,10.080320358276367,10.659290313720703,19.734073638916016,25.00931739807129
2011-01-20,131.1999969482422,59.98206329345703,21.141963958740234,10.129944801330566,10.601916313171387,19.83513832092285,25.07168197631836
2011-01-21,131.02999877929688,60.45766830444336,21.254148483276367,10.210583686828613,10.540444374084473,19.868818283081055,25.095073699951172
2011-01-24,130.36000061035156,60.484066009521484,21.332979202270508,10.198182106018066,10.687979698181152,19.902509689331055,25.063892364501953
2011-01-25,130.10000610351562,61.0588264465332,21.272340774536133,10.179572105407715,10.737156867980957,19.969881057739258,25.063892364501953
2011-01-26,131.16000366210938,60.133968353271484,21.78171730041504,10.173370361328125,10.798625946044922,19.91598129272461,25.03270149230957
2011-01-27,127.93000030517578,60.40480041503906,21.654369354248047,10.260215759277344,10.835512161254883,19.713855743408203,25.095073699951172
2011-01-28,130.27999877929688,60.721893310546875,21.560375213623047,10.080320358276367,10.58552074432373,19.52520751953125,24.64290428161621
2011-01-31,129.8699951171875,60.25947570800781,22.17889976501465,10.173370361328125,10.65109634399414,19.457828521728516,24.69747543334961
2011-02-01,130.8000030517578,59.96119689941406,22.539709091186523,10.384278297424316,10.831416130065918,19.599319458007812,25.141855239868164
2011-02-02,130.4499969482422,59.97440719604492,22.52151107788086,10.303637504577637,10.851902961730957,19.52520751953125,25.05608558654785
2011-02-03,132.1999969482422,59.47723388671875,22.53364372253418,10.309842109680176,10.868294715881348,19.626264572143555,25.0872745513916
2011-02-04,131.66000366210938,58.87400817871094,22.476036071777344,10.303637504577637,10.937965393066406,19.74081802368164,25.20421600341797
2011-02-07,131.67999267578125,59.17893981933594,22.606407165527344,10.452513694763184,10.991243362426758,19.767757415771484,25.165239334106445
2011-02-08,133.13999938964844,58.635353088378906,22.530603408813477,10.52695369720459,11.036320686340332,19.862083435058594,25.235395431518555
2011-02-09,133.07000732421875,59.14578628540039,22.24560546875,10.452513694763184,11.015829086303711,19.895767211914062,25.18082618713379
2011-02-10,132.85000610351562,58.462982177734375,22.473005294799805,10.452513694763184,10.966651916503906,19.8216609954834,25.188629150390625
2011-02-11,132.32000732421875,59.30488967895508,22.469970703125,10.595190048217773,11.024028778076172,19.92945098876953,25.243194580078125
2011-02-14,132.9499969482422,59.34465026855469,22.964176177978516,10.601395606994629,11.040419578552246,19.841869354248047,25.328943252563477
2011-02-15,133.97000122070312,59.60983657836914,22.72464942932129,10.5889892578125,10.99943733215332,19.83513832092285,25.274375915527344
2011-02-16,134.10000610351562,59.417564392089844,23.027849197387695,10.644816398620605,11.06091022491455,19.8890323638916,25.40691375732422
2011-02-17,135.0399932861328,59.5103874206543,23.2552547454834,10.632413864135742,11.081401824951172,20.023784637451172,25.516048431396484
2011-02-18,135.41000366210938,59.32476806640625,23.352270126342773,10.657222747802734,11.065010070800781,20.077682495117188,25.578420639038086
2011-02-22,136.2899932861328,60.21308135986328,23.124874114990234,10.328449249267578,10.794533729553223,19.93619155883789,25.188629150390625
2011-02-23,137.50999450683594,60.4318733215332,23.594833374023438,10.285027503967285,10.667487144470215,19.8890323638916,24.94694709777832
2011-02-24,136.47999572753906,60.816341400146484,23.26131820678711,10.260215759277344,10.704367637634277,19.808181762695312,25.03270149230957
2011-02-25,137.3800048828125,61.1743049621582,23.6312198638916,10.402888298034668,10.839613914489746,19.909250259399414,25.188629150390625
2011-02-28,137.66000366210938,61.2538948059082,23.813135147094727,10.452513694763184,10.884689331054688,20.023784637451172,25.46927261352539
2011-03-01,140.02999877929688,61.43144226074219,23.367446899414062,10.229198455810547,10.675684928894043,19.868818283081055,25.266586303710938
2011-03-02,139.9199981689453,60.487091064453125,23.500835418701172,10.167166709899902,10.741252899169922,19.81491470336914,25.34453773498535
2011-03-03,138.08999633789062,59.895233154296875,23.90409278869629,10.37807846069336,10.913376808166504,20.01704216003418,25.86686134338379
2011-03-04,139.35000610351562,60.3939323425293,23.75249481201172,10.247812271118164,10.827316284179688,19.92945098876953,25.82788848876953
2011-03-07,139.72000122070312,60.00822830200195,23.58572769165039,10.179572105407715,10.687979698181152,19.87555503845215,25.632986068725586
2011-03-08,139.36000061035156,59.6424446105957,23.391685485839844,10.402888298034668,10.77813720703125,20.05072593688965,25.7733097076416
2011-03-09,139.41000366210938,60.221038818359375,23.230993270874023,10.402888298034668,10.733059883117676,20.151792526245117,25.812299728393555
2011-03-10,137.77000427246094,61.231929779052734,22.38507080078125,10.191977500915527,10.532247543334961,20.01704216003418,25.40691375732422
2011-03-11,138.22000122070312,60.88613510131836,22.773164749145508,10.260215759277344,10.573234558105469,20.030517578125,25.492660522460938
2011-03-14,138.86000061035156,60.85954284667969,22.897476196289062,10.167166709899902,10.524051666259766,19.8890323638916,25.367929458618164
2011-03-15,136.27000427246094,61.77058792114258,22.72464942932129,10.049301147460938,10.368325233459473,19.713855743408203,25.07168197631836
2011-03-16,136.24000549316406,62.46894073486328,22.360816955566406,9.863204002380371,10.114237785339355,19.430889129638672,24.63511085510254
2011-03-17,136.97000122070312,61.990135192871094,23.04301643371582,9.981070518493652,10.22079086303711,19.52520751953125,24.92356300354004
2011-03-18,138.3699951171875,62.156349182128906,22.93501091003418,10.119141578674316,10.238883018493652,19.683757781982422,25.037120819091797
2011-03-21,139.13999938964844,61.79056930541992,23.63167381286621,10.168895721435547,10.411581993103027,19.927690505981445,25.248565673828125
2011-03-22,139.0500030517578,61.99675369262695,23.5799560546875,10.112918853759766,10.395139694213867,19.900590896606445,25.232900619506836
2011-03-23,140.33999633789062,61.9169807434082,23.64080047607422,10.088044166564941,10.452709197998047,19.934465408325195,25.217235565185547
2011-03-24,139.22000122070312,61.45142364501953,23.725982666015625,10.137796401977539,10.6171875,20.117412567138672,25.51483154296875
2011-03-25,139.25999450683594,61.298458099365234,23.938932418823242,10.162680625915527,10.64185619354248,20.117412567138672,25.58531379699707
2011-03-28,138.5399932861328,61.38487243652344,23.881128311157227,10.13158130645752,10.6171875,20.110647201538086,25.577489852905273
2011-03-29,138.2100067138672,60.91270065307617,24.173181533813477,10.150238037109375,10.691198348999023,20.20549774169922,25.726282119750977
2011-03-30,138.6699981689453,61.39815902709961,24.34050178527832,10.23108959197998,10.736431121826172,20.313913345336914,25.914236068725586
2011-03-31,139.86000061035156,61.271854400634766,24.261402130126953,10.193775177001953,10.715874671936035,20.27326774597168,25.92989730834961
2011-04-01,139.1999969482422,61.5697021484375,24.33441925048828,10.280850410461426,10.695313453674316,20.374895095825195,26.063034057617188
2011-04-04,139.83999633789062,61.63648986816406,24.349637985229492,10.268410682678223,10.658304214477539,20.41554832458496,26.219669342041016
2011-04-05,142.0500030517578,61.38938903808594,24.422639846801758,10.262185096740723,10.64185619354248,20.435876846313477,26.102197647094727
2011-04-06,142.3800048828125,60.46774673461914,24.167102813720703,10.380359649658203,10.719985961914062,20.53074836730957,26.157014846801758
2011-04-07,142.50999450683594,60.347503662109375,24.167102813720703,10.330604553222656,10.724099159240723,20.55784797668457,26.110023498535156
2011-04-08,143.66000366210938,60.02693176269531,24.252286911010742,10.237310409545898,10.662419319152832,20.496864318847656,26.094364166259766
2011-04-11,142.63999938964844,60.08039093017578,23.774662017822266,10.237310409545898,10.645966529846191,20.60527229309082,26.2431583404541
2011-04-12,141.61000061035156,60.72822570800781,23.03844451904297,10.199994087219238,10.559618949890137,20.67304039001465,26.211835861206055
2011-04-13,141.89999389648438,61.10886001586914,23.132761001586914,10.125360488891602,10.625411987304688,20.686586380004883,26.188343048095703
2011-04-14,143.80999755859375,61.0621337890625,23.290950775146484,10.032069206237793,10.604852676391602,20.808555603027344,26.32930564880371
2011-04-15,145.0500030517578,61.89028549194336,23.482608795166016,10.038290023803711,10.584290504455566,20.896642684936523,26.564245223999023
2011-04-18,145.92999267578125,62.03050994873047,23.132761001586914,9.901458740234375,10.489713668823242,20.781444549560547,26.266651153564453
2011-04-19,145.92999267578125,62.297664642333984,23.36699676513672,9.9325532913208,10.518495559692383,20.822097778320312,26.48593521118164
2011-04-20,146.5,61.896915435791016,23.91764259338379,9.95743465423584,10.740544319152832,20.930509567260742,26.744384765625
2011-04-21,146.74000549316406,61.843509674072266,24.027164459228516,10.013409614562988,10.835121154785156,20.93729019165039,26.82267951965332
2011-04-25,146.8699951171875,62.077293395996094,23.902427673339844,10.000972747802734,10.84334945678711,20.883079528808594,26.854015350341797
2011-04-26,146.3800048828125,62.678314208984375,24.13972282409668,10.063164710998535,10.933810234069824,21.025379180908203,27.167266845703125
2011-04-27,149.1999969482422,62.03721237182617,24.127553939819336,10.125360488891602,10.999602317810059,21.160892486572266,27.47269630432129
2011-04-28,149.82000732421875,62.51139831542969,24.1245059967041,10.20621395111084,11.00370979309082,21.29640769958496,27.61366081237793
2011-04-29,152.3699951171875,62.705074310302734,24.483482360839844,10.187554359436035,10.995488166809082,21.357397079467773,27.597993850708008
2011-05-02,150.41000366210938,62.805660247802734,24.157974243164062,10.144014358520508,10.954367637634277,21.384498596191406,27.879928588867188
2011-05-03,149.8800048828125,63.161163330078125,23.552576065063477,10.187554359436035,10.95848274230957,21.438701629638672,27.809450149536133
2011-05-04,147.72999572753906,63.44286346435547,23.135799407958984,10.100481986999512,10.92558479309082,21.411598205566406,27.78595542907715
2011-05-05,143.47000122070312,64.04649353027344,22.655139923095703,9.96987247467041,10.868022918701172,21.248979568481445,27.605819702148438
2011-05-06,145.3000030517578,63.764793395996094,22.755537033081055,10.019627571105957,10.88857650756836,21.303186416625977,27.801616668701172
2011-05-09,147.3800048828125,63.697731018066406,23.154052734375,9.9947509765625,10.933810234069824,21.377714157104492,27.958240509033203
2011-05-10,147.89999389648438,63.241607666015625,23.263572692871094,10.088044166564941,11.032496452331543,21.506452560424805,28.13053321838379
2011-05-11,146.5399932861328,63.6038703918457,22.591243743896484,9.951211929321289,10.933810234069824,21.465805053710938,28.083541870117188
2011-05-12,146.58999633789062,63.201416015625,22.557783126831055,9.951211929321289,11.016050338745117,21.784271240234375,28.341989517211914
2011-05-13,145.6300048828125,63.771488189697266,22.448261260986328,9.808165550231934,10.880354881286621,21.757165908813477,28.25583839416504
2011-05-16,145.3699951171875,64.12696838378906,22.277910232543945,9.79572582244873,10.724099159240723,21.763944625854492,28.302837371826172
2011-05-17,144.74000549316406,64.78425598144531,22.277910232543945,9.870362281799316,10.724099159240723,21.811363220214844,28.302837371826172
2011-05-18,145.60000610351562,63.925777435302734,22.728147506713867,9.913896560668945,10.802226066589355,21.845245361328125,28.522104263305664
2011-05-19,145.64999389648438,63.898929595947266,22.73118782043457,9.913896560668945,10.822787284851074,21.96721076965332,28.45945167541504
2011-05-20,147.49000549316406,63.932525634765625,22.703811645507812,9.777067184448242,10.7611083984375,21.899459838867188,28.22451400756836
2011-05-23,147.8300018310547,64.24100494384766,22.350914001464844,9.640237808227539,10.608963012695312,21.750385284423828,27.93475914001465
2011-05-24,148.58999633789062,64.48249816894531,22.66729736328125,9.627799987792969,10.576067924499512,21.730058670043945,27.856443405151367
2011-05-25,148.5800018310547,64.18060302734375,23.050617218017578,9.634017944335938,10.608963012695312,21.5877685546875,27.895599365234375
2011-05-26,148.22000122070312,64.73062133789062,23.166221618652344,9.683775901794434,10.678862571716309,21.62164878845215,27.93475914001465
2011-05-27,149.6999969482422,64.70381927490234,23.22402572631836,9.752190589904785,10.73232650756836,21.709739685058594,27.95041275024414
2011-05-31,149.63999938964844,64.8513412475586,23.45826530456543,9.851703643798828,10.880354881286621,21.892684936523438,28.27933692932129
2011-06-01,149.91000366210938,65.7278060913086,22.898502349853516,9.52206802368164,10.654191970825195,21.669071197509766,27.887754440307617
2011-06-02,149.5,64.47572326660156,22.88937759399414,9.528286933898926,10.662419319152832,21.418367385864258,27.825115203857422
2011-06-03,150.22000122070312,64.84601593017578,22.895471572875977,9.466094017028809,10.502049446105957,21.2150936126709,27.5588321685791
2011-06-06,150.47999572753906,64.35456085205078,22.3782958984375,9.285724639892578,10.423925399780273,21.106679916381836,27.394386291503906
2011-06-07,150.4199981689453,64.65074157714844,22.3782958984375,9.26706600189209,10.391029357910156,21.059253692626953,27.449190139770508
2011-06-08,149.80999755859375,65.15563201904297,22.445215225219727,9.179993629455566,10.321125030517578,21.072799682617188,27.48052215576172
2011-06-09,150.55999755859375,64.89309692382812,22.749441146850586,9.285724639892578,10.329345703125,21.18799591064453,27.770294189453125
2011-06-10,149.24000549316406,65.3912124633789,22.308324813842773,9.223532676696777,10.18542766571045,20.944068908691406,27.26125144958496
2011-06-13,147.77000427246094,65.0613784790039,21.955425262451172,9.31682300567627,10.193650245666504,21.038925170898438,27.394386291503906
2011-06-14,148.6699981689453,64.07853698730469,22.42392921447754,9.366583824157715,10.321125030517578,21.262531280517578,27.629318237304688
2011-06-15,149.1199951171875,65.24309539794922,21.909799575805664,9.161336898803711,10.12785816192627,20.944068908691406,27.2534122467041
2011-06-16,148.97000122070312,65.539306640625,21.943265914916992,9.211094856262207,10.103184700012207,21.113462448120117,27.300405502319336
2011-06-17,149.94000244140625,65.22967529296875,21.886768341064453,9.294108390808105,10.094106674194336,21.247886657714844,27.363361358642578
2011-06-20,150.02999877929688,65.31045532226562,21.94784164428711,9.287869453430176,10.13125991821289,21.404817581176758,27.63881492614746
2011-06-21,150.75999450683594,65.0210189819336,22.38448715209961,9.418947219848633,10.312912940979004,21.38434410095215,27.811952590942383
2011-06-22,150.99000549316406,65.0613784790039,22.320356369018555,9.36276912689209,10.238601684570312,21.247886657714844,27.64667320251465
2011-06-23,148.33999633789062,65.55950927734375,22.076091766357422,9.26913833618164,10.308784484863281,21.05682373046875,27.615198135375977
2011-06-24,146.25999450683594,65.2835464477539,21.65776824951172,9.21296501159668,10.13125991821289,20.886245727539062,27.292531967163086
2011-06-27,145.72999572753906,64.38822937011719,21.77379608154297,9.306591987609863,10.267497062683105,20.981767654418945,27.434192657470703
2011-06-28,146.24000549316406,63.86985397338867,22.40890121459961,9.350281715393066,10.395484924316406,21.022706985473633,27.819822311401367
2011-06-29,147.17999267578125,63.44575119018555,22.6715030670166,9.543781280517578,10.478049278259277,21.14552879333496,27.87491226196289
2011-06-30,146.0,63.34478759765625,23.007375717163086,9.581233024597168,10.610162734985352,21.309282302856445,27.961469650268555
2011-07-01,144.92999267578125,63.24344253540039,23.224159240722656,9.756003379821777,10.78355598449707,21.473054885864258,28.299869537353516
2011-07-05,147.6300048828125,63.385345458984375,23.367677688598633,9.668618202209473,10.800068855285645,21.466224670410156,28.221166610717773
2011-07-06,148.91000366210938,63.7095832824707,23.324918746948242,9.618684768676758,10.849615097045898,21.582225799560547,28.299869537353516
2011-07-07,149.14999389648438,63.52041244506836,23.67606544494629,9.774728775024414,10.98172378540039,21.732343673706055,28.284137725830078
2011-07-08,150.25,64.41877746582031,23.477596282958984,9.649890899658203,10.928054809570312,21.657285690307617,28.158214569091797
2011-07-11,151.58999633789062,65.38468933105469,22.921876907348633,9.387737274169922,10.7464017868042,21.500343322753906,27.772598266601562
2011-07-12,152.77000427246094,65.60758972167969,22.83637809753418,9.350281715393066,10.651447296142578,21.432109832763672,27.772598266601562
2011-07-13,154.13999938964844,65.78994750976562,23.007375717163086,9.356525421142578,10.67621898651123,21.432109832763672,27.882770538330078
2011-07-14,154.5399932861328,64.85111999511719,22.854698181152344,9.287869453430176,10.585393905639648,21.336589813232422,27.835559844970703
2011-07-15,155.1999969482422,64.95912170410156,23.468441009521484,9.26913833618164,10.700986862182617,21.397993087768555,27.693885803222656
2011-07-18,156.57000732421875,64.3309326171875,23.38904571533203,9.144302368164062,10.663832664489746,21.26152992248535,27.48927879333496
2011-07-19,154.66000366210938,65.66838073730469,23.81652069091797,9.2566556930542,10.91979694366455,21.554931640625,27.73324203491211
2011-07-20,156.02000427246094,64.89158630371094,23.755456924438477,9.36276912689209,10.886773109436035,21.520811080932617,27.63881492614746
2011-07-21,154.8300018310547,64.39173126220703,24.222625732421875,9.587475776672363,10.936312675476074,21.698219299316406,28.0559139251709
2011-07-22,156.1199951171875,64.87812042236328,24.34476089477539,9.562506675720215,11.031268119812012,21.657285690307617,28.00868797302246
2011-07-25,157.33999633789062,64.16889953613281,24.24705696105957,9.493847846984863,11.00236701965332,21.459407806396484,27.717506408691406
2011-07-26,157.77000427246094,64.60790252685547,24.13102149963379,9.481363296508789,11.051909446716309,21.404817581176758,27.497150421142578
2011-07-27,157.19000244140625,64.61467742919922,23.67606544494629,9.2566556930542,10.758787155151367,21.172826766967773,27.017087936401367
2011-07-28,157.32000732421875,64.85784149169922,23.57835578918457,9.262896537780762,10.742270469665527,21.172826766967773,26.993486404418945
2011-07-29,158.2899932861328,66.14120483398438,23.343246459960938,9.237931251525879,10.655576705932617,21.036357879638672,26.851831436157227
2011-08-01,157.72000122070312,66.8087387084961,23.309661865234375,9.2067232131958,10.647320747375488,20.9613037109375,26.395376205444336
2011-08-02,161.52000427246094,68.81480407714844,22.65928077697754,8.957048416137695,10.424383163452148,20.688371658325195,25.82874870300293
2011-08-03,161.49000549316406,68.95033264160156,22.53104019165039,9.00074291229248,10.531721115112305,20.770246505737305,25.875972747802734
2011-08-04,160.63999938964844,71.40364074707031,20.98602294921875,8.545088768005371,10.106491088867188,20.122026443481445,24.845020294189453
2011-08-05,161.75,69.3434066772461,20.78449249267578,8.382798194885254,10.044560432434082,20.40860939025879,25.033899307250977
2011-08-08,167.1199951171875,71.53238677978516,19.016578674316406,7.590085983276367,9.478960037231445,19.637571334838867,23.751117706298828
2011-08-09,168.61000061035156,71.7492446899414,19.9845027923584,8.176815032958984,9.91244888305664,20.11520767211914,24.616796493530273
2011-08-10,174.5800018310547,73.88406372070312,19.294437408447266,7.608808994293213,9.524373054504395,19.34417152404785,23.57797622680664
2011-08-11,170.75,70.15665435791016,20.29595947265625,8.033256530761719,9.887679100036621,19.917329788208008,24.656145095825195
2011-08-12,169.97000122070312,71.54594421386719,20.445571899414062,7.977077007293701,9.957863807678223,20.15614891052246,24.90010643005371
2011-08-15,171.8000030517578,70.82088470458984,21.135639190673828,8.232995986938477,10.135385513305664,20.442720413208008,25.31721305847168
2011-08-16,173.9199981689453,71.99320983886719,20.78449249267578,8.070708274841309,10.061075210571289,20.49049186706543,25.293598175048828
2011-08-17,174.4199981689453,73.25377655029297,20.866941452026367,8.120641708374023,10.015665054321289,20.62696075439453,25.31721305847168
2011-08-18,177.72000122070312,74.75833129882812,19.657787322998047,7.7274041175842285,9.52850341796875,20.258502960205078,24.483013153076172
2011-08-19,179.9499969482422,75.36146545410156,19.309707641601562,7.571359157562256,9.297309875488281,20.16297149658203,24.420053482055664
2011-08-22,184.58999633789062,75.17171478271484,19.153976440429688,7.477732181549072,9.346850395202637,20.224382400512695,24.404312133789062
2011-08-23,177.6699981689453,74.13481903076172,20.01808738708496,7.721161842346191,9.689515113830566,20.640609741210938,25.19915199279785
2011-08-24,171.64999389648438,72.02716827392578,20.137178421020508,7.927144527435303,9.776208877563477,20.72930908203125,25.490346908569336
2011-08-25,172.36000061035156,72.80645751953125,19.71275520324707,7.902177333831787,9.635843276977539,20.415433883666992,25.05750274658203
2011-08-26,177.47000122070312,73.52484893798828,20.094430923461914,7.9708356857299805,9.825751304626465,20.586017608642578,25.372303009033203
2011-08-29,173.88999938964844,72.50830841064453,20.680679321289062,8.301653861999512,10.07346248626709,20.9544734954834,26.017621994018555
2011-08-30,179.10000610351562,73.67393493652344,20.802820205688477,8.245477676391602,10.114744186401367,21.009061813354492,26.104190826416016
2011-08-31,177.72000122070312,72.53541564941406,20.958539962768555,8.351590156555176,10.089972496032715,21.077293395996094,26.28520393371582
2011-09-01,177.8699951171875,74.0729751586914,20.799758911132812,8.164335250854492,9.978507041931152,21.002243041992188,26.112060546875
2011-09-02,183.24000549316406,76.47935485839844,20.21961784362793,7.827273845672607,9.751443862915039,20.702007293701172,25.537569046020508
2011-09-06,182.89999389648438,77.27465057373047,19.99977684020996,7.689952850341797,9.706025123596191,20.620134353637695,25.600515365600586
2011-09-07,177.0800018310547,75.7995834350586,20.732585906982422,8.05822467803955,9.957863807678223,20.98859405517578,26.214366912841797
2011-09-08,181.80999755859375,76.47935485839844,20.491374969482422,7.883450984954834,9.908324241638184,20.93400764465332,25.931058883666992
2011-09-09,180.6999969482422,77.29505157470703,19.813522338867188,7.633774757385254,9.697772979736328,20.470016479492188,25.15981674194336
2011-09-12,176.6699981689453,77.37665557861328,19.908174514770508,7.721161842346191,9.813368797302246,20.49049186706543,25.246379852294922
2011-09-13,178.5399932861328,76.27545928955078,19.963136672973633,7.7710981369018555,9.92896556854248,20.565547943115234,25.506092071533203
2011-09-14,177.2100067138672,76.92121887207031,20.210451126098633,7.864725112915039,10.077589988708496,20.811185836791992,25.75005340576172
2011-09-15,174.39999389648438,75.7452163696289,20.610456466674805,8.06446647644043,10.238601684570312,21.05682373046875,25.986146926879883
2011-09-16,176.02999877929688,76.29582977294922,20.56570053100586,8.089529037475586,10.352152824401855,21.193578720092773,26.12619400024414
2011-09-19,173.30999755859375,77.75054931640625,20.24077033996582,7.870212554931641,10.327286720275879,21.01491355895996,25.880905151367188
2011-09-20,175.77999877929688,78.07676696777344,20.115083694458008,7.845149517059326,10.30241870880127,21.056137084960938,26.1182804107666
2011-09-21,173.58999633789062,80.65985107421875,19.278230667114258,7.456652641296387,10.149086952209473,20.623199462890625,25.414091110229492
2011-09-22,169.0500030517578,83.69158935546875,18.190021514892578,7.243607044219971,9.83413028717041,20.231489181518555,24.89979362487793
2011-09-23,159.8000030517578,82.13490295410156,17.99383544921875,7.31879997253418,9.94602108001709,20.272720336914062,24.90770149230957
2011-09-26,157.5800018310547,80.81622314453125,18.649826049804688,7.644636631011963,10.070345878601074,20.6644344329834,25.31914520263672
2011-09-27,160.6300048828125,79.57901763916016,18.92265510559082,7.682233810424805,10.198817253112793,20.788135528564453,25.706838607788086
2011-09-28,156.22000122070312,79.55189514160156,18.303438186645508,7.462916851043701,10.053770065307617,20.396421432495117,25.263757705688477
2011-09-29,157.6999969482422,80.10247802734375,18.478168487548828,7.669701099395752,10.033048629760742,20.59571075439453,25.429912567138672
2011-09-30,158.05999755859375,82.11454772949219,17.93559455871582,7.4002580642700195,9.780253410339355,20.382667541503906,25.105514526367188
2011-10-03,160.9600067138672,84.3742904663086,17.325580596923828,7.068157196044922,9.560613632202148,20.08717155456543,24.306381225585938
2011-10-04,157.63999938964844,83.30440521240234,17.89267349243164,7.3501296043396,9.755391120910645,20.27959442138672,24.567481994628906
2011-10-05,159.4600067138672,82.70472717285156,18.551738739013672,7.456652641296387,9.958451271057129,20.307083129882812,24.96309471130371
2011-10-06,160.49000549316406,81.17811584472656,18.901193618774414,7.688503265380859,10.107644081115723,20.54759979248047,25.263757705688477
2011-10-07,159.17999267578125,80.57847595214844,18.66822052001953,7.4127888679504395,10.070345878601074,20.6644344329834,25.240015029907227
2011-10-10,163.27000427246094,79.44042205810547,19.51426887512207,7.7950215339660645,10.381158828735352,20.98741912841797,25.8176212310791
2011-10-11,162.10000610351562,79.17462158203125,19.554122924804688,7.788755893707275,10.42674732208252,20.94618797302246,25.77804946899414
2011-10-12,163.25999450683594,78.02290344238281,19.658344268798828,7.989269733428955,10.472331047058105,21.111120223999023,25.793869018554688
2011-10-13,162.3000030517578,78.79981231689453,19.63075828552246,7.80128812789917,10.588369369506836,21.049270629882812,25.7701416015625
2011-10-14,163.39999389648438,77.65493774414062,20.415494918823242,7.8952789306640625,10.77485466003418,21.214202880859375,26.01542091369629
2011-10-17,162.6199951171875,78.99742889404297,20.04458236694336,7.650904178619385,10.604947090148926,21.069887161254883,25.564428329467773
2011-10-18,161.83999633789062,78.50679016113281,20.68831443786621,8.014334678649902,10.700263023376465,21.227933883666992,25.75431251525879
2011-10-19,159.8699951171875,78.47948455810547,20.473737716674805,7.901543140411377,10.493050575256348,21.16609764099121,25.706838607788086
2011-10-20,157.77000427246094,77.92066192626953,20.63313865661621,8.020599365234375,10.447465896606445,21.282922744750977,25.683107376098633
2011-10-21,159.52000427246094,77.09607696533203,21.01324462890625,8.227381706237793,10.580079078674316,21.626527786254883,26.19739532470703
2011-10-24,161.02000427246094,77.22561645507812,21.28913116455078,8.409100532531738,10.745847702026367,21.475341796875,26.59300994873047
2011-10-25,165.58999633789062,79.18824768066406,20.844646453857422,8.158456802368164,10.57594108581543,21.221065521240234,26.05497932434082
2011-10-26,167.39999389648438,77.8048324584961,21.29526138305664,8.30257511138916,10.621521949768066,21.434106826782227,26.40311622619629
2011-10-27,169.5500030517578,75.16751098632812,22.239410400390625,8.797595977783203,10.936481475830078,21.708995819091797,27.04401397705078
2011-10-28,169.6199951171875,75.95804595947266,22.389602661132812,8.803864479064941,10.973773956298828,21.654016494750977,27.067745208740234
2011-10-31,167.33999633789062,78.97017669677734,21.368831634521484,8.459227561950684,10.779001235961914,21.331024169921875,26.553447723388672
2011-11-01,167.3800048828125,81.6136245727539,20.679113388061523,8.058196067810059,10.480618476867676,20.959928512573242,26.047069549560547
2011-11-02,169.05999755859375,80.59561920166016,21.301387786865234,8.296310424804688,10.609089851379395,21.159217834472656,26.22113609313965
2011-11-03,171.72000122070312,79.48877716064453,21.862361907958984,8.440428733825684,10.861879348754883,21.420352935791016,26.5059757232666
2011-11-04,170.85000610351562,79.58442687988281,21.84396743774414,8.327640533447266,10.795576095581055,21.296661376953125,26.260696411132812
2011-11-07,174.97999572753906,80.0899887084961,21.963520050048828,8.371505737304688,10.861879348754883,21.475341796875,26.56928062438965
2011-11-08,173.52999877929688,79.06512451171875,22.32217025756836,8.528155326843262,10.986207962036133,21.688373565673828,26.893680572509766
2011-11-09,172.07000732421875,80.70496368408203,21.33510398864746,8.06446647644043,10.604947090148926,21.179838180541992,26.1182804107666
2011-11-10,171.13999938964844,79.50245666503906,21.706026077270508,8.10206413269043,10.638102531433105,21.385997772216797,26.49015998840332
2011-11-11,173.9600067138672,79.01731872558594,22.150508880615234,8.296310424804688,10.841161727905273,21.633394241333008,26.956972122192383
2011-11-14,173.1999969482422,80.28812408447266,21.859291076660156,8.127121925354004,10.758280754089355,21.447851181030273,26.774995803833008
2011-11-15,173.36000061035156,80.17882537841797,21.83477210998535,8.164721488952637,10.903324127197266,21.55093002319336,26.83829116821289
2011-11-16,171.50999450683594,80.9098892211914,21.506776809692383,7.964208126068115,10.74170207977295,21.358510971069336,26.324003219604492
2011-11-17,167.10000610351562,81.55897521972656,21.016313552856445,7.807553291320801,10.534496307373047,21.282922744750977,26.047069549560547
2011-11-18,167.6199951171875,81.53848266601562,20.8906307220459,7.832620620727539,10.447465896606445,21.344776153564453,25.99168586730957
2011-11-21,163.5,82.02359008789062,20.51664924621582,7.638370037078857,10.26512622833252,21.001163482666016,25.493215560913086
2011-11-22,165.30999755859375,82.93914031982422,20.323537826538086,7.569440841674805,10.248543739318848,21.02178192138672,25.556507110595703
2011-11-23,164.8300018310547,83.75222778320312,19.70738983154297,7.362659931182861,10.004037857055664,20.795000076293945,25.184633255004883
2011-11-25,163.39999389648438,82.53602600097656,19.566383361816406,7.381461143493652,9.950164794921875,20.870588302612305,25.089685440063477
2011-11-28,166.6300048828125,82.49503326416016,20.299009323120117,7.600772857666016,10.277557373046875,21.200456619262695,25.762226104736328
2011-11-29,166.8800048828125,81.818603515625,20.59022331237793,7.563177585601807,10.223686218261719,21.420352935791016,25.872997283935547
2011-11-30,170.1300048828125,80.54096984863281,21.724416732788086,8.026866912841797,10.617375373840332,21.922021865844727,26.806642532348633
2011-12-01,169.6300048828125,80.13685607910156,21.60486602783203,7.983006477355957,10.675398826599121,21.887672424316406,26.84619903564453
2011-12-02,169.82000732421875,81.26016235351562,21.586475372314453,8.089529037475586,10.667108535766602,21.81207275390625,26.513893127441406
2011-12-05,167.32000732421875,81.09573364257812,21.853164672851562,8.252449989318848,10.7872896194458,21.942646026611328,26.56135368347168
2011-12-06,168.17999267578125,80.3218002319336,21.8500919342041,8.258711814880371,10.78314208984375,21.970129013061523,26.67213249206543
2011-12-07,169.39999389648438,80.60945892333984,21.641651153564453,8.358970642089844,10.795576095581055,22.025114059448242,26.869943618774414
2011-12-08,165.97999572753906,81.61632537841797,21.03776741027832,8.033133506774902,10.625666618347168,21.770843505859375,26.371475219726562
2011-12-09,166.39999389648438,79.938232421875,21.51597023010254,8.20858383178711,10.791431427001953,21.997617721557617,26.759170532226562
2011-12-12,161.99000549316406,80.82861328125,21.01324462890625,8.014334678649902,10.654678344726562,21.798324584960938,26.44268226623535
2011-12-13,158.4499969482422,81.58206176757812,20.817060470581055,7.901543140411377,10.555217742919922,21.750226974487305,26.39520263671875
2011-12-14,152.88999938964844,83.1231460571289,20.23157501220703,7.870212554931641,10.393590927124023,21.640274047851562,26.37938117980957
2011-12-15,152.3300018310547,82.81494140625,20.1457462310791,7.8764801025390625,10.368732452392578,21.86017608642578,26.67213249206543
2011-12-16,155.22999572753906,83.7806625366211,20.36030387878418,7.908015251159668,10.397446632385254,21.835912704467773,26.583019256591797
2011-12-19,154.8699951171875,84.84227752685547,20.00321388244629,7.731439590454102,10.297551155090332,21.745759963989258,26.583019256591797
2011-12-20,156.97999572753906,82.72589111328125,20.82514190673828,8.021526336669922,10.588915824890137,22.19648551940918,27.139978408813477
2011-12-21,157.16000366210938,81.57524871826172,21.056013107299805,8.065672874450684,10.414098739624023,22.432254791259766,27.315017700195312
2011-12-22,156.0399932861328,81.91766357421875,21.302282333374023,8.235939025878906,10.53480339050293,22.42531967163086,27.51394271850586
2011-12-23,156.30999755859375,81.00668334960938,21.4254093170166,8.292689323425293,10.638862609863281,22.584808349609375,27.688987731933594
2011-12-27,154.91000366210938,81.39148712158203,21.48082733154297,8.248549461364746,10.655510902404785,22.62641143798828,27.752641677856445
2011-12-28,151.02999877929688,82.89637756347656,21.071401596069336,8.116118431091309,10.54729175567627,22.515460968017578,27.450288772583008
2011-12-29,150.33999633789062,83.04749298095703,21.289968490600586,8.242243766784668,10.626375198364258,22.633338928222656,27.64920425415039
2011-12-30,151.99000549316406,83.31548309326172,21.280729293823242,8.198098182678223,10.5930757522583,22.529340744018555,27.601465225219727
2012-01-03,155.9199981689453,82.06489562988281,21.871774673461914,8.412510871887207,10.742918014526367,22.508525848388672,27.959522247314453
2012-01-04,156.7100067138672,81.0891342163086,21.917957305908203,8.387288093566895,10.772052764892578,22.459991455078125,27.824247360229492
2012-01-05,157.77999877929688,80.94488525390625,21.813297271728516,8.500800132751465,10.805352210998535,22.446115493774414,27.903820037841797
2012-01-06,157.1999969482422,81.58387756347656,21.684001922607422,8.450347900390625,10.8095121383667,22.300498962402344,27.951555252075195
2012-01-09,156.5,81.43960571289062,21.788663864135742,8.494490623474121,10.792868614196777,22.335182189941406,27.999290466308594
2012-01-10,158.63999938964844,81.30216979980469,21.982606887817383,8.645844459533691,10.830327033996582,22.41145133972168,28.20616912841797
2012-01-11,159.6699981689453,82.36040496826172,21.68707847595215,8.746740341186523,10.863628387451172,22.314367294311523,28.23003387451172
2012-01-12,160.3800048828125,82.24356842041016,21.48390007019043,8.77827262878418,10.917734146118164,22.30743408203125,28.317556381225586
2012-01-13,159.25999450683594,83.06121826171875,21.376157760620117,8.715210914611816,10.85529899597168,22.286636352539062,28.19025421142578
2012-01-17,160.5,83.44605255126953,21.52700424194336,8.645844459533691,10.90524959564209,22.36983871459961,28.36530303955078
2012-01-18,161.60000610351562,82.43598937988281,21.881011962890625,8.77827262878418,11.063416481018066,22.418384552001953,28.524425506591797
2012-01-19,161.22000122070312,81.30216979980469,21.97028160095215,8.860250473022461,11.142498016357422,22.459991455078125,28.524425506591797
2012-01-20,162.07000732421875,80.38140106201172,21.973371505737305,8.917010307312012,11.154983520507812,22.466920852661133,28.524425506591797
2012-01-23,163.16000366210938,79.8729248046875,22.148828506469727,8.948543548583984,11.192447662353516,22.446115493774414,28.397125244140625
2012-01-24,162.00999450683594,80.0172348022461,22.084184646606445,8.935931205749512,11.184123992919922,22.321298599243164,28.405075073242188
2012-01-25,166.4199981689453,79.8248519897461,22.355085372924805,8.95484733581543,11.27153205871582,22.5778751373291,28.611955642700195
2012-01-26,167.27000427246094,80.88304138183594,22.05032730102539,8.879175186157227,11.196612358093262,22.494661331176758,28.48464584350586
2012-01-27,168.97000122070312,81.1372299194336,22.0041446685791,8.910707473754883,11.196612358093262,22.342105865478516,28.50055694580078
2012-01-30,168.02999877929688,82.0924072265625,21.89948844909668,8.828720092773438,11.229909896850586,22.19648551940918,28.46077537536621
2012-01-31,169.30999755859375,83.04065704345703,21.76095962524414,8.866559982299805,11.250720977783203,22.210355758666992,28.48464584350586
2012-02-01,169.55999755859375,82.08943939208984,21.847156524658203,9.005294799804688,11.363103866577148,22.36983871459961,28.763137817382812
2012-02-02,171.0500030517578,82.05501556396484,22.013385772705078,9.049440383911133,11.392239570617676,22.453060150146484,28.651737213134766
2012-02-03,167.63999938964844,80.29169464111328,22.40125274658203,9.295384407043457,11.537921905517578,22.52239990234375,28.818836212158203
2012-02-06,167.17999267578125,81.09068298339844,22.669069290161133,9.251241683959961,11.542083740234375,22.508525848388672,28.659687042236328
2012-02-07,169.6999969482422,80.08509063720703,22.78605079650879,9.244933128356934,11.571219444274902,22.529340744018555,28.763137817382812
2012-02-08,168.5,80.14706420898438,22.709089279174805,9.314302444458008,11.641973495483398,22.53626251220703,28.763137817382812
2012-02-09,168.02000427246094,79.5478286743164,22.71216583251953,9.276464462280273,11.754355430603027,22.661088943481445,28.611955642700195
2012-02-10,167.13999938964844,80.58097076416016,22.484371185302734,9.1881742477417,11.66695499420166,22.6125431060791,28.492605209350586
2012-02-13,167.50999450683594,80.68431854248047,22.662918090820312,9.270159721374512,11.741873741149902,22.709625244140625,28.707427978515625
2012-02-14,167.1199951171875,81.11137390136719,22.702939987182617,9.181872367858887,11.762681007385254,22.76509666442871,28.82678985595703
2012-02-15,168.11000061035156,80.96668243408203,22.666000366210938,9.125116348266602,11.700247764587402,22.758159637451172,28.771085739135742
2012-02-16,168.0,80.31929779052734,22.961524963378906,9.270159721374512,11.870904922485352,22.90378189086914,28.930219650268555
2012-02-17,167.35000610351562,80.29853820800781,23.047712326049805,9.32691764831543,11.870904922485352,22.924579620361328,28.83475685119629
2012-02-21,171.02000427246094,79.4100341796875,23.204710006713867,9.320608139038086,11.920853614807129,22.79283332824707,28.627864837646484
2012-02-22,172.94000244140625,80.40875244140625,23.257041931152344,9.200789451599121,11.879227638244629,22.73042106628418,28.627864837646484
2012-02-23,173.02000427246094,80.40875244140625,23.374025344848633,9.282769203186035,11.925015449523926,22.848304748535156,28.651737213134766
2012-02-24,172.22999572753906,80.93225860595703,23.46637535095215,9.251241683959961,11.995774269104004,22.924579620361328,28.794963836669922
2012-02-27,171.6999969482422,81.64859008789062,23.392492294311523,9.320608139038086,12.016587257385254,22.924579620361328,28.850650787353516
2012-02-28,173.49000549316406,81.37998962402344,23.31553077697754,9.345833778381348,12.103992462158203,23.0008544921875,28.962045669555664
2012-02-29,164.2899932861328,80.88404846191406,23.05078887939453,9.307995796203613,12.049883842468262,23.04245948791504,28.786996841430664
2012-03-01,166.61000061035156,80.12255859375,23.272432327270508,9.408893585205078,12.120645523071289,23.00779151916504,28.93817138671875
2012-03-02,166.33999633789062,80.87511444091797,23.00769805908203,9.377366065979004,12.103992462158203,23.02859878540039,28.890438079833984
2012-03-05,165.64999389648438,80.23304748535156,22.859928131103516,9.33952808380127,11.999938011169434,23.132604598999023,28.82678985595703
2012-03-06,162.6999969482422,81.20646667480469,22.487455368041992,9.112504959106445,11.883391380310059,22.93845558166504,28.452817916870117
2012-03-07,163.6300048828125,80.70944213867188,22.67523765563965,9.226016998291016,11.97080135345459,22.973121643066406,28.580129623413086
2012-03-08,165.27999877929688,79.90168762207031,22.859928131103516,9.314302444458008,12.09150505065918,23.132604598999023,28.89838981628418
2012-03-09,166.3800048828125,80.0604476928711,22.83838653564453,9.389975547790527,12.14561653137207,23.20888900756836,29.017736434936523
2012-03-12,165.07000732421875,80.04667663574219,22.71216583251953,9.364754676818848,12.162264823913574,23.292097091674805,29.017736434936523
2012-03-13,162.3000030517578,78.63832092285156,22.986154556274414,9.72420597076416,12.403675079345703,23.465452194213867,29.43149185180664
2012-03-14,159.57000732421875,76.65699005126953,22.76449966430664,9.736820220947266,12.44946575164795,23.396114349365234,29.42353630065918
2012-03-15,161.0800018310547,76.77436065673828,22.801443099975586,9.907087326049805,12.482765197753906,23.43771743774414,29.471261978149414
2012-03-16,161.3000030517578,76.9262466430664,23.115116119384766,9.945049285888672,12.476917266845703,23.422378540039062,29.46807861328125
2012-03-19,161.58999633789062,76.00806427001953,23.22018051147461,9.99565601348877,12.5687837600708,23.43631935119629,29.4600772857666
2012-03-20,160.1300048828125,76.31182098388672,22.87097930908203,10.046262741088867,12.556256294250488,23.422378540039062,29.30813980102539
2012-03-21,160.2100067138672,77.17481994628906,22.599029541015625,10.001984596252441,12.552077293395996,23.457233428955078,29.29213523864746
2012-03-22,159.57000732421875,77.42328643798828,22.089136123657227,9.869132041931152,12.522850036621094,23.4781436920166,29.196178436279297
2012-03-23,161.52999877929688,78.15505981445312,22.330184936523438,9.951373100280762,12.522850036621094,23.53392219543457,29.284143447875977
2012-03-26,164.39999389648438,77.75469207763672,22.497058868408203,10.109532356262207,12.70658016204834,23.694246292114258,29.795940399169922
2012-03-27,163.24000549316406,78.31385803222656,22.271469116210938,10.01463794708252,12.70240306854248,23.680309295654297,29.851919174194336
2012-03-28,161.50999450683594,78.203369140625,21.99334716796875,10.039942741394043,12.65647029876709,23.624540328979492,29.78792953491211
2012-03-29,161.27999877929688,78.79019165039062,21.99334716796875,9.938718795776367,12.631416320800781,23.617570877075195,29.851919174194336
2012-03-30,162.1199951171875,77.45784759521484,22.17258071899414,9.99565601348877,12.593833923339844,23.756986618041992,30.07582664489746
2012-04-02,162.94000244140625,77.88695526123047,22.388904571533203,10.071574211120605,12.727458953857422,23.9451961517334,30.179777145385742
2012-04-03,159.88999938964844,76.53727722167969,22.194204330444336,10.01463794708252,12.719108581542969,23.8127498626709,30.16377830505371
2012-04-04,157.2100067138672,77.5893325805664,21.909908294677734,9.856478691101074,12.5687837600708,23.736068725585938,30.00385093688965
2012-04-05,158.30999755859375,78.14998626708984,21.78629493713379,9.831170082092285,12.598012924194336,23.736068725585938,29.995851516723633
2012-04-09,159.3699951171875,79.97721862792969,21.511268615722656,9.679342269897461,12.510326385498047,23.519973754882812,29.6200008392334
2012-04-10,161.10000610351562,80.8839340209961,21.087894439697266,9.470565795898438,12.334941864013672,23.310842514038086,29.284143447875977
2012-04-11,161.07000732421875,79.91493225097656,21.094079971313477,9.622398376464844,12.405927658081055,23.42934799194336,29.38809585571289
2012-04-12,162.6999969482422,79.58267974853516,21.554519653320312,9.799537658691406,12.560428619384766,23.44329071044922,29.548036575317383
2012-04-13,160.85000610351562,80.87006378173828,21.23004722595215,9.57178783416748,12.36417293548584,23.44329071044922,29.252155303955078
2012-04-16,160.4600067138672,80.75243377685547,21.087894439697266,9.641383171081543,12.234726905822754,23.54088592529297,29.260147094726562
2012-04-17,160.25,80.70397186279297,21.430917739868164,9.767905235290527,12.501971244812012,23.777896881103516,29.69198226928711
2012-04-18,159.30999755859375,80.93930053710938,21.387651443481445,9.704644203186035,12.410110473632812,23.777896881103516,29.61199951171875
2012-04-19,159.42999267578125,81.0154037475586,21.359844207763672,9.660361289978027,12.272305488586426,23.701217651367188,29.659982681274414
2012-04-20,159.5399932861328,81.02925872802734,21.310401916503906,9.60975170135498,12.2263765335083,23.917320251464844,29.819931030273438
2012-04-23,159.07000732421875,81.61760711669922,21.288761138916016,9.540159225463867,12.13033676147461,23.5478515625,29.58802032470703
2012-04-24,159.3000030517578,81.0431137084961,21.44637107849121,9.647706985473633,12.105279922485352,23.55482292175293,29.69198226928711
2012-04-25,159.6199951171875,80.62785339355469,21.65959358215332,9.72994613647461,12.447689056396484,23.70818328857422,30.00385093688965
2012-04-26,161.02999877929688,81.11236572265625,21.88827896118164,9.812190055847168,12.54372787475586,23.92428970336914,29.995851516723633
2012-04-27,161.3800048828125,81.18157196044922,21.879011154174805,9.818519592285156,12.539551734924316,23.889436721801758,30.01185417175293
2012-04-30,161.8800048828125,81.20227813720703,22.014978408813477,9.761578559875488,12.451862335205078,23.82669448852539,29.995851516723633
2012-05-01,161.32000732421875,80.78117370605469,22.330184936523438,9.862804412841797,12.493616104125977,23.889436721801758,30.107807159423828
2012-05-02,160.58999633789062,81.35009765625,21.96552848815918,9.786887168884277,12.501971244812012,23.91033935546875,30.05182456970215
2012-05-03,158.97000122070312,81.32929229736328,21.600879669189453,9.704644203186035,12.397578239440918,23.9451961517334,29.93987464904785
2012-05-04,159.47000122070312,81.96757507324219,21.106447219848633,9.552812576293945,12.138686180114746,23.756986618041992,29.548036575317383
2012-05-07,159.0800018310547,81.98147583007812,21.044635772705078,9.60975170135498,12.105279922485352,23.791837692260742,29.61199951171875
2012-05-08,156.0,82.41858673095703,20.976648330688477,9.54648494720459,12.063529968261719,23.736068725585938,29.6200008392334
2012-05-09,154.47000122070312,82.47406768798828,20.87467384338379,9.438934326171875,12.063529968261719,23.617570877075195,29.42008399963379
2012-05-10,154.77000427246094,82.23125457763672,20.964284896850586,9.47689437866211,11.971659660339355,23.784870147705078,29.62800407409668
2012-05-11,153.55999755859375,82.91116333007812,20.809778213500977,9.369348526000977,11.980013847351074,23.72212791442871,29.596019744873047
2012-05-14,151.3300018310547,84.06987762451172,20.463666915893555,9.17955207824707,11.875624656677246,23.624540328979492,29.500043869018555
2012-05-15,149.74000549316406,84.40983581542969,20.123741149902344,9.12894344329834,11.842214584350586,23.596654891967773,29.32413101196289
2012-05-16,149.4600067138672,84.65265655517578,20.00940704345703,8.996091842651367,11.746173858642578,23.67333221435547,29.372112274169922
2012-05-17,152.8000030517578,86.15131378173828,19.882699966430664,8.812625885009766,11.579148292541504,23.506027221679688,29.10021209716797
2012-05-18,154.5500030517578,86.17219543457031,19.759090423583984,8.711406707763672,11.470579147338867,23.366607666015625,28.844314575195312
2012-05-21,154.64999389648438,85.99173736572266,20.213354110717773,8.793646812438965,11.754525184631348,23.457233428955078,29.124208450317383
2012-05-22,152.0800018310547,85.03429412841797,20.16391372680664,8.863236427307129,11.716944694519043,23.485116958618164,29.044235229492188
2012-05-23,151.6199951171875,85.62401580810547,20.23807716369629,8.894869804382324,11.729473114013672,23.422378540039062,28.916292190551758
2012-05-24,151.41000366210938,85.29792022705078,20.222625732421875,8.901195526123047,11.662659645080566,23.645450592041016,29.196178436279297
2012-05-25,152.67999267578125,85.61709594726562,20.126827239990234,8.86956787109375,11.63760757446289,23.624540328979492,29.124208450317383
2012-05-29,151.02000427246094,85.35345458984375,20.463666915893555,8.996091842651367,11.792105674743652,23.791837692260742,29.22015953063965
2012-05-30,151.91000366210938,87.51811218261719,19.836349487304688,8.787323951721191,11.716944694519043,23.596654891967773,29.052242279052734
2012-05-31,151.6199951171875,88.5311279296875,19.663293838500977,8.863236427307129,11.662659645080566,23.5478515625,28.908302307128906
2012-06-01,157.5,90.63285064697266,19.171937942504883,8.534265518188477,11.357836723327637,23.115659713745117,28.39650535583496
2012-06-04,157.32000732421875,89.91677856445312,19.1564884185791,8.452025413513184,11.42464828491211,23.192344665527344,28.460474014282227
2012-06-05,157.13999938964844,88.71398162841797,19.32027244567871,8.591203689575195,11.495635032653809,23.164461135864258,28.620410919189453
2012-06-06,157.2100067138672,86.94110870361328,19.91669273376465,8.844257354736328,11.75870132446289,23.4781436920166,29.0682315826416
2012-06-07,154.5,87.07320404052734,19.92905044555664,8.837930679321289,11.70024299621582,23.561803817749023,29.084218978881836
2012-06-08,154.72999572753906,87.05233764648438,19.932140350341797,8.945483207702637,11.829683303833008,23.763959884643555,29.260147094726562
2012-06-11,155.36000061035156,87.44857788085938,19.66020393371582,8.780997276306152,11.662659645080566,23.652420043945312,29.004261016845703
2012-06-12,156.4600067138672,86.64905548095703,19.938325881958008,8.913844108581543,11.779579162597656,23.763959884643555,29.276151657104492
2012-06-13,157.1199951171875,87.50419616699219,19.68492317199707,8.882213592529297,11.70859432220459,23.729103088378906,29.2441463470459
2012-06-14,157.75,87.39300537109375,19.993946075439453,8.989767074584961,11.76705265045166,24.056732177734375,29.68399429321289
2012-06-15,157.83999633789062,87.87965393066406,20.376201629638672,9.115631103515625,11.892393112182617,24.09604263305664,29.795745849609375
2012-06-18,157.92999267578125,88.35238647460938,20.1929874420166,9.06477165222168,11.980422973632812,24.159215927124023,29.996742248535156
2012-06-19,157.16000366210938,87.19833374023438,20.484882354736328,9.217337608337402,12.072639465332031,24.138160705566406,30.270090103149414
2012-06-20,155.97000122070312,87.62940979003906,20.404146194458008,9.236407279968262,12.093600273132324,24.011810302734375,30.18968963623047
2012-06-21,152.02000427246094,88.09524536132812,19.568849563598633,9.032994270324707,11.808552742004395,23.731061935424805,29.771610260009766
2012-06-22,152.63999938964844,86.92022705078125,19.699268341064453,9.115631103515625,11.938497543334961,23.80124282836914,30.08517837524414
2012-06-25,153.75999450683594,88.18557739257812,19.258338928222656,8.924925804138184,11.69537353515625,23.653852462768555,29.7153377532959
2012-06-26,152.6199951171875,87.83802032470703,19.46637725830078,8.969420433044434,11.741485595703125,23.709997177124023,29.80377769470215
2012-06-27,152.8300018310547,87.97702026367188,19.87005043029785,9.07749080657959,11.812743186950684,23.850383758544922,30.125377655029297
2012-06-28,151.0500030517578,88.1925048828125,20.006689071655273,9.07113265991211,11.716330528259277,23.955663681030273,29.988691329956055
2012-06-29,155.19000244140625,87.04534149169922,20.609081268310547,9.306333541870117,12.043296813964844,24.404882431030273,30.55953025817871
2012-07-02,155.08999633789062,87.94344329833984,20.618396759033203,9.363546371459961,12.110368728637695,24.54526138305664,30.65601348876953
2012-07-03,157.4600067138672,87.26761627197266,21.11212921142578,9.414402961730957,12.20678424835205,24.657556533813477,30.647966384887695
2012-07-05,155.67999267578125,87.71354675292969,20.83576202392578,9.274548530578613,12.20678424835205,24.566307067871094,30.45501136779785
2012-07-06,153.7100067138672,88.52876281738281,20.584245681762695,9.19826602935791,12.026529312133789,24.538230895996094,30.254009246826172
2012-07-09,154.0399932861328,89.30912780761719,20.491085052490234,9.185558319091797,12.001378059387207,24.510162353515625,30.41481590270996
2012-07-10,152.14999389648438,89.49028015136719,20.171260833740234,9.115631103515625,11.867239952087402,24.538230895996094,30.270090103149414
2012-07-11,152.99000549316406,89.60176086425781,20.44451332092285,9.191909790039062,11.812743186950684,24.503141403198242,30.245973587036133
2012-07-12,152.58999633789062,90.23573303222656,20.376201629638672,9.09656047821045,11.69537353515625,24.524198532104492,30.318334579467773
2012-07-13,154.13999938964844,89.99891662597656,20.73328971862793,9.350828170776367,11.850469589233398,24.797941207885742,30.65601348876953
2012-07-16,154.2100067138672,90.41690063476562,20.801603317260742,9.331759452819824,11.837895393371582,24.67159652709961,30.712278366088867
2012-07-17,153.47000122070312,89.70623779296875,21.062440872192383,9.382615089416504,11.884007453918457,24.776878356933594,31.106237411499023
2012-07-18,153.0500030517578,89.75503540039062,21.245647430419922,9.338116645812988,12.089411735534668,24.78390121459961,31.154460906982422
2012-07-19,153.3800048828125,89.52510833740234,21.310853958129883,9.280905723571777,12.194206237792969,24.748802185058594,31.154460906982422
2012-07-20,153.6699981689453,90.61897277832031,21.360532760620117,9.141059875488281,12.055874824523926,24.59438705444336,30.75248908996582
2012-07-23,153.02999877929688,91.12760925292969,21.155601501464844,9.06477165222168,11.938497543334961,24.383831024169922,30.39067840576172
2012-07-24,153.52000427246094,91.8452377319336,20.817129135131836,9.039350509643555,11.816934585571289,24.306612014770508,30.053014755249023
2012-07-25,155.6699981689453,92.08218383789062,20.832658767700195,9.07113265991211,11.77082347869873,24.313629150390625,30.197729110717773
2012-07-26,156.77000427246094,91.23904418945312,21.425748825073242,9.210979461669922,11.951074600219727,24.71371078491211,30.48716163635254
2012-07-27,157.5399932861328,89.51814270019531,21.80458641052246,9.382615089416504,12.210976600646973,24.99447250366211,31.218788146972656
2012-07-30,157.42999267578125,90.18697357177734,21.866680145263672,9.363546371459961,12.215167045593262,25.120805740356445,31.05799102783203
2012-07-31,156.49000549316406,90.36813354492188,21.627582550048828,9.319047927856445,12.265467643737793,25.008506774902344,30.865036010742188
2012-08-01,155.13999938964844,89.9164047241211,21.733158111572266,9.274548530578613,12.223549842834473,24.88216209411621,30.8811092376709
2012-08-02,154.1300048828125,90.42610168457031,21.369857788085938,9.204622268676758,12.143900871276855,24.678613662719727,30.58365249633789
2012-08-03,155.5500030517578,88.96685028076172,21.872896194458008,9.420755386352539,12.382838249206543,25.092742919921875,30.945449829101562
2012-08-06,156.3000030517578,89.00174713134766,21.9318904876709,9.458894729614258,12.470870018005371,25.078693389892578,30.95347785949707
2012-08-07,156.27999877929688,87.85663604736328,22.26104164123535,9.49703598022461,12.554710388183594,24.945344924926758,30.8811092376709
2012-08-08,156.47999572753906,87.3888931274414,22.279672622680664,9.49703598022461,12.5589017868042,25.120805740356445,30.993675231933594
2012-08-09,156.99000549316406,87.3260498046875,22.43181610107422,9.490678787231445,12.600818634033203,25.015527725219727,30.97759246826172
2012-08-10,157.17999267578125,87.765869140625,22.472196578979492,9.49703598022461,12.630162239074707,25.008506774902344,31.106237411499023
2012-08-13,155.99000549316406,87.6192398071289,22.388357162475586,9.50339412689209,12.667886734008789,25.001483917236328,31.02583885192871
2012-08-14,155.1300048828125,86.43234252929688,22.34798240661621,9.490678787231445,12.64273738861084,25.099754333496094,31.106237411499023
2012-08-15,155.6300048828125,85.21742248535156,22.344879150390625,9.52246379852295,12.646930694580078,25.11379051208496,31.178592681884766
2012-08-16,156.55999755859375,84.4913101196289,22.543615341186523,9.586030960083008,12.818798065185547,25.176952362060547,31.098196029663086
2012-08-17,156.72000122070312,84.9032211303711,22.534292221069336,9.617816925048828,12.890061378479004,25.198022842407227,30.937400817871094
2012-08-20,157.25999450683594,85.0777816772461,22.456666946411133,9.643240928649902,12.90263557434082,25.198022842407227,31.00172233581543
2012-08-21,158.8300018310547,85.45478820800781,22.3852481842041,9.675026893615723,12.818798065185547,25.04360008239746,30.897193908691406
2012-08-22,160.5399932861328,86.86519622802734,22.469093322753906,9.662311553955078,12.83975601196289,24.96639060974121,30.921316146850586
2012-08-23,161.88999938964844,87.2282485961914,22.22067642211914,9.566962242126465,12.73495864868164,24.769861221313477,30.8811092376709
2012-08-24,161.97000122070312,87.14448547363281,22.35109519958496,9.617816925048828,12.814604759216309,24.98744010925293,31.14643669128418
2012-08-27,161.36000061035156,87.65419006347656,22.360408782958984,9.611458778381348,12.827183723449707,25.022541046142578,31.178592681884766
2012-08-28,161.63999938964844,87.8636703491211,22.37592887878418,9.598747253417969,12.797837257385254,25.036582946777344,31.1303653717041
2012-08-29,160.58999633789062,87.47964477539062,22.22688865661621,9.617816925048828,12.822992324829102,24.98042869567871,31.23486328125
2012-08-30,160.52000427246094,87.9334945678711,21.990896224975586,9.566962242126465,12.680465698242188,24.88216209411621,31.1303653717041
2012-08-31,164.22000122070312,89.17630767822266,22.21135902404785,9.636885643005371,12.781071662902832,24.88918113708496,31.226829528808594
2012-09-04,164.47999572753906,89.08673858642578,22.04057502746582,9.636885643005371,12.781071662902832,25.036582946777344,31.291139602661133
2012-09-05,164.30999755859375,88.66691589355469,21.956745147705078,9.636885643005371,12.768495559692383,24.99447250366211,31.2991886138916
2012-09-06,164.88999938964844,87.19051361083984,22.419404983520508,9.865732192993164,13.053545951843262,25.303306579589844,31.797653198242188
2012-09-07,168.44000244140625,86.7846908569336,22.807554244995117,9.967442512512207,13.032584190368652,25.099754333496094,31.78157615661621
2012-09-10,167.2899932861328,86.99462127685547,22.708181381225586,9.88480281829834,12.89425277709961,25.07167625427246,31.669025421142578
2012-09-11,167.89999389648438,86.44881439208984,22.950397491455078,9.967442512512207,12.927787780761719,24.99447250366211,31.685096740722656
2012-09-12,167.9199981689453,85.37125396728516,23.090129852294922,10.005579948425293,12.999046325683594,24.861108779907227,31.701187133789062
2012-09-13,171.30999755859375,85.03543090820312,23.46585464477539,10.266209602355957,13.175105094909668,25.303306579589844,32.02278137207031
2012-09-14,171.8000030517578,82.77538299560547,23.7763729095459,10.348847389221191,13.237987518310547,25.11379051208496,31.894145965576172
2012-09-17,170.39999389648438,83.76896667480469,23.596269607543945,10.253493309020996,13.25056266784668,25.18398094177246,32.07904815673828
2012-09-18,171.72000122070312,84.18875885009766,23.42859649658203,10.202640533447266,13.258944511413574,25.324350357055664,32.18359375
2012-09-19,171.74000549316406,84.74153137207031,23.2019100189209,10.196282386779785,13.271520614624023,25.394550323486328,32.215736389160156
2012-09-20,171.47000122070312,84.95146179199219,23.267120361328125,10.139070510864258,13.24637222290039,25.534931182861328,32.3524169921875
2012-09-21,171.9600067138672,85.04944610595703,23.29331398010254,10.10460090637207,13.263206481933594,25.418292999267578,32.472801208496094
2012-09-24,171.0500030517578,85.71416473388672,23.174802780151367,10.110987663269043,13.179022789001465,25.50312042236328,32.56167984008789
2012-09-25,170.77000427246094,86.56076049804688,22.922149658203125,9.957791328430176,12.993819236755371,25.326406478881836,32.537452697753906
2012-09-26,169.80999755859375,87.49137878417969,22.70380973815918,9.89395809173584,12.901215553283691,25.326406478881836,32.36777114868164
2012-09-27,172.33999633789062,86.8686294555664,23.012598037719727,9.983322143554688,13.069580078125,25.41123390197754,32.5536003112793
2012-09-28,171.88999938964844,86.91757202148438,22.90342903137207,9.951408386230469,12.976980209350586,25.326406478881836,32.41624069213867
2012-10-01,172.2899932861328,87.24020385742188,23.01885223388672,9.99609088897705,12.947518348693848,25.488981246948242,32.61016845703125
2012-10-02,172.10000610351562,87.12098693847656,23.05939292907715,10.015237808227539,12.964353561401367,25.51018714904785,32.75559997558594
2012-10-03,172.41000366210938,87.14904022216797,22.77556037902832,10.10460090637207,13.031700134277344,25.587936401367188,33.03030014038086
2012-10-04,173.61000061035156,86.06224060058594,23.003244400024414,10.25780200958252,13.069580078125,25.708093643188477,33.232303619384766
2012-10-05,172.6199951171875,84.94737243652344,22.950223922729492,10.251416206359863,13.00223445892334,25.807058334350586,33.26461410522461
2012-10-08,172.0500030517578,85.66258239746094,22.98764419555664,10.245034217834473,12.86754035949707,25.729305267333984,33.24038314819336
2012-10-09,170.99000549316406,85.5082778930664,23.01885223388672,10.181201934814453,12.703386306762695,25.481916427612305,32.83639907836914
2012-10-10,170.83999633789062,86.11133575439453,22.588403701782227,10.174819946289062,12.652872085571289,25.375890731811523,32.5940055847168
2012-10-11,171.32000732421875,86.70732879638672,22.75684356689453,10.232268333435059,12.602359771728516,25.3193359375,32.61824417114258
2012-10-12,170.05999755859375,86.9246826171875,22.632080078125,10.091839790344238,12.593942642211914,25.340539932250977,32.56977462768555
2012-10-15,168.35000610351562,86.72833251953125,22.74747657775879,10.206731796264648,12.657079696655273,25.51018714904785,33.038394927978516
2012-10-16,169.4199981689453,85.52928924560547,23.109294891357422,10.2705659866333,12.829658508300781,25.573806762695312,33.39389419555664
2012-10-17,169.5399932861328,84.73698425292969,23.39936637878418,10.404609680175781,12.762309074401855,25.686904907226562,33.39389419555664
2012-10-18,168.7899932861328,84.21815490722656,23.396249771118164,10.423765182495117,12.614988327026367,25.5455265045166,33.40198516845703
2012-10-19,166.97000122070312,85.36103820800781,23.028196334838867,10.283330917358398,12.328763961791992,25.241586685180664,32.8040771484375
2012-10-22,167.5800018310547,84.8141098022461,22.91278648376465,10.283330917358398,12.412949562072754,25.255720138549805,32.82831573486328
2012-10-23,165.42999267578125,86.02716064453125,22.37942886352539,10.110987663269043,12.278247833251953,24.916431427001953,32.39200973510742
2012-10-24,164.86000061035156,85.17874908447266,22.207876205444336,10.110987663269043,12.206695556640625,24.916431427001953,32.44854736328125
2012-10-25,166.02000427246094,84.74396514892578,22.41686248779297,10.136514663696289,12.181441307067871,25.07194709777832,32.70711898803711
2012-10-26,165.92999267578125,85.9920883178711,22.444927215576172,10.085453987121582,12.202485084533691,24.987119674682617,32.57783889770508
2012-10-31,166.8300018310547,86.49697875976562,22.438695907592773,10.149288177490234,12.151982307434082,25.015390396118164,32.343528747558594
2012-11-01,166.07000732421875,85.78877258300781,22.535369873046875,10.276947975158691,12.349807739257812,25.0295352935791,32.61016845703125
2012-11-02,162.60000610351562,85.72565460205078,22.164216995239258,10.213118553161621,12.189859390258789,24.881088256835938,32.43240737915039
2012-11-05,163.22999572753906,86.20944213867188,22.332643508911133,10.193967819213867,12.257208824157715,24.838685989379883,32.44854736328125
2012-11-06,166.3000030517578,85.3960952758789,22.69133186340332,10.308866500854492,12.311925888061523,25.022457122802734,32.48088455200195
2012-11-07,166.49000549316406,86.9457015991211,22.09871482849121,9.9641695022583,12.004655838012695,24.725584030151367,31.939533233642578
2012-11-08,167.99000549316406,88.23587799072266,21.699464797973633,9.881192207336426,11.832077980041504,24.456979751586914,31.55977439880371
2012-11-09,167.82000732421875,88.33403778076172,21.693233489990234,9.89395809173584,11.886796951293945,24.456979751586914,31.648651123046875
2012-11-12,167.4499969482422,88.48127746582031,21.736894607543945,9.913105010986328,11.869961738586426,24.456979751586914,31.810253143310547
2012-11-13,167.10000610351562,88.7757568359375,21.646448135375977,9.842889785766602,11.811030387878418,24.442842483520508,31.689064025878906
2012-11-14,167.13999938964844,88.85989379882812,21.384441375732422,9.670544624328613,11.693175315856934,24.174243927001953,31.309293746948242
2012-11-15,166.08999633789062,88.68456268310547,21.412511825561523,9.689697265625,11.625823974609375,24.167173385620117,31.220428466796875
2012-11-16,165.8800048828125,88.60747528076172,21.496732711791992,9.753527641296387,11.64266300201416,24.32267951965332,31.454742431640625
2012-11-19,167.8699951171875,88.10963439941406,21.992656707763672,9.938639640808105,11.962564468383789,24.718521118164062,31.786008834838867
2012-11-20,167.38999938964844,87.22618103027344,21.90532684326172,9.989705085754395,11.9120512008667,24.810405731201172,31.963783264160156
2012-11-21,167.55999755859375,87.17711639404297,22.023855209350586,9.989705085754395,11.949933052062988,24.845754623413086,31.939533233642578
2012-11-23,169.61000061035156,87.09292602539062,22.335769653320312,10.110987663269043,12.143558502197266,25.21331214904785,32.33545684814453
2012-11-26,169.42999267578125,87.50666046142578,22.117429733276367,10.072685241699219,12.198278427124023,25.0295352935791,32.19000244140625
2012-11-27,168.7100067138672,87.85021209716797,21.933399200439453,9.983322143554688,12.143558502197266,25.008319854736328,31.99608039855957
2012-11-28,166.5500030517578,87.7239761352539,22.133018493652344,10.021617889404297,12.215113639831543,25.2486515045166,32.24655532836914
2012-11-29,167.17999267578125,87.73805236816406,22.182924270629883,10.072685241699219,12.274044036865234,25.382953643798828,32.472801208496094
2012-11-30,166.0500030517578,87.49961853027344,22.164216995239258,10.059921264648438,12.261418342590332,25.474849700927734,32.51320266723633
2012-12-03,166.1300048828125,87.58042907714844,22.04256820678711,10.021617889404297,12.244580268859863,25.375890731811523,32.44048309326172
2012-12-04,164.4199981689453,88.08619689941406,21.96147346496582,9.99609088897705,12.22353458404541,25.326406478881836,32.51320266723633
2012-12-05,164.1199951171875,88.04412841796875,22.114307403564453,10.117369651794434,12.101468086242676,25.368816375732422,32.61824417114258
2012-12-06,164.5,88.23380279541016,22.18604278564453,10.149288177490234,12.173022270202637,25.3970947265625,32.602081298828125
2012-12-07,165.16000366210938,87.41883850097656,22.320165634155273,10.232268333435059,12.10988712310791,25.573806762695312,32.70711898803711
2012-12-10,165.8000030517578,87.8051986694336,22.295207977294922,10.206731796264648,12.139351844787598,25.5455265045166,32.844478607177734
2012-12-11,165.64999389648438,87.13776397705078,22.42621612548828,10.25780200958252,12.303510665893555,25.55966567993164,33.19191360473633
2012-12-12,165.77000427246094,86.12612915039062,22.50731658935547,10.302485466003418,12.282465934753418,25.50312042236328,33.143428802490234
2012-12-13,164.3699951171875,86.1893310546875,22.298330307006836,10.251416206359863,12.194067001342773,25.4606990814209,32.860633850097656
2012-12-14,164.1300048828125,86.83570098876953,22.2141170501709,10.213118553161621,12.076210021972656,25.418292999267578,32.731353759765625
2012-12-17,164.44000244140625,85.53594207763672,22.41686248779297,10.423765182495117,12.22353458404541,25.474849700927734,32.98991012573242
2012-12-18,162.0800018310547,84.664794921875,22.82857322692871,10.576957702636719,12.404532432556152,25.46778106689453,33.24846267700195
2012-12-19,161.69000244140625,84.94580841064453,22.672618865966797,10.513128280639648,12.341389656066895,25.21331214904785,32.8929557800293
2012-12-20,159.72999572753906,84.95991516113281,22.825458526611328,10.659941673278809,12.362434387207031,25.354677200317383,32.94144058227539
2012-12-21,160.3300018310547,85.88729095458984,22.593788146972656,10.53404712677002,12.255758285522461,25.13881492614746,32.66441345214844
2012-12-24,160.6199951171875,85.73271179199219,22.42135238647461,10.514778137207031,12.221887588500977,25.06019401550293,32.534427642822266
2012-12-26,160.77999877929688,86.04109191894531,22.32103157043457,10.514778137207031,12.154149055480957,24.845762252807617,32.42070770263672
2012-12-27,161.16000366210938,86.32975769042969,22.2802791595459,10.476235389709473,12.141451835632324,24.888643264770508,32.37197494506836
2012-12-28,160.5399932861328,86.82264709472656,21.891542434692383,10.39273738861084,12.00598430633545,24.62416648864746,32.055171966552734
2012-12-31,162.02000427246094,85.32291412353516,22.3900089263916,10.527621269226074,12.213421821594238,24.945823669433594,32.3963508605957
2013-01-02,163.1699981689453,84.18223571777344,22.885334014892578,10.835936546325684,12.619832038879395,25.589128494262695,33.03810119628906
2013-01-03,161.1999969482422,83.04163360595703,22.879066467285156,10.823087692260742,12.53939437866211,25.524799346923828,33.0787353515625
2013-01-04,160.44000244140625,83.36548614501953,23.132999420166016,10.95155143737793,12.488593101501465,25.59627914428711,33.224937438964844
2013-01-07,159.42999267578125,83.40067291259766,22.954307556152344,10.925861358642578,12.471659660339355,25.424720764160156,33.33053970336914
2013-01-08,160.55999755859375,83.9499282836914,22.879066467285156,10.893745422363281,12.425094604492188,25.353256225585938,33.33866882324219
2013-01-09,160.49000549316406,83.87249755859375,22.84144401550293,10.880897521972656,12.44626235961914,25.41042709350586,33.70421600341797
2013-01-10,161.97999572753906,83.64010620117188,23.04835319519043,11.015789031982422,12.509759902954102,25.560543060302734,33.93980026245117
2013-01-11,161.05999755859375,84.386474609375,23.076570510864258,10.990091323852539,12.526692390441895,25.67490577697754,33.931678771972656
2013-01-14,161.5399932861328,84.15411376953125,23.079689025878906,10.957978248596191,12.44626235961914,25.75353240966797,33.964176177978516
2013-01-15,162.55999755859375,84.5413589477539,23.183156967163086,11.002938270568848,12.365823745727539,25.832149505615234,33.923545837402344
2013-01-16,162.64999389648438,84.71739959716797,23.2866153717041,11.009366035461426,12.408157348632812,25.796417236328125,33.8504524230957
2013-01-17,163.35000610351562,83.87249755859375,23.4339599609375,11.002938270568848,12.45895767211914,25.96796417236328,34.1510124206543
2013-01-18,163.08999633789062,84.5202407836914,23.665939331054688,11.015789031982422,12.442026138305664,26.075178146362305,34.26473617553711
2013-01-22,163.6699981689453,84.68214416503906,23.89166831970215,11.11855697631836,12.475893020629883,26.08232879638672,34.362220764160156
2013-01-23,163.2100067138672,84.55548095703125,23.810152053833008,11.112135887145996,12.60713005065918,26.075178146362305,34.32161331176758
2013-01-24,161.4199981689453,84.25975799560547,23.87912368774414,11.169946670532227,12.391226768493652,26.146665573120117,34.540931701660156
2013-01-25,160.64999389648438,83.10499572753906,24.104843139648438,11.22132682800293,12.403923034667969,26.275310516357422,34.80901336669922
2013-01-28,160.2899932861328,82.80225372314453,24.064090728759766,11.176365852355957,12.44626235961914,26.29676628112793,34.68716049194336
2013-01-29,160.99000549316406,82.34459686279297,24.45281982421875,11.22132682800293,12.463191986083984,26.439722061157227,35.06084060668945
2013-01-30,162.19000244140625,82.2037353515625,24.330556869506836,11.169946670532227,12.425094604492188,26.38968849182129,34.955238342285156
2013-01-31,161.1999969482422,82.6050796508789,24.249053955078125,11.163522720336914,12.44626235961914,26.35393714904785,34.85776138305664
2013-02-01,161.4499969482422,81.5324935913086,24.474761962890625,11.311253547668457,12.58596134185791,26.568370819091797,35.13395690917969
2013-02-04,162.0,82.57685089111328,24.24278450012207,11.182791709899902,12.420857429504395,26.318199157714844,34.74403381347656
2013-02-05,161.9600067138672,81.8429946899414,24.45281982421875,11.291983604431152,12.564796447753906,26.632709503173828,35.12583541870117
2013-02-06,162.38999938964844,82.51335906982422,24.468502044677734,11.311253547668457,12.560559272766113,26.668453216552734,35.11769485473633
2013-02-07,161.83999633789062,82.32984924316406,24.405799865722656,11.27913761138916,12.560559272766113,26.811397552490234,34.98773193359375
2013-02-08,161.57000732421875,82.64741516113281,24.63465690612793,11.304832458496094,12.67063045501709,26.789962768554688,35.247676849365234
2013-02-11,159.6999969482422,82.58392333984375,24.512393951416016,11.356212615966797,12.696032524108887,26.789962768554688,35.17456817626953
2013-02-12,159.88999938964844,82.3792953491211,24.57822608947754,11.446136474609375,12.653694152832031,26.76136589050293,35.13395690917969
2013-02-13,159.0500030517578,81.70894622802734,24.66600227355957,11.42044734954834,12.649463653564453,26.789962768554688,35.10958480834961
2013-02-14,158.35000610351562,82.44988250732422,24.87918472290039,11.45898723602295,12.615596771240234,26.847143173217773,35.18269348144531
2013-02-15,155.75999450683594,82.20988464355469,24.593900680541992,11.40760326385498,12.60713005065918,26.882892608642578,35.26393127441406
2013-02-19,155.3300018310547,81.80061340332031,24.87918472290039,11.516797065734863,12.69179916381836,27.154495239257812,35.4832649230957
2013-02-20,151.44000244140625,82.04762268066406,24.3587646484375,11.343369483947754,12.518228530883789,27.10445785522461,35.25580978393555
2013-02-21,152.6199951171875,82.52749633789062,24.18948745727539,11.253445625305176,12.416622161865234,27.190235137939453,35.093326568603516
2013-02-22,152.97000122070312,82.58392333984375,24.44342041015625,11.39475154876709,12.569025993347168,27.347488403320312,35.247676849365234
2013-02-25,154.33999633789062,84.20694732666016,23.80388641357422,11.086440086364746,12.391226768493652,26.975805282592773,34.85776138305664
2013-02-26,156.22000122070312,83.72006225585938,24.039011001586914,11.144248962402344,12.463191986083984,27.040128707885742,34.947113037109375
2013-02-27,154.57000732421875,83.47303771972656,24.405799865722656,11.317675590515137,12.569025993347168,27.24026870727539,35.32891845703125
2013-02-28,153.0,83.6282958984375,24.355642318725586,11.298407554626465,12.54362678527832,27.225976943969727,35.29642105102539
2013-03-01,152.44000244140625,84.08369445800781,24.386980056762695,11.330523490905762,12.564796447753906,27.318889617919922,35.56448745727539
2013-03-04,152.3000030517578,83.63818359375,24.33369255065918,11.426872253417969,12.60289478302002,27.52618408203125,35.75947189331055
2013-03-05,152.3800048828125,83.39773559570312,24.490446090698242,11.523219108581543,12.776463508605957,27.619115829467773,36.06815719604492
2013-03-06,153.22999572753906,82.64107513427734,24.518653869628906,11.600299835205078,12.767996788024902,27.55477523803711,36.14126968383789
2013-03-07,152.69000244140625,82.0046157836914,24.644067764282227,11.683797836303711,12.797629356384277,27.55477523803711,36.116886138916016
2013-03-08,152.7100067138672,81.14897155761719,24.763187408447266,11.715913772583008,12.82303237915039,27.60479164123535,36.181880950927734
2013-03-11,152.99000549316406,81.22669982910156,24.775732040405273,11.805837631225586,12.852668762207031,27.633398056030273,36.36872482299805
2013-03-12,154.19000244140625,81.81367492675781,24.803937911987305,11.741610527038574,12.806099891662598,27.60479164123535,36.531185150146484
2013-03-13,153.66000366210938,81.72881317138672,24.747507095336914,11.773725509643555,12.797629356384277,27.676288604736328,36.539306640625
2013-03-14,153.67999267578125,81.48133087158203,25.086095809936523,11.850804328918457,12.890769958496094,27.769207000732422,36.57180404663086
2013-03-15,154.0,81.86316680908203,25.066251754760742,11.890763282775879,12.837209701538086,27.64781379699707,36.49347686767578
2013-03-18,155.3800048828125,82.48554992675781,24.86471939086914,11.77475643157959,12.841460227966309,27.561613082885742,36.256874084472656
2013-03-19,156.0800018310547,83.04415893554688,24.590742111206055,11.710304260253906,12.824458122253418,27.791467666625977,36.28135681152344
2013-03-20,155.3699951171875,82.11778259277344,24.72930908203125,11.787641525268555,12.888218879699707,28.057247161865234,36.5832405090332
2013-03-21,156.25,82.90985107421875,24.603349685668945,11.645857810974121,12.743695259094238,27.971052169799805,36.3792724609375
2013-03-22,155.5500030517578,82.97344207763672,24.798587799072266,11.716752052307129,12.824458122253418,28.22964096069336,36.656654357910156
2013-03-25,155.24000549316406,82.8956527709961,24.70410919189453,11.684523582458496,12.794703483581543,28.208101272583008,36.550594329833984
2013-03-26,154.72000122070312,82.99467468261719,24.96549415588379,11.761865615844727,12.87546443939209,28.47386360168457,36.97483825683594
2013-03-27,155.36000061035156,83.7018814086914,25.04734992980957,11.70386028289795,12.841460227966309,28.452320098876953,37.1624755859375
2013-03-28,154.4499969482422,83.27751922607422,24.974931716918945,11.736083030700684,12.866964340209961,28.56725311279297,37.48882293701172
2013-04-01,154.6699981689453,83.90471649169922,24.924543380737305,11.678078651428223,12.781947135925293,28.55288314819336,37.58673858642578
2013-04-02,152.42999267578125,83.56458282470703,24.782835006713867,11.748969078063965,12.832959175109863,28.861759185791016,38.133358001708984
2013-04-03,150.72999572753906,84.31578063964844,24.319934844970703,11.55562973022461,12.730941772460938,28.545700073242188,37.904930114746094
2013-04-04,150.2899932861328,85.32218933105469,24.2884464263916,11.658745765686035,12.73519229888916,28.696556091308594,38.07624435424805
2013-04-05,152.80999755859375,87.04434204101562,24.34197235107422,11.620076179504395,12.63742446899414,28.488229751586914,37.8641242980957
2013-04-08,152.16000366210938,86.37814331054688,24.505720138549805,11.736083030700684,12.692681312561035,28.81147575378418,37.89677429199219
2013-04-09,153.33999633789062,86.16555786132812,24.71356201171875,11.768311500549316,12.781947135925293,28.782745361328125,38.0191535949707
2013-04-10,150.75,84.98202514648438,24.8458309173584,11.929429054260254,13.007238388061523,28.998247146606445,38.655517578125
2013-04-11,151.0500030517578,85.1449966430664,24.952890396118164,11.95521068572998,12.964729309082031,29.13471031188965,39.03080749511719
2013-04-12,143.9499969482422,86.41363525390625,24.562406539916992,11.903650283813477,12.909472465515137,29.242469787597656,39.10423278808594
2013-04-15,131.30999755859375,87.16483306884766,23.561019897460938,11.652300834655762,12.69693374633789,28.775554656982422,38.39444351196289
2013-04-16,132.8000030517578,86.44902038574219,23.85072898864746,11.83275318145752,12.85421085357666,29.314298629760742,38.94923400878906
2013-04-17,132.8699951171875,87.02313995361328,23.32798957824707,11.61363410949707,12.590666770935059,29.062889099121094,38.76974868774414
2013-04-18,134.3000030517578,87.23570251464844,23.526376724243164,11.49117660522461,12.458892822265625,29.005416870117188,38.29653549194336
2013-04-19,135.47000122070312,87.05145263671875,23.479143142700195,11.652300834655762,12.475899696350098,29.45796775817871,38.83500671386719
2013-04-22,137.89999389648438,87.11520385742188,23.731060028076172,11.665191650390625,12.573661804199219,29.529787063598633,39.07160949707031
2013-04-23,136.8800048828125,86.8104476928711,24.005020141601562,11.877870559692383,12.709685325622559,29.75965118408203,39.31635665893555
2013-04-24,138.3699951171875,87.03022766113281,24.32623291015625,11.948762893676758,12.730941772460938,29.28556251525879,38.63920593261719
2013-04-25,141.6300048828125,86.65453338623047,24.34512710571289,12.019659996032715,12.773448944091797,29.378948211669922,38.79420852661133
2013-04-26,140.91000366210938,87.44834899902344,24.304187774658203,11.968098640441895,12.769197463989258,29.371767044067383,38.78604507446289
2013-04-29,142.3000030517578,87.12944030761719,24.549808502197266,12.019659996032715,12.951979637145996,29.465147018432617,38.90843200683594
2013-04-30,142.77000427246094,87.17903900146484,24.647430419921875,12.051883697509766,13.09225082397461,29.40766716003418,38.61471176147461
2013-05-01,141.11000061035156,88.07457733154297,24.263256072998047,11.916542053222656,12.977486610412598,29.378948211669922,38.206787109375
2013-05-02,141.9199981689453,87.96099090576172,24.581302642822266,12.019659996032715,13.143261909484863,29.486690521240234,38.63103485107422
2013-05-03,142.08999633789062,85.88713836669922,25.025320053100586,12.148553848266602,13.266532897949219,29.615983963012695,38.892112731933594
2013-05-06,142.14999389648438,85.67405700683594,25.195363998413086,12.277453422546387,13.33029556274414,29.400495529174805,38.63920593261719
2013-05-07,140.3800048828125,85.34024047851562,25.390594482421875,12.341900825500488,13.32179069519043,29.623167037963867,38.76157760620117
2013-05-08,142.4600067138672,85.47518920898438,25.431543350219727,12.445016860961914,13.428060531616211,29.65909194946289,38.87580490112305
2013-05-09,140.80999755859375,85.2550048828125,25.40949249267578,12.354789733886719,13.389803886413574,29.45077133178711,38.924739837646484
2013-05-10,139.60000610351562,84.33879852294922,25.277238845825195,12.40634822845459,13.428060531616211,29.56570816040039,39.30820083618164
2013-05-13,138.42999267578125,83.69252014160156,25.274097442626953,12.445016860961914,13.394054412841797,29.615983963012695,39.63455581665039
2013-05-14,137.80999755859375,82.78343200683594,25.633066177368164,12.657697677612305,13.436561584472656,29.967954635620117,40.03430938720703
2013-05-15,134.6300048828125,83.33744049072266,25.56064796447754,12.77370548248291,13.479068756103516,30.262470245361328,40.24644470214844
2013-05-16,134.08999633789062,84.203857421875,25.434690475463867,12.689920425415039,13.551329612731934,30.082897186279297,39.830360412597656
2013-05-17,131.07000732421875,83.13854217529297,25.859798431396484,12.857487678527832,13.687355995178223,30.125988006591797,40.05878829956055
2013-05-20,135.1199951171875,83.03913879394531,26.22509765625,12.883271217346191,13.687355995178223,29.817106246948242,39.78140640258789
2013-05-21,132.8800048828125,83.69252014160156,26.171558380126953,12.915492057800293,13.644845008850098,29.84583854675293,40.21381759643555
2013-05-22,131.94000244140625,82.44967651367188,25.869243621826172,12.780149459838867,13.496071815490723,29.795560836791992,40.21381759643555
2013-05-23,134.61000061035156,82.84025573730469,25.881851196289062,12.702810287475586,13.491820335388184,29.67345428466797,40.19749450683594
2013-05-24,133.75999450683594,82.95393371582031,25.730693817138672,12.715703010559082,13.470566749572754,29.953596115112305,40.075111389160156
2013-05-28,133.49000549316406,80.85163116455078,26.001510620117188,12.844598770141602,13.534331321716309,30.003877639770508,40.4830436706543
2013-05-29,134.8300018310547,81.76070404052734,25.944828033447266,12.844598770141602,13.500323295593262,29.42923355102539,39.84667205810547
2013-05-30,136.6999969482422,81.56188201904297,25.88499641418457,12.999272346496582,13.58533763885498,29.314298629760742,40.132232666015625
2013-05-31,133.9199981689453,81.28487396240234,25.34966468811035,12.786598205566406,13.457817077636719,28.76837158203125,39.251094818115234
2013-06-03,136.50999450683594,81.71556854248047,25.595287322998047,12.799482345581055,13.525830268859863,29.084444046020508,39.463218688964844
2013-06-04,135.22999572753906,80.96098327636719,25.393754959106445,12.683477401733398,13.466320037841797,29.091615676879883,39.21845245361328
2013-06-05,135.52000427246094,82.07866668701172,25.09775161743164,12.477239608764648,13.334546089172363,28.739641189575195,38.64734649658203
2013-06-06,136.52999877929688,82.02889251708984,25.286680221557617,12.651252746582031,13.364298820495605,28.861759185791016,39.21030044555664
2013-06-07,133.27999877929688,80.56227111816406,25.604732513427734,12.870378494262695,13.487569808959961,29.22092628479004,39.56926727294922
2013-06-10,133.94000244140625,80.17784881591797,25.532304763793945,12.876824378967285,13.517326354980469,29.22092628479004,39.62638473510742
2013-06-11,133.25,81.13182830810547,25.144977569580078,12.664140701293945,13.37705135345459,29.149085998535156,39.463218688964844
2013-06-12,134.25,79.97135925292969,24.990676879882812,12.528801918029785,13.287784576416016,29.005416870117188,39.063453674316406
2013-06-13,133.74000549316406,81.22434997558594,25.40949249267578,12.76725959777832,13.440814971923828,29.307117462158203,39.667179107666016
2013-06-14,134.42999267578125,81.03215026855469,25.16387176513672,12.599699020385742,13.338791847229004,29.23528289794922,39.601924896240234
2013-06-17,133.77000427246094,80.60496520996094,25.526010513305664,12.722146034240723,13.462069511413574,29.493877410888672,39.691646575927734
2013-06-18,132.1300048828125,80.64767456054688,25.670862197875977,12.805931091308594,13.568333625793457,29.601612091064453,40.026161193847656
2013-06-19,130.58999633789062,79.81475067138672,25.434690475463867,12.631921768188477,13.411057472229004,29.01259994506836,39.38979721069336
2013-06-20,123.5999984741211,78.5047836303711,24.691526412963867,12.36123275756836,13.113508224487305,28.13625717163086,38.37812423706055
2013-06-21,125.05000305175781,77.17344665527344,24.733911514282227,12.372235298156738,13.03447437286377,28.50788688659668,38.75675582885742
2013-06-24,123.93000030517578,77.49382781982422,24.36688232421875,12.152228355407715,12.8764009475708,28.39219856262207,38.42893981933594
2013-06-25,123.47000122070312,76.80326080322266,24.680126190185547,12.378705978393555,12.983203887939453,28.43558692932129,38.6256217956543
2013-06-26,118.27999877929688,77.30159759521484,24.832014083862305,12.501651763916016,13.060105323791504,28.732023239135742,39.18290710449219
2013-06-27,115.94000244140625,78.09184265136719,24.87946128845215,12.663422584533691,13.124186515808105,28.86216163635254,39.32225799560547
2013-06-28,119.11000061035156,78.6258544921875,24.77505111694336,12.585770606994629,13.068650245666504,28.681396484375,39.019012451171875
2013-07-01,121.12999725341797,78.78422546386719,24.952239990234375,12.62459945678711,13.137004852294922,28.891071319580078,39.12556457519531
2013-07-02,120.05000305175781,78.73426818847656,25.006032943725586,12.637539863586426,13.158364295959473,28.927223205566406,39.043601989746094
2013-07-03,120.73999786376953,78.498779296875,24.990215301513672,12.598714828491211,13.235264778137207,28.8693904876709,38.98623275756836
2013-07-05,118.08999633789062,75.82296752929688,25.300291061401367,12.8251953125,13.320709228515625,28.94168472290039,39.5189323425293
2013-07-08,119.51000213623047,76.55789184570312,25.464826583862305,12.92225456237793,13.312164306640625,29.23088836669922,39.74021911621094
2013-07-09,120.62000274658203,76.63640594482422,25.72429084777832,13.03226375579834,13.363431930541992,29.447790145874023,39.854957580566406
2013-07-10,120.94999694824219,76.03704071044922,25.566082000732422,12.954608917236328,13.406152725219727,29.483930587768555,40.11720657348633
2013-07-11,124.23999786376953,76.92898559570312,25.77174186706543,13.077555656433105,13.632579803466797,29.946664810180664,40.6335334777832
2013-07-12,124.12999725341797,76.86473083496094,25.917295455932617,13.168148040771484,13.641125679016113,29.953882217407227,40.879398345947266
2013-07-15,124.18000030517578,77.27149200439453,25.895153045654297,13.226387023925781,13.679573059082031,29.99726676940918,40.920372009277344
2013-07-16,124.88999938964844,77.53549194335938,25.736942291259766,13.17462158203125,13.688117980957031,29.888809204101562,40.6827278137207
2013-07-17,123.31999969482422,77.67818450927734,25.850845336914062,13.232860565185547,13.70093059539795,29.946664810180664,40.78924560546875
2013-07-18,124.01000213623047,76.70771789550781,26.12612533569336,13.407567024230957,13.666756629943848,30.047883987426758,40.90398406982422
2013-07-19,125.11000061035156,77.92082214355469,26.490007400512695,13.414039611816406,13.436056137084961,30.22140884399414,41.444889068603516
2013-07-22,128.83999633789062,78.03501892089844,26.40456771850586,13.504630088806152,13.47451114654541,30.15632438659668,41.649784088134766
2013-07-23,129.7100067138672,77.7067642211914,26.448862075805664,13.45286750793457,13.418968200683594,30.098485946655273,41.50225830078125
2013-07-24,127.4800033569336,76.7220230102539,26.154611587524414,13.35580062866211,13.508686065673828,29.903276443481445,41.436702728271484
2013-07-25,128.6699981689453,76.69348907470703,26.32863426208496,13.368746757507324,13.517227172851562,30.062339782714844,41.6415901184082
2013-07-26,128.77999877929688,77.16445922851562,26.262182235717773,13.35580062866211,13.555675506591797,30.026180267333984,41.91203308105469
2013-07-29,128.47000122070312,76.60076141357422,26.043865203857422,13.25873851776123,13.534319877624512,29.96111297607422,41.78911590576172
2013-07-30,128.1199951171875,76.5721664428711,25.99323272705078,13.252267837524414,13.602673530578613,29.932205200195312,41.79730224609375
2013-07-31,127.95999908447266,76.8504867553711,26.07866859436035,13.25873851776123,13.555675506591797,29.924959182739258,41.81370162963867
2013-08-01,126.61000061035156,75.36971282958984,26.502655029296875,13.47227668762207,13.70093059539795,30.1707763671875,42.07595443725586
2013-08-02,126.36000061035156,76.19951629638672,26.38558578491211,13.465802192687988,13.76074504852295,30.185245513916016,42.092342376708984
2013-08-05,125.69999694824219,75.61287689208984,26.32230567932129,13.439927101135254,13.7906494140625,30.206941604614258,42.03498077392578
2013-08-06,123.97000122070312,75.83470153808594,26.16092872619629,13.31697940826416,13.718019485473633,30.1707763671875,41.83828353881836
2013-08-07,124.1500015258789,76.39984130859375,26.069168090820312,13.226387023925781,13.683841705322266,30.026180267333984,41.871070861816406
2013-08-08,126.86000061035156,76.60723876953125,26.211559295654297,13.25873851776123,13.726566314697266,30.185245513916016,41.871070861816406
2013-08-09,126.86000061035156,76.72888946533203,26.13245964050293,13.213440895080566,13.658207893371582,30.055110931396484,41.72355270385742
2013-08-12,129.1300048828125,76.20664978027344,26.02170181274414,13.161675453186035,13.747925758361816,29.968345642089844,41.551448822021484
2013-08-13,127.73999786376953,75.10506439208984,26.069168090820312,13.226387023925781,13.841914176940918,29.990039825439453,41.7071533203125
2013-08-14,129.0,75.21947479248047,25.948942184448242,13.17462158203125,13.829096794128418,29.78036880493164,41.37933349609375
2013-08-15,131.69000244140625,74.20365905761719,25.806550979614258,12.980493545532227,13.606945037841797,29.30318832397461,40.6827278137207
2013-08-16,132.5800018310547,73.94615173339844,25.70214080810547,12.954608917236328,13.594130516052246,29.12966537475586,40.49421691894531
2013-08-19,132.00999450683594,73.30228424072266,25.29396629333496,12.786368370056152,13.551406860351562,28.999521255493164,40.56797790527344
2013-08-20,132.4499969482422,73.86747741699219,25.44900894165039,12.909313201904297,13.572765350341797,29.00676155090332,40.6827278137207
2013-08-21,132.07000732421875,73.05911254882812,25.309783935546875,12.818724632263184,13.542860984802246,28.782636642456055,40.43683624267578
2013-08-22,132.80999755859375,73.80309295654297,25.686317443847656,12.967551231384277,13.602673530578613,28.90554428100586,40.699092864990234
2013-08-23,134.89999389648438,74.60423278808594,25.869834899902344,12.980493545532227,13.70093059539795,29.071826934814453,40.80563735961914
2013-08-26,135.4499969482422,74.97624969482422,25.825538635253906,12.896374702453613,13.636848449707031,28.732023239135742,40.86300277709961
2013-08-27,136.75,75.92051696777344,25.664165496826172,12.585770606994629,13.397607803344727,28.580184936523438,40.19917678833008
2013-08-28,136.7100067138672,75.3052749633789,26.091323852539062,12.605184555053711,13.406152725219727,28.363283157348633,40.371273040771484
2013-08-29,135.8699951171875,75.90621948242188,25.819210052490234,12.637539863586426,13.478778839111328,28.47896957397461,40.49421691894531
2013-08-30,134.6199951171875,75.82036590576172,25.809717178344727,12.579303741455078,13.41469669342041,28.565732955932617,40.338497161865234
2013-09-03,136.4199981689453,74.7509536743164,25.999561309814453,12.682835578918457,13.427515029907227,28.544031143188477,40.600746154785156
2013-09-04,134.66000366210938,74.58599090576172,26.13878631591797,12.779897689819336,13.555675506591797,28.724788665771484,41.067909240722656
2013-09-05,132.1999969482422,73.54596710205078,26.22737693786621,12.81225299835205,13.56422233581543,28.681396484375,41.125274658203125
2013-09-06,134.14999389648438,73.91181945800781,26.224218368530273,12.81225299835205,13.572765350341797,28.753711700439453,41.141666412353516
2013-09-09,133.91000366210938,73.9476547241211,26.51848030090332,12.961081504821777,13.735111236572266,28.95613670349121,41.395721435546875
2013-09-10,131.74000549316406,73.43123626708984,26.527965545654297,13.11638069152832,13.820555686950684,28.985063552856445,41.65797805786133
2013-09-11,131.6999969482422,74.08392333984375,26.73046875,13.129321098327637,13.756474494934082,29.19472885131836,41.9366340637207
2013-09-12,127.66999816894531,73.98351287841797,26.572275161743164,13.03226375579834,13.769286155700684,29.20197105407715,41.871070861816406
2013-09-13,127.81999969482422,74.27039337158203,26.562776565551758,13.071087837219238,13.782103538513184,29.440555572509766,41.96940231323242
2013-09-16,126.44999694824219,73.77555847167969,26.556447982788086,13.213440895080566,13.76074504852295,29.70806884765625,42.34640884399414
2013-09-17,126.5,74.38517761230469,26.676687240600586,13.278151512145996,13.829096794128418,29.809284210205078,42.370994567871094
2013-09-18,132.00999450683594,75.30329895019531,26.99942970275879,13.39462947845459,14.00425910949707,30.16356658935547,42.63325881958008
2013-09-19,131.75,74.85853576660156,26.93299102783203,13.342863082885742,14.01280403137207,30.026180267333984,42.49393844604492
2013-09-20,127.95999908447266,75.2530288696289,26.714590072631836,13.272048950195312,13.91321086883545,29.815914154052734,42.41410827636719
2013-09-23,127.55000305175781,75.80534362792969,26.584270477294922,13.083657264709473,13.956135749816895,29.684953689575195,42.11784362792969
2013-09-24,127.66000366210938,76.6229476928711,26.609699249267578,12.999207496643066,13.896036148071289,29.54671859741211,41.903865814208984
2013-09-25,128.7899932861328,76.78076171875,26.60334014892578,13.07066535949707,13.87457275390625,29.299345016479492,41.57470703125
2013-09-26,127.79000091552734,76.24286651611328,26.651016235351562,13.07066535949707,13.9260835647583,29.452131271362305,41.722843170166016
2013-09-27,128.97000122070312,76.42930603027344,26.558834075927734,13.025192260742188,13.840230941772461,29.270235061645508,41.722843170166016
2013-09-30,128.17999267578125,76.31449890136719,26.355396270751953,12.93423843383789,13.754373550415039,28.957378387451172,41.63231658935547
2013-10-01,124.58999633789062,76.08302307128906,26.52386474609375,13.025192260742188,13.87457275390625,29.13200569152832,42.15898895263672
2013-10-02,127.05999755859375,76.19800567626953,26.584270477294922,13.018697738647461,13.87886905670166,29.066526412963867,42.060237884521484
2013-10-03,127.18000030517578,76.0758056640625,26.352214813232422,12.921247482299805,13.75866413116455,28.921005249023438,41.68992233276367
2013-10-04,126.52999877929688,76.01828002929688,26.619232177734375,13.025192260742188,13.814471244812012,28.96466636657715,42.1507682800293
2013-10-07,127.63999938964844,76.3275146484375,26.399890899658203,12.875773429870605,13.754373550415039,28.870080947875977,41.681697845458984
2013-10-08,127.4000015258789,76.34905242919922,26.116987228393555,12.713363647460938,13.53543758392334,28.870080947875977,41.080936431884766
2013-10-09,126.11000061035156,75.73776245117188,26.024789810180664,12.758840560913086,13.586952209472656,28.891891479492188,41.006893157958984
2013-10-10,124.2699966430664,75.86007690429688,26.507976531982422,13.122636795043945,13.814471244812012,29.430309295654297,41.96148681640625
2013-10-11,122.5999984741211,75.8385009765625,26.794069290161133,13.194096565246582,13.930381774902344,29.517620086669922,42.15898895263672
2013-10-14,122.83000183105469,75.22722625732422,26.975261688232422,13.259057998657227,13.977605819702148,29.64130401611328,42.46347427368164
2013-10-15,123.7300033569336,75.1768569946289,26.8767147064209,13.161613464355469,13.891744613647461,29.37209701538086,42.19190216064453
2013-10-16,123.54000091552734,76.11890411376953,27.28042984008789,13.440959930419922,14.024822235107422,29.80864143371582,43.05598068237305
2013-10-17,127.41999816894531,76.80931854248047,27.337635040283203,13.557887077331543,14.0291166305542,30.143321990966797,43.4181022644043
2013-10-18,126.8499984741211,76.97474670410156,27.636457443237305,13.58387279510498,14.26951789855957,30.186981201171875,43.245269775390625
2013-10-21,126.9800033569336,76.73015594482422,27.512479782104492,13.557887077331543,14.346789360046387,30.12150764465332,43.0230712890625
2013-10-22,129.33999633789062,77.58596801757812,27.665056228637695,13.58387279510498,14.342497825622559,30.499834060668945,43.42631530761719
2013-10-23,128.69000244140625,77.88796997070312,27.232736587524414,13.47343921661377,14.273811340332031,30.558046340942383,43.344017028808594
2013-10-24,129.89999389648438,77.58596801757812,27.363069534301758,13.492926597595215,14.30815315246582,30.499834060668945,43.344017028808594
2013-10-25,130.4600067138672,77.87358093261719,27.52836799621582,13.551396369934082,14.381134986877441,30.57259178161621,43.401641845703125
2013-10-28,130.55999755859375,77.6075210571289,27.550621032714844,13.518908500671387,14.428354263305664,30.972768783569336,43.54974365234375
2013-10-29,129.77000427246094,77.70822143554688,27.74452781677246,13.557887077331543,14.522799491882324,31.241960525512695,43.8377685546875
2013-10-30,129.60000610351562,77.24077606201172,27.556978225708008,13.505918502807617,14.49274730682373,30.972768783569336,43.599124908447266
2013-10-31,127.73999786376953,77.40618896484375,27.46160316467285,13.363000869750977,14.445527076721191,30.81268882751465,43.42631530761719
2013-11-01,126.94999694824219,76.56831359863281,27.363069534301758,13.395485877990723,14.449820518493652,30.92910385131836,43.71434783935547
2013-11-04,126.80999755859375,76.64045715332031,27.703203201293945,13.401975631713867,14.505627632141113,30.95821189880371,43.747257232666016
2013-11-05,126.55999755859375,75.72466278076172,27.452075958251953,13.330520629882812,14.466989517211914,31.016408920288086,43.599124908447266
2013-11-06,127.19999694824219,75.76073455810547,27.534730911254883,13.395485877990723,14.612945556640625,31.35109519958496,43.500370025634766
2013-11-07,126.16000366210938,76.40252685546875,27.10875701904297,13.246064186096191,14.42406177520752,30.89271354675293,43.11359405517578
2013-11-08,124.27999877929688,74.56376647949219,27.512479782104492,13.551396369934082,14.552850723266602,31.045515060424805,43.747257232666016
2013-11-11,123.87000274658203,74.28255462646484,27.56334114074707,13.557887077331543,14.570023536682129,30.950939178466797,43.85424041748047
2013-11-12,122.44999694824219,74.62866973876953,27.309038162231445,13.427961349487305,14.608654975891113,31.001861572265625,43.82956314086914
2013-11-13,122.8499984741211,74.9027099609375,27.547443389892578,13.54489517211914,14.733146667480469,31.263795852661133,44.07643127441406
2013-11-14,124.2699966430664,75.36419677734375,27.712724685668945,13.661831855773926,14.694511413574219,31.489347457885742,44.446746826171875
2013-11-15,124.31999969482422,75.51558685302734,27.86531639099121,13.726794242858887,14.724556922912598,31.525714874267578,44.701873779296875
2013-11-18,122.9000015258789,75.96981811523438,27.65234375,13.72029972076416,14.668757438659668,31.43112564086914,44.504371643066406
2013-11-19,122.94999694824219,75.39302062988281,27.700021743774414,13.739790916442871,14.617241859436035,31.314712524414062,44.55372619628906
2013-11-20,120.12000274658203,74.10953521728516,27.633272171020508,13.700815200805664,14.570023536682129,31.183748245239258,44.685394287109375
2013-11-21,119.94000244140625,74.23210144042969,27.897113800048828,13.89570426940918,14.694511413574219,31.241960525512695,44.86646270751953
2013-11-22,119.91999816894531,74.92430877685547,28.046512603759766,13.96066665649414,14.664461135864258,31.402009963989258,45.467201232910156
2013-11-25,120.45999908447266,75.14065551757812,27.792205810546875,13.980159759521484,14.664461135864258,31.35109519958496,45.64823532104492
2013-11-26,119.81999969482422,75.42184448242188,27.722270965576172,13.967161178588867,14.715978622436523,31.32199478149414,45.516571044921875
2013-11-27,119.45999908447266,75.29207611083984,27.534730911254883,14.006135940551758,14.831883430480957,31.343826293945312,45.50011444091797
2013-11-29,120.69999694824219,75.31368255615234,27.477506637573242,13.954172134399414,14.89198112487793,31.292892456054688,45.47542190551758
2013-12-02,117.58000183105469,74.72789764404297,27.496583938598633,13.947672843933105,14.844767570495605,31.12555503845215,45.49188995361328
2013-12-03,117.95999908447266,75.00269317626953,27.56334114074707,13.8047513961792,14.879101753234863,31.27833366394043,45.09687423706055
2013-12-04,119.95999908447266,74.28679656982422,27.474323272705078,13.837226867675781,14.89198112487793,31.20558738708496,44.94050979614258
2013-12-05,118.30000305175781,74.07701873779297,27.38214874267578,13.707306861877441,14.844767570495605,30.921815872192383,44.85821533203125
2013-12-06,118.55000305175781,74.43136596679688,27.467975616455078,13.89570426940918,14.947789192199707,31.343826293945312,45.4425048828125
2013-12-09,119.72000122070312,74.60497283935547,27.50611686706543,13.954172134399414,14.995013236999512,31.452964782714844,45.53303527832031
2013-12-10,121.81999969482422,75.14017486572266,27.4234619140625,13.902194023132324,14.96496295928955,31.183748245239258,45.35197448730469
2013-12-11,120.86000061035156,74.56156158447266,27.035646438598633,13.71380615234375,14.827588081359863,31.23468780517578,44.570194244384766
2013-12-12,118.29000091552734,74.27951049804688,27.150096893310547,13.71380615234375,14.728854179382324,30.805421829223633,44.24924850463867
2013-12-13,119.37999725341797,74.64109802246094,27.061079025268555,13.726794242858887,14.681629180908203,30.754499435424805,44.282169342041016
2013-12-16,119.69000244140625,74.36632537841797,27.296306610107422,13.811247825622559,14.827588081359863,30.74720573425293,44.36445236206055
2013-12-17,118.6500015258789,74.69896697998047,27.14055633544922,13.72029972076416,14.823295593261719,30.601703643798828,44.15049362182617
2013-12-18,117.61000061035156,74.3228988647461,27.550621032714844,14.038619995117188,14.939202308654785,31.11098289489746,45.24500274658203
2013-12-19,114.81999969482422,74.25057983398438,27.63008689880371,14.019135475158691,14.96496295928955,31.052797317504883,45.14623260498047
2013-12-20,115.94000244140625,75.39324188232422,27.678958892822266,14.104633331298828,15.081872940063477,31.193546295166016,45.37348556518555
2013-12-23,115.56999969482422,74.96659851074219,27.707700729370117,14.169902801513672,15.280319213867188,31.16422462463379,45.54701232910156
2013-12-24,116.0999984741211,74.36632537841797,27.860994338989258,14.196006774902344,15.323461532592773,31.208215713500977,45.464385986328125
2013-12-26,116.73999786376953,74.07971954345703,28.05898094177246,14.228647232055664,15.362289428710938,31.332841873168945,45.80318069458008
2013-12-27,117.12000274658203,73.86930847167969,28.196308135986328,14.222116470336914,15.34935188293457,31.406137466430664,45.7618522644043
2013-12-30,115.38999938964844,74.37720489501953,27.995121002197266,14.196006774902344,15.319145202636719,31.486791610717773,45.83623504638672
2013-12-31,116.12000274658203,73.90557861328125,28.26657485961914,14.267804145812988,15.418371200561523,31.5087890625,45.81143569946289
2014-01-02,118.0,74.13048553466797,27.86418342590332,14.189482688903809,15.267373085021973,31.12023162841797,45.55527877807617
2014-01-03,119.29000091552734,74.13048553466797,27.761995315551758,14.287385940551758,15.194042205810547,31.061582565307617,45.66270065307617
2014-01-06,119.5,74.44248962402344,27.800308227539062,14.300442695617676,15.168152809143066,30.944292068481445,45.4726448059082
2014-01-07,118.81999969482422,74.63111114501953,28.01109504699707,14.306962966918945,15.306209564208984,31.11290168762207,45.9519157409668
2014-01-08,118.12000274658203,74.427978515625,27.8162841796875,14.352651596069336,15.306209564208984,30.87832260131836,46.3568115234375
2014-01-09,118.45999908447266,74.86331939697266,27.73004722595215,14.404871940612793,15.206981658935547,31.039596557617188,46.70386505126953
2014-01-10,120.26000213623047,75.75574493408203,27.752410888671875,14.378761291503906,15.237177848815918,31.083572387695312,46.88566207885742
2014-01-13,121.0199966430664,76.1330337524414,27.199914932250977,14.163374900817871,15.073243141174316,30.907634735107422,46.505550384521484
2014-01-14,119.88999938964844,75.78473663330078,27.55439567565918,14.280858039855957,15.327773094177246,31.068931579589844,47.09225082397461
2014-01-15,119.66000366210938,75.7049560546875,27.474563598632812,14.450557708740234,15.513274192810059,31.076257705688477,47.050926208496094
2014-01-16,119.79000091552734,76.21284484863281,27.51288414001465,14.359182357788086,15.50896167755127,31.083572387695312,47.16660690307617
2014-01-17,120.93000030517578,76.53211975097656,27.46817970275879,14.313490867614746,15.422682762145996,30.841650009155273,47.11703109741211
2014-01-21,119.69999694824219,76.59015655517578,27.694921493530273,14.32655143737793,15.500334739685059,30.95895004272461,47.38972091674805
2014-01-22,119.19000244140625,76.40149688720703,27.82267189025879,14.333072662353516,15.483077049255371,30.95895004272461,47.4310417175293
2014-01-23,121.79000091552734,77.48258972167969,27.50649642944336,14.098111152648926,15.452879905700684,30.687700271606445,47.10050964355469
2014-01-24,122.29000091552734,77.98324584960938,26.9316463470459,13.778291702270508,15.1552152633667,30.409128189086914,45.99321746826172
2014-01-27,120.95999908447266,77.43905639648438,26.83583641052246,13.693440437316895,15.012847900390625,30.284496307373047,45.62138748168945
2014-01-28,120.94999694824219,77.62771606445312,27.040231704711914,13.876192092895508,14.922249794006348,30.519086837768555,46.23285675048828
2014-01-29,122.47000122070312,78.26622772216797,26.890134811401367,13.713017463684082,14.805776596069336,29.983919143676758,45.81143569946289
2014-01-30,119.7699966430664,78.04126739501953,26.976364135742188,13.90882396697998,14.986967086791992,30.027921676635742,46.646026611328125
2014-01-31,120.08999633789062,78.56368255615234,26.628263473510742,13.74565315246582,15.021478652954102,29.881290435791016,46.24113082885742
2014-02-03,121.31999969482422,79.52096557617188,26.15241241455078,13.39972972869873,14.706550598144531,29.236164093017578,45.33216857910156
2014-02-04,120.98999786376953,78.67713165283203,26.420677185058594,13.530266761779785,14.7626371383667,29.390111923217773,45.77838134765625
2014-02-05,121.29000091552734,77.94971466064453,26.1619873046875,13.517213821411133,14.7755765914917,29.412109375,45.52224349975586
2014-02-06,121.23999786376953,77.61512756347656,26.55161476135254,13.72607421875,14.939512252807617,29.727344512939453,45.77838134765625
2014-02-07,122.16999816894531,77.68060302734375,26.839025497436523,13.895771026611328,15.142264366149902,30.00590705871582,46.563385009765625
2014-02-10,122.91999816894531,77.8987808227539,26.708097457885742,13.90882396697998,15.172466278076172,30.123212814331055,46.95177459716797
2014-02-11,124.36000061035156,77.44778442382812,27.056190490722656,14.052416801452637,15.3579683303833,30.475109100341797,47.58803176879883
2014-02-12,124.43000030517578,77.04771423339844,26.99233055114746,14.052416801452637,15.418371200561523,30.343143463134766,47.58803176879883
2014-02-13,125.48999786376953,77.48416900634766,27.12006378173828,14.104633331298828,15.530540466308594,30.49709129333496,47.92683792114258
2014-02-14,127.1500015258789,77.52783966064453,27.474563598632812,14.12421989440918,15.560736656188965,30.673044204711914,48.10035705566406
2014-02-18,127.4000015258789,77.70243072509766,27.599109649658203,14.150321960449219,15.569360733032227,30.49709129333496,48.54656982421875
2014-02-19,126.2699966430664,77.37506103515625,27.63424301147461,13.95451831817627,15.51759147644043,30.431110382080078,48.24909591674805
2014-02-20,127.5999984741211,77.18595886230469,27.8162841796875,13.99367904663086,15.569360733032227,30.563072204589844,48.68705368041992
2014-02-21,127.58000183105469,77.59330749511719,27.59592056274414,14.01978874206543,15.50896167755127,30.49709129333496,48.596153259277344
2014-02-24,128.99000549316406,77.3968734741211,28.01109504699707,14.12421989440918,15.569360733032227,30.607057571411133,48.95973205566406
2014-02-25,129.2100067138672,78.08795166015625,27.998308181762695,14.039363861083984,15.526220321655273,30.724367141723633,48.835792541503906
2014-02-26,128.11000061035156,78.50253295898438,27.82267189025879,14.01978874206543,15.539169311523438,30.695032119750977,48.835792541503906
2014-02-27,128.1999969482422,78.9317855834961,27.85140609741211,14.091582298278809,15.66427230834961,30.834333419799805,49.116729736328125
2014-02-28,127.62000274658203,78.97538757324219,27.991920471191406,14.163374900817871,15.681526184082031,31.046924591064453,49.116729736328125
2014-03-03,130.2899932861328,79.50259399414062,27.81308364868164,14.052416801452637,15.513274192810059,30.87832260131836,48.753150939941406
2014-03-04,128.67999267578125,78.30671691894531,28.116474151611328,14.339606285095215,15.71604061126709,31.296178817749023,49.67863082885742
2014-03-05,128.88999938964844,78.47443389892578,27.854589462280273,14.489717483520508,15.737611770629883,31.193546295166016,49.55469512939453
2014-03-06,130.1699981689453,77.70150756835938,28.055797576904297,14.535409927368164,15.759181022644043,31.186222076416016,49.24895095825195
2014-03-07,129.08999633789062,77.21289825439453,28.110082626342773,14.600679397583008,15.711716651916504,31.27418327331543,49.12499237060547
2014-03-10,129.1300048828125,77.32234954833984,28.154808044433594,14.607208251953125,15.685846328735352,31.30352210998535,49.33158493041992
2014-03-11,129.86000061035156,77.5264892578125,27.83544158935547,14.509302139282227,15.651326179504395,31.288854598999023,49.2324333190918
2014-03-12,131.75999450683594,78.0660400390625,27.83863067626953,14.483194351196289,15.677213668823242,31.35485076904297,49.22417068481445
2014-03-13,132.2100067138672,79.1161117553711,27.560781478881836,14.320018768310547,15.465824127197266,31.200881958007812,48.55484390258789
2014-03-14,133.10000610351562,79.13068389892578,27.58633041381836,14.228647232055664,15.3709135055542,31.215538024902344,48.2904167175293
2014-03-17,131.63999938964844,78.54008483886719,27.73323631286621,14.378761291503906,15.552106857299805,31.39881134033203,48.76142501831055
2014-03-18,130.6199951171875,78.82440185546875,27.96637725830078,14.450557708740234,15.754866600036621,31.46478843688965,49.282005310058594
2014-03-19,128.08999633789062,78.21188354492188,27.755596160888672,14.444038391113281,15.69014835357666,31.22287940979004,49.133262634277344
2014-03-20,127.86000061035156,78.07340240478516,27.86418342590332,14.672476768493652,15.81094741821289,31.332841873168945,49.133262634277344
2014-03-21,128.47000122070312,78.91927337646484,27.940244674682617,14.674444198608398,15.731666564941406,31.31514549255371,48.24189376831055
2014-03-24,126.18000030517578,79.48069763183594,27.882474899291992,14.667886734008789,15.718660354614258,31.28567123413086,47.70293426513672
2014-03-25,126.41000366210938,79.18173217773438,28.1328067779541,14.654784202575684,15.813980102539062,31.514101028442383,48.12580108642578
2014-03-26,125.41000366210938,79.8015365600586,28.00122833251953,14.504108428955078,15.623344421386719,31.440425872802734,48.142398834228516
2014-03-27,124.58999633789062,80.20262908935547,28.229082107543945,14.425494194030762,15.567026138305664,31.418306350708008,48.034603118896484
2014-03-28,124.55999755859375,79.75054168701172,28.582101821899414,14.484457969665527,15.627676963806152,31.49936294555664,47.8521842956543
2014-03-31,123.61000061035156,79.55365753173828,28.582101821899414,14.63512897491455,15.748991012573242,31.72776985168457,48.49895477294922
2014-04-01,123.38999938964844,78.87371826171875,28.75220489501953,14.661343574523926,15.935291290283203,31.676206588745117,48.80573654174805
2014-04-02,124.31999969482422,78.42046356201172,28.854896545410156,14.694092750549316,15.943960189819336,31.71303939819336,49.021339416503906
2014-04-03,123.91999816894531,78.76408386230469,29.041027069091797,14.667886734008789,15.865972518920898,31.749881744384766,48.913536071777344
2014-04-04,125.56999969482422,79.29047393798828,28.93513298034668,14.523767471313477,15.56269359588623,31.646724700927734,48.10092544555664
2014-04-07,124.91000366210938,79.76558685302734,28.450523376464844,14.301021575927734,15.441377639770508,31.676206588745117,47.620018005371094
2014-04-08,126.08999633789062,79.95573425292969,28.736146926879883,14.320676803588867,15.580018997192383,31.838293075561523,47.230289459228516
2014-04-09,126.31999969482422,79.56092834472656,28.867733001708984,14.445152282714844,15.787980079650879,31.978300094604492,48.24189376831055
2014-04-10,127.01000213623047,80.29933166503906,28.466571807861328,14.111045837402344,15.424042701721191,31.661455154418945,46.63328552246094
2014-04-11,126.93000030517578,80.94993591308594,28.386341094970703,13.94072151184082,15.250744819641113,31.49936294555664,46.19380569458008
2014-04-14,127.8499984741211,80.73795318603516,28.774667739868164,14.052087783813477,15.402381896972656,31.749881744384766,46.45086669921875
2014-04-15,125.48999786376953,81.24237823486328,29.159786224365234,14.18310546875,15.480367660522461,31.830930709838867,46.948368072509766
2014-04-16,125.54000091552734,81.34468841552734,29.509599685668945,14.294477462768555,15.632011413574219,32.140403747558594,47.18055725097656
2014-04-17,124.75,80.45281982421875,29.779178619384766,14.320676803588867,15.610344886779785,32.14775848388672,47.17224884033203
2014-04-21,124.23999786376953,80.38701629638672,29.981361389160156,14.307577133178711,15.671003341674805,32.16250228881836,47.73609161376953
2014-04-22,123.77999877929688,80.65751647949219,29.9332218170166,14.405842781066895,15.735993385314941,32.14775848388672,48.258480072021484
2014-04-23,123.76000213623047,81.11810302734375,30.090471267700195,14.438600540161133,15.567026138305664,32.09619140625,48.01801300048828
2014-04-24,124.55999755859375,81.27162170410156,30.100112915039062,14.432050704956055,15.688331604003906,32.221439361572266,47.94340515136719
2014-04-25,125.43000030517578,81.3885726928711,29.920392990112305,14.314132690429688,15.48904037475586,32.26565170288086,47.58684158325195
2014-04-28,124.87999725341797,80.9937973022461,29.97173309326172,14.228968620300293,15.636343002319336,32.634071350097656,47.86875534057617
2014-04-29,124.86000061035156,80.88416290283203,30.10973358154297,14.366536140441895,15.744661331176758,32.49407196044922,48.150672912597656
2014-04-30,124.22000122070312,81.22039794921875,30.084054946899414,14.386190414428711,15.792314529418945,32.59723663330078,48.192134857177734
2014-05-01,123.80000305175781,82.09172821044922,30.01666831970215,14.412392616271973,15.809649467468262,32.5677604675293,48.29993438720703
2014-05-02,125.05999755859375,82.597412109375,30.077646255493164,14.405842781066895,15.766321182250977,32.5677604675293,47.88534164428711
2014-05-05,126.22000122070312,82.09912109375,30.218854904174805,14.34688949584961,15.848647117614746,32.49407196044922,48.200435638427734
2014-05-06,125.9800033569336,82.42890930175781,30.263778686523438,14.143799781799316,15.671003341674805,32.28776168823242,47.77754592895508
2014-05-07,124.16999816894531,82.1357192993164,30.526947021484375,14.333782196044922,15.679662704467773,32.59723663330078,47.91021728515625
2014-05-08,124.16999816894531,81.78398895263672,30.090471267700195,14.373085975646973,15.723002433776855,32.64143371582031,47.65317153930664
2014-05-09,124.0999984741211,81.52017211914062,30.06159210205078,14.366536140441895,15.740324020385742,32.79617691040039,47.94340515136719
2014-05-12,124.94000244140625,81.19036102294922,30.273414611816406,14.510663032531738,15.952625274658203,32.825645446777344,48.43259811401367
2014-05-13,124.5999984741211,81.8939208984375,30.385732650756836,14.497559547424316,15.961280822753906,32.8919677734375,48.50721740722656
2014-05-14,125.80999755859375,82.7806167602539,30.3985652923584,14.392744064331055,15.887639045715332,32.71512985229492,48.540401458740234
2014-05-15,124.7699966430664,83.440185546875,30.051971435546875,14.228968620300293,15.792314529418945,32.427764892578125,48.051185607910156
2014-05-16,124.5,83.20573425292969,29.974946975708008,14.24862289428711,15.891963005065918,32.626705169677734,48.21701431274414
2014-05-19,124.58000183105469,82.590087890625,30.068017959594727,14.320676803588867,15.995951652526855,32.56039047241211,48.5155143737793
2014-05-20,124.69000244140625,82.7732925415039,29.981361389160156,14.235515594482422,15.904960632324219,32.4425048828125,48.208736419677734
2014-05-21,124.38999938964844,82.26764678955078,30.30550765991211,14.327227592468262,16.013282775878906,32.626705169677734,48.615020751953125
2014-05-22,124.66999816894531,82.1504135131836,30.276615142822266,14.392744064331055,16.043601989746094,32.575130462646484,48.90524673461914
2014-05-23,124.51000213623047,82.590087890625,30.21564292907715,14.438600540161133,16.177915573120117,32.626705169677734,48.93012237548828
2014-05-27,121.8499984741211,83.07378387451172,30.29909324645996,14.563072204589844,16.316564559936523,32.71512985229492,49.1954460144043
2014-05-28,121.19999694824219,84.09972381591797,30.350440979003906,14.536866188049316,16.273237228393555,32.67092514038086,49.05449295043945
2014-05-29,120.94000244140625,83.65267944335938,30.61038589477539,14.569619178771973,16.368547439575195,32.928802490234375,49.444210052490234
2014-05-30,120.43000030517578,83.61604309082031,30.587909698486328,14.602378845214844,16.385879516601562,33.18668746948242,49.576873779296875
2014-06-02,119.69999694824219,82.99446105957031,30.549400329589844,14.641682624816895,16.359891891479492,33.105648040771484,49.643211364746094
2014-06-03,120.01000213623047,81.97319030761719,30.655319213867188,14.661343574523926,16.333887100219727,32.98774337768555,49.73442077636719
2014-06-04,119.76000213623047,81.95116424560547,30.639265060424805,14.700640678405762,16.364221572875977,33.105648040771484,49.87538528442383
2014-06-05,120.66000366210938,81.98793029785156,30.81578826904297,14.838213920593262,16.4725341796875,33.2382698059082,49.93342971801758
2014-06-06,120.61000061035156,81.98793029785156,31.06931495666504,14.936482429504395,16.546184539794922,33.326690673828125,49.88368225097656
2014-06-09,120.6500015258789,81.8703384399414,31.117454528808594,15.001996040344238,16.59817886352539,33.275108337402344,49.62662887573242
2014-06-10,121.38999938964844,81.56912231445312,31.06610107421875,14.99544620513916,16.60683822631836,33.275108337402344,49.79246139526367
2014-06-11,121.41000366210938,81.716064453125,31.184852600097656,14.897173881530762,16.567852020263672,33.18668746948242,49.73442077636719
2014-06-12,122.63999938964844,82.4434585571289,31.287540435791016,14.80545711517334,16.42487335205078,32.950904846191406,49.485660552978516
2014-06-13,122.95999908447266,82.39937591552734,31.586013793945312,14.812016487121582,16.520193099975586,32.943546295166016,49.444210052490234
2014-06-16,122.41999816894531,82.60506439208984,31.775373458862305,14.739953994750977,16.520193099975586,33.06879425048828,49.543704986572266
2014-06-17,122.27999877929688,81.95116424560547,31.752893447875977,14.890625953674316,16.55919075012207,33.06879425048828,49.51884078979492
2014-06-18,122.66999816894531,82.58306121826172,31.99359893798828,14.975794792175293,16.64583396911621,33.45933151245117,49.916847229003906
2014-06-19,126.94000244140625,81.52505493164062,32.22145080566406,14.956136703491211,16.61551284790039,33.6508903503418,50.082679748535156
2014-06-20,126.5,82.1421890258789,32.54194259643555,15.015332221984863,16.578947067260742,33.54777526855469,50.50383758544922
2014-06-23,126.8499984741211,81.88505554199219,32.658023834228516,15.048218727111816,16.626821517944336,33.362300872802734,50.31239700317383
2014-06-24,126.9800033569336,82.71525573730469,31.97126007080078,14.949562072753906,16.53977394104004,33.243614196777344,50.3456916809082
2014-06-25,126.98999786376953,82.92835235595703,32.21308135986328,14.962711334228516,16.605064392089844,33.191688537597656,50.895015716552734
2014-06-26,126.7300033569336,83.32511901855469,32.24854278564453,14.910099983215332,16.5876522064209,33.07297897338867,50.96159362792969
2014-06-27,126.66000366210938,83.20021057128906,32.24854278564453,14.96928882598877,16.68775749206543,33.13231658935547,50.82841873168945
2014-06-30,128.0399932861328,83.4059066772461,32.274330139160156,14.956132888793945,16.692119598388672,33.1026496887207,50.628658294677734
2014-07-01,127.69999694824219,82.70761108398438,32.29368209838867,15.048218727111816,16.86186981201172,33.176841735839844,51.269527435302734
2014-07-02,127.69999694824219,81.82369995117188,32.24531173706055,15.035061836242676,16.879274368286133,33.26586151123047,51.66071319580078
2014-07-03,127.16000366210938,81.52902221679688,32.36784362792969,15.153449058532715,16.95327377319336,33.45134353637695,51.86878967285156
2014-07-07,127.0199966430664,82.12568664550781,32.11956787109375,15.087676048278809,16.970680236816406,33.50325393676758,51.477622985839844
2014-07-08,127.06999969482422,83.04646301269531,32.0679931640625,14.956132888793945,16.818340301513672,33.43648910522461,50.994876861572266
2014-07-09,127.83999633789062,83.11275482177734,32.28078079223633,14.995593070983887,16.90103530883789,33.58486557006836,51.21128463745117
2014-07-10,128.5399932861328,83.1348648071289,31.97126007080078,14.896939277648926,16.853160858154297,33.53294372558594,51.177978515625
2014-07-11,128.77999877929688,83.6652603149414,31.72622299194336,14.923249244689941,16.94021224975586,33.57743835449219,51.28618621826172
2014-07-14,125.72000122070312,83.30430603027344,32.000282287597656,15.015332221984863,17.062082290649414,33.69614791870117,51.4526481628418
2014-07-15,124.52999877929688,83.1348648071289,31.861635208129883,15.120558738708496,17.031606674194336,33.39940643310547,51.011531829833984
2014-07-16,124.97000122070312,83.57687377929688,32.34527587890625,15.094252586364746,17.188308715820312,33.40681457519531,50.84506607055664
2014-07-17,127.08999633789062,84.63018798828125,31.822946548461914,14.896939277648926,16.966327667236328,33.199092864990234,50.287418365478516
2014-07-18,126.12999725341797,84.35765838623047,31.91644859313965,15.067939758300781,17.1708984375,33.53294372558594,51.11140060424805
2014-07-21,126.33999633789062,84.77753448486328,31.964807510375977,15.028487205505371,17.149133682250977,33.37714385986328,50.903316497802734
2014-07-22,125.73999786376953,84.95430755615234,32.193729400634766,15.0745210647583,17.292774200439453,33.31779098510742,51.344444274902344
2014-07-23,125.62000274658203,84.84378814697266,32.400081634521484,15.107403755187988,17.3232364654541,33.27327346801758,51.760589599609375
2014-07-24,124.3499984741211,84.21034240722656,32.42909622192383,15.140296936035156,17.310182571411133,33.362300872802734,51.65240478515625
2014-07-25,125.79000091552734,85.20477294921875,32.190494537353516,15.054794311523438,17.28841781616211,33.228763580322266,51.460975646972656
2014-07-28,125.58000183105469,85.0868911743164,32.113128662109375,15.061366081237793,17.318878173828125,33.05813217163086,51.51091003417969
2014-07-29,125.19999694824219,85.39627838134766,32.03251647949219,14.982443809509277,17.28406524658203,32.90976333618164,51.55252456665039
2014-07-30,124.83000183105469,84.21034240722656,31.8422794342041,15.048218727111816,17.301481246948242,32.56107711791992,51.760589599609375
2014-07-31,123.38999938964844,83.9598388671875,31.155542373657227,14.739087104797363,16.97503089904785,32.00465393066406,50.69526672363281
2014-08-01,124.37999725341797,84.60977935791016,30.904052734375,14.614131927490234,16.88363265991211,32.24948501586914,50.736854553222656
2014-08-04,123.98999786376953,84.38825225830078,31.423141479492188,14.732527732849121,17.005502700805664,32.353355407714844,50.95326614379883
2014-08-05,123.87000274658203,84.6614761352539,30.73639488220215,14.58124828338623,16.844457626342773,32.21238327026367,50.46221160888672
2014-08-06,125.66999816894531,84.7131576538086,30.826669692993164,14.640438079833984,16.79222297668457,32.48689270019531,50.437232971191406
2014-08-07,126.18000030517578,85.50342559814453,30.63321304321289,14.57467269897461,16.722578048706055,32.21980667114258,49.78803634643555
2014-08-08,126.19000244140625,85.31880950927734,31.14586067199707,14.719368934631348,16.83139991760254,32.54622268676758,50.378990173339844
2014-08-11,125.95999908447266,85.31140899658203,31.14908218383789,14.732527732849121,16.914091110229492,32.776222229003906,50.35398864746094
2014-08-12,125.98999786376953,84.75750732421875,30.920166015625,14.765403747558594,16.905393600463867,32.75395965576172,50.31239700317383
2014-08-13,126.19999694824219,85.31140899658203,31.020126342773438,14.831170082092285,17.07078742980957,32.85041046142578,50.91996383666992
2014-08-14,126.30999755859375,85.99832153320312,30.842792510986328,14.923249244689941,17.10125732421875,32.98394775390625,51.51924133300781
2014-08-15,125.4800033569336,86.936279296875,31.071706771850586,14.850908279418945,17.10125732421875,33.028446197509766,51.56916427612305
2014-08-18,124.95999908447266,86.07218933105469,31.155542373657227,15.015332221984863,17.262304306030273,33.221343994140625,51.96867370605469
2014-08-19,124.68000030517578,85.80622100830078,31.394136428833008,15.041634559631348,17.371116638183594,33.31037521362305,52.30991744995117
2014-08-20,124.22000122070312,85.66594696044922,31.461835861206055,15.081100463867188,17.371116638183594,33.28812789916992,52.30158615112305
2014-08-21,122.87999725341797,86.14601135253906,31.487628936767578,15.258682250976562,17.453811645507812,33.34747314453125,52.37649154663086
2014-08-22,123.19000244140625,86.62610626220703,31.27805519104004,15.20606517791748,17.45816993713379,33.26586151123047,52.42643737792969
2014-08-25,122.73999786376953,86.9510269165039,31.555339813232422,15.337604522705078,17.475576400756836,33.45134353637695,52.8259391784668
2014-08-26,123.3499984741211,86.67039489746094,31.71654510498047,15.370492935180664,17.484277725219727,33.42906951904297,53.017364501953125
2014-08-27,123.31999969482422,87.4089584350586,31.65207290649414,15.337604522705078,17.47993278503418,33.44391632080078,52.97576141357422
2014-08-28,124.0,87.86688232421875,31.65851402282715,15.291563987731934,17.453811645507812,33.4587516784668,52.959102630615234
2014-08-29,123.86000061035156,87.92591094970703,31.835844039916992,15.363914489746094,17.53215789794922,33.48101043701172,53.15053176879883
2014-09-02,121.6500015258789,86.4091796875,31.432804107666016,15.423100471496582,17.536516189575195,33.495849609375,53.12556076049805
2014-09-03,122.1500015258789,86.89033508300781,31.516647338867188,15.3967924118042,17.440753936767578,33.51809310913086,53.3669319152832
2014-09-04,121.4800033569336,85.831787109375,31.09105110168457,15.409950256347656,17.432058334350586,33.62196350097656,53.1005859375
2014-09-05,122.05999755859375,85.66891479492188,31.30062484741211,15.42967700958252,17.536516189575195,33.81485366821289,53.40853500366211
2014-09-08,120.7300033569336,85.70594024658203,30.81376838684082,15.436263084411621,17.562625885009766,33.56261444091797,53.41686248779297
2014-09-09,120.87000274658203,85.63931274414062,30.6783447265625,15.278411865234375,17.4364013671875,33.48101043701172,53.27537536621094
2014-09-10,120.26000213623047,85.09893035888672,30.60419273376465,15.357333183288574,17.540868759155273,33.64421463012695,53.649906158447266
2014-09-11,119.47000122070312,84.817626953125,30.623550415039062,15.3967924118042,17.580036163330078,33.659053802490234,53.500099182128906
2014-09-12,118.37999725341797,83.92935943603516,30.165700912475586,15.383644104003906,17.50604248046875,33.42165756225586,53.10892868041992
2014-09-15,118.63999938964844,84.0551986694336,30.37849998474121,15.377059936523438,17.40158462524414,33.58486557006836,52.96742248535156
2014-09-16,118.83000183105469,83.71467590332031,30.746068954467773,15.442831039428711,17.53215789794922,33.83711624145508,53.6915283203125
2014-09-17,117.54000091552734,83.50001525878906,30.578405380249023,15.508602142333984,17.566984176635742,33.762916564941406,53.73314666748047
2014-09-18,117.77999877929688,83.76646423339844,30.420408248901367,15.659880638122559,17.671449661254883,33.82967758178711,54.132652282714844
2014-09-19,117.08999633789062,84.83246612548828,30.395469665527344,15.61893081665039,17.63385581970215,33.91703796386719,54.19193649291992
2014-09-22,116.8499984741211,84.93611145019531,29.948232650756836,15.513258934020996,17.515823364257812,33.8573112487793,53.89960479736328
2014-09-23,117.5999984741211,85.46166229248047,29.860736846923828,15.407598495483398,17.476482391357422,33.55868148803711,53.582210540771484
2014-09-24,117.05000305175781,84.98787689208984,29.88666534423828,15.493453025817871,17.59013557434082,33.991703033447266,54.5176887512207
2014-09-25,117.38999938964844,85.99461364746094,29.429697036743164,15.235889434814453,17.205463409423828,33.54374313354492,53.623966217041016
2014-09-26,117.05999755859375,85.86881256103516,29.808876037597656,15.381183624267578,17.39342498779297,33.670658111572266,53.791019439697266
2014-09-29,117.02999877929688,86.5572280883789,29.740819931030273,15.328344345092773,17.389057159423828,33.663211822509766,53.674076080322266
2014-09-30,116.20999908447266,86.06863403320312,29.36812400817871,15.301934242248535,17.441516876220703,33.67813491821289,53.38172912597656
2014-10-01,116.7699966430664,87.73766326904297,28.768583297729492,15.117018699645996,17.170494079589844,33.469078063964844,52.82210922241211
2014-10-02,116.73999786376953,86.97325897216797,28.619508743286133,15.15664005279541,17.161746978759766,33.52881622314453,52.71353530883789
2014-10-03,114.61000061035156,87.34430694580078,28.574132919311523,15.374579429626465,17.30162811279297,33.92450714111328,53.799373626708984
2014-10-06,116.02999877929688,87.39625549316406,28.606536865234375,15.328344345092773,17.306001663208008,33.939430236816406,53.54878616333008
2014-10-07,116.36000061035156,88.5761489868164,28.233842849731445,15.070780754089355,17.03497886657715,33.73785400390625,52.69683074951172
2014-10-08,117.47000122070312,88.59845733642578,28.509313583374023,15.354763984680176,17.358457565307617,34.2305908203125,54.041603088378906
2014-10-09,117.63999938964844,88.21256256103516,27.46253204345703,15.031158447265625,17.06995391845703,33.887176513671875,52.922332763671875
2014-10-10,117.58999633789062,89.08821105957031,27.076889038085938,14.912283897399902,16.632823944091797,34.051429748535156,52.59659957885742
2014-10-13,118.5199966430664,89.62996673583984,26.24076271057129,14.780202865600586,16.449216842651367,33.58106231689453,51.3520393371582
2014-10-14,118.58999633789062,90.21624755859375,25.910194396972656,14.83963394165039,16.475454330444336,33.56614685058594,50.96781921386719
2014-10-15,118.98999786376953,90.92864227294922,26.107891082763672,14.555657386779785,16.361797332763672,33.16299057006836,50.55019760131836
2014-10-16,119.22000122070312,90.34979248046875,26.574562072753906,14.555657386779785,16.265628814697266,32.91661071777344,50.2912712097168
2014-10-17,118.98999786376953,89.84516143798828,26.801416397094727,14.740570068359375,16.457969665527344,33.319766998291016,51.093116760253906
2014-10-20,119.80000305175781,90.17170715332031,27.034751892089844,14.826424598693848,16.575990676879883,33.79758071899414,51.711204528808594
2014-10-21,120.0199966430664,89.4518814086914,27.857912063598633,15.103800773620605,16.899473190307617,33.939430236816406,53.08103942871094
2014-10-22,119.33999633789062,89.54833221435547,27.329675674438477,14.965116500854492,16.820791244506836,34.014095306396484,52.81376647949219
2014-10-23,118.5199966430664,88.7542495727539,27.838481903076172,15.110413551330566,17.008750915527344,33.991703033447266,53.71584701538086
2014-10-24,118.3499984741211,88.84329223632812,27.74125099182129,15.25570297241211,17.157377243041992,34.2754020690918,54.46758270263672
2014-10-27,118.05999755859375,89.0066146850586,27.15789794921875,15.275518417358398,17.17486572265625,34.35751724243164,54.526039123535156
2014-10-28,118.0999984741211,88.4500503540039,27.776899337768555,15.440619468688965,17.41091537475586,34.49190902709961,54.92698669433594
2014-10-29,116.41000366210938,88.6504135131836,27.86763572692871,15.480238914489746,17.39342498779297,34.432167053222656,54.95204162597656
2014-10-30,115.19000244140625,88.72462463378906,27.76717185974121,15.566102027893066,17.450252532958984,34.648685455322266,55.96270751953125
2014-10-31,112.66000366210938,88.49461364746094,28.331069946289062,15.744415283203125,17.721277236938477,34.872650146484375,56.18822479248047
2014-11-03,112.1500015258789,88.49457550048828,27.88384437561035,15.803849220275879,17.79558563232422,35.00704574584961,56.25505065917969
2014-11-04,112.22000122070312,88.76985168457031,27.310218811035156,15.81045150756836,17.79121971130371,35.19369125366211,56.26340866088867
2014-11-05,109.79000091552734,88.64334106445312,27.789867401123047,15.916122436523438,17.83930015563965,35.44004821777344,56.204925537109375
2014-11-06,109.87999725341797,88.07054901123047,28.139873504638672,15.94254207611084,17.830554962158203,35.51470947265625,56.547393798828125
2014-11-07,112.97000122070312,89.08226776123047,28.450984954833984,15.949141502380371,17.852413177490234,35.641624450683594,55.987762451171875
2014-11-10,110.45999908447266,88.26395416259766,28.19495391845703,16.034992218017578,17.90049934387207,35.79841995239258,56.555755615234375
2014-11-11,112.04000091552734,88.32347106933594,28.279216766357422,15.982157707214355,17.90924644470215,35.73121643066406,56.764556884765625
2014-11-12,111.5,88.24910736083984,28.029680252075195,15.949141502380371,17.966073989868164,35.73121643066406,56.68105697631836
2014-11-13,111.66999816894531,88.45734405517578,27.656982421875,15.94254207611084,18.062240600585938,35.858154296875,56.6392707824707
2014-11-14,114.47000122070312,88.8888168334961,27.93892478942871,15.8897066116333,18.189001083374023,35.65656280517578,56.171531677246094
2014-11-17,114.05000305175781,88.66568756103516,27.79310417175293,15.8897066116333,18.154035568237305,35.895477294921875,56.4471549987793
2014-11-18,115.05000305175781,88.91114807128906,27.8157901763916,15.94254207611084,18.215234756469727,36.029842376708984,57.35758590698242
2014-11-19,113.68000030517578,88.3458023071289,27.96161651611328,15.90952205657959,18.097213745117188,36.179168701171875,57.040199279785156
2014-11-20,114.86000061035156,88.80699920654297,28.311628341674805,15.90952205657959,18.189001083374023,36.02238464355469,56.797969818115234
2014-11-21,115.38999938964844,89.34263610839844,28.681079864501953,15.988763809204102,18.215234756469727,36.17170333862305,57.06525802612305
2014-11-24,115.11000061035156,89.41700744628906,28.460702896118164,16.094440460205078,18.311405181884766,36.1493034362793,57.35758590698242
2014-11-25,115.37999725341797,90.16091918945312,27.997272491455078,16.08123207092285,18.320144653320312,36.179168701171875,57.432762145996094
2014-11-26,115.16000366210938,90.40635681152344,27.644027709960938,16.10103416442871,18.48625946044922,36.343414306640625,57.78357696533203
2014-11-28,112.11000061035156,91.12059020996094,25.868072509765625,16.114242553710938,18.573684692382812,36.80628967285156,58.142738342285156
2014-12-01,116.58000183105469,90.58892822265625,25.958799362182617,16.001972198486328,18.36385726928711,36.567386627197266,58.00074768066406
2014-12-02,115.13999938964844,89.70913696289062,26.24076271057129,16.153871536254883,18.36823272705078,36.69430923461914,58.643898010253906
2014-12-03,116.33000183105469,90.05957794189453,26.561594009399414,16.226518630981445,18.43379783630371,36.43299865722656,58.735774993896484
2014-12-04,115.87999725341797,90.8126220703125,26.331506729125977,16.246334075927734,18.43379783630371,36.403133392333984,58.660614013671875
2014-12-05,114.43000030517578,90.2832260131836,26.017148971557617,16.39162254333496,18.411941528320312,36.4703254699707,59.12834930419922
2014-12-08,115.77999877929688,91.38673400878906,24.963876724243164,16.470874786376953,18.22397804260254,36.39568328857422,59.33716583251953
2014-12-09,118.19000244140625,91.85645294189453,25.236112594604492,16.431249618530273,18.2196044921875,36.27622985839844,59.08658218383789
2014-12-10,117.95999908447266,92.5274887084961,24.45831298828125,16.21991729736328,17.9442138671875,35.932804107666016,58.17616271972656
2014-12-11,117.69000244140625,92.90773010253906,24.442113876342773,16.259540557861328,18.02289390563965,36.231422424316406,58.34318542480469
2014-12-12,117.41000366210938,94.1677474975586,23.9884033203125,15.94254207611084,17.756244659423828,35.7685546875,57.44947814941406
2014-12-15,114.38999938964844,93.97390747070312,23.77450942993164,15.797245979309082,17.646961212158203,35.5296516418457,56.92324447631836
2014-12-16,114.94999694824219,95.13699340820312,23.985157012939453,15.64535140991211,17.41091537475586,35.39525604248047,56.26340866088867
2014-12-17,114.2699966430664,94.27958679199219,24.980085372924805,16.001972198486328,17.738758087158203,35.910396575927734,57.31583786010742
2014-12-18,115.1500015258789,92.60200500488281,25.45972442626953,16.371810913085938,18.24583625793457,36.59724807739258,58.88612747192383
2014-12-19,114.7699966430664,93.84716033935547,26.27332878112793,16.382427215576172,18.266042709350586,36.55965042114258,59.028648376464844
2014-12-22,112.55000305175781,93.97390747070312,26.00592613220215,16.495275497436523,18.485748291015625,36.91306686401367,58.466949462890625
2014-12-23,112.73999786376953,92.1099624633789,26.322248458862305,16.588211059570312,18.534080505371094,37.16874313354492,57.12557601928711
2014-12-24,112.7699966430664,92.6113052368164,26.129840850830078,16.56165885925293,18.51651382446289,37.13113021850586,57.544769287109375
2014-12-26,114.83000183105469,92.95502471923828,26.123327255249023,16.56165885925293,18.595596313476562,37.19127655029297,57.95555114746094
2014-12-29,113.66999816894531,93.64984893798828,26.2178955078125,16.621400833129883,18.503328323364258,37.07850646972656,58.156768798828125
2014-12-30,115.19999694824219,93.90390014648438,26.00919532775879,16.60148811340332,18.371503829956055,36.91306686401367,57.90525436401367
2014-12-31,113.58000183105469,94.0831298828125,25.81353187561035,16.41562271118164,18.16937255859375,36.46189880371094,57.32678985595703
2015-01-02,114.08000183105469,95.12922668457031,25.93419075012207,16.41562271118164,18.13422393798828,36.35662841796875,57.5363883972168
2015-01-05,115.80000305175781,96.62358856201172,24.86134910583496,16.07044792175293,17.857402801513672,36.10096740722656,57.24294662475586
2015-01-06,117.12000274658203,98.36447143554688,24.49612045288086,15.824837684631348,17.64208984375,36.05585861206055,57.050132751464844
2015-01-07,116.43000030517578,98.17021942138672,24.548295974731445,15.99079418182373,17.791492462158203,36.67244338989258,58.391510009765625
2015-01-08,115.94000244140625,96.8701400756836,25.09939193725586,16.22975730895996,18.182559967041016,37.22887420654297,59.38914108276367
2015-01-09,117.26000213623047,97.93113708496094,24.900476455688477,16.010705947875977,18.12544059753418,36.9281120300293,58.86098861694336
2015-01-12,118.55999755859375,98.49149322509766,24.183073043823242,15.877945899963379,17.914527893066406,36.815311431884766,58.88612747192383
2015-01-13,118.16000366210938,98.49149322509766,23.990671157836914,15.824837684631348,17.901344299316406,36.80779266357422,58.6262321472168
2015-01-14,117.97000122070312,99.23866271972656,24.065675735473633,15.599161148071289,17.800273895263672,36.69500732421875,58.53400421142578
2015-01-15,120.94000244140625,100.80024719238281,23.759153366088867,15.406648635864258,17.571788787841797,36.755165100097656,57.90525436401367
2015-01-16,122.5199966430664,99.51505279541016,24.531986236572266,15.592517852783203,17.7431583404541,37.048431396484375,58.995121002197266
2015-01-20,124.19999694824219,100.83760070800781,24.561336517333984,15.526138305664062,17.89255142211914,37.19881057739258,58.995121002197266
2015-01-21,124.2300033569336,99.6719970703125,25.060253143310547,15.565958976745605,17.923311233520508,37.379276275634766,59.112491607666016
2015-01-22,125.2300033569336,99.31339263916016,25.17765998840332,15.950970649719238,18.21771240234375,37.755252838134766,59.81671142578125
2015-01-23,124.2300033569336,100.69561004638672,24.998313903808594,15.778374671936035,18.21331787109375,37.33415985107422,59.47298812866211
2015-01-26,122.98999786376953,100.38929748535156,25.35700798034668,15.85802936553955,18.138620376586914,37.33415985107422,59.78316116333008
2015-01-27,124.4000015258789,100.54620361328125,25.3406982421875,15.685447692871094,17.6157283782959,36.90555191040039,59.355613708496094
2015-01-28,123.41999816894531,102.18992614746094,24.34284782409668,15.400017738342285,17.584962844848633,36.47694396972656,58.50048828125
2015-01-29,120.76000213623047,101.51748657226562,24.424373626708984,15.526138305664062,17.751937866210938,36.770198822021484,58.995121002197266
2015-01-30,123.44999694824219,103.3182144165039,24.63633918762207,15.273895263671875,17.53223991394043,36.10848617553711,58.072933197021484
2015-02-02,122.41999816894531,102.92813110351562,25.389617919921875,15.519498825073242,17.7124080657959,36.537105560302734,58.39988708496094
2015-02-03,121.05000305175781,100.74945831298828,26.084196090698242,15.778374671936035,17.914527893066406,36.86043167114258,58.793922424316406
2015-02-04,121.58000183105469,100.9216537475586,25.65374183654785,15.73855209350586,17.94967269897461,36.87548065185547,58.0561637878418
2015-02-05,121.79000091552734,99.81363677978516,26.022235870361328,15.897857666015625,18.116641998291016,37.06346130371094,59.037025451660156
2015-02-06,118.63999938964844,98.04671478271484,26.02875328063965,16.023984909057617,18.059526443481445,36.89802932739258,58.50048828125
2015-02-09,119.16999816894531,97.88953399658203,26.054845809936523,15.94433307647705,18.033159255981445,36.61980438232422,57.81303024291992
2015-02-10,118.47000122070312,97.11090850830078,26.041797637939453,16.07044792175293,18.301198959350586,37.048431396484375,58.785526275634766
2015-02-11,117.06999969482422,97.29059600830078,25.859189987182617,16.07044792175293,18.371503829956055,37.22135925292969,58.84423065185547
2015-02-12,117.33999633789062,96.96864318847656,26.19831085205078,16.22975730895996,18.621965408325195,37.39431381225586,59.05379104614258
2015-02-13,117.9800033569336,95.97293853759766,26.752681732177734,16.216489791870117,18.74060821533203,37.22135925292969,59.288536071777344
2015-02-17,116.01000213623047,94.5279541015625,26.834211349487305,16.26958656311035,18.749387741088867,37.22887420654297,59.71611404418945
2015-02-18,116.33999633789062,95.0894546508789,26.514625549316406,16.170015335083008,18.766969680786133,37.43191909790039,59.78316116333008
2015-02-19,115.94000244140625,94.46056365966797,26.39072608947754,16.1036376953125,18.8328800201416,37.19127655029297,59.883766174316406
2015-02-20,115.27999877929688,94.73757934570312,26.263538360595703,16.223125457763672,18.929546356201172,37.296566009521484,60.512550354003906
2015-02-23,115.43000030517578,95.82320404052734,26.155929565429688,16.18329429626465,18.94272804260254,37.4018440246582,60.78920364379883
2015-02-24,115.26000213623047,97.08096313476562,26.227678298950195,16.262941360473633,18.99985122680664,37.5296630859375,60.7137565612793
2015-02-25,115.69999694824219,97.50023651123047,26.371156692504883,16.262941360473633,18.881216049194336,37.4018440246582,60.6885871887207
2015-02-26,116.06999969482422,96.1675796508789,25.882015228271484,16.223125457763672,18.99985122680664,37.454471588134766,60.856266021728516
2015-02-27,116.16000366210938,96.97613525390625,25.767879486083984,16.163381576538086,18.933944702148438,37.6048583984375,60.562828063964844
2015-03-02,115.68000030517578,95.1697998046875,25.58853530883789,16.282861709594727,19.08333969116211,37.67252731323242,61.107749938964844
2015-03-03,115.47000122070312,94.82473754882812,25.683101654052734,16.236400604248047,18.95591163635254,37.5296630859375,60.5544548034668
2015-03-04,115.11000061035156,94.8547134399414,25.6472225189209,16.136823654174805,18.881216049194336,37.2664909362793,60.84787368774414
2015-03-05,115.0,94.73470306396484,25.49396324157715,16.203201293945312,18.859241485595703,37.39431381225586,61.06584167480469
2015-03-06,111.86000061035156,92.641845703125,25.037437438964844,16.083721160888672,18.626358032226562,36.66492462158203,59.86703872680664
2015-03-09,111.97000122070312,93.49703979492188,24.858081817626953,16.15673828125,18.7142391204834,36.867950439453125,60.23587417602539
2015-03-10,111.41999816894531,94.7271728515625,24.512414932250977,15.811570167541504,18.33195686340332,36.341583251953125,59.56520462036133
2015-03-11,110.75,95.4173583984375,24.584156036376953,15.91112995147705,18.21331787109375,36.06336212158203,59.53168487548828
2015-03-12,110.72000122070312,95.3498306274414,24.427635192871094,16.256311416625977,18.33195686340332,36.58973693847656,60.319732666015625
2015-03-13,110.87999725341797,95.05731201171875,24.33633041381836,16.14346694946289,18.23089599609375,36.30398941040039,60.20234298706055
2015-03-16,110.80999755859375,95.97245025634766,24.665691375732422,16.34260368347168,18.446199417114258,36.747642517089844,61.535343170166016
2015-03-17,110.20999908447266,96.767578125,24.57111358642578,16.302778244018555,18.450599670410156,36.48446273803711,61.3592414855957
2015-03-18,112.37000274658203,98.63545227050781,25.28526496887207,16.395708084106445,18.701051712036133,36.732601165771484,62.15572738647461
2015-03-19,112.29000091552734,98.13284301757812,24.884164810180664,16.243038177490234,18.648324966430664,36.567169189453125,62.516212463378906
2015-03-20,113.56999969482422,98.65047454833984,25.250234603881836,16.46356773376465,18.76877784729004,37.0256462097168,62.968505859375
2015-03-23,114.29000091552734,98.53041076660156,25.16159439086914,16.37029457092285,18.76877784729004,37.086177825927734,62.791954040527344
2015-03-24,114.56999969482422,99.48314666748047,24.99415397644043,16.237043380737305,18.707012176513672,36.874332427978516,62.245487213134766
2015-03-25,114.7300033569336,98.6429672241211,25.31917381286621,15.977188110351562,18.226097106933594,36.78353500366211,61.11057662963867
2015-03-26,115.4800033569336,97.10511779785156,25.289634704589844,15.963866233825684,18.23933219909668,36.62467956542969,60.967647552490234
2015-03-27,115.05999755859375,98.31289672851562,25.082788467407227,15.943878173828125,18.25257110595703,36.85163116455078,61.40479278564453
2015-03-30,113.75,97.82525634765625,25.621227264404297,16.17707633972168,18.473167419433594,37.22235107421875,62.02690887451172
2015-03-31,113.66000366210938,98.03531646728516,25.47019386291504,16.063806533813477,18.283456802368164,36.874332427978516,60.950836181640625
2015-04-01,115.5999984741211,99.32304382324219,25.463638305664062,16.05048179626465,18.256982803344727,36.919715881347656,60.337093353271484
2015-04-02,115.27999877929688,98.27063751220703,25.51616668701172,16.130434036254883,18.25257110595703,37.169376373291016,60.52204895019531
2015-04-06,116.69000244140625,97.72185516357422,25.97579574584961,16.15708351135254,18.429052352905273,37.46444320678711,60.61453628540039
2015-04-07,116.11000061035156,98.54119110107422,25.992212295532227,16.070466995239258,18.389345169067383,37.290435791015625,60.757450103759766
2015-04-08,115.47000122070312,98.57129669189453,25.782094955444336,16.130434036254883,18.446701049804688,37.350955963134766,61.27028274536133
2015-04-09,114.66999816894531,97.2934341430664,26.195762634277344,16.15708351135254,18.495227813720703,37.45687484741211,61.732662200927734
2015-04-10,115.97000122070312,97.43624877929688,26.31067657470703,16.150423049926758,18.565824508666992,37.524967193603516,62.262325286865234
2015-04-13,115.13999938964844,97.57150268554688,26.048023223876953,16.21038818359375,18.512880325317383,37.350955963134766,61.926025390625
2015-04-14,114.44000244140625,98.26309204101562,26.517499923706055,16.21038818359375,18.455524444580078,37.43418884277344,62.02690887451172
2015-04-15,115.43000030517578,98.18045043945312,27.151138305664062,16.270347595214844,18.6187686920166,37.32826614379883,62.186649322509766
2015-04-16,115.02999877929688,97.6917953491211,27.08875846862793,16.29700469970703,18.552587509155273,37.46444320678711,62.153018951416016
2015-04-17,115.5999984741211,98.81182861328125,26.89177894592285,16.07713508605957,18.296689987182617,37.116432189941406,61.6150016784668
2015-04-20,114.72000122070312,97.93987274169922,26.993555068969727,16.14375877380371,18.609941482543945,37.245052337646484,61.99329376220703
2015-04-21,115.37999725341797,97.49636840820312,26.707927703857422,16.063806533813477,18.60111427307129,37.31312942504883,62.405269622802734
2015-04-22,113.83000183105469,96.00797271728516,26.885210037231445,16.17707633972168,18.79083824157715,37.33583450317383,62.5061149597168
2015-04-23,114.66000366210938,96.42140197753906,27.06906509399414,16.20372772216797,18.865840911865234,37.207210540771484,62.74150848388672
2015-04-24,113.05000305175781,97.02279663085938,26.914766311645508,16.17707633972168,19.029081344604492,37.214778900146484,62.539764404296875
2015-04-27,115.33000183105469,97.02279663085938,26.885210037231445,16.117115020751953,19.08203125,37.010520935058594,61.40479278564453
2015-04-28,116.33000183105469,95.68473815917969,27.01981544494629,16.21038818359375,19.143798828125,37.0483512878418,61.70746994018555
2015-04-29,115.51000213623047,94.5120620727539,27.229928970336914,16.20372772216797,19.051151275634766,36.715457916259766,61.14419174194336
2015-04-30,113.47000122070312,94.67743682861328,27.14458465576172,16.07713508605957,18.78642463684082,36.594398498535156,60.286705017089844
2015-05-01,113.08000183105469,93.40299224853516,27.206960678100586,16.21704864501953,19.01584815979004,36.92729568481445,61.10215377807617
2015-05-04,114.0999984741211,92.52165985107422,27.138010025024414,16.376953125,19.033498764038086,36.98025131225586,61.48888397216797
2015-05-05,114.41999816894531,92.39358520507812,26.803136825561523,16.23037338256836,18.737886428833008,36.68519973754883,60.71542739868164
2015-05-06,114.36000061035156,90.8117904663086,26.69807243347168,16.150423049926758,18.579063415527344,36.79867935180664,60.48004150390625
2015-05-07,113.41999816894531,92.03207397460938,26.409160614013672,16.26368522644043,18.715837478637695,36.889461517333984,60.765869140625
2015-05-08,113.97000122070312,92.28064727783203,26.842529296875,16.49688148498535,18.98496437072754,37.19964599609375,61.74950408935547
2015-05-11,113.52999877929688,90.03590393066406,26.336931228637695,16.436920166015625,18.887897491455078,37.0483512878418,61.78313064575195
2015-05-12,114.5,90.26944732666016,26.45841407775879,16.376953125,18.78642463684082,36.96512985229492,61.387996673583984
2015-05-13,116.55000305175781,89.5462875366211,26.38945770263672,16.383623123168945,18.865840911865234,36.94997787475586,61.45524215698242
2015-05-14,117.18000030517578,89.78736877441406,26.379621505737305,16.530193328857422,19.17027473449707,37.51740646362305,62.304351806640625
2015-05-15,117.52999877929688,91.5876235961914,26.484676361083984,16.456907272338867,19.108503341674805,37.63844680786133,62.43046188354492
2015-05-18,117.5199966430664,90.05104064941406,26.507654190063477,16.55018424987793,19.201156616210938,37.51740646362305,62.80035400390625
2015-05-19,115.88999938964844,89.25253295898438,26.130102157592773,16.64346694946289,19.152624130249023,37.419044494628906,63.0946159362793
2015-05-20,116.08000183105469,89.40320587158203,26.179349899291992,16.596820831298828,19.165857315063477,37.33583450317383,63.178672790527344
2015-05-21,115.69000244140625,90.65364074707031,26.425582885742188,16.55685043334961,19.24968910217285,37.419044494628906,63.18710708618164
2015-05-22,115.5999984741211,90.69123840332031,26.330368041992188,16.563508987426758,19.236454010009766,37.26016616821289,63.035770416259766
2015-05-26,113.91000366210938,92.24296569824219,25.91341781616211,16.376953125,18.95849609375,36.96512985229492,62.39683532714844
2015-05-27,113.88999938964844,92.45386505126953,25.867454528808594,16.55685043334961,19.315866470336914,37.19964599609375,63.11981964111328
2015-05-28,114.0199966430664,92.2278823852539,25.76567268371582,16.536861419677734,19.276153564453125,37.14669418334961,63.16185760498047
2015-05-29,114.0999984741211,92.43128967285156,25.736129760742188,16.39028549194336,19.13497543334961,36.91215515136719,63.00215148925781
2015-06-01,114.0,91.4378662109375,25.670469284057617,16.403608322143555,19.187929153442383,36.91215515136719,63.254337310791016
2015-06-02,114.45999908447266,90.162109375,25.847759246826172,16.43025779724121,19.148212432861328,36.813812255859375,62.84239959716797
2015-06-03,113.63999938964844,88.71276092529297,25.670469284057617,16.570178985595703,19.187929153442383,36.79111099243164,62.960113525390625
2015-06-04,112.83999633789062,89.86772918701172,25.32245445251465,16.42359161376953,19.011442184448242,36.52631378173828,62.52293395996094
2015-06-05,112.23999786376953,88.77317810058594,25.4997501373291,16.516870498657227,18.949670791625977,36.004295349121094,62.497703552246094
2015-06-08,112.56999969482422,88.6750259399414,25.355297088623047,16.416929244995117,18.737886428833008,35.989158630371094,62.186649322509766
2015-06-09,112.81999969482422,87.97297668457031,25.352014541625977,16.456907272338867,18.69377326965332,36.163169860839844,62.16986083984375
2015-06-10,113.77999877929688,87.2029800415039,25.663908004760742,16.690105438232422,18.98496437072754,36.51874923706055,62.93488693237305
2015-06-11,113.26000213623047,89.037353515625,25.548999786376953,16.756732940673828,18.993785858154297,36.503623962402344,63.36363983154297
2015-06-12,113.2300033569336,89.037353515625,25.26336097717285,16.683443069458008,18.82613182067871,36.3598747253418,62.5817756652832
2015-06-15,113.7300033569336,89.1807861328125,25.204267501831055,16.610151290893555,18.71142578125,36.0950813293457,62.6574592590332
2015-06-16,113.31999969482422,89.8828125,25.40125846862793,16.703433990478516,18.8349609375,36.48847961425781,62.968505859375
2015-06-17,113.8499984741211,89.18831634521484,25.338878631591797,16.683443069458008,18.84378433227539,36.68519973754883,63.02736282348633
2015-06-18,115.31999969482422,88.75052642822266,25.32245445251465,16.836679458618164,19.011442184448242,37.09372329711914,63.91850662231445
2015-06-19,115.12000274658203,89.89035034179688,25.087482452392578,16.555627822875977,18.853225708007812,37.04197311401367,63.868743896484375
2015-06-22,113.63999938964844,88.05599975585938,25.394838333129883,16.809911727905273,19.008338928222656,37.18659973144531,64.366455078125
2015-06-23,112.88999938964844,87.52761840820312,25.477462768554688,16.84337615966797,19.021629333496094,37.02674865722656,64.49298858642578
2015-06-24,112.58999633789062,88.28248596191406,25.318824768066406,16.70284080505371,18.932994842529297,36.85926818847656,63.84342575073242
2015-06-25,112.44000244140625,87.97297668457031,25.06104850769043,16.60246467590332,18.888673782348633,36.79075622558594,64.19774627685547
2015-06-26,112.55999755859375,86.98409271240234,25.14366912841797,16.656003952026367,18.7291259765625,36.86688232421875,64.10493469238281
2015-06-29,113.06999969482422,89.28643035888672,24.66776466369629,16.25449562072754,18.330259323120117,36.29595184326172,62.53583526611328
2015-06-30,112.37000274658203,88.66744995117188,24.83961296081543,16.31471824645996,18.34798240661621,36.23505783081055,62.75520324707031
2015-07-01,111.9800033569336,87.47062683105469,24.522340774536133,16.562314987182617,18.472076416015625,36.699405670166016,63.4300651550293
2015-07-02,111.76000213623047,87.75808715820312,24.63140869140625,16.488706588745117,18.498674392700195,36.66895294189453,63.134796142578125
2015-07-06,112.05999755859375,89.3846664428711,24.30752944946289,16.421791076660156,18.423328399658203,36.63850021362305,63.109474182128906
2015-07-07,110.76000213623047,90.22441864013672,24.528963088989258,16.455251693725586,18.449918746948242,37.392127990722656,63.41318130493164
2015-07-08,111.08999633789062,91.00365447998047,24.033220291137695,16.167497634887695,18.14855194091797,36.973453521728516,62.324928283691406
2015-07-09,111.36000061035156,89.21070098876953,24.155494689941406,16.294641494750977,18.0776424407959,37.003902435302734,62.662384033203125
2015-07-10,111.48999786376953,87.79594421386719,24.28769874572754,16.488706588745117,18.365713119506836,37.43782043457031,63.5059814453125
2015-07-13,110.98999786376953,87.52359771728516,24.45955467224121,16.68946075439453,18.644920349121094,37.78799057006836,64.0458755493164
2015-07-14,110.73999786376953,87.81107330322266,24.63471221923828,16.729612350463867,18.715837478637695,37.848880767822266,64.68700408935547
2015-07-15,110.16000366210938,88.74159240722656,24.201772689819336,16.870145797729492,18.720264434814453,37.749908447265625,64.77136993408203
2015-07-16,109.76000213623047,89.3543930053711,24.234821319580078,17.037433624267578,18.95958709716797,38.13815689086914,65.07508087158203
2015-07-17,108.6500015258789,89.8158950805664,23.940685272216797,16.9905948638916,19.252092361450195,38.11532211303711,64.9316635131836
2015-07-20,105.69999694824219,89.4376220703125,23.62340545654297,17.010665893554688,19.354019165039062,38.183834075927734,65.14257049560547
2015-07-21,105.37000274658203,89.92180633544922,23.63333511352539,16.9905948638916,19.22549819946289,38.09247970581055,64.85572814941406
2015-07-22,104.80000305175781,90.48162078857422,23.441650390625,17.117734909057617,18.915266036987305,38.17622375488281,64.9991455078125
2015-07-23,104.33000183105469,91.60887908935547,23.421815872192383,16.970518112182617,18.875375747680664,38.031585693359375,64.76293182373047
2015-07-24,105.3499984741211,91.83583068847656,22.972352981567383,16.809911727905273,18.77344512939453,37.81843948364258,63.14323425292969
2015-07-27,104.86000061035156,92.3275375366211,22.641862869262695,16.68946075439453,18.605031967163086,37.795597076416016,63.08415603637695
2015-07-28,105.0199966430664,91.65425872802734,23.289609909057617,16.756383895874023,18.77344512939453,38.221885681152344,64.22305297851562
2015-07-29,105.16999816894531,91.31385040283203,23.606884002685547,16.92367935180664,18.89753532409668,38.351314544677734,64.33270263671875
2015-07-30,104.2699966430664,92.01736450195312,23.441650390625,16.92367935180664,18.932994842529297,38.221885681152344,64.23991394042969
2015-07-31,104.93000030517578,92.69828033447266,22.929378509521484,16.870145797729492,18.870954513549805,38.29801559448242,64.61109161376953
2015-08-03,104.0999984741211,93.674072265625,22.446868896484375,16.850067138671875,18.76901626586914,38.351314544677734,64.56049346923828
2015-08-04,104.30999755859375,92.93102264404297,22.370859146118164,16.82329750061035,18.658218383789062,38.351314544677734,64.52670288085938
2015-08-05,103.93000030517578,92.2335205078125,22.20230484008789,16.89021873474121,18.839923858642578,38.686256408691406,65.06661987304688
2015-08-06,104.38999938964844,93.0523910522461,22.55592918395996,16.829994201660156,18.653785705566406,38.396976470947266,63.64937973022461
2015-08-07,104.6500015258789,94.27303314208984,22.152729034423828,16.863454818725586,18.667076110839844,38.183834075927734,63.53972625732422
2015-08-10,105.72000122070312,93.10545349121094,22.859981536865234,17.024059295654297,18.95958709716797,38.32845687866211,64.05432891845703
2015-08-11,106.26000213623047,94.58390808105469,22.902944564819336,16.870145797729492,18.675941467285156,38.191436767578125,63.51441192626953
2015-08-12,107.75,94.06829071044922,23.319366455078125,16.716230392456055,18.760147094726562,38.21427917480469,63.55659103393555
2015-08-13,106.86000061035156,93.76504516601562,22.965740203857422,16.776458740234375,18.706968307495117,38.062034606933594,63.41318130493164
2015-08-14,106.8499984741211,93.98493194580078,22.916168212890625,16.896915435791016,18.80003547668457,38.183834075927734,63.590328216552734
2015-08-17,107.12999725341797,94.40953063964844,22.965740203857422,16.930362701416016,18.906402587890625,38.221885681152344,64.23147583007812
2015-08-18,107.11000061035156,93.66650390625,22.87980842590332,16.916982650756836,18.808897018432617,38.031585693359375,64.1386947631836
2015-08-19,108.55000305175781,94.59149932861328,22.248577117919922,16.76307487487793,18.6848087310791,37.6814079284668,63.877174377441406
2015-08-20,110.44000244140625,95.54679107666016,21.746231079101562,16.408403396606445,18.22832489013672,37.33885192871094,62.39240646362305
2015-08-21,111.12999725341797,95.83490753173828,20.986103057861328,15.819519996643066,17.532522201538086,36.31880187988281,60.485904693603516
2015-08-24,110.52999877929688,95.80458068847656,19.8591365814209,15.143643379211426,16.841142654418945,35.05514144897461,57.91292190551758
2015-08-25,109.16000366210938,94.26544952392578,19.571609497070312,14.942893028259277,16.708187103271484,34.7886962890625,57.330841064453125
2015-08-26,107.66999816894531,92.44583129882812,20.245803833007812,15.505010604858398,17.550249099731445,35.816368103027344,59.75197219848633
2015-08-27,107.7300033569336,92.49890899658203,21.247194290161133,15.886439323425293,17.957977294921875,36.34162902832031,60.91614532470703
2015-08-28,108.69999694824219,92.77184295654297,21.72970962524414,15.812832832336426,17.993432998657227,36.2655029296875,60.57024002075195
2015-08-31,108.81999969482422,92.05912780761719,21.954437255859375,15.678990364074707,17.829456329345703,36.01429748535156,59.46514892578125
2015-09-01,109.19999694824219,92.72244262695312,21.181093215942383,15.170412063598633,17.257741928100586,35.2758903503418,57.90450668334961
2015-09-02,108.62000274658203,91.92460632324219,21.37609100341797,15.377861976623535,17.67434310913086,35.755470275878906,59.093963623046875
2015-09-03,107.83999633789062,92.37294006347656,21.43556785583496,15.464853286743164,17.687639236450195,35.99906921386719,58.67216110229492
2015-09-04,107.48999786376953,93.21636199951172,21.08194351196289,15.157031059265137,17.41728973388672,35.41291046142578,57.938228607177734
2015-09-08,107.5199966430664,91.84109497070312,21.412429809570312,15.545162200927734,17.904800415039062,36.15131759643555,59.55792999267578
2015-09-09,106.12999725341797,92.2817611694336,21.009231567382812,15.331013679504395,17.669910430908203,35.55754852294922,58.6384391784668
2015-09-10,106.37999725341797,91.65875244140625,21.13151741027832,15.404630661010742,17.84718132019043,35.61845779418945,59.20365524291992
2015-09-11,106.16000366210938,92.2361831665039,20.94314193725586,15.471546173095703,17.931386947631836,35.854427337646484,59.583251953125
2015-09-14,106.22000122070312,92.38055419921875,20.761377334594727,15.43808650970459,17.88707160949707,35.74024963378906,59.397666931152344
2015-09-15,105.9000015258789,90.61012268066406,20.992717742919922,15.658919334411621,18.11752700805664,36.166542053222656,60.24970245361328
2015-09-16,107.30999755859375,90.26821899414062,21.58759117126465,15.759299278259277,18.1928653717041,36.577613830566406,60.41841125488281
2015-09-17,108.41000366210938,91.36995697021484,21.574373245239258,15.53846263885498,18.06877326965332,36.577613830566406,60.96674346923828
2015-09-18,109.20999908447266,92.77568817138672,21.007732391357422,15.237876892089844,17.83416748046875,36.154693603515625,60.03627014160156
2015-09-21,108.52999877929688,91.26355743408203,21.12759017944336,15.412715911865234,18.012237548828125,36.4228515625,59.240413665771484
2015-09-22,107.79000091552734,92.53250122070312,20.904525756835938,15.217703819274902,17.70950698852539,36.02444839477539,58.876365661621094
2015-09-23,108.22000122070312,92.52494812011719,20.634851455688477,15.224425315856934,17.7540283203125,36.085731506347656,58.81709671020508
2015-09-24,110.48999786376953,93.15559387207031,20.724748611450195,15.116833686828613,17.7540283203125,36.147037506103516,58.21597671508789
2015-09-25,109.80999755859375,92.35015106201172,20.764699935913086,15.338751792907715,17.722869873046875,36.37688446044922,56.62424850463867
2015-09-28,108.41999816894531,93.93064880371094,19.935705184936523,14.982345581054688,17.317747116088867,35.840576171875,54.43143081665039
2015-09-29,107.9800033569336,94.19656372070312,19.90574836730957,15.00924301147461,17.242067337036133,35.825252532958984,54.93095016479492
2015-09-30,106.86000061035156,93.86981964111328,20.375173568725586,15.237876892089844,17.58485984802246,36.154693603515625,56.073944091796875
2015-10-01,106.7300033569336,94.27034759521484,20.41512107849121,15.24460220336914,17.593767166137695,36.154693603515625,56.64119338989258
2015-10-02,108.98999786376953,94.84138488769531,21.25742530822754,15.264778137207031,17.84307289123535,36.6526985168457,57.81804656982422
2015-10-05,108.7699966430664,93.55458068847656,21.899978637695312,15.587552070617676,18.19477081298828,37.28093719482422,57.970436096191406
2015-10-06,109.86000061035156,93.95814514160156,22.386051177978516,15.513588905334473,18.217016220092773,37.028106689453125,56.607303619384766
2015-10-07,109.69999694824219,93.64595794677734,22.66904640197754,15.634629249572754,18.301612854003906,37.36521911621094,57.513248443603516
2015-10-08,109.13999938964844,92.86170959472656,23.101848602294922,15.728772163391113,18.38619613647461,37.8095817565918,57.682579040527344
2015-10-09,110.87000274658203,93.10535430908203,22.9520320892334,15.62790298461914,18.46633529663086,37.89387130737305,57.94504928588867
2015-10-12,111.30999755859375,93.81349182128906,22.655731201171875,15.64134693145752,18.488582611083984,37.99345779418945,58.09745788574219
2015-10-13,111.86000061035156,93.9733657836914,22.419342041015625,15.520303726196289,18.448530197143555,37.76362228393555,57.36933135986328
2015-10-14,113.80999755859375,94.79566192626953,22.61244010925293,15.392542839050293,18.41291046142578,37.32689666748047,57.25926208496094
2015-10-15,113.29000091552734,94.33120727539062,23.01861572265625,15.742218971252441,18.648853302001953,37.66400909423828,58.537696838378906
2015-10-16,112.48999786376953,94.36165618896484,23.048580169677734,15.836363792419434,18.68446922302246,38.02409744262695,59.06263732910156
2015-10-19,112.0199966430664,94.1028060913086,22.592470169067383,15.822911262512207,18.755699157714844,38.192665100097656,59.274288177490234
2015-10-20,112.7300033569336,93.52413177490234,22.655731201171875,15.917057037353516,18.706727981567383,38.16967010498047,58.342979431152344
2015-10-21,111.7300033569336,94.45307922363281,22.376066207885742,15.80274486541748,18.564268112182617,38.17733383178711,57.81804656982422
2015-10-22,111.69000244140625,94.61294555664062,22.778911590576172,16.058269500732422,18.982742309570312,38.93582534790039,57.470916748046875
2015-10-23,111.5,93.80587005615234,22.725643157958984,16.233112335205078,19.512516021728516,38.87453079223633,58.69856643676758
2015-10-26,111.43000030517578,94.4301986694336,22.169652938842773,16.165870666503906,19.436830520629883,38.797908782958984,58.927154541015625
2015-10-27,111.68000030517578,94.66624450683594,21.9033145904541,16.07172203063965,19.325542449951172,38.85155487060547,60.01087951660156
2015-10-28,110.77999877929688,94.28556823730469,22.389389038085938,16.448299407958984,19.614912033081055,38.62936782836914,60.51041030883789
2015-10-29,109.72000122070312,92.78559112548828,22.502574920654297,16.428125381469727,19.56148338317871,38.644683837890625,60.78133010864258
2015-10-30,109.30000305175781,93.4860610961914,22.649072647094727,16.192766189575195,19.432384490966797,38.21563720703125,60.400325775146484
2015-11-02,108.58999633789062,93.05648040771484,23.178424835205078,16.414674758911133,19.606006622314453,38.44548797607422,61.687252044677734
2015-11-03,106.9800033569336,92.29341888427734,23.771039962768555,16.441570281982422,19.708396911621094,38.26162338256836,61.467105865478516
2015-11-04,105.97000122070312,92.40023040771484,23.55795669555664,16.39450454711914,19.730663299560547,38.1007194519043,61.196205139160156
2015-11-05,105.63999938964844,92.15599822998047,23.358205795288086,16.46175193786621,19.672780990600586,38.093048095703125,61.00148010253906
2015-11-06,104.0999984741211,90.8053970336914,23.23834991455078,16.62985610961914,19.739564895629883,37.67934036254883,60.74745178222656
2015-11-09,104.4000015258789,90.29414367675781,23.008625030517578,16.448299407958984,19.54812240600586,37.426509857177734,60.281822204589844
2015-11-10,104.18000030517578,90.56117248535156,23.058565139770508,16.52226448059082,19.41902732849121,37.5261116027832,60.6882209777832
2015-11-11,103.83000183105469,90.37046813964844,22.569154739379883,16.46847915649414,19.41011619567871,37.47248458862305,60.087066650390625
2015-11-12,103.8499984741211,90.8053970336914,22.056459426879883,16.219661712646484,19.240951538085938,36.96681594848633,59.04570388793945
2015-11-13,103.55999755859375,91.32427978515625,21.966564178466797,16.085168838500977,18.862545013427734,36.64503860473633,58.9017448425293
2015-11-16,103.70999908447266,91.24034118652344,22.699010848999023,16.280183792114258,19.15191650390625,37.27326965332031,59.63832473754883
2015-11-17,102.33999633789062,91.39293670654297,22.449310302734375,16.24655532836914,19.156362533569336,37.25794982910156,59.89235305786133
2015-11-18,102.43000030517578,91.58370971679688,22.818859100341797,16.535722732543945,19.445735931396484,37.77128601074219,61.06072998046875
2015-11-19,103.55999755859375,92.19415283203125,22.5125675201416,16.562612533569336,19.534772872924805,37.87087631225586,60.03627014160156
2015-11-20,103.08999633789062,91.91188049316406,22.272851943969727,16.58951759338379,19.67723274230957,37.602725982666016,60.55271911621094
2015-11-23,102.26000213623047,92.19415283203125,22.43266487121582,16.52226448059082,19.56148338317871,37.932159423828125,60.400325775146484
2015-11-24,102.94000244140625,92.1865463256836,22.912078857421875,16.47519302368164,19.565942764282227,38.03177261352539,60.58661651611328
2015-11-25,102.45999908447266,92.40023040771484,22.725643157958984,16.4886417388916,19.503612518310547,38.13135528564453,60.91680145263672
2015-11-27,101.25,92.30865478515625,22.5625,16.528993606567383,19.54812240600586,38.27694320678711,61.035316467285156
2015-11-30,101.91999816894531,92.67494201660156,22.645742416381836,16.515541076660156,19.570384979248047,37.86322021484375,60.20561218261719
2015-12-01,102.27999877929688,93.92672729492188,22.825519561767578,16.697107315063477,19.744014739990234,38.18500900268555,61.22160339355469
2015-12-02,100.69000244140625,93.9572982788086,22.119718551635742,16.50209617614746,19.619365692138672,37.99345779418945,60.70511245727539
2015-12-03,101.76000213623047,91.40325927734375,21.67691993713379,16.233112335205078,19.365602493286133,37.79426193237305,59.375892639160156
2015-12-04,104.0199966430664,92.2061538696289,21.540416717529297,16.663488388061523,19.841957092285156,38.644683837890625,60.77286911010742
2015-12-07,102.66999816894531,93.10083770751953,20.721418380737305,16.508821487426758,19.744014739990234,38.751953125,60.434207916259766
2015-12-08,102.83999633789062,93.14675903320312,20.508337020874023,16.30035972595215,19.695043563842773,38.65234375,60.569698333740234
2015-12-09,102.63999938964844,93.0473403930664,20.77801513671875,16.112075805664062,19.40567398071289,38.28459930419922,59.9600715637207
2015-12-10,102.55000305175781,93.1696548461914,20.91118812561035,16.125518798828125,19.45909881591797,38.330562591552734,60.408809661865234
2015-12-11,103.11000061035156,94.63784790039062,20.128801345825195,15.769115447998047,19.053974151611328,37.909183502197266,59.519832611083984
2015-12-14,101.79000091552734,93.41436767578125,20.235340118408203,15.80274486541748,19.20088768005371,38.28459930419922,59.90928268432617
2015-12-15,101.5199966430664,92.86376953125,20.74471664428711,16.172597885131836,19.28546905517578,38.52976608276367,60.6882209777832
2015-12-16,102.75,92.66499328613281,20.60822105407715,16.434843063354492,19.54812240600586,39.27294158935547,61.4755973815918
2015-12-17,100.5,93.71260833740234,20.102169036865234,16.199491500854492,19.240951538085938,38.76727294921875,60.81521224975586
2015-12-18,102.04000091552734,94.2325668334961,19.750099182128906,15.766419410705566,18.8677978515625,38.08037185668945,59.93348693847656
2015-12-21,103.1500015258789,94.20967102050781,19.770254135131836,15.922054290771484,19.06019401550293,38.51258850097656,60.4776496887207
2015-12-22,102.61000061035156,93.52911376953125,20.002056121826172,16.0709228515625,19.198894500732422,39.014244079589844,60.88577651977539
2015-12-23,102.30999755859375,92.82557678222656,20.872150421142578,16.260398864746094,19.359970092773438,39.2998046875,61.54045486450195
2015-12-24,103.05000305175781,93.35741424560547,20.684024810791016,16.24685287475586,19.35101318359375,39.261226654052734,61.59994888305664
2015-12-28,102.2699966430664,93.63323211669922,20.307764053344727,16.23332977294922,19.337596893310547,39.20719528198242,61.31086349487305
2015-12-29,102.19999694824219,92.07767486572266,20.4488582611084,16.402490615844727,19.601579666137695,39.546791076660156,62.05912399291992
2015-12-30,101.41999816894531,91.9857177734375,20.173391342163086,16.287456512451172,19.436023712158203,39.40786361694336,61.7955322265625
2015-12-31,101.45999908447266,92.39952087402344,20.26409149169922,16.125057220458984,19.163101196289062,38.967933654785156,61.24286651611328
2016-01-04,102.88999938964844,93.06617736816406,20.257373809814453,15.813787460327148,18.912548065185547,38.47397994995117,60.1375617980957
2016-01-05,103.18000030517578,92.6906967163086,20.33464241027832,15.874686241149902,18.863332748413086,38.72096252441406,60.42664337158203
2016-01-06,104.66999816894531,93.93974304199219,19.55190086364746,15.631092071533203,18.63067054748535,38.589759826660156,59.93348693847656
2016-01-07,106.1500015258789,94.1083755493164,19.074851989746094,15.191251754760742,18.080341339111328,38.12668228149414,58.7176628112793
2016-01-08,105.68000030517578,94.52981567382812,18.829618453979492,14.95441722869873,17.937158584594727,37.83340072631836,57.83340072631836
2016-01-11,104.73999786376953,93.49527740478516,18.426483154296875,14.974720001220703,18.053495407104492,38.18843078613281,57.14469909667969
2016-01-12,104.20999908447266,94.84395599365234,18.47015953063965,15.089752197265625,18.268253326416016,38.39681625366211,57.87591552734375
2016-01-13,104.72000122070312,95.77887725830078,18.026714324951172,14.697284698486328,17.776086807250977,37.69447326660156,56.15842819213867
2016-01-14,103.0199966430664,94.88229370117188,18.8027400970459,14.825852394104004,18.111658096313477,37.87199020385742,57.66335678100586
2016-01-15,104.08000183105469,96.36123657226562,18.258512496948242,14.494283676147461,17.60159683227539,37.277713775634766,56.85563659667969
2016-01-19,103.9800033569336,96.06239318847656,17.86545753479004,14.487515449523926,17.619497299194336,37.725341796875,56.847110748291016
2016-01-20,105.37000274658203,97.07391357421875,17.391782760620117,14.203314781188965,17.48079490661621,37.254547119140625,56.957664489746094
2016-01-21,105.48999786376953,96.41484069824219,17.932647705078125,14.142414093017578,17.579227447509766,37.401206970214844,56.7876091003418
2016-01-22,105.0,96.04708862304688,18.725473403930664,14.399547576904297,18.066919326782227,38.041778564453125,57.68886947631836
2016-01-25,106.08000183105469,96.56814575195312,17.85202407836914,14.108575820922852,17.856626510620117,37.702186584472656,57.153202056884766
2016-01-26,107.29000091552734,96.61409759521484,18.527263641357422,14.345414161682129,18.03112030029297,38.04951095581055,57.58684539794922
2016-01-27,107.69000244140625,96.59112548828125,18.439926147460938,14.291281700134277,17.65976333618164,38.01090621948242,56.93213653564453
2016-01-28,106.54000091552734,96.72904205322266,19.000947952270508,14.298047065734863,17.88795280456543,38.39681625366211,55.60578155517578
2016-01-29,106.94999694824219,97.54900360107422,19.55525779724121,14.697284698486328,18.45170021057129,39.17633056640625,56.51554489135742
2016-02-01,108.05000305175781,97.2503433227539,19.229389190673828,14.63638687133789,18.518808364868164,39.30751037597656,56.600555419921875
2016-02-02,108.08999633789062,99.05455780029297,18.587743759155273,14.230375289916992,18.187721252441406,38.80586242675781,55.78433609008789
2016-02-03,109.25,98.2330322265625,19.249544143676758,14.243912696838379,18.165346145629883,38.72096252441406,56.149932861328125
2016-02-04,110.56999969482422,98.70906829833984,19.23946189880371,14.365713119506836,18.183238983154297,38.36593246459961,55.843849182128906
2016-02-05,112.31999969482422,98.82423400878906,18.79266357421875,14.176248550415039,17.673189163208008,38.30418395996094,54.755523681640625
2016-02-08,113.83000183105469,100.95088195800781,18.69524383544922,13.81761360168457,17.418149948120117,38.203861236572266,54.0073127746582
2016-02-09,113.58000183105469,101.05836486816406,18.245071411132812,13.797310829162598,17.337617874145508,38.458553314208984,54.40693283081055
2016-02-10,114.45999908447266,101.94893646240234,18.171165466308594,13.722877502441406,17.36446762084961,38.41224670410156,54.89157485961914
2016-02-11,119.05999755859375,102.66297149658203,18.093902587890625,13.303339004516602,17.32866859436035,38.10353088378906,54.0073127746582
2016-02-12,118.36000061035156,100.95855712890625,18.570941925048828,13.86497688293457,17.57027244567871,38.64379119873047,54.73003387451172
2016-02-16,114.7699966430664,99.89139556884766,18.755706787109375,14.088277816772461,17.883474349975586,38.95250701904297,55.758827209472656
2016-02-17,115.4800033569336,99.27716827392578,19.370485305786133,14.277743339538574,18.250362396240234,39.35384750366211,56.46452713012695
2016-02-18,118.29000091552734,100.49788665771484,19.12860679626465,14.196547508239746,18.17877197265625,39.17633056640625,56.11592102050781
2016-02-19,117.58000183105469,100.58238983154297,19.084938049316406,14.196547508239746,18.19219398498535,39.238059997558594,56.0564079284668
2016-02-22,115.48999786376953,100.52862548828125,19.572046279907227,14.419843673706055,18.43380355834961,39.431007385253906,56.85563659667969
2016-02-23,117.22000122070312,100.93548583984375,18.90352439880371,14.162715911865234,18.14298439025879,39.42329788208008,56.430511474609375
2016-02-24,117.61000061035156,100.73588562011719,19.095008850097656,14.128874778747559,18.281679153442383,39.546791076660156,56.617549896240234
2016-02-25,117.91999816894531,101.0967788696289,19.11180877685547,14.325112342834473,18.509857177734375,39.99443054199219,57.32326126098633
2016-02-26,117.11000061035156,100.12174224853516,19.226032257080078,14.426617622375488,18.460651397705078,39.431007385253906,57.22123336791992
2016-02-29,118.63999938964844,100.55936431884766,19.007667541503906,14.270978927612305,18.330896377563477,39.2998046875,56.311485290527344
2016-03-01,117.7699966430664,98.7885971069336,19.50486183166504,14.751415252685547,18.876752853393555,39.67798614501953,57.518829345703125
2016-03-02,118.68000030517578,99.19628143310547,19.981901168823242,14.913820266723633,18.930437088012695,39.79375076293945,57.61235809326172
2016-03-03,120.7300033569336,99.55782318115234,20.284250259399414,15.015314102172852,18.930437088012695,39.99443054199219,57.45081329345703
2016-03-04,120.54000091552734,98.91940307617188,20.479097366333008,15.076218605041504,18.979650497436523,40.16422653198242,57.31477737426758
2016-03-07,121.13999938964844,98.88863372802734,20.959501266479492,15.069454193115234,18.863332748413086,39.91725158691406,57.77388381958008
2016-03-08,120.58000183105469,99.98088073730469,20.07932472229004,14.825852394104004,18.746990203857422,40.033023834228516,57.06819534301758
2016-03-09,119.58000183105469,99.37322998046875,20.40519142150879,14.846150398254395,18.90806770324707,40.334014892578125,57.17021942138672
2016-03-10,121.5,98.96550750732422,20.42198944091797,14.832612991333008,18.890172958374023,40.349456787109375,57.204219818115234
2016-03-11,119.41000366210938,97.96558380126953,20.949420928955078,15.218320846557617,19.18099021911621,40.480648040771484,58.31803894042969
2016-03-14,117.87000274658203,98.27326202392578,20.811677932739258,15.170944213867188,19.203365325927734,40.4575080871582,58.07148361206055
2016-03-15,117.95999908447266,98.36556243896484,20.77137565612793,15.164186477661133,19.274951934814453,40.55782699584961,57.17021942138672
2016-03-16,120.58999633789062,98.6578369140625,21.130828857421875,15.130351066589355,19.498676300048828,40.65045166015625,57.03417205810547
2016-03-17,120.12999725341797,99.06552124023438,21.419740676879883,15.313055038452148,19.57025718688965,40.897422790527344,56.370994567871094
2016-03-18,119.80000305175781,99.2732162475586,21.481319427490234,15.448988914489746,19.60173225402832,40.84389877319336,57.03398895263672
2016-03-21,118.95999908447266,98.51168060302734,21.40688133239746,15.421796798706055,19.669185638427734,40.86717224121094,57.36680221557617
2016-03-22,119.30999755859375,98.48860168457031,21.28846549987793,15.374224662780762,19.673686981201172,40.62669372558594,57.938480377197266
2016-03-23,116.61000061035156,99.60395050048828,20.821548461914062,15.258678436279297,19.561260223388672,40.634437561035156,57.528907775878906
2016-03-24,116.33000183105469,99.64241027832031,20.92306137084961,15.163522720336914,19.61522102355957,40.5879020690918,57.50332260131836
2016-03-28,116.5999984741211,99.77317810058594,20.811399459838867,15.211102485656738,19.565752029418945,40.805110931396484,57.3411865234375
2016-03-29,118.76000213623047,100.8193359375,20.909521102905273,15.23828125,19.871545791625977,41.1076545715332,58.00676345825195
2016-03-30,117.0999984741211,99.75775909423828,20.950119018554688,15.326643943786621,19.988462448120117,41.37916564941406,58.01527786254883
2016-03-31,117.63999938964844,100.46548461914062,20.93996810913086,15.29266357421875,19.947996139526367,41.16196060180664,57.83609390258789
2016-04-01,116.93000030517578,100.72754669189453,20.659149169921875,15.428601264953613,20.10088348388672,41.59638977050781,58.493141174316406
2016-04-04,116.1500015258789,100.78924560546875,20.506887435913086,15.353829383850098,20.024433135986328,41.61190414428711,59.19282913208008
2016-04-05,117.66000366210938,101.89144897460938,20.36817169189453,15.136340141296387,19.831071853637695,41.33263397216797,58.42486572265625
2016-04-06,116.94000244140625,101.15149688720703,20.808015823364258,15.217899322509766,20.024433135986328,41.65843963623047,59.99491882324219
2016-04-07,118.61000061035156,102.40019989013672,20.68621253967285,14.932435989379883,19.736635208129883,41.20851516723633,59.337886810302734
2016-04-08,118.43000030517578,101.75267028808594,21.10237693786621,14.986808776855469,19.736635208129883,41.433475494384766,59.17576599121094
2016-04-11,120.02999877929688,101.6217269897461,21.014400482177734,15.047977447509766,19.68267822265625,41.13868713378906,58.7235221862793
2016-04-12,120.05000305175781,100.92019653320312,21.640335083007812,15.23828125,19.81757164001465,41.39469528198242,59.201351165771484
2016-04-13,118.7699966430664,101.2748031616211,21.74184226989746,15.584924697875977,20.019935607910156,41.076629638671875,59.7559928894043
2016-04-14,117.11000061035156,100.78924560546875,21.79259490966797,15.618906021118164,20.015438079833984,40.89043426513672,59.79013442993164
2016-04-15,117.91999816894531,101.65249633789062,21.49822998046875,15.564533233642578,19.938989639282227,41.146453857421875,59.747467041015625
2016-04-18,117.73999786376953,101.21311950683594,21.85349464416504,15.680081367492676,20.024433135986328,41.37916564941406,60.3021125793457
2016-04-19,119.58000183105469,100.89713287353516,22.28995132446289,15.877180099487305,19.912015914916992,41.35590362548828,60.51542663574219
2016-04-20,118.97000122070312,99.78718566894531,22.489578247070312,15.999516487121582,19.95248794555664,40.89043426513672,60.83968734741211
2016-04-21,119.41999816894531,99.19368743896484,22.357620239257812,15.856789588928223,19.88054084777832,40.16122055053711,61.19805908203125
2016-04-22,117.88999938964844,98.93925476074219,22.682430267333984,16.006319046020508,19.53427505493164,40.308624267578125,61.326053619384766
2016-04-25,118.2300033569336,98.53079223632812,22.42867660522461,15.972342491149902,19.538782119750977,40.5879020690918,61.08713912963867
2016-04-26,118.69999694824219,98.0837173461914,22.787322998046875,16.074283599853516,19.4443416595459,40.42498016357422,60.856746673583984
2016-04-27,119.04000091552734,99.06260681152344,23.220394134521484,16.101476669311523,19.35441017150879,40.61893844604492,60.78850173950195
2016-04-28,121.29000091552734,99.4711685180664,22.87528419494629,15.931554794311523,19.1115779876709,40.657711029052734,60.49837112426758
2016-04-29,123.6500015258789,99.72552490234375,22.838069915771484,15.843195915222168,18.9451961517334,40.572391510009766,59.55121612548828
2016-05-02,123.23999786376953,98.721435546875,22.81438446044922,15.985933303833008,19.0845947265625,41.037845611572266,59.89252471923828
2016-05-03,122.95999908447266,99.9649429321289,22.276424407958984,15.78203010559082,18.909221649169922,40.960262298583984,59.70479202270508
2016-05-04,122.20999908447266,100.51332092285156,21.95499610900879,15.659688949584961,18.850765228271484,41.08438491821289,59.13310241699219
2016-05-05,122.06999969482422,101.18523406982422,22.134319305419922,15.652886390686035,18.85975456237793,41.09214782714844,59.38054656982422
2016-05-06,123.18000030517578,100.75271606445312,22.08356285095215,15.720852851867676,18.999155044555664,41.30160140991211,59.03070831298828
2016-05-09,120.6500015258789,101.06940460205078,21.762136459350586,15.680081367492676,18.999155044555664,41.526573181152344,59.70479202270508
2016-05-10,120.9800033569336,101.07708740234375,22.144468307495117,15.904370307922363,19.24648094177246,41.93772506713867,60.208248138427734
2016-05-11,122.12000274658203,101.6486587524414,22.21213722229004,15.73444652557373,19.107084274291992,41.60415267944336,59.48295211791992
2016-05-12,121.16000366210938,101.18523406982422,22.27303695678711,15.74124813079834,19.053117752075195,41.8291130065918,59.13310241699219
2016-05-13,121.70999908447266,102.16610717773438,21.988826751708984,15.55093765258789,18.981172561645508,41.30160140991211,58.9965705871582
2016-05-16,121.80000305175781,101.28565216064453,22.361007690429688,15.632492065429688,19.24648094177246,41.565364837646484,59.79864501953125
2016-05-17,122.22000122070312,101.45555877685547,22.465896606445312,15.544142723083496,19.053117752075195,40.750816345214844,59.17576599121094
2016-05-18,120.0999984741211,100.01128387451172,22.249359130859375,15.816008567810059,19.089092254638672,40.277587890625,59.42319869995117
2016-05-19,119.87000274658203,100.44380187988281,22.25273323059082,15.66648006439209,18.985666275024414,40.67323303222656,58.91978454589844
2016-05-20,119.70999908447266,100.52101135253906,22.38469123840332,15.775219917297363,19.215007781982422,40.463775634765625,59.46588134765625
2016-05-23,119.37000274658203,100.74503326416016,22.32716941833496,15.761638641357422,19.17902946472168,40.502559661865234,59.226959228515625
2016-05-24,117.30000305175781,100.29706573486328,22.43882179260254,15.999516487121582,19.538782119750977,40.84389877319336,60.08026123046875
2016-05-25,116.9800033569336,99.9186019897461,22.794084548950195,16.1694393157959,19.673686981201172,40.90596008300781,60.45572280883789
2016-05-26,116.58000183105469,100.43603515625,22.699344635009766,16.074283599853516,19.736635208129883,41.06886672973633,60.46425247192383
2016-05-27,115.62000274658203,100.28934478759766,22.712879180908203,16.183029174804688,19.831071853637695,41.11540985107422,60.73727798461914
2016-05-31,116.05999755859375,100.52877807617188,22.62491798400879,16.142253875732422,19.871545791625977,40.85165023803711,60.88233184814453
2016-06-01,115.94000244140625,100.93660736083984,22.631681442260742,16.176240921020508,19.82207679748535,41.270565032958984,61.10420608520508
2016-06-02,115.66999816894531,101.66410827636719,22.60123062133789,16.210220336914062,19.804088592529297,41.28609085083008,61.88924026489258
2016-06-03,118.87999725341797,103.11138153076172,22.513259887695312,15.979130744934082,19.75912094116211,41.54983901977539,61.68442916870117
2016-06-06,118.91999816894531,102.3451919555664,23.01062774658203,16.074283599853516,19.795095443725586,41.59638977050781,62.01721954345703
2016-06-07,118.81999969482422,102.59280395507812,23.53167152404785,16.040302276611328,19.87604522705078,41.54983901977539,61.633235931396484
2016-06-08,120.58000183105469,103.14239501953125,23.477535247802734,16.05389404296875,19.916521072387695,41.7980842590332,61.84657669067383
2016-06-09,121.25,103.80787658691406,23.298213958740234,15.938348770141602,19.92100715637207,41.961002349853516,61.74416732788086
2016-06-10,121.73999786376953,104.31100463867188,22.794084548950195,15.74124813079834,19.76811408996582,41.992034912109375,61.24925994873047
2016-06-13,122.63999938964844,104.77538299560547,22.726423263549805,15.632492065429688,19.547773361206055,41.64293670654297,60.762882232666016
2016-06-14,122.7699966430664,104.69795989990234,22.712879180908203,15.401403427124023,19.592741012573242,41.80583953857422,60.856746673583984
2016-06-15,123.68000030517578,105.10043334960938,22.65874481201172,15.421796798706055,19.543272018432617,41.68173599243164,60.438636779785156
2016-06-16,122.37999725341797,105.61117553710938,22.550477981567383,15.462577819824219,19.58374786376953,41.89894485473633,60.651947021484375
2016-06-17,123.94999694824219,104.9533462524414,22.78070068359375,15.44959545135498,19.453149795532227,41.729576110839844,60.02227020263672
2016-06-20,123.20999908447266,103.83113098144531,22.978235244750977,15.538427352905273,19.534496307373047,41.86225891113281,60.39921569824219
2016-06-21,120.83999633789062,103.35128021240234,23.250686645507812,15.627259254455566,19.670055389404297,41.97152328491211,60.193599700927734
2016-06-22,120.9000015258789,103.52155303955078,23.12126922607422,15.613594055175781,19.602277755737305,41.994930267333984,60.36496353149414
2016-06-23,120.11000061035156,102.3374252319336,23.50271224975586,15.941577911376953,19.86887550354004,42.25248336791992,61.15315246582031
2016-06-24,126.0,105.08491516113281,22.74323844909668,15.087445259094238,19.105213165283203,41.440826416015625,59.37971496582031
2016-06-27,126.68000030517578,107.70853424072266,22.014419555664062,14.656959533691406,18.721120834350586,41.354976654052734,58.58296203613281
2016-06-28,125.31999969482422,107.93302154541016,22.6274471282959,15.0327730178833,19.091657638549805,41.612518310546875,59.7224006652832
2016-06-29,125.83999633789062,107.10487365722656,23.056564331054688,15.374435424804688,19.385377883911133,42.09638214111328,60.861854553222656
2016-06-30,126.47000122070312,107.4995346069336,23.240463256835938,15.620424270629883,19.59775733947754,43.04071044921875,61.43585968017578
2016-07-01,128.41000366210938,108.9921646118164,23.363080978393555,15.538427352905273,19.642946243286133,42.83779525756836,61.82139205932617
2016-07-05,129.47000122070312,110.35676574707031,22.893085479736328,15.306103706359863,19.49834442138672,43.07972717285156,61.76141357421875
2016-07-06,130.22999572753906,110.53508758544922,22.99185562133789,15.347105979919434,19.633901596069336,43.118751525878906,62.45537185668945
2016-07-07,129.74000549316406,110.52737426757812,22.756860733032227,15.36760139465332,19.633901596069336,43.03289794921875,62.36113357543945
2016-07-08,130.52000427246094,111.34146118164062,23.059967041015625,15.66142463684082,19.941179275512695,43.462135314941406,63.132198333740234
2016-07-11,129.2899932861328,110.3645248413086,23.104244232177734,15.750250816345215,20.058658599853516,43.46994400024414,62.960845947265625
2016-07-12,127.1500015258789,108.5501708984375,23.6763973236084,15.94841480255127,20.221336364746094,43.235816955566406,63.269248962402344
2016-07-13,128.32000732421875,109.82952880859375,23.472061157226562,15.94841480255127,20.225862503051758,43.477752685546875,63.243553161621094
2016-07-14,127.33000183105469,108.2323226928711,23.591257095336914,16.09874153137207,20.35689926147461,43.46994400024414,63.517704010009766
2016-07-15,126.83999633789062,107.30186462402344,23.577634811401367,16.0714111328125,20.338830947875977,43.46994400024414,63.46628952026367
2016-07-18,127.04000091552734,107.20109558105469,23.59465980529785,16.12607192993164,20.474390029907227,43.42312240600586,63.492000579833984
2016-07-19,127.20999908447266,107.80586242675781,23.46183967590332,16.132904052734375,20.429203033447266,43.39189910888672,63.35493087768555
2016-07-20,125.38999938964844,107.2165756225586,23.427785873413086,16.160234451293945,20.695810317993164,43.235816955566406,63.92892837524414
2016-07-21,127.30000305175781,107.43370056152344,23.196197509765625,16.0782413482666,20.587360382080078,43.11095428466797,64.1174087524414
2016-07-22,126.3499984741211,107.61975860595703,23.267715454101562,16.18073272705078,20.70936393737793,43.3138542175293,64.24591827392578
2016-07-25,125.47000122070312,107.54222106933594,22.80454444885254,16.14657211303711,20.682252883911133,43.26701736450195,64.1773910522461
2016-07-26,126.0,107.71280670166016,22.93736457824707,16.160234451293945,20.727436065673828,42.93144226074219,64.06600189208984
2016-07-27,128.02999877929688,109.05413818359375,22.71259117126465,16.153406143188477,20.899145126342773,42.29148864746094,64.35728454589844
2016-07-28,127.66000366210938,108.85258483886719,22.71599578857422,16.18757438659668,20.912704467773438,42.478790283203125,64.29731750488281
2016-07-29,128.97999572753906,109.75971221923828,22.947582244873047,16.160234451293945,20.98952293395996,42.689510345458984,64.42581176757812
2016-08-01,129.22000122070312,108.56978607177734,22.191518783569336,16.119239807128906,21.03020477294922,42.73634719848633,64.83707427978516
2016-08-02,130.27000427246094,107.45122528076172,22.392454147338867,15.982576370239258,20.872041702270508,42.67390060424805,64.58858489990234
2016-08-03,129.64999389648438,107.51332092285156,22.824970245361328,16.14657211303711,20.944337844848633,42.43976974487305,64.40868377685547
2016-08-04,129.8699951171875,108.3211669921875,22.79092025756836,16.105571746826172,21.05730628967285,42.533416748046875,64.314453125
2016-08-05,127.55000305175781,107.1948471069336,22.99866485595703,16.41306495666504,21.260648727416992,42.603668212890625,64.46867370605469
2016-08-08,127.44000244140625,107.39679718017578,23.305185317993164,16.433563232421875,21.256135940551758,42.556827545166016,63.92036056518555
2016-08-09,127.95999908447266,108.4532699584961,23.18256950378418,16.447227478027344,21.30132484436035,42.689510345458984,64.0745620727539
2016-08-10,128.55999755859375,108.87271118164062,22.930553436279297,16.31739616394043,21.233537673950195,42.84560775756836,63.86041259765625
2016-08-11,127.66999816894531,107.90174865722656,23.267715454101562,16.351564407348633,21.31035614013672,42.84560775756836,64.22877502441406
2016-08-12,127.4000015258789,108.8105697631836,23.397132873535156,16.30373191833496,21.287769317626953,42.993873596191406,64.06600189208984
2016-08-15,127.83999633789062,107.78516387939453,23.584449768066406,16.41306495666504,21.391691207885742,42.884620666503906,64.1773910522461
2016-08-16,128.47000122070312,107.49777221679688,23.621912002563477,16.3720703125,21.233537673950195,42.69730758666992,63.60337448120117
2016-08-17,128.5,108.14250183105469,23.693422317504883,16.426727294921875,21.22450065612793,42.814395904541016,63.731876373291016
2016-08-18,129.11000061035156,108.31338500976562,24.180444717407227,16.41306495666504,21.233537673950195,42.962669372558594,63.7575798034668
2016-08-19,127.97000122070312,107.7463607788086,23.97951316833496,16.406227111816406,21.24709701538086,42.86119842529297,63.70618438720703
2016-08-22,127.77999877929688,108.65519714355469,23.70364761352539,16.406227111816406,21.24709701538086,42.92363739013672,63.83469772338867
2016-08-23,127.76000213623047,108.77169799804688,23.870525360107422,16.426727294921875,21.323909759521484,42.83779525756836,63.8946533203125
2016-08-24,126.33999633789062,108.515380859375,23.775165557861328,16.419898986816406,21.206424713134766,42.76755142211914,62.89230728149414
2016-08-25,126.2300033569336,108.10368347167969,23.71045684814453,16.454065322875977,21.25160789489746,42.603668212890625,62.36113357543945
2016-08-26,126.05000305175781,107.47449493408203,23.62871742248535,16.47456169128418,21.260648727416992,42.38513946533203,62.60101318359375
2016-08-29,126.30000305175781,108.91148376464844,23.788789749145508,16.618053436279297,21.341991424560547,42.6348762512207,62.73810577392578
2016-08-30,125.02999877929688,108.49205017089844,23.707050323486328,16.768386840820312,21.26968765258789,42.38513946533203,62.5239143371582
2016-08-31,124.77999877929688,108.64739990234375,23.33242416381836,16.782047271728516,21.233537673950195,42.43976974487305,62.33543014526367
2016-09-01,125.29000091552734,108.76728820800781,23.26430892944336,16.713720321655273,21.30132484436035,42.455387115478516,62.17266845703125
2016-09-02,126.56999969482422,107.88011169433594,23.526546478271484,16.788883209228516,21.396209716796875,42.783164978027344,62.24118423461914
2016-09-06,128.7100067138672,108.66612243652344,23.8807373046875,16.761547088623047,21.504657745361328,42.876808166503906,62.46390914916992
2016-09-07,128.27000427246094,108.58822631835938,24.016963958740234,16.75472068786621,21.558881759643555,42.50221252441406,62.46390914916992
2016-09-08,127.58999633789062,107.2264404296875,24.466514587402344,16.741046905517578,21.38265609741211,42.2680778503418,62.51533889770508
2016-09-09,126.75,105.45996856689453,23.737707138061523,16.426727294921875,20.858484268188477,41.12083053588867,61.26451873779297
2016-09-12,126.58999633789062,105.51439666748047,23.972702026367188,16.61121940612793,21.206424713134766,41.89347457885742,62.17266845703125
2016-09-13,125.75,104.3160171508789,23.288150787353516,16.31739616394043,21.052791595458984,41.378395080566406,61.34162521362305
2016-09-14,126.18000030517578,104.47163391113281,23.012285232543945,16.27640151977539,21.15219497680664,41.25352096557617,61.34162521362305
2016-09-15,125.37000274658203,104.02030181884766,23.298372268676758,16.3720703125,21.50014305114746,41.58911895751953,61.97560501098633
2016-09-16,125.05999755859375,104.8607177734375,23.110267639160156,16.21689796447754,21.421194076538086,41.45404052734375,62.017730712890625
2016-09-19,125.31999969482422,104.5183334350586,23.096559524536133,16.320302963256836,21.380353927612305,41.36766052246094,61.79412841796875
2016-09-20,125.44000244140625,104.88408660888672,22.928668975830078,16.328754425048828,21.366741180419922,41.477603912353516,61.98332595825195
2016-09-21,127.2699966430664,105.73231506347656,23.459747314453125,16.430177688598633,21.60722541809082,41.70532989501953,62.60258865356445
2016-09-22,127.56999969482422,106.57276916503906,23.487157821655273,16.463979721069336,21.738813400268555,42.074398040771484,63.07559585571289
2016-09-23,127.6500015258789,106.47160339355469,23.175365447998047,16.37946319580078,21.548240661621094,41.885921478271484,62.8777961730957
2016-09-26,127.55000305175781,107.14864349365234,23.072572708129883,16.11745834350586,21.421194076538086,41.532588958740234,62.14675521850586
2016-09-27,126.62000274658203,107.93457794189453,22.918394088745117,16.244237899780273,21.65713882446289,41.70532989501953,62.58537292480469
2016-09-28,126.22000122070312,107.70109558105469,23.908592224121094,16.320302963256836,21.697967529296875,41.7760009765625,62.490745544433594
2016-09-29,126.06999969482422,107.97352600097656,23.86747169494629,16.09210777282715,21.56638526916504,41.36766052246094,61.389915466308594
2016-09-30,125.63999938964844,107.0085678100586,24.19297218322754,16.31184959411621,21.679824829101562,41.78385925292969,62.017730712890625
2016-10-03,125.31999969482422,106.65538024902344,24.175844192504883,16.235780715942383,21.616304397583008,41.51685333251953,61.96614456176758
2016-10-04,120.97000122070312,105.40805053710938,23.929147720336914,16.30340003967285,21.53916358947754,41.16349411010742,61.84572219848633
2016-10-05,120.77999877929688,104.91690826416016,24.295759201049805,16.56540298461914,21.616304397583008,41.124237060546875,62.086544036865234
2016-10-06,119.66000366210938,104.33221435546875,24.333446502685547,16.590761184692383,21.66621208190918,41.202754974365234,61.854312896728516
2016-10-07,119.73999786376953,104.4023666381836,24.19297218322754,16.582307815551758,21.60722541809082,41.09282684326172,61.811317443847656
2016-10-10,120.16000366210938,103.78654479980469,24.573286056518555,16.666818618774414,21.756961822509766,41.09282684326172,62.09513854980469
2016-10-11,119.55000305175781,103.5526351928711,24.292335510253906,16.514690399169922,21.51194190979004,40.88081359863281,60.53847122192383
2016-10-12,119.73999786376953,103.65401458740234,24.189544677734375,16.49778938293457,21.548240661621094,41.10852813720703,60.254661560058594
2016-10-13,120.02999877929688,104.04378509521484,24.05591583251953,16.337207794189453,21.412111282348633,41.116390228271484,60.28044891357422
2016-10-14,119.36000061035156,102.5859603881836,23.91544532775879,16.41326904296875,21.493789672851562,41.124237060546875,59.87623977661133
2016-10-17,119.68000030517578,103.24081420898438,23.798948287963867,16.337207794189453,21.448413848876953,40.92790985107422,59.678428649902344
2016-10-18,120.41999816894531,103.5760269165039,23.894880294799805,16.472431182861328,21.56638526916504,41.05356216430664,60.392250061035156
2016-10-19,121.11000061035156,103.66175079345703,24.234079360961914,16.616119384765625,21.60722541809082,40.81798553466797,60.16864013671875
2016-10-20,120.73999786376953,103.77088928222656,24.2066707611084,16.616119384765625,21.507404327392578,40.7944221496582,60.45246887207031
2016-10-21,120.83000183105469,103.92684936523438,24.0490665435791,16.60765838623047,21.56638526916504,41.01430130004883,59.95362854003906
2016-10-24,120.55999755859375,103.47466278076172,23.97711753845215,16.658370971679688,21.775110244750977,41.281288146972656,59.84184265136719
2016-10-25,121.47000122070312,103.7475357055664,23.86747169494629,16.641475677490234,21.697967529296875,41.43049240112305,59.66981887817383
2016-10-26,120.79000091552734,103.04586029052734,23.922292709350586,16.74288558959961,21.575464248657227,41.37550735473633,59.30860900878906
2016-10-27,121.01000213623047,101.92327880859375,23.833209991455078,16.78514862060547,21.548240661621094,41.18705368041992,59.58380126953125
2016-10-28,121.58000183105469,101.69718170166016,23.768110275268555,16.709083557128906,21.525556564331055,41.35980987548828,58.29374694824219
2016-10-31,121.94000244140625,102.3208999633789,23.511140823364258,16.683731079101562,21.516475677490234,41.4619026184082,57.93254470825195
2016-11-01,122.7300033569336,102.32870483398438,23.514564514160156,16.616119384765625,21.3304443359375,41.281288146972656,57.622901916503906
2016-11-02,123.63999938964844,102.7739486694336,23.254169464111328,16.506240844726562,21.194318771362305,41.17919921875,57.3219108581543
2016-11-03,124.30000305175781,101.98505401611328,23.346677780151367,16.52313995361328,20.990137100219727,40.896514892578125,56.78009033203125
2016-11-04,124.38999938964844,102.8989028930664,23.219905853271484,16.472431182861328,20.95383071899414,40.52744674682617,57.175689697265625
2016-11-07,122.1500015258789,102.02410125732422,23.72014045715332,16.886571884155273,21.40757942199707,41.21061706542969,58.63775634765625
2016-11-08,121.63999938964844,101.61013793945312,23.7509822845459,16.89501953125,21.51194190979004,41.38336944580078,58.80116271972656
2016-11-09,121.55999755859375,97.29861450195312,24.13814926147461,17.613422393798828,21.484716415405273,40.81798553466797,60.8738899230957
2016-11-10,119.75,95.86138153076172,24.240938186645508,18.264205932617188,21.13987159729004,39.72645950317383,61.544708251953125
2016-11-11,117.0999984741211,95.32244873046875,23.798948287963867,18.31491470336914,21.203397750854492,39.68721008300781,60.624454498291016
2016-11-14,116.11000061035156,94.75225067138672,23.932573318481445,18.76285743713379,20.88123893737793,39.616519927978516,60.43525314331055
2016-11-15,117.12000274658203,95.22088623046875,24.6075496673584,18.745952606201172,21.176164627075195,39.85996627807617,60.607261657714844
2016-11-16,116.7699966430664,96.08009338378906,24.43623924255371,18.475494384765625,21.371280670166016,39.86781692504883,60.34925079345703
2016-11-17,116.16999816894531,94.66635131835938,24.271774291992188,18.729047775268555,21.507404327392578,39.79713821411133,60.59006881713867
2016-11-18,115.1500015258789,94.3929672241211,24.371139526367188,18.729047775268555,21.4892520904541,39.655792236328125,59.945030212402344
2016-11-21,115.58000183105469,94.62728881835938,24.950180053710938,18.796659469604492,21.70705223083496,39.922767639160156,60.1600341796875
2016-11-22,115.54000091552734,94.59607696533203,24.93646812438965,18.805110931396484,21.775110244750977,40.12694549560547,59.29140090942383
2016-11-23,113.25,94.22894287109375,25.03925895690918,18.91498565673828,21.688901901245117,39.90707778930664,59.52360916137695
2016-11-25,112.61000061035156,94.36955261230469,24.915916442871094,18.940338134765625,21.779645919799805,40.221187591552734,59.75581741333008
2016-11-28,113.80000305175781,95.0646743774414,24.569856643676758,18.720592498779297,21.79779815673828,40.30756759643555,59.30860900878906
2016-11-29,113.2699966430664,95.46305847167969,24.268352508544922,18.771297454833984,21.811405181884766,40.362525939941406,59.69562530517578
2016-11-30,111.75,93.91648864746094,25.501811981201172,19.024860382080078,21.552778244018555,39.718605041503906,59.12798309326172
2016-12-01,111.54000091552734,92.92488098144531,25.563478469848633,19.354475021362305,21.108110427856445,39.459468841552734,58.69795227050781
2016-12-02,112.13999938964844,93.6058120727539,25.63886070251465,19.14318084716797,21.185239791870117,39.71076583862305,58.8355598449707
2016-12-05,111.54000091552734,93.50406646728516,25.864994049072266,19.371381759643555,21.38943099975586,39.75786590576172,58.73237991333008
2016-12-06,111.43000030517578,93.43364715576172,25.817018508911133,19.540416717529297,21.452953338623047,39.87565612792969,58.89579391479492
2016-12-07,111.83000183105469,94.23191833496094,26.02260398864746,19.844675064086914,21.861318588256836,40.44890594482422,58.38835525512695
2016-12-08,111.56999969482422,93.12057495117188,26.163082122802734,20.030620574951172,21.915773391723633,40.28400421142578,58.50015640258789
2016-12-09,110.4000015258789,91.96222686767578,26.245317459106445,20.072872161865234,22.074583053588867,40.86509323120117,59.2139892578125
2016-12-12,110.81999969482422,92.1343994140625,26.36865234375,19.87848472595215,22.006519317626953,41.03000259399414,59.4978141784668
2016-12-13,110.44999694824219,92.46315002441406,26.66674041748047,19.92919158935547,22.283300399780273,41.21846008300781,59.97943115234375
2016-12-14,108.83000183105469,91.4300308227539,26.13224220275879,19.836225509643555,22.206161499023438,40.77086639404297,59.66981887817383
2016-12-15,107.33999633789062,91.89183044433594,26.190494537353516,20.005258560180664,22.305988311767578,40.943626403808594,60.05684280395508
2016-12-16,108.05000305175781,91.68050384521484,26.353073120117188,19.832908630371094,22.144655227661133,41.17780685424805,60.1043586730957
2016-12-19,108.58999633789062,92.66658782958984,26.232513427734375,19.841405868530273,22.304162979125977,41.25691223144531,59.85384750366211
2016-12-20,107.79000091552734,92.20484161376953,26.17395782470703,20.087610244750977,22.386198043823242,41.17780685424805,59.81065368652344
2016-12-21,107.8499984741211,92.61182403564453,26.215286254882812,20.036670684814453,22.340625762939453,41.169883728027344,59.4737548828125
2016-12-22,107.58999633789062,92.44625854492188,26.322059631347656,19.985736846923828,22.295053482055664,41.10658645629883,59.55150604248047
2016-12-23,107.93000030517578,92.63459014892578,26.297958374023438,20.019685745239258,22.317834854125977,41.185707092285156,60.000667572021484
2016-12-27,108.55999755859375,92.33644104003906,26.35650634765625,20.045166015625,22.408987045288086,41.17780685424805,60.12162399291992
2016-12-28,108.86000061035156,93.01122283935547,26.070629119873047,19.841405868530273,22.208454132080078,40.924644470214844,59.66379165649414
2016-12-29,110.29000091552734,93.34082794189453,26.018964767456055,19.697071075439453,22.21302032470703,41.11451721191406,59.76747131347656
2016-12-30,109.61000061035156,93.4820556640625,25.943178176879883,19.739521026611328,22.039833068847656,40.90880584716797,59.55150604248047
2017-01-03,110.47000122070312,93.88225555419922,26.235960006713867,19.96025848388672,22.235807418823242,41.05913543701172,60.32893753051758
2017-01-04,110.86000061035156,94.24323272705078,26.180850982666016,20.121570587158203,22.313283920288086,41.05913543701172,60.804046630859375
2017-01-05,112.58000183105469,95.71849060058594,26.115398406982422,19.91781234741211,22.34973907470703,41.193603515625,61.115013122558594
2017-01-06,111.75,94.83960723876953,26.139516830444336,19.985736846923828,22.513813018798828,41.23316955566406,61.28776550292969
2017-01-09,112.66999816894531,95.60081481933594,25.760635375976562,19.849895477294922,22.509252548217773,40.90089797973633,61.54693603515625
2017-01-10,113.1500015258789,95.5379867553711,25.52640724182129,19.892345428466797,22.513813018798828,40.69520950317383,61.76287078857422
2017-01-11,113.5,95.85972595214844,25.801959991455078,20.019685745239258,22.618635177612305,40.774322509765625,61.14093780517578
2017-01-12,113.91000366210938,95.64790344238281,25.69518280029297,19.849895477294922,22.563936233520508,40.734764099121094,61.20143127441406
2017-01-13,114.20999908447266,95.19270324707031,25.619409561157227,19.96025848388672,22.632299423217773,40.758506774902344,61.26185989379883
2017-01-17,115.8499984741211,96.1893081665039,25.777860641479492,19.48481559753418,22.545713424682617,41.33600997924805,60.950889587402344
2017-01-18,114.87000274658203,94.95732879638672,25.71929931640625,19.646127700805664,22.604955673217773,41.478416442871094,60.873146057128906
2017-01-19,114.7699966430664,94.3060302734375,25.57807731628418,19.561229705810547,22.57305335998535,41.328102111816406,60.48442840576172
2017-01-20,115.05000305175781,94.1176986694336,25.674516677856445,19.654619216918945,22.696107864379883,41.59708786010742,60.32893753051758
2017-01-23,115.79000091552734,95.059326171875,25.402408599853516,19.52726173400879,22.737123489379883,41.58127212524414,60.07842254638672
2017-01-24,115.2699966430664,94.40804290771484,25.68141746520996,19.773483276367188,22.878406524658203,41.85816192626953,59.66379165649414
2017-01-25,114.31999969482422,93.22308349609375,25.81574058532715,20.104597091674805,23.0971622467041,41.850250244140625,60.22529602050781
2017-01-26,113.26000213623047,93.53699493408203,25.83640480041504,20.155534744262695,23.033355712890625,41.66828155517578,59.758827209472656
2017-01-27,113.48999786376953,93.87445068359375,25.567747116088867,20.079124450683594,23.124507904052734,41.438865661621094,60.25120162963867
2017-01-30,113.97000122070312,93.59191131591797,25.09930992126465,19.91781234741211,22.937654495239258,41.40721893310547,59.9575080871582
2017-01-31,115.55000305175781,94.24323272705078,25.109643936157227,19.790462493896484,22.823719024658203,41.6049919128418,60.91635513305664
2017-02-01,115.19999694824219,93.66051483154297,24.923643112182617,19.815929412841797,22.996896743774414,41.2806282043457,61.44325256347656
2017-02-02,115.83999633789062,93.62122344970703,25.064857482910156,19.739521026611328,22.951322555541992,41.660369873046875,61.425987243652344
2017-02-03,116.12999725341797,93.58187103271484,25.281856536865234,20.1385555267334,23.101715087890625,41.929359436035156,61.69375991821289
2017-02-06,117.69999694824219,94.1480941772461,25.06830406188965,20.045166015625,23.115386962890625,41.69993591308594,61.76287078857422
2017-02-07,117.45999908447266,94.8401107788086,24.713529586791992,19.994220733642578,23.206539154052734,42.04012680053711,61.82334518432617
2017-02-08,118.19000244140625,96.12980651855469,24.7720947265625,19.858386993408203,23.24755859375,42.21415710449219,61.728328704833984
2017-02-09,117.29000091552734,95.02101135253906,25.051084518432617,20.130064010620117,23.320476531982422,42.38821029663086,61.95291519165039
2017-02-10,117.5999984741211,94.9659423828125,25.240530014038086,20.189496994018555,23.388837814331055,42.41984939575195,62.073848724365234
2017-02-13,116.80000305175781,94.6670913696289,25.28874969482422,20.41872787475586,23.49365997314453,42.41984939575195,62.45391082763672
2017-02-14,116.93000030517578,93.98294067382812,25.371416091918945,20.656452178955078,23.571144104003906,42.427772521972656,62.946327209472656
2017-02-15,117.44999694824219,93.55038452148438,25.271526336669922,20.81776237487793,23.64861488342285,42.815406799316406,63.628746032714844
2017-02-16,118.08000183105469,94.06157684326172,24.92709732055664,20.76681900024414,23.703304290771484,42.87078857421875,63.542327880859375
2017-02-17,117.68000030517578,94.61991882324219,24.7893123626709,20.775310516357422,23.785341262817383,43.08439254760742,63.628746032714844
2017-02-21,117.75,94.45480346679688,24.958087921142578,20.877193450927734,23.90838623046875,43.472042083740234,63.913780212402344
2017-02-22,117.91000366210938,94.6120376586914,24.579206466674805,20.894176483154297,23.93573760986328,43.479957580566406,63.81875991821289
2017-02-23,118.94000244140625,94.8951187133789,24.682537078857422,20.894176483154297,23.93117332458496,43.58279800415039,64.28520965576172
2017-02-24,119.69999694824219,95.94894409179688,24.451759338378906,20.73286247253418,23.98586654663086,43.73310089111328,64.59619140625
2017-02-27,119.12000274658203,95.38276672363281,24.661867141723633,20.843233108520508,23.972192764282227,43.53533935546875,64.90715789794922
2017-02-28,119.2300033569336,95.73662567138672,24.586091995239258,20.834745407104492,23.858251571655273,43.59070587158203,64.777587890625
2017-03-01,119.05999755859375,94.13240814208984,25.078643798828125,21.42905616760254,24.195512771606445,43.7963981628418,65.42546844482422
2017-03-02,117.58000183105469,93.79364013671875,24.840980529785156,21.09793472290039,24.036001205444336,43.78848648071289,65.21814727783203
2017-03-03,117.51000213623047,94.03789520263672,24.79619789123535,21.199819564819336,24.09069061279297,43.622352600097656,65.47727966308594
2017-03-06,116.72000122070312,93.5887680053711,24.8513126373291,21.038503646850586,24.054222106933594,43.43248748779297,65.22679901123047
2017-03-07,115.77999877929688,93.30508422851562,24.63088035583496,20.979074478149414,24.054222106933594,43.37710952758789,64.76898193359375
2017-03-08,115.05999755859375,92.80084991455078,23.990211486816406,20.987560272216797,24.081579208374023,43.282169342041016,65.02808380126953
2017-03-09,114.47000122070312,92.06021118164062,24.148656845092773,21.06397819519043,24.0770206451416,43.353370666503906,65.38228607177734
2017-03-10,114.72000122070312,92.38321685791016,24.114213943481445,21.0469970703125,24.20462989807129,43.551143646240234,65.63278198242188
2017-03-13,114.73999786376953,91.80020141601562,24.11765480041504,21.09793472290039,24.22740936279297,43.58279800415039,65.58094024658203
2017-03-14,114.12000274658203,92.2414321899414,23.845550537109375,21.038503646850586,24.172718048095703,43.45621871948242,65.3390884399414
2017-03-15,116.25,93.36814880371094,24.3759765625,21.004552841186523,24.3367919921875,43.78057098388672,66.15968322753906
2017-03-16,116.7300033569336,92.89537811279297,24.203763961791992,21.038503646850586,24.3504638671875,43.84386444091797,65.52046966552734
2017-03-17,116.98999786376953,93.47847747802734,24.18609046936035,20.832311630249023,24.4030704498291,43.724571228027344,65.15982818603516
2017-03-20,117.51000213623047,93.8802719116211,24.15144157409668,20.66190528869629,24.425949096679688,43.812049865722656,65.06444549560547
2017-03-21,118.54000091552734,94.66031646728516,23.981660842895508,20.082523345947266,24.06910514831543,43.77229309082031,64.55297088623047
2017-03-22,118.83000183105469,95.03852081298828,23.94700813293457,20.0399227142334,24.220075607299805,43.68480682373047,64.5703125
2017-03-23,118.66999816894531,94.90460968017578,23.84998321533203,20.082523345947266,24.156021118164062,43.58937454223633,64.37092590332031
2017-03-24,118.86000061035156,95.24336242675781,23.756433486938477,20.056964874267578,24.17432975769043,43.50189208984375,64.40559387207031
2017-03-27,119.52999877929688,95.6767349243164,23.64554786682129,19.98027992248535,24.17432975769043,43.46213150024414,64.5789794921875
2017-03-28,119.04000091552734,95.03852081298828,23.981660842895508,20.252931594848633,24.348173141479492,43.54166030883789,64.62232208251953
2017-03-29,119.33000183105469,95.60581970214844,24.310842514038086,20.125118255615234,24.38934898376465,43.621185302734375,64.63964080810547
2017-03-30,118.47000122070312,94.8336410522461,24.30390739440918,20.389257431030273,24.43509864807129,43.533714294433594,64.6483383178711
2017-03-31,118.72000122070312,95.1093978881836,24.220745086669922,20.218849182128906,24.38934898376465,43.40645217895508,64.46627807617188
2017-04-03,119.3499984741211,96.06879425048828,24.17916488647461,20.176246643066406,24.36646842956543,43.334896087646484,64.51828002929688
2017-04-04,119.62000274658203,95.54769897460938,24.35588264465332,20.150686264038086,24.38477325439453,43.46213150024414,64.48359680175781
2017-04-05,119.62000274658203,95.83977508544922,24.279653549194336,19.997316360473633,24.284128189086914,43.38261032104492,64.28421783447266
2017-04-06,119.18000030517578,95.69766235351562,24.47369384765625,20.125118255615234,24.2886962890625,43.38261032104492,64.39690399169922
2017-04-07,119.45999908447266,95.3107681274414,24.3801326751709,20.0399227142334,24.274972915649414,43.50189208984375,64.50960540771484
2017-04-10,119.45999908447266,95.75293731689453,24.563785552978516,19.988798141479492,24.22922134399414,43.62913513183594,64.38825225830078
2017-04-11,121.19000244140625,96.66091918945312,24.5672550201416,19.92915916442871,24.137725830078125,43.64503860473633,64.3015365600586
2017-04-12,122.0199966430664,97.18998718261719,24.463306427001953,19.767269134521484,24.05537986755371,43.812049865722656,64.3015365600586
2017-04-13,122.5999984741211,97.49003601074219,24.016307830810547,19.51165771484375,23.959299087524414,43.61322784423828,64.1368179321289
2017-04-17,122.23999786376953,97.18998718261719,24.068281173706055,19.85247230529785,24.178903579711914,43.92339324951172,64.37092590332031
2017-04-18,122.81999969482422,98.46121215820312,23.843050003051758,19.665021896362305,24.17432975769043,44.12221145629883,63.66868209838867
2017-04-19,121.7300033569336,97.92430114746094,23.49308204650879,19.605375289916992,24.156021118164062,43.9552001953125,63.85942459106445
2017-04-20,121.95999908447266,97.54529571533203,23.60742950439453,19.93767738342285,24.375619888305664,43.86771774291992,64.25819396972656
2017-04-21,122.30999755859375,97.54529571533203,23.489622116088867,19.733184814453125,24.32529640197754,43.74047088623047,63.87676239013672
2017-04-24,121.4800033569336,97.06365203857422,23.628219604492188,20.176246643066406,24.613527297973633,44.138126373291016,64.50960540771484
2017-04-25,120.25,95.89508056640625,23.829193115234375,20.355173110961914,24.741619110107422,44.313079833984375,64.78704833984375
2017-04-26,120.83999633789062,96.4240951538086,23.749496459960938,20.338132858276367,24.714174270629883,43.9552001953125,65.1424789428711
2017-04-27,120.38999938964844,96.39253234863281,23.489622116088867,20.244407653808594,24.8148250579834,43.89954376220703,65.28119659423828
2017-04-28,120.7699966430664,96.6056900024414,23.506946563720703,20.048439025878906,24.87887191772461,43.88362121582031,65.4545669555664
2017-05-01,119.66999816894531,95.80261993408203,23.44110107421875,20.176246643066406,25.066450119018555,43.716617584228516,65.60198211669922
2017-05-02,119.6500015258789,96.29320526123047,23.323291778564453,20.150686264038086,25.12135887145996,43.4223747253418,65.7840347290039
2017-05-03,117.9800033569336,96.35639953613281,23.389131546020508,20.312570571899414,25.075599670410156,43.46213150024414,65.46326446533203
2017-05-04,116.79000091552734,95.88172149658203,22.959461212158203,20.346651077270508,25.057300567626953,43.79615783691406,65.8967514038086
2017-05-05,117.01000213623047,95.96875,23.323291778564453,20.312570571899414,25.1488037109375,43.915443420410156,65.862060546875
2017-05-08,116.75,95.44654083251953,23.489622116088867,20.295530319213867,25.25859832763672,43.89954376220703,65.4545669555664
2017-05-09,116.05000305175781,95.4386215209961,23.295578002929688,20.218849182128906,25.290624618530273,43.74047088623047,65.53260803222656
2017-05-10,116.04000091552734,95.327880859375,23.60396385192871,20.28700828552246,25.386695861816406,43.77229309082031,65.3418960571289
2017-05-11,116.5,95.327880859375,23.55545997619629,20.159202575683594,25.35466766357422,43.83591079711914,65.3765640258789
2017-05-12,116.83000183105469,96.04788970947266,23.47576141357422,20.073993682861328,25.41872215270996,43.70867156982422,65.26385498046875
2017-05-15,117.13999938964844,95.78678894042969,23.659412384033203,20.227367401123047,25.5605525970459,43.85181427001953,65.68869018554688
2017-05-16,117.6500015258789,96.142822265625,23.541595458984375,20.28700828552246,25.679500579833984,43.812049865722656,65.437255859375
2017-05-17,119.79000091552734,97.54331970214844,23.309429168701172,19.647987365722656,24.979524612426758,43.748435974121094,64.5789794921875
2017-05-18,118.80999755859375,97.65409088134766,23.302505493164062,19.72466468811035,25.125925064086914,43.780242919921875,64.86505126953125
2017-05-19,119.4000015258789,97.883544921875,23.59010124206543,19.895069122314453,25.27232551574707,44.018829345703125,65.04712677001953
2017-05-22,119.9000015258789,97.61455535888672,23.53813362121582,19.946195602416992,25.473628997802734,44.26537322998047,65.22050476074219
2017-05-23,119.13999938964844,96.95781707763672,23.593568801879883,20.099565505981445,25.51937484741211,44.313079833984375,65.437255859375
2017-05-24,119.61000061035156,97.50373840332031,23.468828201293945,20.091035842895508,25.624595642089844,44.488037109375,65.60198211669922
2017-05-25,119.4800033569336,97.53540802001953,23.04262924194336,20.125118255615234,25.807600021362305,44.766395568847656,65.91407775878906
2017-05-26,120.54000091552734,97.70154571533203,23.080738067626953,20.11660385131836,25.79387855529785,44.93339157104492,65.79269409179688
2017-05-30,120.13999938964844,98.1842269897461,22.77235221862793,19.98027992248535,25.9036808013916,44.91750717163086,65.69734954833984
2017-05-31,120.62000274658203,98.42952728271484,22.67532730102539,19.809871673583984,25.86250114440918,45.04474639892578,65.95744323730469
2017-06-01,120.72000122070312,98.4398193359375,22.817394256591797,20.056964874267578,25.926551818847656,45.41057205200195,66.68565368652344
2017-06-02,121.61000061035156,99.60539245605469,22.55404281616211,19.98027992248535,26.16445541381836,45.5457649230957,67.119140625
2017-06-05,121.7300033569336,98.98690795898438,22.59562873840332,20.014358520507812,26.187332153320312,45.59349060058594,66.92839813232422
2017-06-06,123.0999984741211,99.52608489990234,22.86244010925293,19.92915916442871,26.137006759643555,45.48215103149414,66.76370239257812
2017-06-07,122.44999694824219,99.05029296875,22.540193557739258,20.082523345947266,26.21935272216797,45.466251373291016,66.94576263427734
2017-06-08,121.6500015258789,98.78868865966797,22.4743595123291,20.312570571899414,26.278823852539062,45.124267578125,66.75501251220703
2017-06-09,120.54000091552734,98.63807678222656,23.014902114868164,20.695987701416016,25.629173278808594,45.068603515625,67.20582580566406
2017-06-12,120.36000061035156,98.60630798339844,23.177764892578125,20.738590240478516,25.47820281982422,45.060646057128906,67.119140625
2017-06-13,120.4800033569336,98.62220764160156,23.351015090942383,20.849353790283203,25.661197662353516,45.132225036621094,67.25785827636719
2017-06-14,119.81999969482422,100.14456176757812,22.928281784057617,20.883434295654297,25.537675857543945,45.41851806640625,67.57860565185547
2017-06-15,119.31999969482422,99.9859848022461,22.75503158569336,20.79823112487793,25.423295974731445,45.31513977050781,67.50924682617188
2017-06-16,119.33999633789062,100.18423461914062,23.131484985351562,20.775144577026367,25.37874412536621,44.839088439941406,67.62065887451172
2017-06-19,118.43000030517578,100.04145050048828,22.98494529724121,20.988964080810547,25.755403518676758,45.05548858642578,68.32568359375
2017-06-20,118.18000030517578,100.9374771118164,22.691875457763672,20.809356689453125,25.548696517944336,44.8791618347168,68.55199432373047
2017-06-21,118.5199966430664,101.14364624023438,22.325542449951172,20.638290405273438,25.691099166870117,44.750953674316406,69.42237091064453
2017-06-22,118.91999816894531,101.36566162109375,22.31158447265625,20.50999641418457,25.700286865234375,44.45441436767578,70.14480590820312
2017-06-23,119.43000030517578,101.31804656982422,22.461606979370117,20.433019638061523,25.861055374145508,44.4704475402832,70.04032897949219
2017-06-26,118.36000061035156,101.69867706298828,22.412757873535156,20.54421043395996,25.723251342773438,44.64675521850586,69.97071075439453
2017-06-27,118.80999755859375,100.61238098144531,22.377872467041016,20.64684295654297,25.300655364990234,44.26207733154297,69.33531188964844
2017-06-28,118.9000015258789,100.27935028076172,22.499982833862305,20.971860885620117,25.617603302001953,44.422359466552734,69.7009048461914
2017-06-29,118.31999969482422,99.4388656616211,22.548831939697266,21.117258071899414,25.15825653076172,43.94951629638672,69.06550598144531
2017-06-30,118.0199966430664,99.20893859863281,22.65001106262207,21.100149154663086,25.135290145874023,44.02967834472656,68.96977233886719
2017-07-03,116.08999633789062,98.88953399658203,23.08612060546875,21.40806007385254,24.96074676513672,43.98960494995117,69.0916519165039
2017-07-05,116.5199966430664,98.91333770751953,22.618610382080078,21.44226837158203,25.208784103393555,43.957542419433594,69.50072479248047
2017-07-06,116.47000122070312,98.0949478149414,22.367408752441406,21.279767990112305,24.979116439819336,43.70909881591797,68.60420989990234
2017-07-07,115.27999877929688,97.50700378417969,22.332515716552734,21.42516326904297,25.26850128173828,43.68505859375,68.9523696899414
2017-07-10,115.47000122070312,97.65001678466797,22.40578269958496,21.399511337280273,25.452241897583008,43.38052749633789,68.82181549072266
2017-07-11,115.62000274658203,97.81685638427734,22.527902603149414,21.21134376525879,25.507366180419922,43.260311126708984,68.74347686767578
2017-07-12,116.02999877929688,98.49224090576172,22.5906982421875,21.279767990112305,25.838083267211914,43.500732421875,69.2134780883789
2017-07-13,115.81999969482422,97.87248229980469,22.681413650512695,21.40806007385254,25.88861083984375,43.508758544921875,69.2744140625
2017-07-14,116.7699966430664,97.99166107177734,22.817474365234375,21.31397247314453,26.118288040161133,43.85335159301758,69.74443817138672
2017-07-17,117.29000091552734,98.2618408203125,22.78956413269043,21.24555206298828,26.122875213623047,43.90143585205078,69.49199676513672
2017-07-18,118.11000061035156,99.11994934082031,22.681413650512695,21.21134376525879,26.242313385009766,43.90143585205078,69.54421997070312
2017-07-19,118.08000183105469,99.15966796875,23.01285743713379,21.219894409179688,26.375520706176758,44.06171798706055,70.10999298095703
2017-07-20,118.23999786376953,99.44575500488281,22.943078994750977,21.21134376525879,26.430641174316406,44.06973648071289,70.5713119506836
2017-07-21,119.26000213623047,99.8668212890625,22.71629524230957,21.21134376525879,26.398487091064453,44.14186096191406,70.49296569824219
2017-07-24,119.30999755859375,99.47749328613281,22.67443084716797,21.3054256439209,26.462797164916992,43.99761199951172,70.46683502197266
2017-07-25,118.91999816894531,98.18233489990234,22.960521697998047,21.5705623626709,26.412267684936523,44.30214309692383,69.96199798583984
2017-07-26,119.87999725341797,98.34127807617188,22.98494529724121,21.42516326904297,26.51331901550293,44.29413604736328,69.72700500488281
2017-07-27,119.79000091552734,97.8565673828125,23.218700408935547,21.3054256439209,26.412267684936523,44.726905822753906,69.2482681274414
2017-07-28,120.69000244140625,98.43658447265625,23.190793991088867,21.3054256439209,26.384702682495117,44.3502311706543,69.59647369384766
2017-07-31,120.75,98.5558090209961,23.243120193481445,21.459379196166992,26.25609588623047,44.33421325683594,69.53551483154297
2017-08-01,120.6500015258789,99.24777221679688,23.2396297454834,21.613332748413086,26.38929557800293,44.2861213684082,69.37884521484375
2017-08-02,120.4000015258789,99.30349731445312,23.15241050720215,21.647539138793945,26.462797164916992,44.254066467285156,69.22216796875
2017-08-03,120.58999633789062,100.3306884765625,22.827939987182617,21.5705623626709,26.403078079223633,44.213993072509766,69.33531188964844
2017-08-04,119.6500015258789,99.47869873046875,22.90121078491211,21.715959548950195,26.462797164916992,44.09378433227539,69.1786880493164
2017-08-07,119.51000213623047,99.59016418457031,22.726762771606445,21.68174934387207,26.62356185913086,44.422359466552734,69.32661437988281
2017-08-08,119.86000061035156,99.23187255859375,22.67443084716797,21.62187957763672,26.586816787719727,44.254066467285156,69.00460815429688
2017-08-09,121.30999755859375,99.77333068847656,22.695363998413086,21.62187957763672,26.57303810119629,44.32619857788086,69.08293151855469
2017-08-10,122.20999908447266,100.62533569335938,22.45462989807129,21.236997604370117,26.049381256103516,44.14186096191406,68.22123718261719
2017-08-11,122.79000091552734,100.6731185913086,22.308095932006836,21.15146827697754,26.228525161743164,44.173919677734375,68.41273498535156
2017-08-14,121.91999816894531,100.155517578125,22.241806030273438,21.44226837158203,26.646535873413086,44.39030456542969,68.8740234375
2017-08-15,120.9800033569336,99.73348999023438,22.1580753326416,21.459379196166992,26.687870025634766,44.614707946777344,68.8740234375
2017-08-16,121.87000274658203,100.09978485107422,21.94525146484375,21.416616439819336,26.765960693359375,44.766963958740234,69.06550598144531
2017-08-17,122.48999786376953,100.84828186035156,21.634737014770508,21.0488338470459,26.242313385009766,44.358238220214844,68.2038345336914
2017-08-18,122.30000305175781,100.82438659667969,21.74289321899414,21.057392120361328,26.214752197265625,44.238040924072266,67.89049530029297
2017-08-21,122.76000213623047,101.07122802734375,21.63124656677246,20.99751853942871,26.205564498901367,44.398319244384766,68.19512176513672
2017-08-22,122.20999908447266,100.6810531616211,21.774293899536133,21.228450775146484,26.596004486083984,44.406341552734375,69.02198791503906
2017-08-23,122.66999816894531,101.36588287353516,21.868488311767578,21.16002655029297,26.531696319580078,44.278106689453125,68.49974822998047
2017-08-24,122.29000091552734,100.99165344238281,21.8824462890625,21.16002655029297,26.50872802734375,43.66904067993164,68.69993591308594
2017-08-25,122.73999786376953,101.38177490234375,21.980138778686523,21.219894409179688,26.504138946533203,43.813289642333984,68.71737670898438
2017-08-28,124.69000244140625,101.31806182861328,21.8824462890625,21.08304786682129,26.554668426513672,43.68505859375,69.08293151855469
2017-08-29,124.41999816894531,101.64456939697266,21.85453224182129,21.014623641967773,26.66950035095215,43.83732604980469,69.2134780883789
2017-08-30,124.36000061035156,101.61273956298828,21.864999771118164,21.100149154663086,26.862424850463867,43.82931900024414,69.57034301757812
2017-08-31,125.81999969482422,101.91526794433594,21.96967315673828,21.125808715820312,27.02320098876953,43.845340728759766,70.75407409667969
2017-09-01,126.05999755859375,101.13572692871094,22.182497024536133,21.18568229675293,27.000232696533203,44.053707122802734,70.70185089111328
2017-09-05,127.45999908447266,102.73950958251953,22.30460548400879,20.732376098632812,26.76137351989746,44.11781692504883,70.397216796875
2017-09-06,126.80999755859375,102.10919189453125,22.667455673217773,20.783695220947266,26.78434181213379,44.30214309692383,70.7366714477539
2017-09-07,128.1300048828125,103.15446472167969,22.709312438964844,20.424467086791992,26.876203536987305,44.36626434326172,71.52000427246094
2017-09-08,127.97000122070312,102.9310302734375,22.468584060668945,20.612634658813477,26.655719757080078,44.14988327026367,71.84205627441406
2017-09-11,126.19000244140625,101.70222473144531,22.681413650512695,20.971860885620117,27.032381057739258,44.422359466552734,72.39911651611328
2017-09-12,126.55999755859375,101.16765594482422,22.820964813232422,21.219894409179688,27.096691131591797,44.51853942871094,72.55577850341797
2017-09-13,125.61000061035156,100.76871490478516,23.1070556640625,21.254106521606445,27.0599422454834,44.54257583618164,72.28597259521484
2017-09-14,126.16000366210938,101.18360137939453,23.218700408935547,21.21134376525879,26.96807098388672,44.45441436767578,72.3817138671875
2017-09-15,125.52999877929688,101.22351837158203,23.273488998413086,21.274038314819336,27.078248977661133,44.531837463378906,72.15019989013672
2017-09-18,124.36000061035156,100.64102935791016,23.37247085571289,21.52311134338379,27.101303100585938,44.59634780883789,72.13272857666016
2017-09-19,124.62000274658203,100.39368438720703,23.467906951904297,21.686288833618164,27.221153259277344,44.45925521850586,71.56491088867188
2017-09-20,123.62000274658203,100.46548461914062,23.626976013183594,21.815120697021484,27.11052131652832,44.03184127807617,71.63477325439453
2017-09-21,122.68000030517578,100.40966796875,23.63404655456543,21.866655349731445,26.9630069732666,43.61249542236328,71.26788330078125
2017-09-22,123.23999786376953,100.69686126708984,23.754228591918945,21.840885162353516,26.976829528808594,43.48345947265625,71.26788330078125
2017-09-25,124.52999877929688,101.32723999023438,24.09711456298828,21.815120697021484,26.65876007080078,43.797969818115234,71.05821228027344
2017-09-26,123.13999938964844,101.14372253417969,24.08650779724121,21.806528091430664,26.755556106567383,43.90281677246094,70.94465637207031
2017-09-27,121.9800033569336,99.61966705322266,24.18901824951172,22.072778701782227,27.027542114257812,43.56410217285156,70.91846466064453
2017-09-28,122.20999908447266,99.32445526123047,24.210220336914062,22.107135772705078,27.0598087310791,43.56410217285156,70.97957611083984
2017-09-29,121.58000183105469,99.54788208007812,24.206687927246094,22.210195541381836,27.244203567504883,43.53184127807617,71.39893341064453
2017-10-02,120.7699966430664,99.3656234741211,24.199621200561523,22.399145126342773,27.285690307617188,43.45119094848633,72.12399291992188
2017-10-03,120.83000183105469,99.4615478515625,24.17487907409668,22.476449966430664,27.35022735595703,43.49958419799805,72.10652923583984
2017-10-04,121.16999816894531,99.46949005126953,24.157201766967773,22.37337875366211,27.331785202026367,43.636688232421875,72.45596313476562
2017-10-05,120.5199966430664,99.09375,24.266786575317383,22.605274200439453,27.594552993774414,43.830230712890625,72.50838470458984
2017-10-06,121.08999633789062,98.81391143798828,24.061767578125,22.63104248046875,27.636043548583984,43.39475631713867,72.41226196289062
2017-10-09,122.08000183105469,99.12574005126953,24.11124610900879,22.545154571533203,27.705184936523438,43.273773193359375,71.95802307128906
2017-10-10,122.4000015258789,99.28563690185547,24.132457733154297,22.648218154907227,27.732851028442383,43.65281677246094,72.12399291992188
2017-10-11,122.79000091552734,99.4775390625,24.18901824951172,22.605274200439453,27.825044631958008,43.74151611328125,72.26377868652344
2017-10-12,122.88999938964844,99.90126037597656,24.10064697265625,22.433504104614258,27.755895614624023,43.927005767822266,72.18512725830078
2017-10-13,123.81999969482422,100.62083435058594,24.08650779724121,22.44209098815918,27.88958168029785,44.00764465332031,72.00167846679688
2017-10-16,122.97000122070312,100.54888153076172,24.139528274536133,22.588098526000977,27.99100112915039,44.02377700805664,71.68718719482422
2017-10-17,122.12999725341797,100.67680358886719,24.153667449951172,22.476449966430664,27.99100112915039,43.862483978271484,72.64814758300781
2017-10-18,121.66999816894531,100.01319885253906,23.9840030670166,22.596681594848633,28.060142517089844,43.8060302734375,72.75297546386719
2017-10-19,122.38999938964844,100.18911743164062,23.90976905822754,22.613859176635742,27.977170944213867,43.57216262817383,73.19850158691406
2017-10-20,121.61000061035156,99.12574005126953,23.955718994140625,22.880107879638672,28.166175842285156,43.46733093261719,73.27713775634766
2017-10-23,121.80000305175781,99.30164337158203,23.831993103027344,22.862934112548828,28.03248405456543,43.435081481933594,73.09368896484375
2017-10-24,121.33000183105469,98.68596649169922,23.87795639038086,23.026119232177734,28.110855102539062,43.2818489074707,72.6044692993164
2017-10-25,121.3499984741211,98.2142333984375,23.711814880371094,22.888700485229492,27.9587345123291,43.160884857177734,72.49964141845703
2017-10-26,120.33000183105469,97.88644409179688,23.76129913330078,23.017526626586914,28.073978424072266,43.193138122558594,71.77458190917969
2017-10-27,120.9000015258789,98.53410339355469,23.803720474243164,23.000349044799805,28.82999610900879,42.822166442871094,71.7571029663086
2017-10-30,121.12999725341797,99.4775390625,23.92744255065918,22.90587615966797,28.89453125,42.45927429199219,70.98831176757812
2017-10-31,120.66999816894531,99.50951385498047,24.00520896911621,22.84575653076172,29.018993377685547,42.814109802246094,70.85726928710938
2017-11-01,121.11000061035156,99.95257568359375,24.27739143371582,22.880107879638672,29.023609161376953,42.95120620727539,71.0320053100586
2017-11-02,121.19000244140625,100.39323425292969,24.206687927246094,23.09482765197754,29.037437438964844,42.84636688232422,70.7087631225586
2017-11-03,120.62000274658203,100.66569519042969,24.27739143371582,23.000349044799805,29.267934799194336,42.85443115234375,71.29409790039062
2017-11-06,121.6500015258789,101.04222869873047,24.83236312866211,22.974586486816406,29.33245849609375,42.39476776123047,71.07569122314453
2017-11-07,121.20999908447266,101.46686553955078,24.800554275512695,22.656808853149414,29.346296310424805,42.87055969238281,71.22420501708984
2017-11-08,121.62999725341797,101.2425765991211,24.680368423461914,22.545154571533203,29.507638931274414,43.338314056396484,71.39019012451172
2017-11-09,122.12999725341797,100.95409393310547,24.754596710205078,22.46786117553711,29.27253532409668,43.33024215698242,71.39893341064453
2017-11-10,121.12999725341797,99.43179321289062,24.623811721801758,22.399145126342773,29.27253532409668,43.77378463745117,70.93590545654297
2017-11-13,121.30999755859375,99.64010620117188,24.482410430908203,22.433504104614258,29.263315200805664,44.02377700805664,71.00581359863281
2017-11-14,121.55999755859375,100.31312561035156,24.08650779724121,22.424915313720703,29.20339012145996,44.17698669433594,70.7175064086914
2017-11-15,121.41000366210938,101.40279388427734,23.814327239990234,22.485042572021484,28.98673439025879,43.709259033203125,70.5165786743164
2017-11-16,121.4000015258789,100.52145385742188,23.718887329101562,22.49362564086914,29.392396926879883,44.31410217285156,71.25039672851562
2017-11-17,122.86000061035156,101.26658630371094,23.835533142089844,22.46786117553711,29.20339012145996,44.16086959838867,70.97083282470703
2017-11-20,121.30999755859375,101.22651672363281,23.778972625732422,22.5709228515625,29.314027786254883,44.11249542236328,70.67381286621094
2017-11-21,121.51000213623047,101.54701232910156,23.831993103027344,22.639625549316406,29.622888565063477,44.25764083862305,71.29409790039062
2017-11-22,122.62999725341797,101.87553405761719,23.92744255065918,22.527976989746094,29.56756591796875,44.20119857788086,71.26788330078125
2017-11-24,122.31999969482422,101.59504699707031,23.994606018066406,22.51938819885254,29.7335262298584,44.168941497802734,71.43386840820312
2017-11-27,122.83000183105469,101.45085144042969,23.750701904296875,22.502208709716797,29.7335262298584,44.19312286376953,71.4949951171875
2017-11-28,122.80999755859375,101.58708953857422,23.934511184692383,23.08623695373535,29.830333709716797,44.5560302734375,72.01917266845703
2017-11-29,122.04000091552734,100.58555603027344,24.065296173095703,23.48131561279297,29.171117782592773,44.78990173339844,72.37733459472656
2017-11-30,121.0999984741211,100.24901580810547,24.425857543945312,23.635910034179688,29.42927360534668,45.20118713378906,72.91897583007812
2017-12-01,121.58999633789062,101.60187530517578,24.63088035583496,23.687440872192383,29.277149200439453,45.3140983581543,72.77045440673828
2017-12-04,121.18000030517578,101.65003967285156,24.620269775390625,24.048158645629883,28.806941986083984,45.74150085449219,71.87939453125
2017-12-05,120.31999969482422,102.15583801269531,24.51422882080078,23.919343948364258,28.816164016723633,45.668922424316406,71.7571029663086
2017-12-06,120.06999969482422,102.50907897949219,24.196081161499023,23.83344841003418,29.000558853149414,45.95924758911133,71.69593811035156
2017-12-07,118.48999786376953,101.70623779296875,24.266786575317383,23.910749435424805,29.18033790588379,45.51569366455078,71.7134017944336
2017-12-08,118.4800033569336,101.71429443359375,24.48948097229004,24.056753158569336,29.318632125854492,45.63666915893555,72.5171127319336
2017-12-11,118.01000213623047,101.50550079345703,24.666223526000977,23.996633529663086,29.572175979614258,45.62861251831055,72.8228759765625
2017-12-12,118.1500015258789,101.46533203125,24.599063873291016,24.23711585998535,29.562957763671875,45.63666915893555,73.11114501953125
2017-12-13,119.16999816894531,102.22807312011719,24.56371307373047,23.936513900756836,29.572175979614258,45.89473342895508,73.36450958251953
2017-12-14,118.93000030517578,102.66161346435547,24.475341796875,23.78192138671875,29.535303115844727,45.693119049072266,72.62196350097656
2017-12-15,119.18000030517578,103.0470199584961,24.45328712463379,23.99590301513672,29.872142791748047,46.21146011352539,73.42096710205078
2017-12-18,119.7300033569336,102.107666015625,24.64187240600586,24.21161651611328,30.135887145996094,46.18707275390625,73.44727325439453
2017-12-19,119.81999969482422,100.782958984375,24.677457809448242,24.108078002929688,29.9508113861084,46.24394989013672,73.35958099365234
2017-12-20,120.13999938964844,99.66694641113281,25.02617645263672,24.064926147460938,29.941556930541992,46.1627082824707,73.12277221679688
2017-12-21,120.30999755859375,100.24783325195312,25.556386947631836,24.27202033996582,29.88140296936035,46.130218505859375,72.95610809326172
2017-12-22,120.94000244140625,100.38463592529297,25.609760284423828,24.202983856201172,29.862895965576172,46.20332717895508,72.71930694580078
2017-12-26,121.7699966430664,100.68232727050781,25.833938598632812,24.13395881652832,29.663930892944336,46.30893325805664,72.7368392944336
2017-12-27,122.2300033569336,101.99373626708984,25.748538970947266,24.15984344482422,29.696321487426758,46.30082702636719,72.85964965820312
2017-12-28,122.8499984741211,101.90522003173828,25.787673950195312,24.254758834838867,29.747217178344727,46.227699279785156,72.96489715576172
2017-12-29,123.6500015258789,102.06617736816406,25.71295738220215,24.082183837890625,29.589893341064453,46.21958541870117,72.51758575439453
2018-01-02,125.1500015258789,100.9638900756836,26.136398315429688,24.0908145904541,29.9554386138916,45.93522262573242,73.333251953125
2018-01-03,124.81999969482422,101.44662475585938,26.527830123901367,24.220247268676758,30.205291748046875,45.918983459472656,74.03491973876953
2018-01-04,125.45999908447266,101.43054962158203,26.687957763671875,24.44458770751953,30.35798454284668,46.048954010009766,74.14020538330078
2018-01-05,125.33000183105469,101.14095306396484,26.677274703979492,24.51361846923828,30.677255630493164,46.25206756591797,74.77167510986328
2018-01-08,125.30999755859375,101.0765151977539,26.837398529052734,24.479108810424805,30.792930603027344,46.36581039428711,74.49978637695312
2018-01-09,124.7300033569336,99.72489166259766,26.769800186157227,24.668926239013672,30.714263916015625,46.30082702636719,75.37689208984375
2018-01-10,125.02999877929688,99.60417938232422,26.737768173217773,24.876007080078125,30.607845306396484,46.073333740234375,75.24530029296875
2018-01-11,125.44000244140625,100.0145263671875,27.28575897216797,24.996809005737305,30.7327823638916,46.00833511352539,75.5698471069336
2018-01-12,126.95999908447266,100.18346405029297,27.549083709716797,25.22115135192871,30.91323471069336,46.024593353271484,76.1487045288086
2018-01-16,127.16999816894531,100.60182189941406,27.200361251831055,25.152122497558594,30.792930603027344,46.2358283996582,76.52587127685547
2018-01-17,126.13999938964844,100.46509552001953,27.43877410888672,25.341955184936523,31.25564193725586,46.76389694213867,77.26261138916016
2018-01-18,125.86000061035156,99.53179168701172,27.2145938873291,25.30743980407715,31.3111515045166,46.625797271728516,77.28015899658203
2018-01-19,126.41999816894531,99.00881958007812,27.17900848388672,25.48863983154297,31.37130355834961,47.14574432373047,77.56962585449219
2018-01-22,126.6500015258789,99.10539245605469,27.766145706176758,25.695720672607422,31.67669105529785,47.503231048583984,78.07830047607422
2018-01-23,127.27999877929688,99.53179168701172,27.723445892333984,25.721607208251953,31.81549644470215,47.3488655090332,77.70114135742188
2018-01-24,128.8300018310547,98.99272155761719,27.64871597290039,25.894180297851562,31.570276260375977,47.44635772705078,77.92919158935547
2018-01-25,127.97000122070312,99.80535125732422,27.431652069091797,25.8424072265625,31.514751434326172,47.470733642578125,78.59577178955078
2018-01-26,128.07000732421875,99.43524932861328,27.581106185913086,26.032236099243164,32.01445770263672,47.69820785522461,80.28855895996094
2018-01-29,127.3499984741211,98.74333953857422,27.164775848388672,25.92869758605957,31.722957611083984,47.5113410949707,80.0693130493164
2018-01-30,126.80000305175781,98.16403198242188,26.61678123474121,25.592178344726562,31.436084747314453,47.19450378417969,78.38529205322266
2018-01-31,127.6500015258789,98.74333953857422,26.63456916809082,25.66120719909668,31.672060012817383,46.97513961791992,77.2713623046875
2018-02-01,128.07000732421875,97.31228637695312,26.908578872680664,25.90280532836914,31.69982147216797,46.77203369140625,77.29769134521484
2018-02-02,126.38999938964844,96.40928649902344,25.784116744995117,25.33332061767578,30.76053810119629,45.87836456298828,76.21012115478516
2018-02-05,126.70999908447266,97.32029724121094,24.70237159729004,24.056303024291992,29.474224090576172,44.212852478027344,72.83332824707031
2018-02-06,125.37999725341797,96.71564483642578,24.8980770111084,24.496356964111328,30.320974349975586,44.700321197509766,73.64027404785156
2018-02-07,124.79000091552734,95.79653930664062,24.48175048828125,24.51361846923828,29.932294845581055,44.50531768798828,73.55257415771484
2018-02-08,124.9800033569336,95.6917953491211,23.74159812927246,23.43505096435547,28.692251205444336,43.54665756225586,71.00021362304688
2018-02-09,124.7699966430664,95.08710479736328,23.723806381225586,23.88373374938965,29.395559310913086,43.63601303100586,72.00886535644531
2018-02-12,125.37000274658203,95.50634765625,24.11167335510254,24.220247268676758,29.923046112060547,44.082862854003906,72.68421173095703
2018-02-13,126.08000183105469,95.93360137939453,24.012046813964844,24.323789596557617,29.99707794189453,44.285972595214844,72.7368392944336
2018-02-14,128.22999572753906,94.86939239501953,24.36075782775879,24.901897430419922,30.54769515991211,44.26160430908203,73.5613021850586
2018-02-15,128.3800048828125,95.19187927246094,24.300268173217773,25.03995704650879,31.13070297241211,44.9927978515625,74.37699890136719
2018-02-16,127.95999908447266,95.70789337158203,24.239776611328125,25.005441665649414,31.084436416625977,45.171531677246094,74.91202545166016
2018-02-20,126.23999786376953,95.28861999511719,24.108116149902344,24.927780151367188,31.11219596862793,44.147865295410156,74.0875473022461
2018-02-21,125.66000366210938,94.11959838867188,23.702457427978516,24.962303161621094,30.91323471069336,43.619781494140625,73.78059387207031
2018-02-22,126.30000305175781,94.40176391601562,23.96221923828125,24.755218505859375,30.950239181518555,43.733516693115234,73.66655731201172
2018-02-23,126.13999938964844,95.24024963378906,24.48175048828125,25.12624168395996,31.598024368286133,44.15598678588867,74.84187316894531
2018-02-26,126.44999694824219,95.27249908447266,24.627643585205078,25.505897521972656,32.093135833740234,44.43221664428711,75.78910064697266
2018-02-27,125.12999725341797,95.13545227050781,24.30738639831543,25.264293670654297,31.76923179626465,43.84726333618164,74.9997329711914
2018-02-28,125.0,95.74015045166016,23.748716354370117,24.91053009033203,31.542495727539062,43.39229202270508,73.798095703125
2018-03-01,124.72000122070312,96.3936538696289,23.713130950927734,24.479108810424805,31.019651412963867,43.2947998046875,72.62281799316406
2018-03-02,125.38999938964844,95.61003112792969,23.823444366455078,24.53950309753418,31.31578254699707,43.6604118347168,73.35958099365234
2018-03-05,125.18000030517578,95.35149383544922,24.076093673706055,24.884639739990234,31.635053634643555,44.042236328125,74.0261459350586
2018-03-06,126.52999877929688,95.44042205810547,24.0903263092041,24.988183975219727,31.704458236694336,44.07473373413086,73.92091369628906
2018-03-07,125.72000122070312,95.33537292480469,23.908849716186523,24.94504165649414,31.88028907775879,43.676639556884766,74.29804992675781
2018-03-08,125.41999816894531,95.88475799560547,23.901729583740234,25.02269744873047,32.01909255981445,44.07473373413086,74.79800415039062
2018-03-09,125.54000091552734,95.25460052490234,24.35719871520996,25.626697540283203,32.6252326965332,44.35908889770508,75.8768081665039
2018-03-12,125.54000091552734,95.80390167236328,24.35008430480957,25.540414810180664,32.7270393371582,44.2778434753418,75.55229187011719
2018-03-13,125.77999877929688,96.28866577148438,24.17572784423828,25.25566864013672,32.352237701416016,44.245361328125,75.64876556396484
2018-03-14,125.69999694824219,97.13690185546875,24.03339385986328,24.970930099487305,32.32448959350586,43.79851150512695,75.28038024902344
2018-03-15,124.9000015258789,97.13690185546875,23.908849716186523,24.97955322265625,32.34297561645508,43.48978805541992,75.15760040283203
2018-03-16,124.5999984741211,96.78950500488281,24.122079849243164,25.00120735168457,32.309566497802734,43.50531768798828,75.15760803222656
2018-03-19,124.87000274658203,96.48252868652344,23.749372482299805,24.819345474243164,31.669038772583008,43.080467224121094,73.94297790527344
2018-03-20,124.30999755859375,96.09474182128906,23.95005989074707,24.879962921142578,31.655118942260742,42.957916259765625,74.048583984375
2018-03-21,126.4800033569336,96.19979858398438,24.57720947265625,24.87130355834961,31.46480941772461,42.42686462402344,73.73173522949219
2018-03-22,125.9800033569336,97.15304565429688,24.075490951538086,23.953350067138672,30.652549743652344,42.075557708740234,71.61054229736328
2018-03-23,127.61000061035156,97.08033752441406,23.92855453491211,23.225919723510742,29.83563804626465,41.55268478393555,70.12303924560547
2018-03-26,128.27999877929688,96.70877075195312,24.35860824584961,23.979333877563477,30.96816635131836,42.14908218383789,71.57533264160156
2018-03-27,127.48999786376953,97.7427978515625,24.129255294799805,23.511699676513672,29.97488784790039,42.12457275390625,70.73036193847656
2018-03-28,125.7300033569336,98.00132751464844,23.65977668762207,23.55499267578125,29.775299072265625,42.704654693603516,71.10883331298828
2018-03-29,125.79000091552734,98.47795104980469,24.15791893005371,23.87541389465332,30.36477279663086,42.998779296875,71.6457290649414
2018-04-02,127.26000213623047,98.67223358154297,23.67411231994629,23.34716033935547,29.640697479248047,41.94483184814453,70.01741027832031
2018-04-03,126.30000305175781,97.91124725341797,24.17941665649414,23.66757583618164,29.933107376098633,42.500404357910156,71.0824203491211
2018-04-04,126.44999694824219,97.70882415771484,24.14716339111328,23.918716430664062,30.350845336914062,43.16217041015625,72.09463500976562
2018-04-05,125.80000305175781,96.98020935058594,24.58079719543457,24.109235763549805,30.476171493530273,43.26838302612305,72.04180145263672
2018-04-06,126.38999938964844,98.04074096679688,24.136411666870117,23.529014587402344,29.72888946533203,42.82719802856445,70.30785369873047
2018-04-09,126.81999969482422,98.20268249511719,24.25109100341797,23.658918380737305,29.960966110229492,42.80268859863281,71.00321197509766
2018-04-10,127.12000274658203,98.0245590209961,25.05385398864746,24.013975143432617,30.698959350585938,42.90072250366211,72.20022583007812
2018-04-11,128.11000061035156,98.3726806640625,25.315462112426758,23.72820281982422,30.517948150634766,42.819026947021484,71.61054229736328
2018-04-12,126.62000274658203,97.65215301513672,25.31187629699707,24.14387321472168,30.884626388549805,42.75367736816406,72.09463500976562
2018-04-13,127.44999694824219,97.87889099121094,25.591411590576172,23.780160903930664,30.782508850097656,42.966087341308594,72.05941009521484
2018-04-16,127.62999725341797,97.91124725341797,25.8530216217041,23.884075164794922,31.019224166870117,43.4317741394043,72.63152313232422
2018-04-17,127.75,98.17839813232422,25.953369140625,23.884075164794922,31.594762802124023,43.529808044433594,73.19481658935547
2018-04-18,127.8499984741211,97.39309692382812,26.361915588378906,23.77149772644043,31.511226654052734,43.20302200317383,73.25646209716797
2018-04-19,127.5999984741211,96.59966278076172,26.394168853759766,24.13521385192871,31.16312026977539,41.95301055908203,72.64032745361328
2018-04-20,126.62999725341797,95.90347290039062,26.268726348876953,24.14387321472168,30.7314510345459,41.25038146972656,72.2530517578125
2018-04-23,125.62000274658203,95.92778015136719,26.429996490478516,24.117897033691406,30.62005615234375,41.20135498046875,72.53470611572266
2018-04-24,126.2300033569336,95.49058532714844,26.146879196166992,23.962013244628906,30.08627700805664,40.9399299621582,71.98902130126953
2018-04-25,125.41000366210938,94.85099029541016,26.35474395751953,23.944692611694336,30.090919494628906,41.01346206665039,72.31465911865234
2018-04-26,124.97000122070312,95.51486206054688,26.738195419311523,23.953350067138672,30.638614654541016,41.25856399536133,73.23004150390625
2018-04-27,125.5,96.25160217285156,26.45508575439453,23.987998962402344,30.582923889160156,41.479148864746094,73.529296875
2018-04-30,124.58999633789062,96.42162322998047,26.451499938964844,23.77149772644043,30.383337020874023,41.21770095825195,72.40267944335938
2018-05-01,123.70999908447266,96.07432556152344,26.290233612060547,23.780160903930664,30.763948440551758,40.85822677612305,72.36746978759766
2018-05-02,123.6500015258789,95.96886444091797,26.39774513244629,23.511699676513672,30.7314510345459,40.05757141113281,71.37287139892578
2018-05-03,124.27999877929688,96.39888000488281,26.336822509765625,23.312515258789062,30.801069259643555,40.01671600341797,70.73036193847656
2018-05-04,124.54000091552734,96.54495239257812,26.46583366394043,23.615615844726562,31.385910034179688,40.596778869628906,71.29365539550781
2018-05-07,124.56999969482422,96.39079284667969,26.501670837402344,23.77149772644043,31.604047775268555,40.343505859375,71.18804931640625
2018-05-08,124.58999633789062,96.30154418945312,26.709524154663086,23.936033248901367,31.673681259155273,40.18011474609375,70.65113067626953
2018-05-09,124.33000183105469,95.72544860839844,27.254253387451172,24.291091918945312,32.063575744628906,40.237308502197266,71.05602264404297
2018-05-10,125.18000030517578,96.49624633789062,27.458532333374023,24.49027442932129,32.48130798339844,40.47423553466797,72.00658416748047
2018-05-11,125.0,96.73966217041016,27.49795150756836,24.47294807434082,32.43486785888672,40.47423553466797,73.08042907714844
2018-05-14,124.48999786376953,96.22850799560547,27.687894821166992,24.45563316345215,32.43025207519531,40.457889556884766,73.5644760131836
2018-05-15,122.4800033569336,95.13318634033203,27.695045471191406,24.412330627441406,32.123905181884766,40.30266571044922,72.61394500732422
2018-05-16,122.29000091552734,94.76800537109375,27.791818618774414,24.45563316345215,32.267791748046875,40.58860397338867,73.01879119873047
2018-05-17,122.36000061035156,94.28931427001953,28.211111068725586,24.403675079345703,32.10069274902344,40.727500915527344,73.0451889038086
2018-05-18,122.41000366210938,95.10067749023438,27.992504119873047,24.204496383666992,31.96609115600586,40.47423553466797,73.23004150390625
2018-05-21,122.4800033569336,95.1494140625,28.279205322265625,24.377695083618164,32.244590759277344,40.64580535888672,73.30042266845703
2018-05-22,122.41000366210938,95.00335693359375,27.90291404724121,24.5422306060791,32.19817352294922,40.5722770690918,73.15962219238281
2018-05-23,122.54000091552734,95.69297790527344,27.899330139160156,24.386348724365234,32.43486785888672,40.71934127807617,73.39727783203125
2018-05-24,123.58999633789062,96.4556884765625,27.44061279296875,24.19583511352539,32.39775466918945,40.68665313720703,73.10681915283203
2018-05-25,123.20999908447266,97.05609893798828,26.727449417114258,24.117897033691406,32.37455368041992,40.752017974853516,73.0011978149414
2018-05-29,123.19000244140625,99.181884765625,26.64502716064453,23.312515258789062,32.19817352294922,40.66213607788086,72.2530517578125
2018-05-30,123.37000274658203,98.5165786743164,27.45136260986328,23.73685646057129,32.43486785888672,41.23405075073242,73.33566284179688
2018-05-31,123.0999984741211,98.35428619384766,27.243507385253906,23.537677764892578,32.44417190551758,40.5722770690918,72.53470611572266
2018-06-01,122.48999786376953,97.83463287353516,27.372520446777344,23.7974796295166,32.99651336669922,40.5722770690918,73.3708724975586
2018-06-04,122.37000274658203,97.12709045410156,27.136001586914062,23.87541389465332,33.26107406616211,40.9072380065918,73.64371490478516
2018-06-05,122.8499984741211,97.35480499267578,27.07148551940918,23.77149772644043,33.37711715698242,40.71934127807617,73.49408721923828
2018-06-06,122.91999816894531,96.56593322753906,27.20050621032715,24.204496383666992,33.595279693603516,40.76835632324219,74.32146453857422
2018-06-07,122.86000061035156,97.50117492675781,27.612632751464844,24.282432556152344,33.32606506347656,41.02163314819336,74.41828155517578
2018-06-08,123.01000213623047,97.20840454101562,27.558874130249023,24.317075729370117,33.27036666870117,41.528175354003906,74.84955596923828
2018-06-11,123.2300033569336,97.02944946289062,27.70222282409668,24.265111923217773,33.307491302490234,41.87129592895508,74.99036407470703
2018-06-12,122.81999969482422,97.05389404296875,27.49078369140625,24.204496383666992,33.46994400024414,41.95301055908203,74.94636535644531
2018-06-13,123.19000244140625,97.00509643554688,27.386857986450195,24.117897033691406,33.2982063293457,41.82228469848633,74.9639663696289
2018-06-14,123.37999725341797,97.81021118164062,27.347431182861328,23.892738342285156,33.5349235534668,41.895816802978516,75.35124206542969
2018-06-15,121.33999633789062,97.89967346191406,26.760055541992188,23.891864776611328,33.40684127807617,42.434268951416016,75.49788665771484
2018-06-18,121.11000061035156,97.81021118164062,27.02705192565918,23.848377227783203,33.44409942626953,41.816776275634766,74.77346801757812
2018-06-19,120.80000305175781,98.3795166015625,26.965715408325195,23.787494659423828,33.271751403808594,42.03908157348633,74.96784973144531
2018-06-20,120.26000213623047,97.51742553710938,27.084774017333984,23.726612091064453,33.34162139892578,42.08025360107422,75.12686920166016
2018-06-21,120.05000305175781,98.02978515625,26.583271026611328,23.65703010559082,33.0854377746582,42.16258239746094,74.69397735595703
2018-06-22,120.33999633789062,98.02165222167969,27.11363410949707,23.543968200683594,32.97829818725586,42.508365631103516,75.0296859741211
2018-06-25,119.88999938964844,98.24124908447266,26.568836212158203,23.291738510131836,32.2935791015625,42.72243118286133,74.34061431884766
2018-06-26,119.26000213623047,98.3795166015625,26.90437889099121,23.21346092224121,32.42401123046875,42.54130172729492,74.11090087890625
2018-06-27,118.58000183105469,99.306640625,27.26517105102539,22.92644500732422,31.98150062561035,42.450740814208984,73.48368072509766
2018-06-28,118.22000122070312,99.33099365234375,27.229095458984375,23.126487731933594,32.372772216796875,42.450740814208984,73.58084869384766
2018-06-29,118.6500015258789,98.98947143554688,27.398662567138672,23.126487731933594,32.358795166015625,42.4260368347168,73.73101806640625
2018-07-02,117.45999908447266,98.9120101928711,26.994571685791016,23.23955726623535,32.6475830078125,42.17903518676758,73.9607162475586
2018-07-03,118.6500015258789,99.44175720214844,27.16415023803711,23.030818939208984,32.2609748840332,42.2778434753418,74.13739776611328
2018-07-05,119.05000305175781,99.72708129882812,27.13528823852539,23.083003997802734,32.71744918823242,42.86240768432617,74.90599060058594
2018-07-06,118.86000061035156,100.05313873291016,27.30124855041504,23.19606590270996,33.09941101074219,42.99413299560547,75.98377990722656
2018-07-09,119.1500015258789,99.4091796875,27.708951950073242,23.726612091064453,33.35093688964844,42.82947540283203,76.54032897949219
2018-07-10,118.93000030517578,99.40106201171875,27.91460609436035,23.639636993408203,33.430118560791016,43.339942932128906,76.83187103271484
2018-07-11,117.63999938964844,99.78414154052734,27.322900772094727,23.526567459106445,33.299705505371094,43.1999626159668,76.2223129272461
2018-07-12,118.12999725341797,99.7760009765625,27.369808197021484,23.5700626373291,33.826045989990234,43.1423225402832,77.07040405273438
2018-07-13,117.61000061035156,100.02864837646484,27.51412582397461,23.46569061279297,33.78877639770508,43.422264099121094,77.21174621582031
2018-07-16,117.55000305175781,99.61296844482422,27.196626663208008,23.88317108154297,33.7095947265625,43.216434478759766,76.74352264404297
2018-07-17,116.27999877929688,99.42549133300781,27.0883846282959,23.909263610839844,33.96112823486328,43.58692932128906,77.16757202148438
2018-07-18,116.30999755859375,99.02610778808594,27.106420516967773,24.291948318481445,33.90523147583008,43.23289489746094,77.2293930053711
2018-07-19,115.80999755859375,99.65372467041016,27.11363410949707,23.92664909362793,33.78413009643555,43.257598876953125,76.79655456542969
2018-07-20,116.55999755859375,98.43108367919922,27.019832611083984,23.97014045715332,33.7934455871582,43.52106475830078,76.64634704589844
2018-07-23,116.0,97.2165756225586,26.90077018737793,24.30064582824707,33.96578598022461,43.24937438964844,76.80538177490234
2018-07-24,116.04000091552734,97.55081176757812,27.23992347717285,24.370227813720703,34.15210723876953,43.33171081542969,77.5032730102539
2018-07-25,116.68000030517578,97.39591979980469,27.46721649169922,24.422412872314453,34.58063507080078,43.66102981567383,78.49272918701172
2018-07-26,115.7699966430664,97.20843505859375,27.766672134399414,24.413715362548828,34.04963302612305,43.89156723022461,78.27184295654297
2018-07-27,115.83000183105469,97.37149047851562,27.64761734008789,24.465896606445312,33.46738815307617,43.94919204711914,77.70646667480469
2018-07-30,115.6500015258789,97.03728485107422,27.874919891357422,24.483295440673828,32.945701599121094,43.89979553222656,77.7506332397461
2018-07-31,115.98999786376953,97.56709289550781,27.824405670166016,24.30934715270996,33.0341911315918,44.10562515258789,78.56340026855469
2018-08-01,115.13999938964844,96.7722396850586,27.4383487701416,24.30934715270996,33.332298278808594,43.73513412475586,78.5810317993164
2018-08-02,114.5199966430664,96.91111755371094,27.286815643310547,24.318042755126953,33.751522064208984,44.179718017578125,78.87259674072266
2018-08-03,114.91999816894531,97.3930892944336,27.1461124420166,24.457202911376953,33.872623443603516,44.69843292236328,79.3408432006836
2018-08-06,114.33000183105469,97.45027160644531,27.247133255004883,24.587656021118164,34.05428695678711,44.73959732055664,79.482177734375
2018-08-07,114.58999633789062,96.94378662109375,27.44917869567871,24.700729370117188,34.18471908569336,44.467899322509766,79.49099731445312
2018-08-08,114.91000366210938,97.04180908203125,27.250741958618164,24.761611938476562,34.277870178222656,44.13032531738281,79.61469268798828
2018-08-09,114.73999786376953,97.85871124267578,26.99818229675293,24.613752365112305,34.2918586730957,43.99859619140625,79.52632141113281
2018-08-10,114.69000244140625,98.56947326660156,27.16415023803711,24.326736450195312,34.017024993896484,43.83393096923828,79.18179321289062
2018-08-13,112.95999908447266,98.36522674560547,26.817794799804688,24.0919132232666,33.9704475402832,43.83393096923828,79.20831298828125
2018-08-14,113.06999969482422,98.14463806152344,26.88272476196289,24.318042755126953,34.1800537109375,44.1385612487793,79.57933807373047
2018-08-15,111.19000244140625,98.71646881103516,25.944664001464844,24.12669563293457,33.872623443603516,44.31969451904297,79.44682312011719
2018-08-16,111.0999984741211,98.70832061767578,26.132278442382812,24.448503494262695,34.02168273925781,44.95365524291992,80.22425079345703
2018-08-17,112.12999725341797,98.83086395263672,26.19723129272461,24.500686645507812,34.07292556762695,45.29945373535156,80.47158813476562
2018-08-20,112.69000244140625,99.4925765991211,26.37401008605957,24.578964233398438,34.02168273925781,45.27474594116211,80.73664093017578
2018-08-21,113.0199966430664,99.15763854980469,26.507511138916016,24.674638748168945,34.07757568359375,44.95365524291992,80.73664093017578
2018-08-22,113.2699966430664,99.5497817993164,26.825008392333984,24.587656021118164,34.1800537109375,44.67372131347656,80.81613159179688
2018-08-23,112.19999694824219,99.70496368408203,26.69872283935547,24.474590301513672,34.25456619262695,44.56669235229492,80.78963470458984
2018-08-24,114.16000366210938,99.90103912353516,26.8935604095459,24.561569213867188,34.59926223754883,44.50905990600586,81.17833709716797
2018-08-27,114.58999633789062,99.32917785644531,27.09199333190918,24.89206886291504,34.91600799560547,44.533748626708984,81.46988677978516
2018-08-28,113.68000030517578,98.73283386230469,26.97652816772461,24.86598014831543,34.9765625,44.38555908203125,81.5140609741211
2018-08-29,114.19999694824219,98.86355590820312,27.142492294311523,24.857275009155273,35.29329299926758,44.43496322631836,82.04411315917969
2018-08-30,113.63999938964844,99.07592010498047,27.066730499267578,24.665939331054688,35.18616485595703,44.29499816894531,81.9822769165039
2018-08-31,113.51000213623047,98.84720611572266,26.857481002807617,24.639841079711914,35.214111328125,44.278526306152344,81.96460723876953
2018-09-04,112.93000030517578,98.27571868896484,26.799747467041016,24.761611938476562,35.07903289794922,44.22088623046875,81.31085968017578
2018-09-05,113.31999969482422,98.01371765136719,26.763675689697266,24.779006958007812,34.64118957519531,44.73136520385742,81.63774108886719
2018-09-06,113.54000091552734,98.37393951416016,26.269384384155273,24.665939331054688,34.389652252197266,44.8548583984375,81.63774108886719
2018-09-07,113.2300033569336,97.538818359375,26.26578140258789,24.639841079711914,34.27321243286133,44.764286041259766,81.76141357421875
2018-09-10,113.1500015258789,97.89909362792969,26.25494956970215,24.613752365112305,34.380340576171875,44.92072677612305,81.54938507080078
2018-09-11,113.22000122070312,97.15400695800781,26.50389862060547,24.639841079711914,34.67379379272461,44.756046295166016,81.47871398925781
2018-09-12,114.16999816894531,97.38328552246094,26.64099884033203,24.413715362548828,34.529388427734375,45.27474594116211,81.88507843017578
2018-09-13,113.76000213623047,97.53060150146484,26.651817321777344,24.378925323486328,34.93464279174805,45.208892822265625,82.9010238647461
2018-09-14,113.0199966430664,97.0639419555664,26.79253578186035,24.552867889404297,34.90668869018555,45.08538818359375,82.6271743774414
2018-09-17,113.61000061035156,97.0639419555664,26.83582878112793,24.448503494262695,34.468849182128906,45.250057220458984,82.32682800292969
2018-09-18,113.44000244140625,96.04867553710938,27.012619018554688,24.57026481628418,34.687774658203125,45.06068801879883,82.80384063720703
2018-09-19,113.87999725341797,95.47553253173828,27.095596313476562,24.987741470336914,34.59926223754883,44.978363037109375,82.6889877319336
2018-09-20,114.2699966430664,95.91767883300781,27.102815628051758,25.205181121826172,35.0091667175293,45.546451568603516,83.49292755126953
2018-09-21,113.48999786376953,95.87671661376953,27.281906127929688,25.10733413696289,34.87082290649414,45.619415283203125,83.60554504394531
2018-09-24,113.47000122070312,95.63109588623047,27.68151092529297,24.827783584594727,35.04376220703125,44.92293930053711,83.77404022216797
2018-09-25,113.6500015258789,95.53286743164062,27.859519958496094,24.731685638427734,35.0016975402832,44.65761947631836,83.51687622070312
2018-09-26,113.05000305175781,96.2042236328125,27.5906925201416,24.434656143188477,34.87082290649414,44.70735168457031,83.70311737060547
2018-09-27,112.05000305175781,96.26972961425781,27.5906925201416,24.347301483154297,35.07647705078125,44.649322509765625,84.12882995605469
2018-09-28,112.76000213623047,96.01593017578125,27.514402389526367,24.09395408630371,35.20733642578125,44.71565628051758,84.38601684570312
2018-10-01,112.56999969482422,95.31105041503906,27.89584732055664,24.190053939819336,35.375587463378906,44.682491302490234,84.8028564453125
2018-10-02,113.87000274658203,95.8936538696289,27.924901962280273,24.190053939819336,35.3802604675293,44.939510345458984,84.7052993774414
2018-10-03,113.41999816894531,94.2278823852539,28.150131225585938,24.417192459106445,35.487754821777344,44.4586067199707,84.545654296875
2018-10-04,113.4800033569336,93.56320190429688,28.033891677856445,24.583166122436523,34.84746170043945,44.350826263427734,83.72087097167969
2018-10-05,113.80000305175781,92.7590103149414,28.030250549316406,24.46086883544922,34.40812683105469,44.30936813354492,83.62329864501953
2018-10-08,112.54000091552734,92.44721221923828,28.00846290588379,24.62685203552246,34.020206451416016,44.92293930053711,83.58781433105469
2018-10-09,112.5999984741211,93.38269805908203,28.25912094116211,24.530763626098633,34.1417236328125,44.82344055175781,83.72972106933594
2018-10-10,112.87999725341797,93.12826538085938,27.372730255126953,23.770721435546875,32.48721694946289,44.28449630737305,81.75199890136719
2018-10-11,115.77999877929688,94.26073455810547,26.446388244628906,23.0631103515625,32.075927734375,43.190032958984375,79.54369354248047
2018-10-12,115.2300033569336,93.93246459960938,26.5190372467041,23.08931541442871,33.104148864746094,43.43047332763672,80.7675552368164
2018-10-15,116.0,93.89142608642578,26.29743766784668,22.984477996826172,32.56199645996094,43.695804595947266,80.20885467529297
2018-10-16,115.80000305175781,94.10476684570312,26.515399932861328,23.368867874145508,33.543487548828125,44.18499755859375,82.40830993652344
2018-10-17,115.79000091552734,93.54681396484375,26.348291397094727,23.604740142822266,33.38924789428711,44.39228057861328,82.84285736083984
2018-10-18,115.91999816894531,93.51395416259766,26.217512130737305,23.211620330810547,32.73492431640625,44.334251403808594,81.90277862548828
2018-10-19,116.01000213623047,93.3088150024414,25.985023498535156,23.29897689819336,32.720909118652344,45.34580612182617,81.15777587890625
2018-10-22,115.70999908447266,93.18570709228516,25.69803810119629,22.801027297973633,32.99197006225586,45.0058479309082,80.4926528930664
2018-10-23,116.38999938964844,93.48111724853516,25.02597427368164,22.617568969726562,32.86579132080078,45.204837799072266,80.05804443359375
2018-10-24,116.66000366210938,94.18685913085938,24.037866592407227,22.049726486206055,31.393558502197266,45.39555358886719,77.41519165039062
2018-10-25,116.4000015258789,93.79299926757812,24.332120895385742,22.39043617248535,32.47319412231445,45.50333023071289,78.41736602783203
2018-10-26,116.7699966430664,94.35916137695312,24.150487899780273,22.067201614379883,31.823535919189453,44.63274383544922,77.53047943115234
2018-10-29,116.30999755859375,94.14581298828125,23.700021743774414,22.259397506713867,31.286062240600586,45.14680480957031,77.72557067871094
2018-10-30,115.80000305175781,93.67809295654297,24.248567581176758,22.64377784729004,31.6365909576416,46.04227066040039,78.55924987792969
2018-10-31,115.1500015258789,93.20216369628906,24.39750862121582,22.95827293395996,32.389068603515625,45.61112594604492,78.6656723022461
2018-11-01,116.62999725341797,93.28852844238281,24.604576110839844,23.0631103515625,32.767642974853516,45.934486389160156,79.65898132324219
2018-11-02,116.6500015258789,92.12867736816406,24.542814254760742,23.04563331604004,32.12734603881836,45.69403839111328,79.1623306274414
2018-11-05,116.37000274658203,92.4906005859375,24.95332145690918,23.41254234313965,32.09462356567383,46.26612854003906,79.86296081542969
2018-11-06,116.04000091552734,92.43302154541016,25.06956672668457,23.534847259521484,32.29558563232422,46.54806137084961,80.27091217041016
2018-11-07,116.02999877929688,92.55638885498047,25.480066299438477,23.840612411499023,33.24435806274414,46.8133659362793,82.62996673583984
2018-11-08,115.77999877929688,92.5481948852539,24.927885055541992,23.91050148010254,33.2163200378418,46.83824920654297,82.67434692382812
2018-11-09,114.4800033569336,93.2391357421875,24.88429832458496,23.692094802856445,32.641448974609375,47.111873626708984,82.43488311767578
2018-11-12,113.66000366210938,93.84783935546875,24.36844825744629,23.220352172851562,31.491701126098633,46.86313247680664,81.31744384765625
2018-11-13,113.69999694824219,93.79027557373047,23.809005737304688,23.351394653320312,31.529096603393555,46.755332946777344,80.74980926513672
2018-11-14,114.63999938964844,93.84783935546875,23.7690486907959,23.036897659301758,31.15052032470703,46.44025802612305,80.10240936279297
2018-11-15,114.7699966430664,93.8067398071289,24.117788314819336,23.377607345581055,31.931034088134766,46.36564636230469,80.81192016601562
2018-11-16,115.62000274658203,94.34963989257812,24.404775619506836,23.403812408447266,31.87962532043457,46.48172378540039,81.62782287597656
2018-11-19,115.66999816894531,94.61284637451172,24.39750862121582,23.39507293701172,30.664447784423828,46.407100677490234,80.59019470214844
2018-11-20,115.66999816894531,94.64576721191406,23.598310470581055,22.879648208618164,30.00545310974121,45.6359977722168,79.83633422851562
2018-11-21,115.86000061035156,94.61284637451172,23.968849182128906,22.897113800048828,30.22512435913086,45.271175384521484,79.3840560913086
2018-11-23,115.7699966430664,94.71157836914062,23.216867446899414,22.71366310119629,29.949369430541992,45.428714752197266,79.49933624267578
2018-11-26,115.63999938964844,94.49769592285156,23.56561279296875,23.176673889160156,30.62706184387207,45.48674392700195,80.27091217041016
2018-11-27,114.94999694824219,94.6046371459961,23.500226974487305,23.19414520263672,30.687820434570312,45.89302062988281,81.10457611083984
2018-11-28,115.37999725341797,94.14397430419922,23.903461456298828,23.639684677124023,31.76279067993164,46.274436950683594,83.0556869506836
2018-11-29,115.73999786376953,94.51416015625,24.05967140197754,23.438753128051758,31.454309463500977,46.349056243896484,83.33063507080078
2018-11-30,115.54000091552734,94.86787414550781,24.01607322692871,23.561054229736328,31.75342559814453,46.647552490234375,85.02458190917969
2018-12-03,116.41000366210938,95.54145050048828,24.550086975097656,23.709569931030273,32.454490661621094,46.68901824951172,84.61662292480469
2018-12-04,117.12000274658203,97.14095306396484,23.8453311920166,22.678722381591797,31.22530174255371,45.90132522583008,82.72757720947266
2018-12-06,117.13999938964844,97.4460220336914,23.405771255493164,22.364221572875977,31.295408248901367,45.95106506347656,82.41714477539062
2018-12-07,118.08999633789062,97.62740325927734,23.274993896484375,21.9361572265625,30.19240379333496,45.370670318603516,80.31527709960938
2018-12-10,117.68000030517578,98.03141784667969,22.91171646118164,21.630393981933594,30.60837173461914,45.370670318603516,80.62566375732422
2018-12-11,117.54000091552734,98.01496124267578,22.918981552124023,21.420732498168945,30.645753860473633,45.74378967285156,80.87397003173828
2018-12-12,117.79000091552734,97.57795715332031,23.009803771972656,21.543033599853516,30.884122848510742,45.68574905395508,81.56573486328125
2018-12-13,117.52999877929688,97.34712982177734,23.08245849609375,21.38578987121582,30.93553352355957,45.96764373779297,81.64555358886719
2018-12-14,117.05999755859375,97.68511199951172,22.55571174621582,21.176124572753906,30.17838478088379,45.188255310058594,78.89627075195312
2018-12-17,117.87000274658203,98.25402069091797,22.145204544067383,20.96645736694336,29.5380802154541,44.1435432434082,77.32652282714844
2018-12-18,118.1500015258789,98.84243774414062,21.622095108032227,20.887832641601562,29.771766662597656,43.62118911743164,76.65247344970703
2018-12-19,117.43000030517578,100.14823150634766,21.36780548095703,20.62575340270996,29.18287467956543,43.19831848144531,75.65030670166016
2018-12-20,119.23999786376953,99.78456115722656,20.77566909790039,20.442298889160156,28.659412384033203,42.427223205566406,74.58605194091797
2018-12-21,118.72000122070312,99.76805877685547,20.573997497558594,20.033540725708008,27.788673400878906,41.98709487915039,73.6595230102539
2018-12-24,120.0199966430664,100.2639389038086,19.741649627685547,19.611597061157227,27.047008514404297,40.773841857910156,71.89553833007812
2018-12-26,119.66000366210938,99.18954467773438,20.97000503540039,20.499435424804688,28.680538177490234,41.91178894042969,75.03153228759766
2018-12-27,120.56999969482422,99.20606994628906,21.08000373840332,20.745569229125977,28.887075424194336,42.31341552734375,75.86006164550781
2018-12-28,121.05999755859375,100.04076385498047,20.918668746948242,20.736778259277344,28.821359634399414,42.31341552734375,75.9491195678711
2018-12-31,121.25,100.42095947265625,21.02867317199707,20.93896484375,29.093610763549805,42.489131927490234,77.0716552734375
2019-01-02,121.33000183105469,100.94987487792969,21.443008422851562,21.114770889282227,29.112390518188477,42.23810958862305,75.90457153320312
2019-01-03,122.43000030517578,102.09862518310547,21.230342864990234,20.64008331298828,27.64316177368164,41.995460510253906,74.36335754394531
2019-01-04,121.44000244140625,100.91685485839844,21.952682495117188,21.325748443603516,28.868303298950195,42.89076614379883,76.5816879272461
2019-01-07,121.86000061035156,100.6192855834961,22.279020309448242,21.352115631103516,29.12647247314453,42.832191467285156,76.87567138671875
2019-01-08,121.52999877929688,100.35485076904297,22.45136260986328,21.36969566345215,29.370555877685547,43.22545623779297,77.47257232666016
2019-01-09,122.30999755859375,100.19779968261719,22.80703353881836,21.47517967224121,29.750776290893555,42.823829650878906,77.82002258300781
2019-01-10,121.58999633789062,99.55317687988281,22.873031616210938,21.48396873474121,29.88220977783203,43.07483673095703,77.97149658203125
2019-01-11,121.80000305175781,99.9416275024414,22.73735809326172,21.53671646118164,29.82588005065918,43.20036315917969,78.2298355102539
2019-01-14,122.08999633789062,99.56969451904297,22.68235969543457,21.686155319213867,29.548933029174805,42.99118423461914,77.36565399169922
2019-01-15,121.87999725341797,99.20606994628906,22.763029098510742,21.879541397094727,29.994869232177734,43.41790771484375,78.75547790527344
2019-01-16,122.2699966430664,99.30524444580078,22.73369598388672,22.345439910888672,30.023029327392578,43.183616638183594,78.61289978027344
2019-01-17,122.11000061035156,99.3300552368164,22.942699432373047,22.468503952026367,30.21548843383789,43.367698669433594,79.30781555175781
2019-01-18,121.0199966430664,98.80939483642578,23.408370971679688,22.85529136657715,30.675498962402344,43.88646697998047,80.25215911865234
2019-01-22,121.44999694824219,99.47883605957031,22.898698806762695,22.59157943725586,30.159156799316406,43.48484802246094,79.69982147216797
2019-01-23,121.27999877929688,99.43749237060547,22.66402816772461,22.617942810058594,30.262428283691406,44.00360870361328,79.78890991210938
2019-01-24,121.08999633789062,100.09040069580078,22.785030364990234,22.67068862915039,30.515901565551758,43.45974349975586,79.12074279785156
2019-01-25,122.86000061035156,99.61106872558594,23.0747013092041,22.85529136657715,30.947751998901367,43.284027099609375,79.21873474121094
2019-01-28,123.29000091552734,99.51187896728516,22.843692779541016,22.784969329833984,30.534685134887695,43.468109130859375,78.31893157958984
2019-01-29,123.9800033569336,100.01599884033203,22.913362503051758,22.70584487915039,30.206104278564453,43.568519592285156,78.70201873779297
2019-01-30,124.69000244140625,99.9416275024414,23.236040115356445,22.83770751953125,31.1449031829834,43.861366271972656,79.7800064086914
2019-01-31,124.75,100.80110931396484,23.38637351989746,22.80254364013672,31.112045288085938,44.67299270629883,80.77782440185547
2019-02-01,124.5,100.19230651855469,23.793378829956055,22.899242401123047,31.29511070251465,44.530757904052734,80.84906768798828
2019-02-04,123.95999908447266,99.74506378173828,23.8483829498291,22.995935440063477,31.7973690032959,44.81525421142578,80.6174545288086
2019-02-05,124.27999877929688,100.20059967041016,23.88504409790039,22.934406280517578,32.0649299621582,44.82361602783203,80.50163269042969
2019-02-06,123.44000244140625,100.25031280517578,23.70904541015625,22.908037185668945,32.172889709472656,44.83198165893555,80.86688995361328
2019-02-07,123.73999786376953,100.91292572021484,23.184703826904297,22.67948341369629,31.731657028198242,44.79851531982422,79.97599029541016
2019-02-08,124.20999908447266,101.34364318847656,23.078371047973633,22.565200805664062,31.914714813232422,45.0076904296875,80.12745666503906
2019-02-11,123.5999984741211,100.94609069824219,23.188369750976562,22.635522842407227,31.900646209716797,45.124839782714844,80.02947235107422
2019-02-12,123.86000061035156,100.68930053710938,23.481708526611328,22.969562530517578,32.32310485839844,45.47625732421875,81.1252670288086
2019-02-13,123.37000274658203,100.30828094482422,23.775049209594727,23.031095504760742,32.3653564453125,45.559932708740234,81.3034439086914
2019-02-14,124.05999755859375,100.87982940673828,23.8593807220459,22.749797821044922,32.421688079833984,45.049530029296875,81.49051666259766
2019-02-15,124.80000305175781,101.03718566894531,24.244384765625,23.233280181884766,32.679847717285156,45.47625732421875,82.71995544433594
2019-02-19,126.69999694824219,101.29397583007812,24.317724227905273,23.268442153930664,32.68925094604492,45.71054458618164,82.52396392822266
2019-02-20,126.4800033569336,101.00404357910156,24.420387268066406,23.417877197265625,32.72679901123047,45.62686538696289,82.42597961425781
2019-02-21,125.05000305175781,100.10120391845703,24.04271697998047,23.29481315612793,32.74087142944336,45.76074981689453,81.70433044433594
2019-02-22,125.5,100.69758605957031,24.112382888793945,23.2596492767334,33.15864944458008,45.54319763183594,82.45269775390625
2019-02-25,125.37000274658203,100.39940643310547,24.152721405029297,23.356342315673828,33.3182487487793,45.29218673706055,82.56851196289062
2019-02-26,125.58000183105469,100.8963851928711,24.075716018676758,23.286022186279297,33.388648986816406,45.31728744506836,82.27450561523438
2019-02-27,124.69000244140625,99.75334930419922,24.167390823364258,23.373926162719727,33.35578918457031,45.25035095214844,81.89140319824219
2019-02-28,123.98999786376953,99.41368103027344,23.92538070678711,23.312395095825195,33.26190948486328,45.467891693115234,81.65089416503906
2019-03-01,121.87999725341797,98.49481201171875,24.365386962890625,23.461830139160156,33.48722839355469,45.38422393798828,82.80905151367188
2019-03-04,121.55999755859375,99.26679992675781,24.409391403198242,23.312395095825195,33.36048889160156,45.30891418457031,81.6865234375
2019-03-05,121.72000122070312,99.47431182861328,24.32872200012207,23.2244873046875,33.26190948486328,45.27545166015625,81.64196014404297
2019-03-06,121.61000061035156,99.83950805664062,24.02071762084961,23.075054168701172,33.08823776245117,45.20851135253906,80.44815826416016
2019-03-07,121.51000213623047,100.48697662353516,23.877716064453125,22.83770751953125,32.77373123168945,44.915653228759766,79.81561279296875
2019-03-08,122.83999633789062,100.91032409667969,23.430376052856445,22.828916549682617,32.769039154052734,44.94076156616211,79.64639282226562
2019-03-11,122.23999786376953,100.61148071289062,23.797042846679688,23.066259384155273,33.47312545776367,45.52647399902344,80.55509948730469
2019-03-12,122.9800033569336,101.31700897216797,23.9510498046875,23.119001388549805,33.670291900634766,45.54319763183594,81.1430892944336
2019-03-13,123.83999633789062,101.12610626220703,24.193052291870117,23.277231216430664,33.890899658203125,45.80259323120117,82.01615142822266
2019-03-14,122.41000366210938,100.39566802978516,24.218717575073242,23.365131378173828,33.96132278442383,45.76074981689453,81.88252258300781
2019-03-15,122.97000122070312,101.0596923828125,24.2091121673584,23.528594970703125,34.3724365234375,46.01987075805664,82.25897979736328
2019-03-18,123.04000091552734,101.00164031982422,24.545400619506836,23.76714324951172,34.51842498779297,46.08717727661133,82.13379669189453
2019-03-19,123.37999725341797,100.77752685546875,24.478879928588867,23.581602096557617,34.58906936645508,46.053531646728516,82.78658294677734
2019-03-20,124.18000030517578,101.83162689208984,24.693220138549805,23.095657348632812,34.494876861572266,45.86001968383789,82.21427154541016
2019-03-21,123.68000030517578,102.05580139160156,24.866910934448242,23.024980545043945,35.36137008666992,46.39845657348633,82.53620147705078
2019-03-22,123.97000122070312,103.6412124633789,24.1943302154541,22.388832092285156,34.52783966064453,46.339576721191406,81.03390502929688
2019-03-25,124.91999816894531,103.80724334716797,24.20541763305664,22.291637420654297,34.377140045166016,46.43210983276367,80.98921203613281
2019-03-26,124.30000305175781,103.73246765136719,24.55279541015625,22.556703567504883,34.56551742553711,46.82752990722656,81.54361724853516
2019-03-27,123.6500015258789,104.68707275390625,24.37910270690918,22.45951271057129,34.36773681640625,46.667686462402344,80.864013671875
2019-03-28,121.9000015258789,105.05229187011719,24.47148895263672,22.65389060974121,34.50900650024414,46.89483642578125,81.0697021484375
2019-03-29,122.01000213623047,104.95267486572266,24.434534072875977,22.715740203857422,34.84804916381836,47.20613098144531,82.04436492919922
2019-04-01,121.52999877929688,103.46199035644531,24.756038665771484,23.272363662719727,35.32370376586914,47.04627990722656,82.1695785522461
2019-04-02,121.9800033569336,103.65325164794922,24.5860538482666,23.25469207763672,35.44613265991211,46.659271240234375,81.98176574707031
2019-04-03,121.80000305175781,102.75485229492188,24.34954071044922,23.325376510620117,35.7333984375,46.43210983276367,81.8744888305664
2019-04-04,122.11000061035156,103.0460205078125,24.55279541015625,23.466739654541016,35.58270263671875,46.60879135131836,81.70459747314453
2019-04-05,121.9800033569336,103.17909240722656,24.985164642333984,23.502084732055664,35.75223159790039,46.768638610839844,82.26795196533203
2019-04-08,122.51000213623047,102.8130874633789,25.09602928161621,23.528594970703125,35.8888053894043,46.9621467590332,82.25004577636719
2019-04-09,123.1500015258789,103.13751983642578,24.7893009185791,23.334217071533203,35.719261169433594,46.90324401855469,82.0354232788086
2019-04-10,123.52999877929688,103.3870849609375,24.881690979003906,23.404895782470703,35.96885299682617,47.037864685058594,82.06226348876953
2019-04-11,121.94999694824219,102.7798080444336,24.900165557861328,23.546262741088867,35.92176055908203,47.13040542602539,81.05180358886719
2019-04-12,121.83000183105469,102.04776000976562,24.9666805267334,23.979196548461914,36.171348571777344,47.28184127807617,80.30960845947266
2019-04-15,121.5999984741211,102.30562591552734,24.81886863708496,23.828994750976562,36.157230377197266,47.559471130371094,80.63150787353516
2019-04-16,120.51000213623047,101.66505432128906,24.981468200683594,24.16474151611328,36.34088897705078,47.56789016723633,78.97721099853516
2019-04-17,120.27999877929688,101.7066650390625,24.94820785522461,24.226587295532227,36.54337692260742,47.8034553527832,76.70591735839844
2019-04-18,120.37000274658203,102.23906707763672,24.8299560546875,24.155902862548828,36.64697265625,47.84552764892578,76.83109283447266
2019-04-22,120.37000274658203,101.74822235107422,25.35471534729004,24.08521842956543,36.731746673583984,47.86235046386719,76.87579345703125
2019-04-23,120.12000274658203,101.96456146240234,25.314058303833008,24.23541831970215,37.13203048706055,47.710906982421875,78.09195709228516
2019-04-24,120.47000122070312,102.7964096069336,24.87060546875,24.20891571044922,37.146148681640625,47.81187057495117,78.00251770019531
2019-04-25,120.56999969482422,102.64668273925781,24.792999267578125,24.253095626831055,37.13673400878906,47.50901794433594,78.80730438232422
2019-04-26,121.37000274658203,102.99609375,24.47148895263672,24.47397804260254,36.99545669555664,47.93806457519531,79.59424591064453
2019-04-29,120.83000183105469,102.33888244628906,24.449317932128906,24.721370697021484,37.004886627197266,47.9969596862793,79.45112609863281
2019-04-30,121.19999694824219,102.86299133300781,24.430837631225586,24.756710052490234,37.06610107421875,48.552223205566406,79.8177719116211
2019-05-01,120.4000015258789,103.28726959228516,23.943038940429688,24.55349349975586,36.9719123840332,47.95489501953125,79.67471313476562
2019-05-02,119.94000244140625,102.79547882080078,23.52544593811035,24.579999923706055,36.778839111328125,47.93806457519531,80.01451873779297
2019-05-03,120.6500015258789,103.0872573852539,23.743478775024414,24.800884246826172,37.127315521240234,48.29983901977539,80.6225814819336
2019-05-06,120.80999755859375,103.37068939208984,23.76565170288086,24.633012771606445,36.84006118774414,48.2241096496582,81.03390502929688
2019-05-07,121.20999908447266,104.16261291503906,23.5587100982666,24.226587295532227,36.04890441894531,47.74457550048828,79.47795867919922
2019-05-08,120.91000366210938,103.71244812011719,23.5587100982666,24.173572540283203,36.00651931762695,47.73615646362305,79.64787292480469
2019-05-09,121.19999694824219,104.13760375976562,23.5587100982666,24.120559692382812,35.76165008544922,47.635196685791016,79.47795867919922
2019-05-10,121.43000030517578,103.99586486816406,23.669572830200195,24.27959632873535,35.874671936035156,48.2156982421875,79.50480651855469
2019-05-13,122.66999816894531,104.81283569335938,23.26306915283203,23.57276725769043,34.52313995361328,47.761390686035156,78.01145935058594
2019-05-14,122.45999908447266,104.5044174194336,23.547616958618164,23.758316040039062,35.07881546020508,47.98854446411133,78.40492248535156
2019-05-15,122.38999938964844,105.14631652832031,23.669572830200195,23.669954299926758,35.460269927978516,48.36713790893555,78.63740539550781
2019-05-16,121.51000213623047,104.79618835449219,23.798912048339844,23.90850830078125,35.785186767578125,48.745731353759766,79.25439453125
2019-05-17,120.6500015258789,105.02960968017578,23.5587100982666,23.74947738647461,35.497928619384766,48.58588790893555,79.08451843261719
2019-05-20,120.63999938964844,104.81283569335938,23.569793701171875,23.775981903076172,34.88103103637695,48.46809387207031,79.04875183105469
2019-05-21,120.36000061035156,104.64615631103516,23.84326171875,24.023372650146484,35.3095703125,48.36713790893555,79.79096221923828
2019-05-22,120.23999786376953,105.24634552001953,23.473712921142578,23.88200569152832,35.12590789794922,48.58588790893555,80.24699401855469
2019-05-23,121.16999816894531,106.43010711669922,22.68657112121582,23.546262741088867,34.50900650024414,48.569061279296875,79.96979522705078
2019-05-24,121.30000305175781,106.52182006835938,22.77156639099121,23.731809616088867,34.51842498779297,48.392372131347656,80.0860366821289
2019-05-28,120.83000183105469,107.28874969482422,22.535057067871094,23.45790672302246,34.419532775878906,47.60154724121094,78.94144439697266
2019-05-29,120.87000274658203,107.61388397216797,22.390932083129883,23.413732528686523,34.217037200927734,47.256595611572266,78.18135833740234
2019-05-30,121.69000244140625,108.53919982910156,22.106382369995117,23.334217071533203,34.4289436340332,47.45851516723633,78.61060333251953
2019-05-31,123.33000183105469,109.89802551269531,21.71835708618164,22.980802536010742,33.85441589355469,46.785465240478516,78.04723358154297
2019-06-03,125.11000061035156,110.63312530517578,21.99551773071289,23.13100242614746,33.26106262207031,47.374385833740234,78.2350082397461
2019-06-04,125.1500015258789,109.37176513671875,22.376155853271484,23.758316040039062,34.3724365234375,47.8034553527832,79.53164672851562
2019-06-05,125.47000122070312,108.75357818603516,22.128555297851562,23.90850830078125,34.8198127746582,48.35031509399414,80.13072967529297
2019-06-06,125.87999725341797,109.10445404052734,22.538753509521484,23.996871948242188,35.224796295166016,48.855106353759766,80.54207611083984
2019-06-07,126.58999633789062,110.0483627319336,22.642227172851562,23.96152687072754,35.87937927246094,49.32624053955078,81.38265991210938
2019-06-10,125.33000183105469,109.0125732421875,22.7087459564209,24.16474151611328,36.24669647216797,49.34306335449219,81.62409210205078
2019-06-11,125.18000030517578,109.07938385009766,22.753095626831055,24.173572540283203,36.24669647216797,49.502906799316406,81.48995971679688
2019-06-12,125.83000183105469,109.16292572021484,22.431589126586914,23.93501853942871,36.04420852661133,49.57862854003906,81.88340759277344
2019-06-13,126.5999984741211,109.53884887695312,22.693960189819336,24.014535903930664,36.152496337890625,49.68800735473633,81.78504180908203
2019-06-14,126.55999755859375,109.81449890136719,22.546142578125,24.067550659179688,35.83699417114258,49.71324157714844,81.59725189208984
2019-06-17,126.4800033569336,110.00662231445312,22.734615325927734,23.84666633605957,35.86524963378906,49.570213317871094,81.96388244628906
2019-06-18,127.12000274658203,110.5579833984375,23.048728942871094,24.16474151611328,36.5151252746582,49.30099105834961,82.66139221191406
2019-06-19,127.88999938964844,110.71668243408203,23.022857666015625,24.120559692382812,36.64697265625,49.502906799316406,83.4035873413086
2019-06-20,131.11000061035156,111.00899505615234,23.532835006713867,24.226587295532227,37.183837890625,49.94038772583008,83.77021026611328
2019-06-21,131.97999572753906,109.78942108154297,23.7028865814209,24.172414779663086,37.00802230834961,49.77847671508789,84.17253875732422
2019-06-24,133.94000244140625,110.60807800292969,23.490327835083008,24.074731826782227,37.078914642333984,49.905643463134766,83.73249053955078
2019-06-25,134.1999969482422,110.9505844116211,23.30385971069336,23.99481773376465,36.39839172363281,49.88019561767578,83.39122772216797
2019-06-26,132.97000122070312,110.24051666259766,23.66187286376953,23.950401306152344,36.7906379699707,49.16812515258789,82.34053802490234
2019-06-27,132.83999633789062,111.01739501953125,23.486591339111328,24.163537979125977,36.88515090942383,49.26136016845703,82.91531372070312
2019-06-28,133.1999969482422,110.94219207763672,23.75882911682129,24.509872436523438,36.88042449951172,49.22746276855469,83.19367980957031
2019-07-01,130.6199951171875,110.68274688720703,23.78120231628418,24.80292320251465,37.466434478759766,49.524169921875,83.60676574707031
2019-07-02,133.41000366210938,111.53645324707031,23.400821685791016,24.740758895874023,37.565673828125,49.95650100708008,84.05579376220703
2019-07-03,133.6300048828125,112.3316421508789,23.494056701660156,24.936128616333008,37.85395050048828,50.575340270996094,84.77421569824219
2019-07-05,132.13999938964844,110.84175109863281,23.527616500854492,25.007171630859375,37.78305435180664,50.35493850708008,84.19049835205078
2019-07-08,131.2899932861328,110.9924087524414,23.561180114746094,24.882850646972656,37.494789123535156,50.42275619506836,83.56187438964844
2019-07-09,131.75,110.95059204101562,23.579824447631836,24.927244186401367,37.627113342285156,50.126041412353516,83.64269256591797
2019-07-10,133.8300018310547,110.33959197998047,23.881895065307617,24.838441848754883,37.924835205078125,50.44818115234375,83.93006896972656
2019-07-11,132.6999969482422,108.86650085449219,23.930374145507812,24.98052978515625,38.066619873046875,50.575340270996094,83.9480209350586
2019-07-12,133.52999877929688,108.99207305908203,24.031063079833984,25.14925765991211,38.345436096191406,50.71945571899414,83.01406860351562
2019-07-15,133.52999877929688,109.61974334716797,23.81476593017578,25.007171630859375,38.47303771972656,50.838138580322266,83.19367980957031
2019-07-16,132.39999389648438,109.2933578491211,23.561180114746094,24.945011138916016,38.11387634277344,50.8550910949707,82.78060913085938
2019-07-17,134.5800018310547,110.47351837158203,23.292675018310547,24.731884002685547,38.01464080810547,50.79574966430664,82.79852294921875
2019-07-18,136.47999572753906,110.48186492919922,23.296411514282227,24.918371200561523,38.29819107055664,51.13484573364258,83.26551055908203
2019-07-19,134.47000122070312,110.22239685058594,23.40454864501953,24.81180191040039,38.132781982421875,50.812705993652344,82.40340423583984
2019-07-22,134.4499969482422,110.4316177368164,23.5127010345459,24.865079879760742,38.57228088378906,50.5160026550293,82.2327651977539
2019-07-23,133.69000244140625,109.82901000976562,23.57609748840332,25.122621536254883,38.78493118286133,50.880516052246094,82.74466705322266
2019-07-24,134.3699951171875,110.30606079101562,23.676786422729492,25.380149841308594,39.106300354003906,50.54143142700195,82.78955841064453
2019-07-25,133.4199981689453,109.77880859375,23.408281326293945,25.202545166015625,38.945621490478516,50.609249114990234,82.38542938232422
2019-07-26,133.63999938964844,110.03825378417969,23.288949966430664,25.47783660888672,39.03068923950195,51.17723083496094,82.68180084228516
2019-07-29,134.52999877929688,110.07174682617188,23.195716857910156,25.2824649810791,39.00705337524414,51.270477294921875,83.02305603027344
2019-07-30,134.97999572753906,110.33959197998047,23.45676612854004,25.211421966552734,38.75658416748047,51.423072814941406,82.66383361816406
2019-07-31,133.2100067138672,111.22673797607422,23.38217544555664,25.08709716796875,38.17057800292969,50.380374908447266,81.84662628173828
2019-08-01,136.41000366210938,113.43572998046875,22.852628707885742,24.51875114440918,37.97682189941406,50.202335357666016,81.95438385009766
2019-08-02,135.88999938964844,114.48405456542969,22.52445411682129,24.509872436523438,37.35772705078125,50.2108268737793,81.76583099365234
2019-08-05,137.7899932861328,116.46331024169922,21.853199005126953,23.692874908447266,35.79821014404297,48.905311584472656,79.8440170288086
2019-08-06,138.91000366210938,117.39421844482422,21.82709503173828,24.074731826782227,36.39365768432617,49.346134185791016,80.87674713134766
2019-08-07,141.02000427246094,117.43611907958984,21.663007736206055,23.75503921508789,36.62050247192383,49.92259216308594,80.90367889404297
2019-08-08,141.72999572753906,117.68772888183594,22.285789489746094,24.20793914794922,37.5184211730957,50.566871643066406,81.98133087158203
2019-08-09,141.25999450683594,117.45295715332031,22.039661407470703,24.128013610839844,37.09309387207031,50.287113189697266,82.08012390136719
2019-08-12,142.6300048828125,119.90179443359375,21.77861213684082,23.666236877441406,36.6063232421875,49.94801712036133,81.2808837890625
2019-08-13,141.77999877929688,119.49081420898438,21.97999382019043,23.959285736083984,37.52314758300781,50.5160026550293,82.34053802490234
2019-08-14,142.75,122.18292999267578,21.118549346923828,23.07124900817871,36.37003707885742,49.71914291381836,80.05059051513672
2019-08-15,143.6999969482422,123.54151153564453,20.988019943237305,23.186689376831055,36.303871154785156,50.46513366699219,80.32894897460938
2019-08-16,142.77999877929688,122.55197143554688,21.26398277282715,23.595190048217773,36.99385070800781,51.041595458984375,81.3167953491211
2019-08-19,141.11000061035156,120.79916381835938,21.73386001586914,23.8349609375,37.55622863769531,51.55023193359375,82.09806823730469
2019-08-20,142.2100067138672,122.04869079589844,21.551130294799805,23.515262603759766,37.367183685302734,50.99072265625,81.39762115478516
2019-08-21,141.75999450683594,121.23524475097656,21.689115524291992,23.62183380126953,37.80669021606445,51.126365661621094,81.99928283691406
2019-08-22,141.39999389648438,120.43009948730469,21.59215545654297,23.781681060791016,37.7169075012207,51.39765167236328,81.59518432617188
2019-08-23,144.1699981689453,122.4093246459961,20.86868667602539,23.17781639099121,36.46928787231445,50.54143142700195,79.70931243896484
2019-08-26,144.19000244140625,121.91452026367188,20.958187103271484,23.39982795715332,36.974945068359375,51.16874313354492,80.54449462890625
2019-08-27,145.57000732421875,123.79304504394531,20.827661514282227,23.257736206054688,36.918243408203125,51.02463150024414,80.06851959228516
2019-08-28,145.16000366210938,123.95248413085938,21.12600326538086,23.47086524963379,36.95131301879883,51.51633071899414,80.65225982666016
2019-08-29,144.1199951171875,123.48279571533203,21.43552589416504,23.826078414916992,37.594032287597656,51.5417594909668,81.26290130615234
2019-08-30,143.75,123.51634216308594,21.43552589416504,23.906002044677734,37.58457565307617,51.473934173583984,81.36170196533203
2019-09-03,145.75,123.67607879638672,21.33110809326172,23.657350540161133,37.12617111206055,51.7706413269043,80.88572692871094
2019-09-04,146.66000366210938,123.8608169555664,21.629446029663086,23.88823890686035,37.75943374633789,52.23688888549805,80.9395980834961
2019-09-05,143.13999938964844,121.61763000488281,21.897951126098633,24.376663208007812,38.54865264892578,51.91475296020508,81.73887634277344
2019-09-06,141.9199981689453,122.48297882080078,22.0135555267334,24.367786407470703,38.51557159423828,52.08428192138672,81.96336364746094
2019-09-09,141.38999938964844,120.30707550048828,22.453601837158203,24.740758895874023,38.227294921875,51.96561050415039,81.20903778076172
2019-09-10,140.17999267578125,118.19832611083984,22.7183780670166,24.82956314086914,38.033546447753906,51.64347839355469,81.44252014160156
2019-09-11,141.02999877929688,117.98833465576172,22.740755081176758,24.971649169921875,38.43050003051758,51.82997512817383,82.25074005126953
2019-09-12,141.32000732421875,117.2153549194336,22.599042892456055,25.1048583984375,38.638450622558594,52.04191207885742,82.22380065917969
2019-09-13,140.14999389648438,114.71174621582031,22.77804183959961,25.30022621154785,38.354888916015625,51.74519729614258,82.17890167236328
2019-09-16,141.32000732421875,116.17359161376953,23.542537689208984,25.211421966552734,38.26036834716797,51.24504852294922,81.99928283691406
2019-09-17,141.60000610351562,116.80365753173828,23.214359283447266,25.238069534301758,38.41633224487305,51.52479934692383,82.12500762939453
2019-09-18,140.7100067138672,117.29938507080078,23.102481842041016,25.32686996459961,38.41160583496094,51.60956954956055,82.11602783203125
2019-09-19,141.27999877929688,117.65219116210938,23.04281997680664,25.211421966552734,38.49666213989258,51.601078033447266,82.50220489501953
2019-09-20,142.9499969482422,119.2064208984375,23.0616397857666,25.063249588012695,38.0477409362793,51.4373664855957,82.96208190917969
2019-09-23,143.75,119.18126678466797,23.06916046142578,25.107885360717773,38.16624450683594,51.64202117919922,82.52021789550781
2019-09-24,144.50999450683594,120.61787414550781,22.704124450683594,24.86688995361328,37.796485900878906,51.8552131652832,81.76275634765625
2019-09-25,141.8300018310547,118.85363006591797,22.741748809814453,25.07218360900879,38.246849060058594,51.889312744140625,81.36595916748047
2019-09-26,141.7899932861328,119.6181869506836,22.444448471069336,24.95615005493164,38.28950500488281,52.17924880981445,80.91506958007812
2019-09-27,141.05999755859375,119.91214752197266,22.44068717956543,25.054332733154297,37.777530670166016,52.11954879760742,80.55438232421875
2019-09-30,138.8699951171875,120.20626068115234,22.27886390686035,24.991849899291992,38.17573165893555,52.37537384033203,81.27577209472656
2019-10-01,139.6300048828125,120.56809997558594,21.763286590576172,24.465238571166992,37.820186614990234,52.23893737792969,80.48223876953125
2019-10-02,141.25999450683594,120.86262512207031,21.228899002075195,23.96539878845215,37.109107971191406,51.190067291259766,79.30996704101562
2019-10-03,141.89999389648438,121.96519470214844,21.458457946777344,24.063581466674805,37.56418991088867,51.548221588134766,80.02233123779297
2019-10-04,141.89999389648438,122.8656997680664,21.59394645690918,24.50986671447754,38.185211181640625,52.35832977294922,81.27577209472656
2019-10-07,140.69000244140625,121.84734344482422,21.402009963989258,24.384910583496094,38.024024963378906,51.93195724487305,81.00526428222656
2019-10-08,141.9199981689453,122.17559814453125,21.036972045898438,23.902921676635742,37.327178955078125,51.4373664855957,79.46324157714844
2019-10-09,142.0500030517578,121.4854507446289,21.228899002075195,24.126062393188477,37.88181686401367,51.829627990722656,80.0403823852539
2019-10-10,140.80999755859375,119.67597961425781,21.496095657348633,24.37598419189453,38.142539978027344,51.93195724487305,80.43714141845703
2019-10-11,140.02999877929688,118.1948471069336,21.785873413085938,24.679445266723633,38.66874694824219,51.88077926635742,81.10446166992188
2019-10-14,140.58999633789062,119.05329132080078,21.774580001831055,24.71515655517578,38.64505386352539,51.624969482421875,81.06838989257812
2019-10-15,139.61000061035156,117.61412048339844,21.86490249633789,25.07218360900879,39.07169723510742,51.40324401855469,82.54727935791016
2019-10-16,140.41000366210938,117.75717163085938,21.560075759887695,25.009702682495117,38.80148696899414,51.454429626464844,82.4390640258789
2019-10-17,140.61000061035156,117.47101593017578,21.575130462646484,25.027555465698242,38.72563934326172,51.69318389892578,83.0522689819336
2019-10-18,140.4600067138672,117.47101593017578,21.462217330932617,25.090036392211914,38.355873107910156,51.79551696777344,82.74567413330078
2019-10-21,139.7899932861328,116.58734130859375,21.846088409423828,25.438135147094727,38.76829528808594,51.96605682373047,82.65548706054688
2019-10-22,140.1999969482422,117.26907348632812,22.128332138061523,25.366731643676758,38.246849060058594,51.983116149902344,82.83585357666016
2019-10-23,140.52999877929688,117.38682556152344,22.3127384185791,25.473840713500977,38.28002166748047,52.22188949584961,83.34984588623047
2019-10-24,141.52999877929688,117.1512451171875,22.21864891052246,25.438135147094727,38.83940505981445,52.40095520019531,82.92601013183594
2019-10-25,141.86000061035156,116.57887268066406,22.3992919921875,25.563093185424805,39.308719635009766,52.0939826965332,83.01618194580078
2019-10-28,140.63999938964844,115.51852416992188,22.271345138549805,25.696979522705078,39.80648422241211,51.991641998291016,83.87287902832031
2019-10-29,140.25,115.59425354003906,22.36165428161621,25.759456634521484,39.44618606567383,51.991641998291016,85.06318664550781
2019-10-30,141.02000427246094,117.2858657836914,21.906295776367188,25.741605758666992,39.68797302246094,52.23041534423828,85.5411376953125
2019-10-31,142.42999267578125,118.86808013916016,21.812211990356445,25.61665153503418,39.66425704956055,52.15365219116211,85.44194030761719
2019-11-01,142.55999755859375,118.50223541259766,22.30896759033203,25.99152183532715,40.138328552246094,52.14512634277344,85.55015563964844
2019-11-04,142.14999389648438,116.94251251220703,23.035289764404297,26.21466636657715,40.34690475463867,51.64202117919922,85.28862762451172
2019-11-05,139.85000610351562,115.6272964477539,23.065401077270508,26.31285285949707,40.29951095581055,51.81256866455078,84.6844711303711
2019-11-06,140.4499969482422,116.32708740234375,22.594985961914062,26.446733474731445,40.28053665161133,52.0257568359375,84.97303009033203
2019-11-07,138.27000427246094,114.2193832397461,22.933691024780273,26.643096923828125,40.59816360473633,51.84668731689453,85.1623764038086
2019-11-08,137.38999938964844,113.73882293701172,22.839595794677734,26.63417625427246,40.825721740722656,51.81256866455078,85.78458404541016
2019-11-11,137.05999755859375,113.8147201538086,22.711647033691406,26.56276512145996,40.844669342041016,51.73582458496094,85.43291473388672
2019-11-12,137.42999267578125,114.33740997314453,22.594985961914062,26.598468780517578,40.98213577270508,51.90635681152344,85.94691467285156
2019-11-13,137.97999572753906,115.0793228149414,22.497135162353516,26.428884506225586,41.07221984863281,52.29863357543945,86.0461196899414
2019-11-14,138.55999755859375,116.26808166503906,22.43692398071289,26.482439041137695,41.024803161621094,52.281585693359375,86.05513000488281
2019-11-15,138.2100067138672,116.14158630371094,22.61003875732422,26.553844451904297,41.35664367675781,52.29863357543945,87.88569641113281
2019-11-18,138.6199951171875,116.3523178100586,22.33531379699707,26.607393264770508,41.479896545410156,52.57150650024414,87.588134765625
2019-11-19,138.69000244140625,117.3218994140625,22.0041446685791,26.660947799682617,41.560489654541016,52.50328826904297,88.18328094482422
2019-11-20,138.75999450683594,118.535888671875,22.226177215576172,26.535987854003906,41.30924606323242,52.62267303466797,88.06607818603516
2019-11-21,138.0,117.79402923583984,22.59122085571289,26.509214401245117,41.10065460205078,52.35832977294922,88.29150390625
2019-11-22,137.74000549316406,117.94579315185547,22.515954971313477,26.705581665039062,41.04851531982422,52.273048400878906,88.60711669921875
2019-11-25,137.0800018310547,118.2914047241211,22.538532257080078,26.875164031982422,41.64582443237305,52.332740783691406,89.6441421508789
2019-11-26,137.74000549316406,118.98272705078125,22.331554412841797,26.848386764526367,41.68374252319336,52.75911331176758,89.57199096679688
2019-11-27,137.00999450683594,118.6371078491211,22.38800048828125,26.95549774169922,41.9160270690918,52.887020111083984,90.03189086914062
2019-11-29,137.86000061035156,118.3841552734375,22.162200927734375,26.910869598388672,41.79277801513672,52.869972229003906,89.71627044677734
2019-12-02,137.7899932861328,116.80579376220703,22.162200927734375,26.741281509399414,41.19548034667969,52.989356994628906,89.31951904296875
2019-12-03,139.11000061035156,119.2548599243164,21.83102798461914,26.36640739440918,40.830448150634766,52.904083251953125,89.12112426757812
2019-12-04,138.9199981689453,118.06405639648438,22.158437728881836,26.616315841674805,40.99636459350586,53.25370407104492,89.95074462890625
2019-12-05,139.0,117.48981475830078,22.05306053161621,26.741281509399414,41.14806365966797,53.23666000366211,89.95074462890625
2019-12-06,137.6199951171875,116.83953094482422,22.474557876586914,27.098308563232422,41.60314178466797,53.441307067871094,90.5458984375
2019-12-09,137.5800018310547,117.0929183959961,22.44821548461914,27.03582763671875,41.38509750366211,53.483943939208984,89.91466522216797
2019-12-10,137.97000122070312,117.10134887695312,22.493370056152344,27.04475212097168,41.41827392578125,53.313385009765625,90.11306762695312
2019-12-11,138.9199981689453,118.02186584472656,22.455738067626953,26.982267379760742,41.69797134399414,53.39014434814453,90.1942138671875
2019-12-12,138.42999267578125,116.07942962646484,22.869707107543945,27.508888244628906,42.14358139038086,53.34750747680664,91.03285217285156
2019-12-13,139.0500030517578,117.42228698730469,22.696592330932617,27.41070556640625,42.42326354980469,53.53511047363281,90.96973419189453
2019-12-16,139.0399932861328,116.36651611328125,23.001426696777344,27.508888244628906,42.802513122558594,53.72271728515625,91.95265197753906
2019-12-17,139.00999450683594,116.20610809326172,23.016477584838867,27.615991592407227,42.702972412109375,53.63744354248047,91.85345458984375
2019-12-18,139.02000427246094,115.25183868408203,23.103029251098633,27.49995994567871,42.69822692871094,53.55215835571289,91.97970581054688
2019-12-19,139.3800048828125,115.43624877929688,23.095504760742188,27.491039276123047,43.0063591003418,53.84210205078125,92.34041595458984
2019-12-20,139.52000427246094,115.58844757080078,23.317047119140625,27.523334503173828,43.25604248046875,54.248748779296875,92.9941635131836
2019-12-23,139.9499969482422,115.4192886352539,23.556453704833984,27.460533142089844,43.37970733642578,54.016624450683594,93.36542510986328
2019-12-24,141.27000427246094,115.74919128417969,23.5450496673584,27.523334503173828,43.393978118896484,54.08539581298828,93.24771881103516
2019-12-26,142.3800048828125,116.0283203125,23.53745460510254,27.67584228515625,43.71739196777344,54.136985778808594,93.1843490600586
2019-12-27,142.3300018310547,116.15522003173828,23.438648223876953,27.604076385498047,43.71262741088867,54.3776969909668,93.21149444580078
2019-12-30,142.6300048828125,115.73229217529297,23.36467933654785,27.523334503173828,43.4605712890625,54.093994140625,92.65188598632812
2019-12-31,142.89999389648438,114.59880828857422,23.49774742126465,27.6130428314209,43.598480224609375,54.14558029174805,92.83416748046875
2020-01-02,143.9499969482422,115.89299011230469,23.709083557128906,27.882179260253906,44.416526794433594,53.71571350097656,93.08025360107422
2020-01-03,145.86000061035156,117.67776489257812,23.63863754272461,27.586130142211914,43.91714096069336,53.62974548339844,92.26911926269531
2020-01-06,147.38999938964844,117.00959014892578,23.82257843017578,27.56818962097168,44.021766662597656,53.74150848388672,92.84329223632812
2020-01-07,147.97000122070312,116.43434143066406,23.759958267211914,27.38876724243164,44.002750396728516,53.32883834838867,92.66099548339844
2020-01-08,146.86000061035156,115.66461944580078,23.368593215942383,27.56818962097168,44.47359848022461,53.526573181152344,93.26252746582031
2020-01-09,146.02999877929688,116.07058715820312,23.540796279907227,27.738637924194336,44.97773361206055,53.90485763549805,93.66353607177734
2020-01-10,146.91000366210938,117.10260009765625,23.407733917236328,27.532306671142578,44.87310028076172,53.8704719543457,93.6908950805664
2020-01-13,145.82000732421875,116.74734497070312,23.415557861328125,27.72069549560547,45.43430709838867,54.22295379638672,93.36280059814453
2020-01-14,145.69000244140625,117.34786987304688,23.419471740722656,27.666872024536133,45.22029113769531,54.24014663696289,93.92784881591797
2020-01-15,146.5399932861328,118.1261215209961,23.24727439880371,27.514366149902344,45.272613525390625,54.62703323364258,94.73898315429688
2020-01-16,146.30999755859375,117.7539291381836,23.28640365600586,27.75658416748047,45.88137435913086,54.773170471191406,95.23112487792969
2020-01-17,146.5800018310547,116.74734497070312,23.137693405151367,27.83732032775879,46.190521240234375,54.867759704589844,95.23112487792969
2020-01-21,146.74000549316406,117.97386932373047,22.722837448120117,27.604076385498047,46.1714973449707,55.056888580322266,95.3313980102539
2020-01-22,146.7899932861328,118.38831329345703,22.503665924072266,27.684812545776367,46.337955474853516,55.099876403808594,95.44986724853516
2020-01-23,147.1199951171875,119.21729278564453,22.41756820678711,27.6130428314209,46.556739807128906,55.04829406738281,94.96683502197266
2020-01-24,147.97999572753906,120.1814956665039,22.15926742553711,27.263168334960938,46.337955474853516,54.67001724243164,93.38102722167969
2020-01-27,148.99000549316406,122.0509033203125,21.544816970825195,26.841529846191406,45.23456573486328,54.49806594848633,92.67012786865234
2020-01-28,147.66000366210938,121.09513854980469,21.642658233642578,27.155517578125,46.100162506103516,54.566837310791016,93.12581634521484
2020-01-29,148.4600067138672,122.27932739257812,21.415666580200195,27.11066436767578,46.21905517578125,54.29174041748047,92.87063598632812
2020-01-30,148.47000122070312,122.29627990722656,21.587867736816406,27.451562881469727,46.61855697631836,54.93653106689453,92.19619750976562
2020-01-31,149.3300018310547,123.4128189086914,20.914716720581055,26.87741470336914,45.33919143676758,54.31752014160156,90.35520935058594
2020-02-03,148.36000061035156,123.31285095214844,20.64075469970703,27.065805435180664,45.938446044921875,54.31752014160156,91.1754379272461
2020-02-04,146.42999267578125,121.65216827392578,20.715118408203125,27.325965881347656,47.14173126220703,54.644222259521484,92.77948760986328
2020-02-05,146.61000061035156,120.32193756103516,21.493940353393555,27.873205184936523,47.41756820678711,55.082679748535156,94.56580352783203
2020-02-06,147.39999389648438,120.86415100097656,21.2747745513916,27.83732032775879,47.85037612915039,55.17725372314453,94.64783477783203
2020-02-07,147.7899932861328,122.37235260009766,21.126056671142578,27.738637924194336,47.41281509399414,55.24603271484375,93.90962219238281
2020-02-10,148.1699981689453,122.71128845214844,21.020383834838867,27.819379806518555,48.054874420166016,55.478153228759766,94.41088104248047
2020-02-11,147.66000366210938,122.0927734375,21.25520133972168,27.918058395385742,47.893192291259766,55.271820068359375,94.9759521484375
2020-02-12,147.5399932861328,121.4742202758789,21.540903091430664,27.936004638671875,48.411582946777344,55.24603271484375,95.09442138671875
2020-02-13,148.3800048828125,121.94023132324219,21.474374771118164,27.927032470703125,48.283164978027344,55.57272720336914,94.64783477783203
2020-02-14,149.0,122.4740219116211,21.360876083374023,27.962913513183594,48.49243927001953,55.70168685913086,94.72075653076172
2020-02-18,150.91000366210938,123.31285095214844,21.18475914001465,27.72069549560547,48.31170654296875,55.50395584106445,94.38353729248047
2020-02-19,151.7899932861328,123.3043441772461,21.46654510498047,27.927032470703125,48.887184143066406,55.44377136230469,94.82101440429688
2020-02-20,152.41000366210938,124.27021789550781,21.44306182861328,27.873205184936523,48.3782958984375,55.48674392700195,94.21036529541016
2020-02-21,154.6999969482422,125.4310302734375,21.18867301940918,27.604076385498047,47.293922424316406,55.58131790161133,94.26506042480469
2020-02-24,156.08999633789062,127.3035659790039,20.210254669189453,26.706968307495117,45.33919143676758,54.30033493041992,91.29391479492188
2020-02-25,153.3000030517578,127.9813461303711,19.317934036254883,25.800884246826172,43.888614654541016,53.320247650146484,88.5233154296875
2020-02-26,153.97000122070312,127.3035659790039,18.734798431396484,25.61248779296875,44.088356018066406,53.01934051513672,88.51419830322266
2020-02-27,154.0,128.68460083007812,17.732891082763672,24.51801109313965,41.7103385925293,50.861419677734375,85.50660705566406
2020-02-28,148.3800048828125,131.5906982421875,17.717235565185547,23.854150772094727,42.02899932861328,49.855552673339844,84.40381622314453
2020-03-02,149.1999969482422,130.62258911132812,18.433441162109375,25.0742244720459,44.45933151245117,52.52069091796875,88.35924530029297
2020-03-03,153.88999938964844,132.6505126953125,17.869871139526367,24.13225555419922,42.770938873291016,51.80712127685547,86.16280364990234
2020-03-04,154.16000366210938,131.24195861816406,18.29254913330078,24.930683135986328,44.60677719116211,54.35192108154297,91.12986755371094
2020-03-05,157.49000549316406,134.50885009765625,17.623306274414062,23.72855567932129,43.19898986816406,53.32883834838867,89.01546478271484
2020-03-06,157.5500030517578,141.5091094970703,16.63314437866211,22.921157836914062,42.285823822021484,52.90757369995117,88.54153442382812
2020-03-09,157.80999755859375,145.34457397460938,13.28303337097168,20.46308135986328,39.07551574707031,50.603519439697266,83.93901062011719
2020-03-10,154.47999572753906,137.89437866210938,13.91313648223877,21.665206909179688,41.68181610107422,52.05644226074219,86.8189926147461
2020-03-11,153.92999267578125,132.82029724121094,13.177366256713867,20.489994049072266,39.71281814575195,49.5030632019043,83.50154113769531
2020-03-12,147.7899932861328,133.64332580566406,11.53361988067627,18.274127960205078,35.83665084838867,44.85193634033203,77.26764678955078
2020-03-13,143.27999877929688,130.62258911132812,12.59814167022705,20.678386688232422,40.040977478027344,48.669124603271484,82.62661743164062
2020-03-16,141.63999938964844,139.08242797851562,10.883950233459473,17.84351348876953,34.50971221923828,45.36777114868164,74.4787826538086
2020-03-17,143.55999755859375,129.80795288085938,10.958307266235352,18.812395095825195,36.859195709228516,49.19355392456055,79.15421295166016
2020-03-18,140.6999969482422,122.4852066040039,9.385007858276367,17.215543746948242,35.470436096191406,47.92974853515625,76.5294189453125
2020-03-19,138.0399932861328,125.81983947753906,10.022939682006836,17.59232521057129,35.59885025024414,46.33066940307617,74.96183013916016
2020-03-20,140.11000061035156,135.2809600830078,10.120780944824219,16.964345932006836,33.96753692626953,43.33022689819336,72.08183288574219
2020-03-23,146.3000030517578,140.85585021972656,9.430963516235352,15.977301597595215,33.65726089477539,42.047950744628906,68.3380126953125
2020-03-24,153.39999389648438,138.23391723632812,10.943438529968262,17.95863151550293,37.10425567626953,44.1922721862793,73.60391235351562
2020-03-25,151.3000030517578,137.91990661621094,11.459600448608398,18.447179794311523,37.05644226074219,44.071231842041016,74.58382415771484
2020-03-26,153.24000549316406,138.59872436523438,12.159821510314941,19.605220794677734,39.35125732421875,46.48360061645508,79.53838348388672
2020-03-27,152.25,142.29827880859375,11.335561752319336,19.00810432434082,37.572776794433594,46.26742172241211,77.83496856689453
2020-03-30,152.9199981689453,141.12742614746094,11.45159912109375,19.3699951171875,39.15524673461914,48.074546813964844,81.47992706298828
2020-03-31,148.0500030517578,139.98184204101562,11.627655029296875,18.83620834350586,38.42377853393555,47.09750747680664,81.12271881103516
2020-04-01,149.4499969482422,141.94302368164062,11.051474571228027,17.68721580505371,36.59270095825195,46.30202102661133,78.03644561767578
2020-04-02,151.89999389648438,142.84381103515625,12.06379222869873,18.13053321838379,37.44847869873047,47.48658752441406,80.19776916503906
2020-04-03,152.64999389648438,143.1836700439453,11.935752868652344,17.76863670349121,36.8699951171875,47.8583984375,79.4742660522461
2020-04-06,156.8800048828125,142.80979919433594,12.567950248718262,19.04429054260254,40.01579284667969,49.63957595825195,83.64122009277344
2020-04-07,156.0399932861328,141.31431579589844,12.836034774780273,19.234283447265625,39.65724182128906,49.06889343261719,82.95438385009766
2020-04-08,154.64999389648438,140.28604125976562,13.692305564880371,20.075672149658203,40.72336196899414,49.795204162597656,86.37034606933594
2020-04-09,158.69000244140625,140.54100036621094,13.568262100219727,21.152284622192383,40.73292922973633,50.26211929321289,86.8465576171875
2020-04-13,161.41000366210938,139.25782775878906,13.524250030517578,20.383275985717773,40.82377243041992,49.89031219482422,86.08645629882812
2020-04-14,162.67999267578125,139.2238311767578,13.460227966308594,20.473743438720703,42.53531265258789,52.00872039794922,88.94379425048828
2020-04-15,161.85000610351562,142.9117889404297,12.828034400939941,19.587127685546875,41.607826232910156,51.18730163574219,88.48589324951172
2020-04-16,161.7100067138672,144.53480529785156,12.27985954284668,19.24333381652832,42.114601135253906,51.52450942993164,90.41825866699219
2020-04-17,158.57000732421875,142.59735107421875,13.584268569946289,20.256610870361328,42.67395782470703,52.31134033203125,92.29566192626953
2020-04-20,159.6999969482422,143.74453735351562,13.160135269165039,19.90377426147461,41.99030303955078,51.282413482666016,91.56301879882812
2020-04-21,158.61000061035156,145.5546112060547,12.92806339263916,19.26142692565918,40.2309455871582,50.19294738769531,88.7789306640625
2020-04-22,161.72999572753906,144.06736755371094,13.38820743560791,19.469507217407227,41.779937744140625,50.677146911621094,90.13433837890625
2020-04-23,163.33999633789062,144.8321990966797,13.820343017578125,19.38808822631836,41.49309158325195,50.22753143310547,90.62884521484375
2020-04-24,162.63999938964844,145.1720428466797,13.8523530960083,19.66854476928711,42.37276840209961,50.76361846923828,91.84690856933594
2020-04-27,161.55999755859375,142.46986389160156,14.152447700500488,20.338035583496094,42.73611068725586,50.910614013671875,93.0283203125
2020-04-28,160.83999633789062,144.1099395751953,14.476552963256836,20.555173873901367,42.16718673706055,51.19594192504883,91.1509017944336
2020-04-29,161.72999572753906,143.36224365234375,15.548887252807617,21.152284622192383,43.897865295410156,50.97978210449219,91.75531768798828
2020-04-30,158.8000030517578,141.68812561035156,15.204777717590332,20.618499755859375,43.70183563232422,50.37451171875,91.33405303955078
2020-05-01,159.77999877929688,142.9014434814453,14.344507217407227,19.95806121826172,42.501853942871094,49.82115173339844,89.59400939941406
2020-05-04,160.33999633789062,142.22927856445312,14.840662002563477,19.777116775512695,43.065982818603516,49.795204162597656,89.5482177734375
2020-05-05,161.02000427246094,141.31887817382812,14.852667808532715,19.71378517150879,43.658817291259766,49.83843994140625,91.48973083496094
2020-05-06,158.9499969482422,139.03857421875,14.464548110961914,19.28856658935547,43.998252868652344,49.2937126159668,90.58309173583984
2020-05-07,161.38999938964844,141.36141967773438,14.840662002563477,19.74092674255371,44.65802001953125,49.15536880493164,90.57392883300781
2020-05-08,160.4199981689453,139.52352905273438,15.516876220703125,20.166141510009766,45.31299591064453,50.253475189208984,91.04100799560547
2020-05-11,159.4199981689453,138.43441772460938,15.24478816986084,19.777116775512695,45.61418533325195,50.18429946899414,92.6070327758789
2020-05-12,160.0399932861328,139.85545349121094,14.976706504821777,19.26142692565918,44.672359466552734,49.76063537597656,91.19669342041016
2020-05-13,161.5800018310547,140.83387756347656,14.29649543762207,18.691455841064453,43.902645111083984,49.311004638671875,90.20759582519531
2020-05-14,163.00999450683594,142.2122039794922,14.456544876098633,19.17095375061035,44.46200180053711,49.18995666503906,91.19669342041016
2020-05-15,163.92999267578125,141.8463897705078,14.400525093078613,19.04429054260254,44.68670654296875,49.62228012084961,91.96595764160156
2020-05-18,162.69000244140625,138.73223876953125,15.576898574829102,20.02138900756836,45.781517028808594,50.40911102294922,92.72608947753906
2020-05-19,164.25999450683594,139.2512969970703,15.140758514404297,19.5328426361084,45.61418533325195,49.48393249511719,91.60881042480469
2020-05-20,164.64999389648438,139.66819763183594,15.744950294494629,19.96710205078125,46.61338806152344,50.07188415527344,91.71869659423828
2020-05-21,162.25,140.0170135498047,15.49287223815918,19.90377426147461,45.96318817138672,49.518524169921875,91.04100799560547
2020-05-22,163.2100067138672,140.8594207763672,15.396839141845703,19.831398010253906,46.13051986694336,49.69145202636719,91.23331451416016
2020-05-26,160.88999938964844,138.97052001953125,15.824970245361328,20.862777709960938,46.08271408081055,49.95949172973633,91.06846618652344
2020-05-27,161.17999267578125,138.71527099609375,16.029035568237305,21.767492294311523,46.34566116333008,50.711734771728516,92.01175689697266
2020-05-28,161.72000122070312,138.20469665527344,15.580893516540527,21.423694610595703,46.254825592041016,51.16135025024414,93.21146392822266
2020-05-29,162.91000366210938,139.19166564941406,15.508872985839844,21.179424285888672,46.838096618652344,51.213233947753906,94.33793640136719
2020-06-01,163.66000366210938,138.25460815429688,15.78095817565918,21.423694610595703,46.823753356933594,51.567745208740234,93.40379333496094
2020-06-02,162.60000610351562,137.751953125,16.221101760864258,21.59559440612793,47.26358413696289,51.70608901977539,93.94412231445312
2020-06-03,159.60000610351562,135.92019653320312,16.697250366210938,22.400794982910156,47.631710052490234,51.77526092529297,93.7609634399414
2020-06-04,161.27999877929688,133.95223999023438,16.701248168945312,22.88934326171875,47.239681243896484,51.52450942993164,93.01914978027344
2020-06-05,158.00999450683594,132.99806213378906,17.94163703918457,23.73977279663086,48.48270797729492,52.24217224121094,94.52107238769531
2020-06-08,159.72000122070312,133.50927734375,18.749895095825195,24.1921329498291,48.726531982421875,52.80418395996094,95.17131805419922
2020-06-09,161.25999450683594,135.0257568359375,18.045671463012695,23.67644500732422,48.95601272583008,52.37186813354492,94.18224334716797
2020-06-10,163.57000732421875,137.0277557373047,17.157394409179688,22.789823532104492,49.773529052734375,52.224884033203125,94.03570556640625
2020-06-11,162.38999938964844,139.6177215576172,15.540884017944336,20.926105499267578,46.919368743896484,50.24482345581055,88.80640411376953
2020-06-12,162.6199951171875,138.27162170410156,15.933009147644043,21.559410095214844,47.52653503417969,50.253475189208984,89.38336944580078
2020-06-15,162.3300018310547,138.3482666015625,15.981023788452148,21.857961654663086,47.985496520996094,50.832786560058594,89.58484649658203
2020-06-16,162.25,136.22689819335938,16.4411678314209,22.201757431030273,49.008602142333984,51.62826919555664,91.7919692993164
2020-06-17,162.55999755859375,136.7891387939453,15.880995750427246,21.86701202392578,48.99904251098633,51.550453186035156,91.70037078857422
2020-06-18,162.24000549316406,138.23751831054688,16.07705307006836,21.83986473083496,49.218955993652344,51.81848907470703,91.38900756835938
2020-06-19,164.02999877929688,138.3482666015625,15.832976341247559,21.69511604309082,48.87950897216797,51.550453186035156,92.26818084716797
2020-06-22,165.08999633789062,138.36529541015625,15.906327247619629,21.587671279907227,49.800453186035156,51.4031867980957,91.91410827636719
2020-06-23,166.47999572753906,137.419677734375,15.922536849975586,21.68782615661621,50.15999984741211,51.32476043701172,92.3095703125
2020-06-24,165.89999389648438,138.89352416992188,15.039073944091797,20.923017501831055,49.02861022949219,50.46208572387695,89.89997863769531
2020-06-25,165.8000030517578,139.2939910888672,15.326810836791992,21.478416442871094,49.65663146972656,50.819358825683594,90.78288269042969
2020-06-26,166.5399932861328,140.78494262695312,14.79592227935791,20.55882453918457,48.67863845825195,49.782405853271484,89.67924499511719
2020-06-29,166.6300048828125,140.34190368652344,14.994498252868652,20.786441802978516,49.210784912109375,50.723506927490234,90.48856353759766
2020-06-30,167.3699951171875,139.6602783203125,15.338967323303223,21.068696975708008,50.0928840637207,51.098201751708984,92.03364562988281
2020-07-01,166.6199951171875,139.38906860351562,14.966134071350098,20.886600494384766,50.17438888549805,51.14176940917969,92.7418212890625
2020-07-02,166.97999572753906,139.5340576171875,15.132291793823242,20.913917541503906,50.46683120727539,51.4031867980957,93.44078826904297
2020-07-06,167.97999572753906,138.96258544921875,15.176865577697754,21.31452751159668,51.34891891479492,51.655879974365234,94.3880615234375
2020-07-07,169.0399932861328,140.91586303710938,14.694609642028809,20.877492904663086,50.81199264526367,52.126434326171875,93.56952667236328
2020-07-08,170.08999633789062,140.35296630859375,14.682452201843262,21.096012115478516,51.6413688659668,51.99571990966797,93.57874298095703
2020-07-09,169.6300048828125,142.58766174316406,13.95704174041748,20.64987564086914,51.82832336425781,51.586177825927734,92.84298706054688
2020-07-10,169.19000244140625,141.8711700439453,14.402826309204102,21.360057830810547,51.81393051147461,52.53598403930664,92.62226867675781
2020-07-13,169.39999389648438,142.3402862548828,14.325821876525879,21.45110511779785,50.74007797241211,52.45757293701172,93.146484375
2020-07-14,170.19000244140625,142.5449676513672,14.82834529876709,21.560359954833984,51.324951171875,53.22439193725586,94.99507141113281
2020-07-15,170.33999633789062,141.87966918945312,15.148497581481934,21.988292694091797,51.60300827026367,53.26797103881836,96.22745513916016
2020-07-16,168.72999572753906,142.5535125732422,15.079604148864746,21.988292694091797,50.96540069580078,53.38123321533203,96.07109832763672
2020-07-17,170.1199951171875,142.25491333007812,14.868865966796875,21.806194305419922,51.21469497680664,53.66879653930664,97.38627624511719
2020-07-20,170.94000244140625,142.6046905517578,14.621663093566895,21.706039428710938,52.523460388183594,53.12852478027344,97.36786651611328
2020-07-21,173.0,142.6900177001953,15.50512409210205,22.133968353271484,51.996116638183594,53.59037399291992,97.30352020263672
2020-07-22,175.6300048828125,143.11648559570312,15.314652442932129,22.133968353271484,52.4131965637207,54.01735305786133,98.1772232055664
2020-07-23,177.17999267578125,144.7882537841797,15.286284446716309,22.152177810668945,51.051692962646484,54.20905685424805,97.73574829101562
2020-07-24,178.6999969482422,144.77972412109375,15.201178550720215,22.097549438476562,50.43326950073242,54.13934326171875,96.65972900390625
2020-07-27,182.22999572753906,144.2423858642578,15.217388153076172,21.915454864501953,51.22907257080078,54.40947723388672,97.38627624511719
2020-07-28,183.75,145.24029541015625,14.958026885986328,21.86082649230957,50.62981414794922,54.60988998413086,97.27590942382812
2020-07-29,185.1300048828125,144.99293518066406,15.270076751708984,22.27054214477539,51.36330032348633,54.688316345214844,98.2967529296875
2020-07-30,183.75999450683594,145.9482421875,14.670296669006348,21.869922637939453,51.650943756103516,54.688316345214844,97.6162109375
2020-07-31,185.42999267578125,145.85438537597656,14.601400375366211,21.87903594970703,52.94054412841797,54.63603210449219,97.0551986694336
2020-08-03,185.63999938964844,145.12013244628906,14.654084205627441,21.942768096923828,54.2445182800293,54.48789596557617,98.05766296386719
2020-08-04,189.58999633789062,146.50340270996094,15.010711669921875,21.851715087890625,54.3835563659668,55.16758346557617,97.62539672851562
2020-08-05,191.35000610351562,145.2225341796875,15.1687593460083,22.152177810668945,54.584896087646484,55.05430603027344,98.07603454589844
2020-08-06,193.88999938964844,146.0337371826172,15.0471830368042,22.14307403564453,55.35194778442383,55.045597076416016,97.55183410644531
2020-08-07,190.80999755859375,145.0603485107422,15.06744384765625,22.61652946472168,54.52737045288086,55.34185791015625,97.8645248413086
2020-08-10,190.14999389648438,144.4113311767578,15.533495903015137,22.780412673950195,54.37395477294922,55.62941360473633,97.53340911865234
2020-08-11,179.94000244140625,142.69496154785156,15.480807304382324,23.04446029663086,53.39598083496094,55.246009826660156,96.917236328125
2020-08-12,179.10000610351562,141.3970947265625,15.634804725646973,22.98072052001953,54.6088752746582,55.96055221557617,98.54508209228516
2020-08-13,183.3300018310547,139.8857421875,15.330862998962402,22.83504295349121,54.63283920288086,55.91697311401367,98.41632843017578
2020-08-14,182.5399932861328,139.33914184570312,15.476754188537598,22.926095962524414,54.594482421875,55.90826416015625,98.22320556640625
2020-08-17,186.5,139.6892547607422,15.38759994506836,22.543689727783203,54.95882797241211,56.22195816040039,98.8026123046875
2020-08-18,188.17999267578125,140.6882781982422,15.193073272705078,22.398014068603516,55.164974212646484,56.448516845703125,98.77503204345703
2020-08-19,182.24000549316406,139.808837890625,15.018815040588379,22.388904571533203,55.09785842895508,56.00411605834961,98.453125
2020-08-20,183.5,141.07260131835938,14.694609642028809,22.179494857788086,55.83134841918945,55.89083480834961,98.14041900634766
2020-08-21,182.02999877929688,141.91795349121094,14.601400375366211,22.133968353271484,56.54087448120117,56.03025436401367,98.24156951904297
2020-08-24,181.0,141.6873321533203,15.002604484558105,22.66204833984375,57.02985382080078,56.509521484375,97.79095458984375
2020-08-25,181.22000122070312,140.6029510498047,14.7918701171875,22.725786209106445,57.317501068115234,56.38752365112305,98.453125
2020-08-26,183.36000061035156,140.0649871826172,14.47982406616211,22.61652946472168,58.482452392578125,56.457244873046875,98.33354949951172
2020-08-27,181.24000549316406,137.6826171875,14.508191108703613,22.998937606811523,58.53038787841797,56.80579376220703,99.10610961914062
2020-08-28,184.38999938964844,137.5801239013672,14.76755428314209,23.089982986450195,59.043357849121094,57.311195373535156,99.32683563232422
2020-08-31,184.8300018310547,138.49380493164062,14.447403907775879,22.816837310791016,59.230323791503906,57.1456413269043,99.56593322753906
2020-09-01,185.0500030517578,140.07785034179688,14.350137710571289,22.88056755065918,60.361717224121094,57.206626892089844,98.6738510131836
2020-09-02,182.6199951171875,141.41152954101562,14.281248092651367,23.208345413208008,60.898643493652344,58.24358367919922,100.65116882324219
2020-09-03,181.13999938964844,141.81326293945312,14.175881385803223,22.853254318237305,57.42776107788086,57.241493225097656,97.91051483154297
2020-09-04,181.63999938964844,139.12045288085938,14.131303787231445,23.026247024536133,56.62716293334961,57.110782623291016,97.21154022216797
2020-09-08,181.2899932861328,139.97532653808594,13.61662769317627,22.43442726135254,54.067142486572266,55.90826416015625,95.61127471923828
2020-09-09,183.0500030517578,139.5991668701172,13.70983600616455,22.66204833984375,55.83134841918945,56.71865463256836,97.30352020263672
2020-09-10,182.4600067138672,140.30868530273438,13.207316398620605,22.3433837890625,54.57051467895508,56.021549224853516,95.8135986328125
2020-09-11,182.4499969482422,140.6079559326172,13.219472885131836,22.4981632232666,54.15343475341797,56.335243225097656,96.19066619873047
2020-09-14,183.88999938964844,140.599365234375,13.32078742980957,22.80773162841797,55.28961944580078,56.70121765136719,97.57020568847656
2020-09-15,183.4499969482422,140.25743103027344,13.223527908325195,22.4981632232666,55.83613967895508,56.622802734375,97.69898223876953
2020-09-16,183.97000122070312,139.8385467529297,13.754411697387695,22.75309944152832,54.97321319580078,56.37009811401367,97.53340911865234
2020-09-17,182.9600067138672,140.26596069335938,13.774677276611328,22.51637077331543,54.51778793334961,56.0128288269043,97.21154022216797
2020-09-18,183.1999969482422,139.8300018310547,13.620681762695312,22.470849990844727,53.578155517578125,55.498714447021484,97.06439971923828
2020-09-21,179.52000427246094,140.5394744873047,13.169210433959961,21.907817840576172,54.02354049682617,55.0753288269043,95.271240234375
2020-09-22,178.64999389648438,140.4283447265625,13.03327751159668,21.724720001220703,54.87877655029297,55.399658203125,95.068115234375
2020-09-23,174.7899932861328,140.6165008544922,12.444223403930664,21.239505767822266,53.168312072753906,54.56690216064453,94.08936309814453
2020-09-24,175.44000244140625,141.15501403808594,12.440103530883789,21.2852783203125,53.4661979675293,54.970130920410156,93.61843872070312
2020-09-25,174.94000244140625,141.15501403808594,12.431866645812988,21.505002975463867,54.74424362182617,55.259395599365234,95.1235122680664
2020-09-28,176.6999969482422,140.7532501220703,12.724331855773926,22.017677307128906,55.791648864746094,55.88176345825195,95.98221588134766
2020-09-29,178.19000244140625,140.91566467285156,12.374198913574219,21.74302864074707,55.60427474975586,55.51361083984375,95.86217498779297
2020-09-30,177.1199951171875,139.56497192382812,12.337124824523926,22.03598976135254,56.0703239440918,56.18857192993164,97.39495086669922
2020-10-01,178.6999969482422,139.7952117919922,11.958155632019043,22.07261085510254,56.66130065917969,56.50414276123047,97.06255340576172
2020-10-02,178.5399932861328,139.27313232421875,12.073492050170898,22.246553421020508,55.224708557128906,56.18857192993164,96.1761245727539
2020-10-05,179.41000366210938,136.55184936523438,12.435985565185547,22.612751007080078,56.43547821044922,56.56550216674805,98.15213012695312
2020-10-06,177.3000030517578,137.28781127929688,12.250619888305664,22.383878707885742,55.5610237121582,56.19734191894531,96.85016632080078
2020-10-07,177.22000122070312,136.28663635253906,12.423627853393555,22.75922966003418,56.579612731933594,56.80218505859375,98.67841339111328
2020-10-08,177.85000610351562,137.02252197265625,12.889102935791016,23.070507049560547,56.87269973754883,57.17910385131836,99.15853118896484
2020-10-09,181.0800018310547,136.99684143066406,12.68313980102539,23.09796714782715,57.74234390258789,57.626163482666016,100.05419158935547
2020-10-12,180.55999755859375,137.433349609375,12.716093063354492,23.354305267333984,59.318275451660156,58.2923698425293,100.73748016357422
2020-10-13,177.72000122070312,138.41746520996094,12.518369674682617,22.90571403503418,58.938697814941406,58.24852752685547,99.9710922241211
2020-10-14,178.27000427246094,138.7339630126953,12.571922302246094,22.685991287231445,58.626407623291016,57.950496673583984,99.3893814086914
2020-10-15,178.9199981689453,138.49447631835938,12.724331855773926,22.859933853149414,58.36214828491211,57.985557556152344,98.66917419433594
2020-10-16,178.3000030517578,138.109375,12.435985565185547,22.878246307373047,58.1939811706543,58.00308609008789,99.64794158935547
2020-10-19,178.38999938964844,137.58731079101562,12.17235279083252,22.530359268188477,57.12735366821289,57.24922561645508,98.06900787353516
2020-10-20,179.25,136.27801513671875,12.3165283203125,22.713455200195312,57.324344635009766,57.18787384033203,98.1982650756836
2020-10-21,180.60000610351562,135.80738830566406,12.081729888916016,22.594444274902344,57.237857818603516,57.240482330322266,97.70889282226562
2020-10-22,178.8300018310547,134.39541625976562,12.580159187316895,23.043033599853516,56.968788146972656,57.21417236328125,99.18624114990234
2020-10-23,178.63999938964844,135.21681213378906,12.518369674682617,23.11627769470215,56.90633773803711,57.31935119628906,99.55558013916016
2020-10-26,178.5500030517578,136.4747772216797,12.069374084472656,22.594444274902344,55.671546936035156,56.58304214477539,98.44756317138672
2020-10-27,179.02000427246094,137.39053344726562,11.912841796875,22.18246841430664,55.95021438598633,56.43401336669922,97.77352142333984
2020-10-28,176.1300048828125,137.5188751220703,11.414413452148438,21.614866256713867,53.57672119140625,54.78605651855469,94.67105865478516
2020-10-29,175.39999389648438,136.1839141845703,11.764549255371094,21.779651641845703,54.47037887573242,54.76852798461914,93.89543914794922
2020-10-30,176.1999969482422,134.84043884277344,11.83045768737793,21.843738555908203,53.26439666748047,54.57567596435547,93.86774444580078
2020-11-02,177.91000366210938,135.85035705566406,12.234145164489746,22.25571060180664,53.3989372253418,55.44348907470703,95.55746459960938
2020-11-03,178.9199981689453,135.062255859375,12.164113998413086,22.750076293945312,54.34064483642578,56.35512924194336,96.95172882080078
2020-11-04,178.82000732421875,137.9921112060547,12.180594444274902,22.48458480834961,56.45469284057617,56.38142395019531,101.25455474853516
2020-11-05,182.92999267578125,138.23191833496094,12.180594444274902,23.03388023376465,58.208404541015625,56.793418884277344,101.4576644897461
2020-11-06,183.19000244140625,136.5614471435547,11.916962623596191,22.85078239440918,58.41499710083008,57.056373596191406,101.49462127685547
2020-11-09,175.0800018310547,133.69155883789062,13.618206024169922,24.727550506591797,57.9921875,56.924903869628906,102.44566345214844
2020-11-10,175.66000366210938,132.92056274414062,14.058967590332031,24.855716705322266,56.91114044189453,58.04691696166992,102.74113464355469
2020-11-11,174.89999389648438,133.40036010742188,13.914793014526367,24.755014419555664,58.26124954223633,58.546566009521484,102.61186981201172
2020-11-12,175.9600067138672,135.67047119140625,13.465795516967773,24.343036651611328,57.74234390258789,58.38877487182617,102.23330688476562
2020-11-13,177.16000366210938,135.49057006835938,13.955985069274902,24.745859146118164,58.232418060302734,59.19524002075195,103.52599334716797
2020-11-16,177.14999389648438,135.16514587402344,14.874577522277832,25.295154571533203,58.79456329345703,59.73872375488281,103.35054016113281
2020-11-17,176.5,136.04736328125,15.02698802947998,25.258533477783203,58.46784973144531,59.317955017089844,102.67650604248047
2020-11-18,175.49000549316406,136.44149780273438,14.590350151062012,25.020505905151367,57.84324645996094,58.50274658203125,100.76518249511719
2020-11-19,175.16000366210938,137.14395141601562,14.829264640808105,25.102901458740234,58.309303283691406,58.660518646240234,100.69129943847656
2020-11-20,175.69000244140625,138.36044311523438,14.750999450683594,24.883180618286133,57.70871353149414,58.2923698425293,100.46047973632812
2020-11-23,172.22999572753906,137.72653198242188,15.793168067932129,25.350086212158203,57.694305419921875,58.30989074707031,100.20193481445312
2020-11-24,169.58999633789062,136.35577392578125,16.604658126831055,26.238117218017578,58.496673583984375,58.7043571472168,100.49739837646484
2020-11-25,169.50999450683594,135.93601989746094,16.21744728088379,26.146568298339844,58.6215934753418,58.66927719116211,100.1280746459961
2020-11-27,167.7899932861328,137.2553253173828,16.027963638305664,26.064170837402344,58.93389892578125,58.660518646240234,101.0514144897461
2020-11-30,166.6699981689453,137.08399963378906,15.142325401306152,25.52402687072754,59.3278694152832,58.65176010131836,101.32839965820312
2020-12-01,170.17999267578125,135.0628204345703,15.212352752685547,25.917692184448242,60.087013244628906,59.16893005371094,102.17790985107422
2020-12-02,171.4600067138672,133.99081420898438,15.706664085388184,26.201496124267578,59.9957389831543,58.67805862426758,102.94427490234375
2020-12-03,172.80999755859375,135.0714111328125,15.871427536010742,26.210649490356445,59.9572868347168,58.82707977294922,102.81501770019531
2020-12-04,172.32000732421875,133.09039306640625,16.736473083496094,26.53107261657715,60.55788040161133,59.28288269042969,103.913818359375
2020-12-07,174.88999938964844,134.29100036621094,16.34514617919922,26.347972869873047,60.73084259033203,59.054988861083984,103.27667236328125
2020-12-08,175.5,134.925537109375,16.588178634643555,26.338821411132812,60.927825927734375,59.37930679321289,104.0615005493164
2020-12-09,172.5,134.4796600341797,16.625253677368164,26.27474021911621,59.76029586791992,59.14262390136719,103.701416015625
2020-12-10,172.1699981689453,135.6715850830078,17.136035919189453,26.320512771606445,59.84678649902344,58.87966537475586,103.52599334716797
2020-12-11,172.49000549316406,136.1518096923828,16.938316345214844,26.055015563964844,59.721866607666016,59.01115417480469,103.11972045898438
2020-12-14,171.5399932861328,135.77444458007812,16.34514617919922,25.75290870666504,59.938072204589844,58.78325271606445,102.3440933227539
2020-12-15,173.94000244140625,135.32000732421875,16.666446685791016,26.19234275817871,60.93743896484375,58.92350387573242,103.45211791992188
2020-12-16,174.89999389648438,134.9599151611328,16.584054946899414,26.238117218017578,61.35064697265625,59.03744125366211,103.14739227294922
2020-12-17,176.74000549316406,134.60276794433594,16.505794525146484,26.311357498168945,61.835899353027344,59.41436767578125,104.25542449951172
2020-12-18,176.44000244140625,134.19923400878906,16.229806900024414,26.082483291625977,61.61970520019531,59.54587173461914,104.33855438232422
2020-12-21,175.8800048828125,134.73153686523438,15.916730880737305,26.43407440185547,61.68135070800781,58.904151916503906,103.29454803466797
2020-12-22,174.49000549316406,135.4268035888672,15.64957332611084,26.17637062072754,62.215904235839844,58.488712310791016,102.97933197021484
2020-12-23,175.64999389648438,134.49110412597656,15.996041297912598,26.60895347595215,61.74395751953125,58.683162689208984,103.05350494384766
2020-12-24,176.35000610351562,135.0233917236328,15.912553787231445,26.645774841308594,62.153289794921875,58.974857330322266,103.35020446777344
2020-12-28,175.7100067138672,135.08343505859375,15.812371253967285,26.774625778198242,62.85641098022461,59.443336486816406,103.60978698730469
2020-12-29,176.35000610351562,134.91177368164062,15.708015441894531,26.682588577270508,62.557823181152344,59.26654052734375,104.10118865966797
2020-12-30,177.6999969482422,135.2036590576172,15.95429801940918,26.80223846435547,62.52410888671875,59.204681396484375,104.08265686035156
2020-12-31,178.36000061035156,135.40109252929688,15.820721626281738,27.133588790893555,62.615623474121094,59.6201057434082,105.17668151855469
2021-01-04,182.3300018310547,135.23797607421875,15.845765113830566,26.765422821044922,61.59465789794922,58.974857330322266,104.72237396240234
2021-01-05,182.8699951171875,134.23361206054688,16.555404663085938,26.88507843017578,61.99436569213867,58.974857330322266,105.4826431274414
2021-01-06,179.89999389648438,131.47804260253906,17.06049919128418,28.072404861450195,60.92525863647461,59.01904296875,106.92900085449219
2021-01-07,179.47999572753906,130.3191375732422,17.310958862304688,28.477384567260742,62.56745529174805,58.84226989746094,108.31975555419922
2021-01-08,173.33999633789062,129.8985137939453,17.290084838867188,28.45897102355957,62.97197723388672,59.13395309448242,108.83895874023438
2021-01-11,173.0,129.68392944335938,17.56141471862793,28.551013946533203,62.45188903808594,58.6301383972168,109.3488998413086
2021-01-12,174.1199951171875,129.58090209960938,18.175045013427734,28.845544815063477,62.153289794921875,58.4356803894043,108.16213989257812
2021-01-13,173.3699951171875,131.04022216796875,18.033119201660156,28.827136993408203,62.548194885253906,58.5240592956543,108.45882415771484
2021-01-14,173.27999877929688,129.81263732910156,18.567432403564453,28.955991744995117,61.99919128417969,58.21469497680664,108.11576843261719
2021-01-15,171.1300048828125,130.3277130126953,17.84527587890625,28.477384567260742,61.36349105834961,58.01138687133789,108.4495620727539
2021-01-19,172.5800018310547,130.7483673095703,18.20426368713379,28.551013946533203,62.162925720214844,57.75505065917969,109.26547241210938
2021-01-20,175.38999938964844,130.8771514892578,18.271053314208984,28.43136215209961,63.39577102661133,57.86112594604492,109.86810302734375
2021-01-21,175.27999877929688,129.95855712890625,17.653257369995117,28.12762451171875,64.21446228027344,57.666656494140625,109.3488998413086
2021-01-22,173.89999389648438,130.3792724609375,17.56141471862793,27.925140380859375,63.968875885009766,57.51639175415039,109.02438354492188
2021-01-25,174.0500030517578,131.91583251953125,17.38191795349121,27.72264862060547,64.50344848632812,58.09093475341797,109.73828887939453
2021-01-26,173.6199951171875,131.66688537597656,17.010406494140625,27.50174903869629,64.54676055908203,58.6124382019043,109.3303451538086
2021-01-27,172.52000427246094,132.00167846679688,16.780818939208984,26.69179344177246,63.32835006713867,57.622459411621094,106.0111312866211
2021-01-28,172.67999267578125,131.27200317382812,16.977008819580078,27.188814163208008,63.58840560913086,57.843448638916016,107.5594711303711
2021-01-29,172.61000061035156,130.4822540283203,16.413475036621094,26.645774841308594,62.090694427490234,56.65015411376953,106.65084838867188
2021-02-01,174.22999572753906,130.6334686279297,16.530357360839844,26.995525360107422,63.646209716796875,56.70318603515625,107.05883026123047
2021-02-02,172.11000061035156,129.791259765625,16.709856033325195,27.649011611938477,64.50824737548828,57.083282470703125,107.36478424072266
2021-02-03,171.85000610351562,128.63958740234375,17.423664093017578,27.805484771728516,64.28671264648438,57.17168045043945,106.60450744628906
2021-02-04,168.14999389648438,128.2958221435547,17.61568832397461,28.422155380249023,65.3124771118164,57.58711624145508,107.04954528808594
2021-02-05,169.80999755859375,127.22158813476562,17.765958786010742,28.43136215209961,65.16801452636719,58.12630081176758,107.24425506591797
2021-02-08,171.52000427246094,127.78022766113281,18.508989334106445,28.799522399902344,65.85188293457031,58.34728240966797,107.37405395507812
2021-02-09,172.0800018310547,127.87474822998047,18.31279754638672,28.808725357055664,65.77479553222656,58.29424285888672,107.53168487548828
2021-02-10,172.7100067138672,128.7255401611328,18.663434982299805,28.808725357055664,65.678466796875,58.23237228393555,107.72637939453125
2021-02-11,171.2100067138672,128.02085876464844,18.375411987304688,28.716690063476562,66.40087890625,57.97602844238281,107.93035888671875
2021-02-12,170.69000244140625,126.43089294433594,18.646739959716797,29.011211395263672,66.74278259277344,58.064422607421875,108.73699188232422
2021-02-16,168.24000549316406,124.50575256347656,19.114269256591797,29.508235931396484,66.52608489990234,57.95835494995117,107.6614761352539
2021-02-17,166.3300018310547,125.29643249511719,19.39812469482422,29.655500411987305,65.93856048583984,58.17049789428711,108.05088806152344
2021-02-18,166.32000732421875,124.7893295288086,18.959815979003906,29.480627059936523,65.61589050292969,58.13512420654297,107.37405395507812
2021-02-19,167.00999450683594,123.13066101074219,19.27706527709961,29.83037757873535,65.51956939697266,57.4014892578125,106.0760498046875
2021-02-22,169.50999450683594,122.19390869140625,19.94496726989746,30.10649871826172,64.07482147216797,57.454524993896484,105.8257064819336
2021-02-23,169.1199951171875,121.84156799316406,20.274734497070312,30.290584564208984,63.896629333496094,57.5340690612793,105.64954376220703
2021-02-24,169.0,121.04222106933594,20.992717742919922,30.879640579223633,64.87423706054688,57.49871826171875,106.38199615478516
2021-02-25,165.82000732421875,119.06555938720703,20.587810516357422,30.31818962097168,62.60598373413086,56.87113571166992,105.31575775146484
2021-02-26,161.80999755859375,123.00178527832031,20.099411010742188,29.73834228515625,62.938262939453125,55.95185852050781,104.40715789794922
2021-03-01,161.52999877929688,121.37716674804688,20.621206283569336,30.66794776916504,64.96575164794922,56.51757049560547,105.77008056640625
2021-03-02,162.41000366210938,121.38583374023438,20.50849723815918,30.55750274658203,63.93516540527344,56.42034149169922,105.46409606933594
2021-03-03,160.6199951171875,120.06929779052734,20.80904769897461,30.79680824279785,62.326663970947266,56.15515899658203,104.12898254394531
2021-03-04,159.0399932861328,119.29490661621094,21.30579376220703,30.447057723999023,60.9493293762207,55.95185852050781,102.72900390625
2021-03-05,159.13999938964844,119.5271987915039,22.103090286254883,31.02691078186035,62.10031509399414,57.18935012817383,104.78729248046875
2021-03-08,157.49000549316406,118.59790802001953,22.14483642578125,31.42267608642578,60.5977783203125,57.43684768676758,104.52767181396484
2021-03-09,160.83999633789062,120.24140930175781,21.75661849975586,31.137361526489258,62.65896987915039,57.3838005065918,105.13958740234375
2021-03-10,161.66000366210938,120.48231506347656,22.307632446289062,31.77243423461914,62.40854263305664,58.13512420654297,105.38068389892578
2021-03-11,161.52000427246094,119.61324310302734,22.315980911254883,31.680400848388672,63.742523193359375,57.993717193603516,106.02040100097656
2021-03-12,161.49000549316406,117.07491302490234,22.36189842224121,32.002532958984375,63.28500747680664,58.47102737426758,106.25218963623047
2021-03-15,162.1999969482422,117.76326751708984,22.10726547241211,31.818452835083008,63.95924377441406,58.727359771728516,106.98464965820312
2021-03-16,162.35000610351562,117.28999328613281,21.476943969726562,31.487098693847656,64.4408187866211,58.798072814941406,106.91973876953125
2021-03-17,163.50999450683594,116.41229248046875,21.6439151763916,31.698806762695312,64.3878402709961,58.70967483520508,106.53034210205078
2021-03-18,162.55999755859375,115.23348999023438,20.671297073364258,31.86447525024414,62.601165771484375,58.47102737426758,106.30781555175781
2021-03-19,163.24000549316406,115.94767761230469,20.675466537475586,31.49631118774414,62.41335678100586,58.67432403564453,106.68794250488281
2021-03-22,163.0,117.24695587158203,20.47719383239746,31.090471267700195,63.640602111816406,59.29374694824219,107.61646270751953
2021-03-23,161.80999755859375,118.30537414550781,20.17767333984375,30.65595817565918,63.24486541748047,59.542579650878906,106.5279312133789
2021-03-24,162.3699951171875,118.94209289550781,20.68390655517578,30.76689910888672,62.477535247802734,59.311519622802734,106.406982421875
2021-03-25,161.77999877929688,118.00421142578125,20.759838104248047,31.284603118896484,62.43893051147461,59.88917922973633,106.85355377197266
2021-03-26,162.24000549316406,117.59120178222656,21.274511337280273,31.774593353271484,64.02669525146484,60.94672393798828,108.87246704101562
2021-03-29,160.30999755859375,116.59302520751953,21.021398544311523,31.497238159179688,63.693687438964844,61.5599250793457,109.38416290283203
2021-03-30,157.57000732421875,117.2039794921875,20.839994430541992,31.719118118286133,63.0904426574707,60.90227127075195,108.39795684814453
2021-03-31,159.9600067138672,116.54997253417969,20.696561813354492,31.478750228881836,64.0942611694336,60.70676803588867,108.61197662353516
2021-04-01,161.97999572753906,118.48435974121094,21.22389030456543,31.867036819458008,65.3827896118164,60.41349411010742,108.28633117675781
2021-04-05,161.9199981689453,117.96742248535156,20.7176570892334,32.116641998291016,66.73406982421875,61.18666076660156,109.0399398803711
2021-04-06,163.22000122070312,118.76873779296875,20.662813186645508,32.05193328857422,66.4493408203125,61.44438552856445,108.62126922607422
2021-04-07,162.75999450683594,117.94155883789062,20.734529495239258,32.20909881591797,66.80164337158203,61.29330825805664,108.37936401367188
2021-04-08,164.50999450683594,118.91519927978516,20.46453857421875,32.218345642089844,67.76686096191406,61.355525970458984,108.54682922363281
2021-04-09,163.27000427246094,118.48435974121094,20.329540252685547,32.49568557739258,68.41837310791016,61.248870849609375,109.73771667480469
2021-04-12,162.27999877929688,118.43269348144531,20.16923713684082,32.634361267089844,68.0901870727539,61.57769012451172,109.849365234375
2021-04-13,163.42999267578125,119.32018280029297,20.190326690673828,32.329280853271484,68.7320327758789,61.248870849609375,110.30523681640625
2021-04-14,162.72000122070312,118.94105529785156,20.75140380859375,32.5234260559082,68.00331115722656,61.19556427001953,110.29594421386719
2021-04-15,165.35000610351562,120.93144226074219,20.582658767700195,32.49568557739258,69.17122650146484,61.684329986572266,112.18460845947266
2021-04-16,166.35000610351562,119.99222564697266,20.418134689331055,32.726810455322266,69.15673065185547,62.039817810058594,113.02193450927734
2021-04-19,165.88999938964844,119.6475830078125,20.39703941345215,32.634361267089844,68.58243560791016,61.79985427856445,113.04988098144531
2021-04-20,166.47999572753906,120.19905090332031,19.857053756713867,32.024200439453125,67.97435760498047,62.137569427490234,113.48712921142578
2021-04-21,168.1300048828125,120.44027709960938,20.11017608642578,32.46794891357422,68.65965270996094,62.44860076904297,114.82685852050781
2021-04-22,167.0399932861328,120.96595001220703,19.873929977416992,32.10739517211914,67.85371398925781,61.98649597167969,114.3151626586914
2021-04-23,166.39999389648438,120.68160247802734,20.055335998535156,32.708309173583984,68.8671646118164,61.826534271240234,115.06877899169922
2021-04-26,166.83999633789062,120.5092544555664,20.190326690673828,32.837745666503906,69.21947479248047,61.13334274291992,114.67800903320312
2021-04-27,166.4199981689453,119.45803833007812,20.43500518798828,33.09660339355469,69.05056762695312,61.08890151977539,114.0174560546875
2021-04-28,166.91000366210938,119.53556823730469,21.139522552490234,33.22602844238281,68.40869903564453,61.13334274291992,113.67321014404297
2021-04-29,166.22000122070312,119.18234252929688,21.375757217407227,33.81769561767578,68.3508071899414,61.782073974609375,113.21732330322266
2021-04-30,165.66000366210938,119.45803833007812,20.835777282714844,33.52186584472656,67.41939544677734,61.83541488647461,112.88239288330078
2021-05-03,167.80999755859375,119.5296630859375,21.40951156616211,33.68827438354492,67.23114776611328,62.34196853637695,114.16629791259766
2021-05-04,166.5800018310547,120.34080505371094,21.422163009643555,33.95636749267578,66.02464294433594,62.022056579589844,114.28724670410156
2021-05-05,167.27000427246094,120.53929901123047,22.1140193939209,34.23371505737305,65.86540222167969,61.97760772705078,114.49192810058594
2021-05-06,170.05999755859375,120.73770904541016,22.227924346923828,34.742191314697266,66.52657318115234,62.77742385864258,114.64079284667969
2021-05-07,171.58999633789062,120.14228820800781,22.624473571777344,34.92708206176758,67.09602355957031,62.77742385864258,115.43162536621094
2021-05-10,172.11000061035156,118.9256362915039,22.63290786743164,34.899356842041016,65.40209197998047,63.25732421875,115.58048248291016
2021-05-11,172.13999938964844,118.2525863647461,22.050739288330078,34.27994918823242,65.2042465209961,62.70633316040039,114.33377075195312
2021-05-12,170.42999267578125,117.00995635986328,22.156208038330078,33.92863845825195,63.370330810546875,61.870967864990234,113.25454711914062
2021-05-13,171.1300048828125,117.19120788574219,21.886215209960938,34.474082946777344,64.21007537841797,62.741878509521484,114.27794647216797
2021-05-14,172.69000244140625,118.28709411621094,22.56540870666504,35.019535064697266,65.62409210205078,63.01738357543945,114.85477447509766
2021-05-17,174.6999969482422,118.03688049316406,23.088525772094727,35.08424758911133,65.1415023803711,62.92850875854492,114.64079284667969
2021-05-18,175.0399932861328,117.73483276367188,22.552751541137695,34.59425735473633,64.62028503417969,62.73298263549805,114.67800903320312
2021-05-19,175.16000366210938,117.45008087158203,21.991683959960938,34.38163757324219,64.84709167480469,62.52857971191406,114.48265075683594
2021-05-20,175.9600067138672,118.41651153564453,21.957929611206055,34.40011978149414,66.0873794555664,63.10626220703125,115.68281555175781
2021-05-21,176.0399932861328,118.79621124267578,22.00433349609375,34.742191314697266,65.7254409790039,63.11511993408203,115.70142364501953
2021-05-24,176.35000610351562,119.23626708984375,22.22370719909668,34.908592224121094,66.89334869384766,63.3017578125,115.81307983398438
2021-05-25,177.9499969482422,120.34080505371094,21.772314071655273,34.557289123535156,66.91263580322266,63.31953430175781,115.46883392333984
2021-05-26,177.63999938964844,120.13368225097656,21.966367721557617,34.65898132324219,66.90782165527344,63.18623733520508,114.79895782470703
2021-05-27,177.7100067138672,119.6504898071289,21.98324203491211,35.05650329589844,66.5555191040039,62.79521560668945,114.54776000976562
2021-05-28,178.3800048828125,119.46062469482422,22.025428771972656,35.1212272644043,66.7919921875,62.92850875854492,114.99433135986328
2021-06-01,177.89999389648438,119.43386840820312,22.87337303161621,35.3338623046875,66.46382904052734,62.71521759033203,113.1056900024414
2021-06-02,178.77000427246094,119.71034240722656,23.299455642700195,35.38932418823242,66.92228698730469,62.94627380371094,112.88239288330078
2021-06-03,175.27000427246094,119.26102447509766,23.362733840942383,35.47252655029297,66.29974365234375,63.33732223510742,113.22661590576172
2021-06-04,177.16000366210938,120.89424896240234,23.518821716308594,35.564979553222656,67.57381439208984,63.559471130371094,113.5894775390625
2021-06-07,177.8699951171875,120.52268981933594,23.41757583618164,35.3338623046875,67.5593490600586,63.45284652709961,113.99883270263672
2021-06-08,177.32000732421875,121.3695068359375,23.620067596435547,35.24140930175781,67.56414031982422,62.919639587402344,113.64530181884766
2021-06-09,176.97999572753906,122.44104766845703,23.472410202026367,34.908592224121094,67.61241912841797,62.617454528808594,114.7431411743164
2021-06-10,177.74000549316406,123.17559051513672,23.44288444519043,34.5018196105957,68.1094970703125,63.008480072021484,116.70623779296875
2021-06-11,175.74000549316406,122.97687530517578,23.362733840942383,34.72370910644531,68.51487731933594,63.04404830932617,115.87820434570312
2021-06-14,174.7100067138672,122.034912109375,23.261486053466797,34.36314392089844,69.2098159790039,63.008480072021484,115.98053741455078
2021-06-15,174.0500030517578,121.8880844116211,23.704444885253906,34.4278678894043,68.78514099121094,62.85742950439453,116.01774597167969
2021-06-16,171.11000061035156,121.78433990478516,23.577882766723633,34.3908805847168,68.41354370117188,62.022056579589844,115.57117462158203
2021-06-17,165.85000610351562,123.6076889038086,22.77634620666504,33.373939514160156,69.20499420166016,62.244224548339844,116.45501708984375
2021-06-18,164.92999267578125,125.93228149414062,22.101362228393555,32.56964111328125,68.57279205322266,61.142242431640625,115.12459564208984
2021-06-21,166.9499969482422,123.82369995117188,23.043210983276367,33.32979202270508,69.30767822265625,61.8434944152832,116.50785064697266
2021-06-22,166.25,124.12615966796875,23.196630477905273,33.3854866027832,69.93622589111328,61.932952880859375,116.7600326538086
2021-06-23,166.13999938964844,123.80643463134766,23.260560989379883,33.450462341308594,69.85885620117188,61.54832077026367,116.27436828613281
2021-06-24,166.0399932861328,124.00517272949219,23.460859298706055,33.868125915527344,70.298828125,61.852447509765625,116.87210845947266
2021-06-25,166.58999633789062,122.71758270263672,23.584447860717773,34.27650451660156,70.21662902832031,62.32650375366211,117.40450286865234
2021-06-28,166.5800018310547,123.97925567626953,22.78750228881836,34.025909423828125,70.95153045654297,62.38017654418945,117.58193969726562
2021-06-29,164.8300018310547,124.18672943115234,22.676700592041016,33.905250549316406,71.46886444091797,62.10288619995117,117.71273040771484
2021-06-30,165.6300048828125,124.73973846435547,22.95797348022461,34.05375289916992,71.39151763916016,62.585899353027344,117.63800048828125
2021-07-01,166.1999969482422,124.7466049194336,23.358579635620117,34.322914123535156,71.51238250732422,62.398067474365234,118.68409729003906
2021-07-02,167.2899932861328,125.49940490722656,23.30743408203125,34.28578567504883,72.45519256591797,62.55012893676758,119.82357788085938
2021-07-06,168.1199951171875,126.97041320800781,22.548847198486328,33.74746322631836,72.73075866699219,62.29074478149414,119.71148681640625
2021-07-07,168.75999450683594,128.0952911376953,22.182334899902344,33.79386901855469,73.1272201538086,62.62167739868164,120.46803283691406
2021-07-08,168.64999389648438,128.59710693359375,22.054487228393555,33.11631774902344,72.43582916259766,62.389122009277344,119.8049087524414
2021-07-09,169.2100067138672,126.7887191772461,22.523277282714844,34.07231521606445,73.10304260253906,62.746910095214844,120.21587371826172
2021-07-12,169.0,126.62423706054688,22.489181518554688,34.40645980834961,73.16106414794922,62.64852523803711,120.44937133789062
2021-07-13,169.22000122070312,125.65518951416016,22.31871223449707,34.035186767578125,73.4608383178711,62.63064193725586,120.3372802734375
2021-07-14,171.0399932861328,127.08287811279297,21.653881072998047,33.877403259277344,74.00233459472656,63.1851921081543,120.22518920898438
2021-07-15,171.07000732421875,128.48464965820312,21.351299285888672,33.9887809753418,73.39315032958984,63.444602966308594,119.8049087524414
2021-07-16,169.41000366210938,128.2423095703125,20.74613380432129,33.52470779418945,72.66792297363281,63.54296875,120.13178253173828
2021-07-19,169.61000061035156,131.05450439453125,20.013111114501953,32.587276458740234,71.66710662841797,63.35513687133789,118.87088012695312
2021-07-20,169.38999938964844,129.79112243652344,20.281604766845703,33.394771575927734,72.73075866699219,63.37303161621094,120.318603515625
2021-07-21,168.75999450683594,128.1471710205078,20.989051818847656,33.97022247314453,73.43180847167969,63.212032318115234,120.5147476196289
2021-07-22,169.08999633789062,129.3585662841797,20.75465202331543,33.59895706176758,73.97333526611328,63.10468292236328,121.40202331542969
2021-07-23,168.55999755859375,128.49327087402344,20.677942276000977,33.65464401245117,74.70821380615234,63.86500549316406,122.80305480957031
2021-07-26,168.16000366210938,128.112548828125,21.18935203552246,33.84956741333008,74.6695556640625,63.97231674194336,122.0091552734375
2021-07-27,168.44000244140625,129.47964477539062,20.993310928344727,33.84028244018555,73.9636459350586,64.10648345947266,122.57889556884766
2021-07-28,169.2899932861328,129.4883270263672,21.185089111328125,33.79386901855469,73.87178802490234,63.54296875,123.01785278320312
2021-07-29,171.1699981689453,128.77015686035156,21.38965606689453,34.16513442993164,74.2150650024414,63.85605239868164,123.3167495727539
2021-07-30,169.82000732421875,129.3758544921875,21.048717498779297,33.895973205566406,74.16670989990234,63.9633903503418,123.4288101196289
2021-08-02,169.61000061035156,130.52981567382812,20.891033172607422,33.905250549316406,73.90081024169922,63.695037841796875,123.59693908691406
2021-08-03,169.49000549316406,130.59913635253906,21.2490177154541,34.28578567504883,74.37462615966797,63.98127746582031,125.3155288696289
2021-08-04,169.52999877929688,130.86764526367188,20.673683166503906,33.99806594848633,74.52449035644531,63.1494140625,124.78315734863281
2021-08-05,168.86000061035156,130.2005615234375,20.908077239990234,34.443572998046875,74.93546295166016,63.453548431396484,124.26942443847656
2021-08-06,164.63999938964844,128.02613830566406,21.099855422973633,35.13969039916992,74.87260437011719,63.453548431396484,124.1667251586914
2021-08-09,161.72000122070312,127.56697845458984,20.801538467407227,35.23249816894531,74.63085174560547,63.686119079589844,124.64305877685547
2021-08-10,161.77000427246094,126.97784423828125,21.168041229248047,35.603759765625,74.09420013427734,64.14227294921875,124.35346984863281
2021-08-11,164.0,126.89989471435547,21.334251403808594,36.01214599609375,74.10386657714844,64.35694122314453,123.1206283569336
2021-08-12,164.0399932861328,126.69202423095703,21.312944412231445,36.077117919921875,74.52933502197266,64.32118225097656,124.09198760986328
2021-08-13,166.38999938964844,128.69320678710938,21.061500549316406,35.807952880859375,74.93546295166016,64.85785675048828,124.86720275878906
2021-08-16,167.22000122070312,129.00503540039062,20.673683166503906,35.71513748168945,75.27389526367188,65.23352813720703,126.28689575195312
2021-08-17,166.97000122070312,128.95310974121094,20.46059226989746,35.464534759521484,74.65019989013672,65.26930236816406,127.78129577636719
2021-08-18,167.10000610351562,129.38624572753906,20.034423828125,35.0283088684082,73.62037658691406,64.45535278320312,125.83856201171875
2021-08-19,166.61000061035156,130.33924865722656,19.514493942260742,34.7684326171875,74.34077453613281,64.97413635253906,126.40829467773438
2021-08-20,166.6999969482422,130.42579650878906,19.557106018066406,34.981895446777344,75.29808044433594,65.08145904541016,127.12749481201172
2021-08-23,168.72999572753906,130.33924865722656,20.290128707885742,35.26963424682617,76.26986694335938,64.87574005126953,127.1741943359375
2021-08-24,168.64999389648438,129.32557678222656,20.626806259155273,35.483097076416016,76.18285369873047,64.38377380371094,126.72586059570312
2021-08-25,167.47999572753906,128.2513885498047,20.784486770629883,35.90077209472656,76.13933563232422,64.27645874023438,126.3802719116211
2021-08-26,167.6699981689453,128.60658264160156,20.4691162109375,35.72442626953125,75.66069030761719,63.98127746582031,125.8852767944336
2021-08-27,170.19000244140625,129.48153686523438,21.014617919921875,36.197776794433594,76.39076232910156,64.20487976074219,125.74514770507812
2021-08-30,169.35000610351562,129.81942749023438,20.76744270324707,35.687286376953125,77.21268463134766,64.4911117553711,126.45500946044922
2021-08-31,169.69000244140625,128.9357452392578,20.626806259155273,35.6408805847168,76.80654907226562,64.63423919677734,126.28689575195312
2021-09-01,169.6999969482422,129.1517333984375,20.32421875,35.43669128417969,76.82587432861328,64.97413635253906,126.32423400878906
2021-09-02,169.25,129.715576171875,20.839889526367188,35.55735397338867,76.74369812011719,65.22457122802734,127.67853546142578
2021-09-03,171.05999755859375,128.53585815429688,20.72056007385254,35.33460235595703,77.04830169677734,65.14407348632812,127.81864929199219
2021-09-07,167.7100067138672,127.45156860351562,20.59697151184082,35.121124267578125,77.06761932373047,64.3927230834961,127.07146453857422
2021-09-08,167.2899932861328,128.31900024414062,20.332746505737305,35.037593841552734,76.77269744873047,64.94729614257812,127.01543426513672
2021-09-09,168.02999877929688,129.8717498779297,20.375364303588867,35.13969039916992,76.48262023925781,64.57162475585938,125.54903411865234
2021-09-10,167.17999267578125,128.72666931152344,20.366832733154297,34.87981033325195,75.7283706665039,64.2943344116211,124.40022277832031
2021-09-13,167.74000549316406,129.50738525390625,20.950695037841797,35.278907775878906,75.7525634765625,64.45535278320312,123.63431549072266
2021-09-14,168.82000732421875,131.0774688720703,20.648113250732422,34.8055534362793,75.65585327148438,64.16016387939453,123.61564636230469
2021-09-15,167.8300018310547,130.61767578125,21.41948699951172,35.13969039916992,76.31822967529297,64.3927230834961,124.41889953613281
2021-09-16,164.02999877929688,130.01919555664062,21.176570892333984,35.037593841552734,76.36174011230469,64.17804718017578,124.1013412475586
2021-09-17,163.77000427246094,129.39463806152344,21.018882751464844,34.87981033325195,75.17235565185547,63.82921600341797,124.22273254394531
2021-09-20,164.94000244140625,130.9993896484375,20.377037048339844,34.07068634033203,73.80313873291016,63.191986083984375,122.92646026611328
2021-09-21,166.0399932861328,130.88661193847656,20.424480438232422,34.02407455444336,73.83219909667969,63.1199836730957,123.1138916015625
2021-09-22,165.4199981689453,131.6673126220703,21.054256439208984,34.59270095825195,74.84446716308594,63.299991607666016,123.32012176513672
2021-09-23,163.50999450683594,128.69203186035156,21.791866302490234,35.44096374511719,75.84705352783203,63.53398513793945,124.21056365966797
2021-09-24,163.3000030517578,127.43428039550781,21.955778121948242,35.62740707397461,75.90032958984375,63.56101989746094,123.70440673828125
2021-09-27,163.63999938964844,126.96585845947266,22.736528396606445,36.11212921142578,75.16413116455078,63.27299880981445,121.94229888916016
2021-09-28,162.0500030517578,124.98805236816406,22.814167022705078,35.51554489135742,72.93618774414062,62.525943756103516,119.85212707519531
2021-09-29,161.32000732421875,125.20496368408203,22.814167022705078,35.54350662231445,72.84416961669922,63.09297561645508,120.79878997802734
2021-09-30,164.22000122070312,125.18756866455078,22.469087600708008,34.98419952392578,72.32108306884766,61.958919525146484,119.31785583496094
2021-10-01,164.58999633789062,126.24112701416016,23.223957061767578,35.56215286254883,73.41085052490234,62.12092208862305,119.34597778320312
2021-10-04,165.36000061035156,125.91975402832031,23.603546142578125,35.254539489746094,71.7108154296875,61.922935485839844,117.52761840820312
2021-10-05,164.58999633789062,124.70384216308594,23.741573333740234,35.9443359375,72.73278045654297,62.237945556640625,118.23059844970703
2021-10-06,165.02999877929688,125.40731048583984,23.49138832092285,35.98162078857422,73.2074203491211,62.84096145629883,118.0150375366211
2021-10-07,164.16000366210938,124.09584045410156,23.672555923461914,36.19602584838867,73.87580108642578,63.1199836730957,119.58031463623047
2021-10-08,164.22999572753906,123.22728729248047,24.401538848876953,36.37313461303711,73.59972381591797,63.04798126220703,118.98045349121094
2021-10-11,163.9199981689453,122.91466522216797,24.310956954956055,36.00959014892578,73.19287872314453,63.029972076416016,118.05250549316406
2021-10-12,164.66000366210938,125.01648712158203,24.33252716064453,35.89772033691406,72.81510925292969,63.056976318359375,117.48076629638672
2021-10-13,167.58999633789062,126.232421875,24.310956954956055,35.69265365600586,73.26069641113281,63.17397689819336,117.66822052001953
2021-10-14,168.0,126.70146942138672,24.608591079711914,36.289241790771484,74.91227722167969,63.8850212097168,119.3553466796875
2021-10-15,165.3300018310547,125.96318054199219,24.729366302490234,36.829891204833984,75.51287841796875,63.73200607299805,119.94584655761719
2021-10-18,164.9199981689453,126.55380249023438,24.746620178222656,36.83921432495117,76.15218353271484,63.35398483276367,119.13040161132812
2021-10-19,165.4499969482422,124.80803680419922,25.027000427246094,37.202762603759766,76.9077377319336,63.38100051879883,120.6957015991211
2021-10-20,166.89999389648438,123.965576171875,25.229734420776367,37.50105667114258,76.69463348388672,63.75,122.42031860351562
2021-10-21,166.75,123.81790161132812,24.763877868652344,37.34259033203125,76.99007415771484,63.669002532958984,122.9170913696289
2021-10-22,167.77000427246094,125.18152618408203,24.996801376342773,37.86460494995117,76.72370147705078,64.1640396118164,123.41385650634766
2021-10-25,168.92999267578125,124.99042510986328,25.363452911376953,37.8179931640625,76.97554779052734,64.11903381347656,123.56381225585938
2021-10-26,167.67999267578125,126.02400970458984,25.510114669799805,37.84596252441406,77.19351959228516,64.34403228759766,124.17306518554688
2021-10-27,168.1199951171875,128.31690979003906,24.776811599731445,37.221405029296875,77.12570190429688,63.966026306152344,123.1888656616211
2021-10-28,168.0800018310547,127.88261413574219,24.95366859436035,37.678165435791016,77.90062713623047,64.19103240966797,124.21992492675781
2021-10-29,166.64999389648438,128.27345275878906,24.789756774902344,37.52902603149414,78.23481750488281,64.1280288696289,125.42904663085938
2021-11-01,167.52000427246094,127.34990692138672,25.216793060302734,37.547664642333984,78.11859130859375,64.22703552246094,125.2790756225586
2021-11-02,167.16000366210938,127.9151611328125,24.979549407958984,37.6408805847168,78.80635833740234,64.65904998779297,126.06642150878906
2021-11-03,165.77000427246094,126.5933609008789,24.772504806518555,37.78070831298828,79.26647186279297,65.2620849609375,126.80684661865234
2021-11-04,167.64999389648438,127.92386627197266,24.807010650634766,37.28665542602539,80.50634765625,65.3250961303711,125.93516540527344
2021-11-05,169.83999633789062,129.83706665039062,25.130523681640625,37.305301666259766,80.92289733886719,65.70308685302734,124.52922058105469
2021-11-08,170.4499969482422,129.59356689453125,25.359140396118164,37.5103759765625,81.35879516601562,65.18107604980469,125.26968383789062
2021-11-09,171.2899932861328,131.2806854248047,25.462663650512695,37.305301666259766,81.02459716796875,65.40608215332031,124.8104248046875
2021-11-10,173.14999389648438,128.88047790527344,24.789756774902344,37.24005126953125,79.68782806396484,65.6041030883789,125.16658020019531
2021-11-11,174.1199951171875,128.68917846679688,24.88465118408203,37.34259033203125,80.06077575683594,65.55909729003906,124.80107116699219
2021-11-12,174.4499969482422,128.1239013671875,24.82426643371582,37.42648696899414,81.03429412841797,65.55909729003906,125.41963195800781
2021-11-15,174.17999267578125,126.51502227783203,25.031314849853516,37.42648696899414,80.95195770263672,65.87409973144531,124.64169311523438
2021-11-16,172.9199981689453,126.19329071044922,25.070133209228516,37.38919448852539,81.80440521240234,65.46009826660156,125.16658020019531
2021-11-17,174.5,127.19338989257812,24.686233520507812,36.96040344238281,81.55736541748047,65.31607818603516,125.34467315673828
2021-11-18,173.94000244140625,127.67167663574219,24.539573669433594,36.77396774291992,82.37105560302734,65.08206939697266,125.39154052734375
2021-11-19,172.61000061035156,129.0196533203125,23.58197593688965,36.37313461303711,82.97163391113281,64.84806823730469,124.63233184814453
2021-11-22,168.74000549316406,127.5064697265625,24.000381469726562,36.88582992553711,82.04655456542969,65.36109161376953,124.06996154785156
2021-11-23,167.27999877929688,125.66282653808594,24.73799705505371,37.46377182006836,81.85765838623047,65.79310607910156,124.201171875
2021-11-24,167.1199951171875,127.68040466308594,24.979549407958984,37.37987518310547,82.45340728759766,65.59510803222656,124.15430450439453
2021-11-26,166.85000610351562,130.90676879882812,23.974506378173828,36.14009094238281,80.39496612548828,64.76705932617188,123.69502258300781
2021-11-29,166.6199951171875,129.85450744628906,24.11254119873047,36.25194549560547,82.40497589111328,64.92906188964844,124.0324478149414
2021-11-30,165.5,131.8285369873047,23.547466278076172,35.385032653808594,81.71720123291016,63.263980865478516,121.59548950195312
2021-12-01,166.16000366210938,132.64178466796875,23.29728126525879,34.993526458740234,80.598388671875,62.957977294921875,121.37991333007812
2021-12-02,165.24000549316406,132.8072052001953,23.974506378173828,36.03755569458008,81.33940887451172,63.624000549316406,121.97041320800781
2021-12-03,166.6300048828125,134.3918914794922,23.784706115722656,35.450286865234375,79.97845458984375,64.41604614257812,122.19536590576172
2021-12-06,166.22000122070312,132.54603576660156,24.138412475585938,35.99094772338867,80.73883819580078,65.55008697509766,122.88896179199219
2021-12-07,166.80999755859375,131.47500610351562,24.703487396240234,36.63414001464844,83.55767822265625,65.69410705566406,124.47297668457031
2021-12-08,166.89999389648438,129.20249938964844,24.69917106628418,36.43838119506836,83.94029235839844,65.4870834350586,125.41028594970703
2021-12-09,165.8800048828125,129.92520141601562,24.50937843322754,36.36381149291992,83.03459930419922,65.66708374023438,125.70085144042969
2021-12-10,166.5800018310547,129.6117706298828,24.690547943115234,36.40110397338867,84.70071411132812,66.7741470336914,126.1413803100586
2021-12-13,167.0,131.5272674560547,24.00469970703125,36.00959014892578,83.4414291381836,67.647216796875,127.33173370361328
2021-12-14,165.44000244140625,131.21385192871094,23.905487060546875,36.2239875793457,82.07076263427734,67.69217681884766,126.81620788574219
2021-12-15,166.14999389648438,129.95135498046875,23.78902244567871,36.32653045654297,84.24542999267578,68.37622833251953,129.41256713867188
2021-12-16,168.16000366210938,130.00189208984375,23.93999671936035,36.783294677734375,81.85765838623047,68.86225128173828,130.18113708496094
2021-12-17,167.8000030517578,131.47500610351562,23.45256805419922,35.97229766845703,81.31037139892578,67.68318939208984,129.27197265625
2021-12-20,167.08999633789062,130.49000549316406,23.162006378173828,35.27357864379883,80.34326171875,67.703125,128.48910522460938
2021-12-21,167.02000427246094,129.99319458007812,23.82177734375,36.004150390625,82.37646484375,67.61249542236328,129.0254364013672
2021-12-22,168.58999633789062,130.5946807861328,23.97471046447754,36.17273712158203,83.45372009277344,68.03841400146484,130.53086853027344
2021-12-23,168.97000122070312,129.46148681640625,23.98781967163086,36.36006546020508,83.9195785522461,68.19249725341797,131.0671844482422
2021-12-27,169.3699951171875,129.7753143310547,24.51214027404785,36.73472595214844,85.71983337402344,68.91746520996094,132.4503173828125
2021-12-28,168.63999938964844,129.2609405517578,24.49466323852539,36.75345993041992,85.27342224121094,69.30713653564453,132.10215759277344
2021-12-29,168.58999633789062,127.8488540649414,24.337364196777344,36.70661926269531,85.3462142944336,69.62429809570312,132.85488891601562
2021-12-30,169.8000030517578,128.92098999023438,24.188806533813477,36.64106369018555,84.78330993652344,69.40679168701172,133.1277618408203
2021-12-31,170.9600067138672,129.17376708984375,24.249977111816406,36.575496673583984,84.37085723876953,69.8780517578125,132.5631866455078
2022-01-03,168.3300018310547,125.78292846679688,25.001508712768555,37.025081634521484,85.17152404785156,69.86898803710938,131.19891357421875
2022-01-04,169.57000732421875,125.25997161865234,25.86664581298828,37.999176025390625,84.26895141601562,70.3402099609375,129.46768188476562
2022-01-05,169.05999755859375,124.58007049560547,25.862272262573242,37.5589599609375,81.67769622802734,70.27677917480469,128.54556274414062
2022-01-06,166.99000549316406,124.9025650024414,26.43902587890625,38.111568450927734,81.2652359008789,70.08646392822266,127.05892944335938
2022-01-07,167.75,124.00474548339844,26.801687240600586,38.5611572265625,80.51793670654297,70.15897369384766,126.40973663330078
2022-01-10,168.25999450683594,124.30982971191406,26.718669891357422,38.430030822753906,80.53250885009766,69.6061782836914,127.70819091796875
2022-01-11,170.2899932861328,125.13792419433594,27.62749481201172,38.76721954345703,81.4981460571289,69.52462005615234,128.72434997558594
2022-01-12,170.74000549316406,124.65853118896484,27.679929733276367,38.79530334472656,81.88150024414062,69.55180358886719,128.3573760986328
2022-01-13,170.16000366210938,125.76554107666016,27.540109634399414,38.645450592041016,79.76095581054688,69.67865753173828,126.36267852783203
2022-01-14,169.6699981689453,123.86529541015625,28.18677520751953,38.242698669433594,80.43545532226562,69.80552673339844,126.14630889892578
2022-01-18,169.38999938964844,122.12196350097656,28.300376892089844,37.390357971191406,78.504150390625,68.7996597290039,124.37741088867188
2022-01-19,172.0800018310547,122.96747589111328,28.095016479492188,36.76280975341797,77.40747833251953,69.23462677001953,123.86930847167969
2022-01-20,171.64999389648438,123.7258529663086,27.83722496032715,36.528663635253906,76.40787506103516,68.78153991699219,123.06014251708984
2022-01-21,171.08999633789062,125.19890594482422,27.28668785095215,35.779354095458984,74.88902282714844,68.83589172363281,121.81816864013672
2022-01-24,172.02999877929688,124.1703872680664,27.470195770263672,35.88238525390625,75.2772216796875,68.60932922363281,121.41355895996094
2022-01-25,172.5800018310547,123.96989440917969,28.53632354736328,36.032249450683594,73.53516387939453,67.84814453125,120.63262939453125
2022-01-26,169.7899932861328,122.47061920166016,28.48826026916504,36.12591552734375,73.96701049804688,67.33158874511719,120.00220489501953
2022-01-27,167.60000610351562,124.71954345703125,28.798484802246094,35.798095703125,73.45752716064453,67.78468322753906,120.31271362304688
2022-01-28,167.10000610351562,124.76315307617188,28.676145553588867,36.26640319824219,76.66989135742188,68.58216857910156,122.76844787597656
2022-01-31,168.08999633789062,124.11809539794922,28.802858352661133,36.58486557006836,78.59634399414062,68.84495544433594,123.47415161132812
2022-02-01,168.22999572753906,123.70608520507812,29.829660415649414,37.09063720703125,78.8001480102539,68.78153991699219,123.803466796875
2022-02-02,168.83999633789062,124.12503814697266,29.925783157348633,37.34353256225586,79.44071197509766,69.6061782836914,125.46885681152344
2022-02-03,168.60000610351562,123.1561050415039,29.64177131652832,36.93141174316406,77.13572692871094,69.62429809570312,124.93252563476562
2022-02-04,168.86000061035156,121.34049987792969,30.10492515563965,37.5589599609375,77.4462890625,68.7724609375,124.48089599609375
2022-02-07,170.11000061035156,121.41908264160156,30.489425659179688,37.671348571777344,76.93192291259766,68.89933013916016,124.26448059082031
2022-02-08,170.6300048828125,120.60731506347656,29.834028244018555,38.19586944580078,77.88301849365234,69.16213989257812,125.28064727783203
2022-02-09,171.2100067138672,120.83426666259766,30.08308219909668,38.43939208984375,79.61051177978516,69.18024444580078,126.24977111816406
2022-02-10,170.55999755859375,118.91387176513672,29.895198822021484,38.10220718383789,77.52879333496094,68.43716430664062,124.27388763427734
2022-02-11,173.80999755859375,120.6771469116211,30.764699935913086,37.56832504272461,75.16075897216797,68.19249725341797,122.55206298828125
2022-02-14,174.74000549316406,119.17578887939453,30.039392471313477,37.14684295654297,75.13650512695312,68.00218200683594,121.30066680908203
2022-02-15,173.0800018310547,117.82279968261719,29.72479248046875,37.65262222290039,77.11145782470703,68.11998748779297,122.66497039794922
2022-02-16,174.86000061035156,118.5211181640625,29.96510887145996,37.68071746826172,77.0338363647461,68.2468490600586,122.8531494140625
2022-02-17,177.25,119.40276336669922,29.917049407958984,36.74409484863281,74.7288818359375,68.7724609375,120.87725830078125
2022-02-18,177.1199951171875,120.65969848632812,29.733531951904297,36.73472595214844,73.97187805175781,68.89933013916016,119.9739990234375
2022-02-22,177.49000549316406,120.97392272949219,29.252899169921875,36.54739761352539,73.28768157958984,68.36466979980469,119.67289733886719
2022-02-23,178.2899932861328,119.30672454833984,29.554380416870117,35.910484313964844,71.45343017578125,67.81188201904297,119.07072448730469
2022-02-24,177.13999938964844,119.38526153564453,29.322811126708984,35.479637145996094,73.89425659179688,66.64285278320312,119.55056762695312
2022-02-25,176.5500030517578,119.4725341796875,30.096189498901367,36.6223258972168,74.89873504638672,68.79058837890625,123.2106704711914
2022-02-28,178.3800048828125,122.09123229980469,30.838979721069336,36.07907485961914,74.76285552978516,67.87531280517578,122.2791976928711
2022-03-01,181.6199951171875,123.50277709960938,31.149200439453125,34.749053955078125,73.26829528808594,67.4765853881836,121.60174560546875
2022-03-02,179.72999572753906,119.28116607666016,31.86141014099121,35.64822769165039,74.85504150390625,68.19249725341797,123.4365005493164
2022-03-03,180.8000030517578,120.49607849121094,31.948795318603516,35.535831451416016,73.9621810913086,68.74529266357422,124.06688690185547
2022-03-04,183.67999267578125,122.5762939453125,32.87073516845703,34.87083053588867,72.66656494140625,68.75434875488281,124.6878890991211
2022-03-07,186.41000366210938,121.64109802246094,33.35573196411133,33.59700012207031,70.00737762451172,67.50376892089844,122.51441955566406
2022-03-08,191.50999450683594,120.41746520996094,33.88005828857422,33.40031433105469,69.6677017211914,65.68228149414062,120.0116195678711
2022-03-09,185.82000732421875,119.23745727539062,32.844520568847656,34.627296447753906,72.42394256591797,66.12631225585938,122.2791976928711
2022-03-10,186.39999389648438,117.52434539794922,33.84947204589844,34.33694076538086,71.15741729736328,65.50104522705078,122.23214721679688
2022-03-11,185.08999633789062,117.91764831542969,33.578575134277344,34.093421936035156,69.90547943115234,64.73981475830078,121.31948852539062
2022-03-14,182.3000030517578,115.16439819335938,32.57362365722656,34.524269104003906,68.60984802246094,65.08416748046875,122.17569732666016
2022-03-15,178.88999938964844,114.96337127685547,31.38078498840332,35.011314392089844,70.91480255126953,66.5431900024414,124.61260223388672
2022-03-16,180.00999450683594,116.09090423583984,31.236587524414062,35.99478530883789,73.2197494506836,66.61568450927734,126.10865020751953
2022-03-17,180.88999938964844,115.22560119628906,32.31145095825195,36.444366455078125,73.73897552490234,67.0778579711914,128.1033477783203
2022-03-18,179.3000030517578,116.63280487060547,32.2808723449707,36.528663635253906,75.24810791015625,67.23189544677734,128.89369201660156
2022-03-21,180.6699981689453,113.93202209472656,33.58216857910156,36.4929313659668,75.10517883300781,67.3183822631836,128.7955322265625
2022-03-22,179.36000061035156,112.47230529785156,33.33513641357422,37.085323333740234,76.18443298339844,67.81906127929688,128.8238525390625
2022-03-23,181.80999755859375,114.93714904785156,33.908592224121094,36.398902893066406,75.01282501220703,67.27286529541016,126.5114517211914
2022-03-24,183.1300048828125,114.03685760498047,33.992401123046875,36.69039535522461,76.96227264404297,67.74624633789062,128.0216064453125
2022-03-25,182.3800048828125,112.454833984375,34.737892150878906,37.16053771972656,76.91850280761719,68.31063079833984,128.61622619628906
2022-03-28,179.05999755859375,113.41632080078125,33.877708435058594,37.057106018066406,77.83248138427734,68.59283447265625,129.5506134033203
2022-03-29,179.13999938964844,114.27288055419922,33.78948974609375,37.14174270629883,79.48538970947266,69.20274353027344,130.31512451171875
2022-03-30,180.5800018310547,115.16439819335938,34.18207931518555,36.878456115722656,78.42556762695312,69.24825286865234,130.5699462890625
2022-03-31,180.64999389648438,115.44410705566406,33.71891403198242,36.03218460083008,77.263671875,69.08441162109375,129.29576110839844
2022-04-01,179.5,115.88358306884766,33.992401123046875,35.93815231323242,77.03519439697266,69.77626037597656,130.31512451171875
2022-04-04,180.3699951171875,115.07817840576172,34.0365104675293,35.77830505371094,78.49850463867188,69.55778503417969,129.2296905517578
2022-04-05,179.24000549316406,112.4782943725586,33.50275802612305,35.55263137817383,76.8456039428711,69.62150573730469,129.50344848632812
2022-04-06,179.66000366210938,111.56793212890625,33.70125961303711,35.30815124511719,75.02738952636719,70.50450134277344,131.47604370117188
2022-04-07,180.33999633789062,110.72755432128906,34.14237594604492,35.27054214477539,75.14408874511719,71.36022186279297,134.00550842285156
2022-04-08,181.47000122070312,109.52824401855469,35.08195114135742,35.62784957885742,74.09400177001953,71.66063690185547,134.80776977539062
2022-04-11,182.3699951171875,107.79496002197266,34.0276985168457,35.4680061340332,72.2271728515625,71.36933135986328,132.12728881835938
2022-04-12,183.77000427246094,107.64615631103516,34.592315673828125,35.082481384277344,71.90632629394531,71.38753509521484,130.8436737060547
2022-04-13,184.64999389648438,107.86500549316406,35.108421325683594,35.082481384277344,73.06334686279297,71.78807830810547,131.48548889160156
2022-04-14,184.0399932861328,105.70281219482422,35.223114013671875,34.68756866455078,71.28889465332031,71.76984405517578,130.85311889648438
2022-04-18,184.61000061035156,105.17755889892578,35.739219665527344,34.8944206237793,71.52226257324219,71.17814636230469,129.40904235839844
2022-04-19,181.82000732421875,104.38972473144531,35.44808578491211,35.37397003173828,72.86402893066406,72.26142120361328,130.6454620361328
2022-04-20,182.7100067138672,106.49066162109375,35.58483123779297,35.61845779418945,72.79597473144531,73.3447265625,132.40101623535156
2022-04-21,182.05999755859375,105.70281219482422,34.45557403564453,35.05427551269531,71.56114196777344,73.28102111816406,130.9380645751953
2022-04-22,180.2899932861328,105.03752136230469,33.61304473876953,34.01054382324219,69.55821228027344,72.13397979736328,126.16223907470703
2022-04-25,177.0500030517578,106.08798217773438,32.50142288208008,34.06696319580078,70.60343170166016,72.45259857177734,127.01171112060547
2022-04-26,177.32000732421875,107.15596008300781,32.54553985595703,33.2112922668457,67.973388671875,71.33290100097656,124.77481842041016
2022-04-27,175.97999572753906,105.7815933227539,33.021949768066406,33.18308639526367,68.97970581054688,71.59689331054688,124.5010986328125
2022-04-28,176.92999267578125,105.93916320800781,34.023277282714844,33.60622024536133,71.74102020263672,72.65288543701172,126.2188491821289
2022-04-29,176.91000366210938,104.56483459472656,33.14986801147461,32.44965362548828,68.75121307373047,70.67747497558594,122.97206115722656
2022-05-02,173.6300048828125,102.75231170654297,33.6792106628418,32.45905685424805,69.79644012451172,69.74896240234375,122.20759582519531
2022-05-03,174.08999633789062,103.44503021240234,34.623199462890625,32.88218688964844,69.91795349121094,69.5486831665039,122.59456634521484
2022-05-04,175.8000030517578,104.01499938964844,36.06123352050781,33.888309478759766,72.37300872802734,71.11442565917969,125.31281280517578
2022-05-05,175.1300048828125,101.16515350341797,35.51866149902344,32.9010009765625,68.89219665527344,69.76715087890625,122.87772369384766
2022-05-06,175.4199981689453,99.67446899414062,36.57733154296875,32.665916442871094,68.3379898071289,69.83997344970703,122.49073791503906
2022-05-09,172.8800048828125,100.55136108398438,33.55128479003906,31.885475158691406,65.69334411621094,69.81266021728516,119.31945037841797
2022-05-10,171.4199981689453,101.4632797241211,33.855655670166016,31.603382110595703,66.69479370117188,69.33021545410156,119.74417877197266
2022-05-11,172.82000732421875,103.418701171875,34.310001373291016,31.311891555786133,64.58976745605469,69.02979278564453,118.95137023925781
2022-05-12,170.1699981689453,103.22583770751953,34.45557403564453,31.07681655883789,63.92375946044922,69.0115737915039,120.10282897949219
2022-05-13,168.7899932861328,101.70006561279297,35.63334655761719,31.528162002563477,66.04821014404297,70.0493392944336,121.37701416015625
2022-05-16,170.39999389648438,101.59481048583984,36.57292938232422,31.264883041381836,65.46484375,70.36796569824219,122.27366638183594
2022-05-17,169.3300018310547,100.3672103881836,36.996402740478516,32.10173797607422,67.36080932617188,69.885498046875,123.9537124633789
2022-05-18,169.4199981689453,102.50675201416016,36.047996520996094,31.217864990234375,64.27863311767578,65.38849639892578,120.75408172607422
2022-05-19,171.91000366210938,102.75231170654297,35.91566848754883,31.011003494262695,63.57371520996094,64.22328186035156,121.01837158203125
2022-05-20,172.02999877929688,103.91852569580078,36.07004928588867,30.954580307006836,63.714717864990234,64.35982513427734,122.49073791503906
2022-05-23,172.8300018310547,102.2086410522461,37.02287292480469,31.960702896118164,65.17802429199219,65.68891143798828,123.56671142578125
2022-05-24,174.1300048828125,104.22543334960938,37.164031982421875,31.894874572753906,64.2105712890625,66.76307678222656,123.934814453125
2022-05-25,173.0800018310547,104.63760375976562,37.93156814575195,32.14875793457031,64.95924377441406,66.78128814697266,123.89706420898438
2022-05-26,172.75999450683594,104.1640625,38.35062026977539,32.89159393310547,66.51978302001953,67.4913330078125,124.42561340332031
2022-05-27,172.85000610351562,104.41838073730469,39.052001953125,33.446372985839844,68.77066802978516,68.27423095703125,126.49260711669922
2022-05-31,171.13999938964844,102.2086410522461,38.46532440185547,33.35234069824219,68.27965545654297,67.791748046875,124.80309295654297
2022-06-01,172.22999572753906,102.09182739257812,39.09170150756836,32.81637191772461,68.07545471191406,66.90873718261719,123.00984954833984
2022-06-02,174.35000610351562,102.14451599121094,38.96818542480469,33.26770782470703,69.72350311279297,67.8827896118164,123.98199462890625
2022-06-03,172.5800018310547,101.9249038696289,39.48430252075195,32.78815841674805,68.0560302734375,67.20004272460938,122.52849578857422
2022-06-06,171.82000732421875,100.0450668334961,39.440185546875,32.88218688964844,68.06087493896484,67.22734069824219,122.54737091064453
2022-06-07,172.94000244140625,101.12554931640625,40.61796569824219,33.13607406616211,68.87272644042969,67.58236694335938,124.14241790771484
2022-06-08,172.77999877929688,100.22952270507812,40.70618438720703,32.55308151245117,68.09490966796875,66.75399017333984,123.160888671875
2022-06-09,172.22999572753906,100.56333923339844,39.806312561035156,31.735031127929688,66.2767105102539,65.75264739990234,120.37654113769531
2022-06-10,174.5399932861328,99.93965911865234,39.13140106201172,30.58786392211914,63.729278564453125,65.47042083740234,118.44168853759766
2022-06-13,169.92999267578125,96.80363464355469,37.08903121948242,29.67577362060547,60.90476608276367,64.0594253540039,114.85514831542969
2022-06-14,168.57000732421875,95.58259582519531,37.159610748291016,29.421897888183594,61.288818359375,63.303855895996094,113.7602767944336
2022-06-15,170.77000427246094,97.3658218383789,36.33913040161133,29.751001358032227,62.58198165893555,63.367576599121094,114.9117431640625
2022-06-16,172.69000244140625,98.13885498046875,34.2923583984375,28.99876594543457,60.03455352783203,62.88511276245117,113.22229766845703
2022-06-17,171.27000427246094,98.45509338378906,32.41761779785156,29.083393096923828,60.58389663696289,62.65752410888672,113.1562271118164
2022-06-21,170.6300048828125,96.78608703613281,34.09705352783203,29.663808822631836,62.125579833984375,64.32949829101562,116.20249938964844
2022-06-22,171.30999755859375,99.44773864746094,32.732086181640625,29.597639083862305,61.86238479614258,64.28365325927734,117.81379699707031
2022-06-23,170.25999450683594,100.26467895507812,31.518798828125,29.48420524597168,62.78847885131836,65.53099060058594,120.45821380615234
2022-06-24,170.08999633789062,98.8767318725586,31.933637619018555,30.571308135986328,65.0451889038086,66.81500244140625,122.4581069946289
2022-06-27,169.89999389648438,98.03340911865234,32.8703727722168,30.467321395874023,64.60652160644531,66.63157653808594,122.91304016113281
2022-06-28,169.6199951171875,98.49021911621094,33.758033752441406,30.164825439453125,62.67148971557617,65.74192810058594,120.7709732055664
2022-06-29,169.49000549316406,100.0274887084961,32.584896087646484,29.994667053222656,62.79821014404297,66.1546401977539,121.82307434082031
2022-06-30,168.4600067138672,100.90592956542969,31.897958755493164,29.72998809814453,61.959869384765625,66.20051574707031,121.5482177734375
2022-07-01,168.32000732421875,101.94187927246094,32.375247955322266,30.136463165283203,62.101226806640625,67.15436553955078,122.91304016113281
2022-07-05,164.75,102.74284362792969,31.090578079223633,30.032482147216797,62.88106918334961,66.72330474853516,122.20219421386719
2022-07-06,162.13999938964844,101.0177230834961,30.55976676940918,29.95685577392578,63.42210388183594,66.91588592529297,123.02680969238281
2022-07-07,162.22999572753906,100.12873077392578,31.661537170410156,30.391698837280273,64.7332534790039,66.98008728027344,123.54810333251953
2022-07-08,162.3000030517578,99.01969909667969,31.648155212402344,30.325529098510742,64.7624740600586,66.86087036132812,123.9177474975586
2022-07-11,161.42999267578125,100.7272720336914,31.344833374023438,30.07974624633789,63.87052917480469,66.76915740966797,123.60496520996094
2022-07-12,160.8300018310547,101.32576751708984,30.73373031616211,29.890684127807617,62.9980583190918,66.57655334472656,122.03157806396484
2022-07-13,161.60000610351562,102.48760986328125,30.684667587280273,29.625999450683594,62.83233642578125,66.6224136352539,120.84681701660156
2022-07-14,159.3300018310547,101.65143585205078,30.104782104492188,29.058809280395508,63.4074821472168,66.67742919921875,120.49613952636719
2022-07-15,159.00999450683594,102.22354125976562,30.595449447631836,30.041933059692383,64.52365112304688,66.89756774902344,123.40592193603516
2022-07-18,159.16000366210938,101.15853118896484,31.295761108398438,29.928495407104492,63.89975357055664,66.24639129638672,120.79942321777344
2022-07-19,159.5399932861328,100.61280059814453,32.25926208496094,30.826541900634766,65.84942626953125,66.94341278076172,122.8561782836914
2022-07-20,158.0399932861328,100.87690734863281,32.57150650024414,30.93998146057129,66.87788391113281,66.49401092529297,121.64298248291016
2022-07-21,160.27000427246094,102.61959075927734,32.00054168701172,31.138490676879883,67.81857299804688,66.69578552246094,123.56706237792969
2022-07-22,160.6699981689453,104.34480285644531,31.73737144470215,30.958885192871094,66.88273620605469,67.13601684570312,123.05525207519531
2022-07-25,160.22999572753906,103.32374572753906,32.90159606933594,31.157400131225586,66.45868682861328,67.46619415283203,123.69976806640625
2022-07-26,160.0399932861328,103.40296936035156,32.60272979736328,30.722551345825195,65.38150024414062,67.31026458740234,124.33477020263672
2022-07-27,161.6699981689453,102.82206726074219,33.33872604370117,31.19521141052246,68.1938705444336,67.76883697509766,125.11201477050781
2022-07-28,163.63999938964844,103.64061737060547,33.52607727050781,31.422080993652344,69.2320556640625,68.85110473632812,125.90814971923828
2022-07-29,164.10000610351562,103.35897064208984,34.98024368286133,31.86638832092285,70.29462432861328,68.31915283203125,125.49111938476562
2022-08-01,165.02999877929688,105.8482437133789,34.25762176513672,31.601696014404297,70.1435317993164,69.1720962524414,124.5622787475586
2022-08-02,164.0500030517578,103.60850524902344,34.17734146118164,31.251928329467773,69.64636993408203,68.62181854248047,124.11678314208984
2022-08-03,164.4499969482422,105.2397689819336,33.195987701416016,31.724590301513672,71.49851989746094,69.07122039794922,125.25414276123047
2022-08-04,167.1699981689453,105.20454406738281,31.964866638183594,31.620603561401367,71.82508850097656,68.61263275146484,124.63810729980469
2022-08-05,165.2899932861328,102.70027160644531,32.598270416259766,31.847471237182617,71.65937042236328,68.45671844482422,124.5906753540039
2022-08-08,166.69000244140625,104.3580093383789,32.76776885986328,31.828567504882812,71.05010223388672,68.42003631591797,124.88452911376953
2022-08-09,167.1999969482422,103.95240020751953,33.34319305419922,31.989269256591797,70.33848571777344,68.31915283203125,124.50538635253906
2022-08-10,166.77999877929688,103.27342987060547,33.58407211303711,32.707698822021484,72.25890350341797,68.8235855102539,125.86076354980469
2022-08-11,166.33999633789062,100.86619567871094,34.739376068115234,33.09529113769531,71.9761734008789,68.65850830078125,125.045654296875
2022-08-12,167.8699951171875,101.88904571533203,35.002540588378906,33.615203857421875,73.40918731689453,69.25464630126953,126.6474609375
2022-08-15,165.7100067138672,101.80086517333984,34.320072174072266,33.60574722290039,73.87223052978516,69.94251251220703,127.28247833251953
2022-08-16,165.4199981689453,102.22412109375,34.23978042602539,33.851531982421875,73.67239379882812,70.73129272460938,126.94127655029297
2022-08-17,164.35000610351562,101.15716552734375,34.525264739990234,33.681373596191406,73.14599609375,70.52949523925781,126.2020034790039
2022-08-18,163.9199981689453,101.30707550048828,35.45307922363281,33.71918487548828,73.52616882324219,70.76795959472656,125.64278411865234
2022-08-19,162.72000122070312,99.6758041381836,35.444149017333984,33.04801559448242,72.19065856933594,70.5386734008789,125.98402404785156
2022-08-22,161.63999938964844,99.34070587158203,35.37724685668945,32.320133209228516,70.17764282226562,69.82328796386719,124.33477020263672
2022-08-23,162.77000427246094,98.7940444946289,36.65297317504883,32.187782287597656,69.99242401123047,69.5206298828125,122.60028839111328
2022-08-24,163.25,98.07096099853516,37.10350799560547,32.357940673828125,70.03630065917969,69.69488525390625,122.75192260742188
2022-08-25,163.75,99.43772888183594,37.38898849487305,32.85896301269531,71.220703125,70.01587677001953,124.10733032226562
2022-08-26,161.75999450683594,100.18722534179688,36.95183563232422,31.87583351135254,68.17926025390625,68.28245544433594,120.64778900146484
2022-08-29,161.86000061035156,99.35835266113281,37.50942611694336,31.648956298828125,67.27754211425781,68.17240142822266,119.80421447753906
2022-08-30,160.50999450683594,99.60527038574219,36.23814010620117,31.478797912597656,66.57567596435547,67.46619415283203,119.00804138183594
2022-08-31,159.27000427246094,98.65293884277344,35.908058166503906,31.242481231689453,65.92740631103516,67.053466796875,118.24980163574219
2022-09-01,157.8699951171875,96.84677124023438,35.02485275268555,31.337005615234375,65.605712890625,67.42951202392578,120.19282531738281
2022-09-02,159.25999450683594,97.39461517333984,35.66718673706055,31.09122657775879,64.75274658203125,66.54901885986328,118.46778869628906
2022-09-06,158.3300018310547,94.98231506347656,35.337093353271484,31.015605926513672,64.32381439208984,66.1729965209961,118.58154296875
2022-09-07,159.94000244140625,96.4844970703125,34.926719665527344,31.630046844482422,65.35226440429688,67.36528778076172,120.51509094238281
2022-09-08,158.97999572753906,95.49482727050781,35.0783805847168,32.187782287597656,65.57646179199219,67.19104766845703,122.60977172851562
2022-09-09,159.82000732421875,95.70687866210938,35.95267105102539,32.4808349609375,66.87297821044922,67.85140991210938,123.69026184082031
2022-09-12,160.6300048828125,94.92046356201172,36.61283493041992,32.745521545410156,67.94529724121094,68.11737823486328,124.5148696899414
2022-09-13,158.5399932861328,95.14134979248047,35.68947982788086,31.52607536315918,64.33843231201172,65.84281921386719,120.40133666992188
2022-09-14,157.92999267578125,95.4682846069336,36.69758224487305,31.431541442871094,64.5724105834961,65.81531524658203,120.46770477294922
2022-09-15,154.97999572753906,95.4064712524414,35.75193405151367,31.535518646240234,63.08578109741211,65.26502227783203,121.140625
2022-09-16,155.83999633789062,94.61117553710938,34.98917007446289,31.251928329467773,62.73485565185547,65.4209213256836,120.79942321777344
2022-09-19,155.9600067138672,94.83208465576172,35.009910583496094,31.60638427734375,63.24643325805664,65.8557357788086,120.14855194091797
2022-09-20,155.07000732421875,93.88658905029297,34.76640319824219,31.140748977661133,62.875083923339844,65.49569702148438,118.74017333984375
2022-09-21,155.7899932861328,95.45945739746094,34.25686264038086,30.49455451965332,61.89297103881836,65.24646759033203,116.7703628540039
2022-09-22,155.6999969482422,93.02063751220703,34.13511657714844,29.981399536132812,61.262657165527344,65.15414428710938,117.388916015625
2022-09-23,153.00999450683594,93.40058898925781,31.781282424926758,29.506261825561523,60.461326599121094,64.04639434814453,116.7894058227539
2022-09-26,151.22999572753906,91.61565399169922,31.001174926757812,29.040624618530273,60.04111099243164,64.09254455566406,115.67603302001953
2022-09-27,151.5399932861328,89.20329284667969,31.348388671875,28.917089462280273,60.11928939819336,62.98480987548828,115.32394409179688
2022-09-28,154.69000244140625,92.19002532958984,32.73723602294922,29.487258911132812,60.754493713378906,63.74176788330078,117.84568786621094
2022-09-29,154.66000366210938,91.71284484863281,32.73723602294922,29.116647720336914,59.171382904052734,62.68939971923828,116.85602569580078
2022-09-30,154.6699981689453,90.5287857055664,32.475704193115234,28.850566864013672,58.03779220581055,61.60012435913086,115.24781036376953
2022-10-03,158.42999267578125,91.96721649169922,34.310977935791016,29.629796981811523,59.835899353027344,62.661712646484375,117.61727905273438
2022-10-04,160.6999969482422,91.71035766601562,35.785499572753906,30.732128143310547,61.84410858154297,63.6125373840332,120.34837341308594
2022-10-05,159.80999755859375,90.83346557617188,36.525028228759766,30.49455451965332,62.04932403564453,63.243282318115234,120.74803161621094
2022-10-06,159.6300048828125,90.3285903930664,37.17436218261719,30.066926956176758,61.541168212890625,62.32015609741211,119.20645141601562
2022-10-07,157.8800048828125,89.45172119140625,36.885772705078125,29.354217529296875,59.010135650634766,61.38779830932617,116.68473052978516
2022-10-10,155.47999572753906,88.06106567382812,36.12820816040039,29.221181869506836,58.01824188232422,61.609344482421875,115.95199584960938
2022-10-11,155.16000366210938,88.45079803466797,35.839622497558594,28.850566864013672,57.12895965576172,62.11707305908203,116.5705337524414
2022-10-12,155.99000549316406,88.88483428955078,36.12820816040039,28.784048080444336,56.95306396484375,62.44939422607422,115.99958038330078
2022-10-13,154.91000366210938,88.03447723388672,37.60273361206055,29.97190284729004,58.72185516357422,63.48328399658203,118.70211029052734
2022-10-14,152.97999572753906,87.30818939208984,36.20035171508789,29.468250274658203,57.070335388183594,62.338623046875,117.90277099609375
2022-10-17,153.4199981689453,86.88302612304688,36.651283264160156,30.20947265625,58.80979919433594,63.01249694824219,119.79644775390625
2022-10-18,153.75,87.08675384521484,36.971439361572266,30.69411277770996,59.308189392089844,63.834075927734375,120.46255493164062
2022-10-19,151.69000244140625,85.5012435913086,38.062686920166016,30.190465927124023,59.13718032836914,63.538673400878906,118.77823638916016
2022-10-20,151.4499969482422,84.03976440429688,38.098751068115234,29.705821990966797,59.171382904052734,62.65248489379883,117.7695541381836
2022-10-21,154.14999389648438,82.52513122558594,39.19901657104492,30.589584350585938,60.754493713378906,63.6125373840332,120.41499328613281
2022-10-24,153.64999389648438,81.84310913085938,39.3838996887207,30.998207092285156,61.59491729736328,64.75719451904297,122.73686218261719
2022-10-25,154.0,84.22577667236328,39.42448043823242,31.368810653686523,62.77248001098633,65.6064682006836,123.6694564819336
2022-10-26,154.97999572753906,85.43923950195312,39.96108627319336,31.444833755493164,61.37504196166992,66.04033660888672,125.03974914550781
2022-10-27,154.74000549316406,86.33387756347656,40.10538101196289,31.7014102935791,60.67632293701172,66.09573364257812,124.38316345214844
2022-10-28,153.16000366210938,85.74043273925781,40.24516677856445,32.490150451660156,63.314842224121094,67.54503631591797,126.42906951904297
2022-10-31,151.91000366210938,85.1292495727539,40.58335876464844,32.29058837890625,62.479312896728516,67.14808654785156,126.32439422607422
2022-11-01,153.4600067138672,85.92481231689453,40.97566604614258,32.37611389160156,61.95648956298828,66.93577575683594,126.40050506591797
2022-11-02,152.38999938964844,85.55188751220703,39.988136291503906,31.967491149902344,59.81635665893555,65.77263641357422,124.24992370605469
2022-11-03,151.80999755859375,85.09016418457031,40.727657318115234,31.644390106201172,58.05733108520508,65.55110168457031,123.7265625
2022-11-04,156.47000122070312,83.6606216430664,41.223670959472656,32.224063873291016,59.11762619018555,66.3265151977539,124.47830200195312
2022-11-07,155.85000610351562,82.8259506225586,41.931636810302734,32.54717254638672,60.104637145996094,66.91732025146484,125.81053924560547
2022-11-08,159.4499969482422,83.73167419433594,41.97221755981445,32.73722457885742,60.68120193481445,67.11116790771484,126.43856811523438
2022-11-09,158.64999389648438,84.00689697265625,39.920501708984375,32.186058044433594,59.10298156738281,66.38190460205078,125.07781982421875
2022-11-10,163.47999572753906,87.23896789550781,40.80882263183594,33.8110466003418,63.95981216430664,67.94197845458984,128.25611877441406
2022-11-11,164.55999755859375,86.91932678222656,41.99475860595703,34.08662033081055,65.05431365966797,67.86813354492188,126.6860122680664
2022-11-14,164.9199981689453,86.7061767578125,41.98123550415039,33.60198211669922,64.49730682373047,67.33273315429688,126.80021667480469
2022-11-15,165.5,88.10914611816406,42.42313766479492,33.678001403808594,65.27908325195312,67.89582824707031,126.63841247558594
2022-11-16,165.1199951171875,90.03593444824219,41.55736541748047,33.516456604003906,64.38490295410156,68.22814178466797,126.58132934570312
2022-11-17,163.9199981689453,89.08586120605469,41.647544860839844,33.335899353027344,64.46797943115234,68.20967102050781,126.52423095703125
2022-11-18,162.7899932861328,88.4731674194336,41.31836700439453,33.61148452758789,64.54126739501953,68.93895721435547,128.05630493164062
2022-11-21,161.8800048828125,88.84612274169922,40.75922393798828,33.71601104736328,63.847442626953125,69.59437561035156,128.1134033203125
2022-11-22,162.07000732421875,90.10697174072266,42.03533935546875,34.05811309814453,65.0836181640625,70.10211181640625,129.22679138183594
2022-11-23,163.0800018310547,91.67862701416016,41.57990264892578,34.20065689086914,65.66020202636719,70.34210968017578,129.74061584472656
2022-11-25,163.22000122070312,91.36785888671875,41.42658996582031,34.31468963623047,65.27908325195312,70.38825225830078,130.5113983154297
2022-11-28,161.92999267578125,91.62532043457031,40.290252685546875,33.725521087646484,63.881622314453125,70.12054443359375,129.53126525878906
2022-11-29,162.72999572753906,90.55094909667969,40.89900588989258,33.925071716308594,63.25621032714844,69.85283660888672,129.20774841308594
2022-11-30,164.80999755859375,91.21686553955078,41.101924896240234,34.50474548339844,66.43220520019531,71.2560043334961,132.2908935546875
2022-12-01,167.83999633789062,94.13086700439453,40.966644287109375,34.3051872253418,66.52505493164062,70.93290710449219,132.6715545654297
2022-12-02,167.25999450683594,95.31462097167969,40.72315216064453,34.143638610839844,66.13904571533203,71.2560043334961,133.0141143798828
2022-12-05,164.38999938964844,93.97955322265625,39.51466751098633,33.29789352416992,65.03966522216797,70.36056518554688,131.73898315429688
2022-12-06,164.83999633789062,95.1900405883789,38.473018646240234,33.003299713134766,63.647098541259766,69.92669677734375,130.7398223876953
2022-12-07,166.3300018310547,97.43292999267578,38.382843017578125,32.87026596069336,63.32461929321289,70.22209167480469,131.8151092529297
2022-12-08,166.47000122070312,97.16592407226562,38.21148681640625,32.89877700805664,64.36048889160156,70.60059356689453,133.00457763671875
2022-12-09,167.05999755859375,94.63819122314453,37.2825813293457,32.8132438659668,63.964698791503906,70.0559310913086,131.30123901367188
2022-12-12,165.67999267578125,94.94081115722656,38.26108932495117,33.25038146972656,65.36213684082031,70.79443359375,132.70008850097656
2022-12-13,168.50999450683594,95.85755157470703,38.987083435058594,33.335899353027344,66.1341552734375,70.69290924072266,133.10926818847656
2022-12-14,168.10000610351562,96.26696014404297,38.74808883666992,32.91777801513672,65.5771484375,70.64673614501953,133.3186492919922
2022-12-15,165.35000610351562,96.6426010131836,38.513607025146484,32.271583557128906,63.12428283691406,69.44668579101562,130.8730010986328
2022-12-16,166.7899932861328,95.56304931640625,38.04013442993164,32.02450942993164,62.28874969482422,69.10513305664062,128.9698486328125
2022-12-19,166.32000732421875,93.95709991455078,38.03558349609375,31.938451766967773,61.458168029785156,69.06140899658203,128.48825073242188
2022-12-20,169.0800018310547,92.28868865966797,38.60960006713867,32.07231521606445,61.55126953125,69.0056381225586,128.4595947265625
2022-12-21,168.8000030517578,92.52064514160156,39.34307098388672,32.5695686340332,62.570518493652344,69.69364166259766,130.15084838867188
2022-12-22,166.75999450683594,92.5028076171875,38.43647766113281,32.282691955566406,60.99264907836914,69.53558349609375,129.96929931640625
2022-12-23,167.25999450683594,91.14668273925781,39.661964416503906,32.46438217163086,61.05635070800781,69.89817810058594,130.04574584960938
2022-12-27,168.6699981689453,89.34443664550781,40.08564758300781,32.45481491088867,60.47813034057617,70.2328872680664,129.7113037109375
2022-12-28,167.91000366210938,88.81805419921875,39.188175201416016,32.34006881713867,59.502994537353516,69.35892486572266,128.8704376220703
2022-12-29,168.85000610351562,89.82624053955078,39.59818649291992,32.78950500488281,61.06126022338867,69.65645599365234,130.2750701904297
2022-12-30,169.63999938964844,88.82695770263672,39.848751068115234,32.70343780517578,60.97794723510742,69.31245422363281,129.80685424804688
2023-01-03,171.05999755859375,90.52214050292969,38.45014953613281,32.81818389892578,60.39973068237305,69.0521240234375,129.43421936035156
2023-01-04,172.6699981689453,91.76231384277344,38.44560241699219,33.3441162109375,60.5565299987793,69.32176971435547,129.7781982421875
2023-01-05,170.52000427246094,92.14591217041016,39.14717102050781,33.095497131347656,59.3804817199707,68.62443542480469,128.45004272460938
2023-01-06,173.7100067138672,93.84111785888672,39.88975524902344,33.83180618286133,61.12005615234375,70.4560317993164,129.63487243652344
2023-01-09,174.10000610351562,94.3407211303711,39.74852752685547,33.70749282836914,61.83058547973633,69.76802825927734,127.46585083007812
2023-01-10,174.74000549316406,92.77938842773438,40.030982971191406,33.89875030517578,62.212791442871094,69.67505645751953,128.53602600097656
2023-01-11,174.6199951171875,94.28720092773438,40.15398406982422,34.214298248291016,63.29083251953125,69.7122573852539,129.26222229003906
2023-01-12,176.63999938964844,96.14295959472656,40.91933822631836,34.28123474121094,63.76124954223633,69.1636962890625,128.8513946533203
2023-01-13,178.75999450683594,95.24185180664062,40.97856521606445,34.53942108154297,63.942562103271484,69.48909759521484,129.42465209960938
2023-01-17,177.58999633789062,94.6262435913086,41.065120697021484,34.3099250793457,64.23167419433594,69.53558349609375,128.82269287109375
2023-01-18,177.0800018310547,96.91918182373047,40.31343078613281,33.669246673583984,63.40353775024414,67.638916015625,127.00723266601562
2023-01-19,179.88999938964844,96.31246948242188,40.8145637512207,33.277183532714844,62.66361618041992,66.99739074707031,127.31294250488281
2023-01-20,179.2899932861328,94.75114440917969,41.22002029418945,33.8031120300293,64.35909271240234,67.51805114746094,127.95317077636719
2023-01-23,179.6300048828125,94.30506134033203,41.27468490600586,34.1951789855957,65.82422637939453,67.73188781738281,128.3927001953125
2023-01-24,180.27999877929688,95.66120147705078,41.115238189697266,34.214298248291016,65.79483795166016,68.01080322265625,127.54227447509766
2023-01-25,181.11000061035156,95.89317321777344,41.11979293823242,34.48204803466797,65.6576156616211,68.17816925048828,127.58052825927734
2023-01-26,179.47000122070312,95.44706726074219,42.41816711425781,34.663734436035156,66.7062759399414,67.93643188476562,127.81939697265625
2023-01-27,179.22000122070312,95.20618438720703,41.56169891357422,34.663734436035156,66.98558807373047,67.74117279052734,126.94987487792969
2023-01-30,178.75999450683594,94.85821533203125,40.60955810546875,34.49160385131836,65.70663452148438,67.82484436035156,125.80326080322266
2023-01-31,179.41000366210938,95.61658477783203,40.96945571899414,34.960174560546875,66.62295532226562,68.5593490600586,127.4276351928711
2023-02-01,181.6699981689453,96.7660140991211,40.16309356689453,34.960174560546875,68.19103240966797,69.10791015625,128.0296173095703
2023-02-02,177.89999389648438,96.89122772216797,39.247398376464844,35.05579376220703,70.05308532714844,68.51287841796875,127.16007995605469
2023-02-03,173.4600067138672,95.44214630126953,39.16084289550781,34.98885726928711,69.46997833251953,68.24325561523438,126.78743743896484
2023-02-06,173.82000732421875,94.73548889160156,38.98316955566406,34.97929000854492,68.62223815917969,68.32691192626953,126.08035278320312
2023-02-07,173.97999572753906,93.9751968383789,40.24965286254883,35.38091278076172,70.33731079101562,68.03870391845703,126.8925552368164
2023-02-08,174.41000366210938,94.42243194580078,39.88975524902344,35.17054748535156,69.48957824707031,67.51805114746094,126.51988983154297
2023-02-09,173.02999877929688,93.52796936035156,39.54808044433594,34.77849197387695,69.10736083984375,67.22051239013672,125.41150665283203
2023-02-10,173.36000061035156,92.48139190673828,41.09701156616211,34.893226623535156,68.78884887695312,67.84346008300781,126.5963363647461
2023-02-13,172.47999572753906,93.25959014892578,40.99223709106445,35.29485321044922,69.9795913696289,68.61515808105469,127.64739990234375
2023-02-14,172.61000061035156,93.0448989868164,41.00590133666992,35.10360336303711,70.27851104736328,67.9922103881836,126.8925552368164
2023-02-15,170.88999938964844,92.17726135253906,40.308876037597656,35.1418571472168,70.60681915283203,68.12236785888672,126.26188659667969
2023-02-16,170.75,90.8713150024414,39.91253662109375,34.788047790527344,69.38176727294922,67.62960815429688,125.00061798095703
2023-02-17,171.25999450683594,91.57794189453125,38.491146087646484,34.797607421875,68.51444244384766,68.50357818603516,126.11858367919922
2023-02-21,170.6199951171875,89.79791259765625,38.299808502197266,34.08042526245117,66.8875732421875,68.24325561523438,124.48463439941406
2023-02-22,169.66000366210938,90.620849609375,38.04469680786133,34.04218292236328,66.7895736694336,68.1409683227539,124.06422424316406
2023-02-23,169.57000732421875,91.50640106201172,38.618709564208984,34.070865631103516,67.89701843261719,68.05729675292969,124.3986587524414
2023-02-24,168.35000610351562,90.31671905517578,38.568599700927734,34.09954833984375,66.68665313720703,67.60172271728516,122.79338073730469
2023-02-27,169.00999450683594,90.56716918945312,38.68248748779297,34.089988708496094,67.04438018798828,67.52733612060547,122.42073059082031
2023-02-28,169.77999877929688,90.9786376953125,38.12669372558594,34.15692901611328,66.89737701416016,66.9695053100586,121.51298522949219
2023-03-01,170.75999450683594,90.00122833251953,38.878387451171875,34.04218292236328,66.40735626220703,66.47673034667969,121.31233215332031
2023-03-02,170.66000366210938,89.20320892333984,39.22005844116211,33.87961196899414,67.2256851196289,67.38787841796875,122.05763244628906
2023-03-03,172.49000549316406,91.3642349243164,39.75307846069336,34.41510772705078,68.67124938964844,67.44366455078125,123.42401123046875
2023-03-06,171.6199951171875,90.65583801269531,39.77131271362305,34.44379806518555,68.99955749511719,67.62032318115234,123.36669158935547
2023-03-07,168.6199951171875,91.21178436279297,39.07883834838867,33.55449295043945,68.14202117919922,66.95088958740234,121.37920379638672
2023-03-08,168.5399932861328,91.30148315429688,38.677940368652344,33.43018341064453,68.70555114746094,67.06246185302734,120.72946166992188
2023-03-09,170.1999969482422,91.52562713623047,38.13124465942383,32.07231521606445,67.72061157226562,66.4395523071289,119.50640869140625
2023-03-10,173.8699951171875,94.68199920654297,37.64378356933594,31.489013671875,66.52985382080078,66.11412811279297,118.62732696533203
2023-03-13,177.86000061035156,94.89720153808594,36.878421783447266,30.24590301513672,66.89248657226562,66.44884490966797,119.73573303222656
2023-03-14,176.8300018310547,93.33694458007812,37.24288558959961,30.857894897460938,68.43603515625,67.05318450927734,120.80591583251953
2023-03-15,178.2100067138672,95.1393051147461,35.24293899536133,30.035531997680664,68.47523498535156,67.49015808105469,120.70079040527344
2023-03-16,178.57000732421875,94.39506530761719,35.6256103515625,30.609268188476562,70.3961181640625,67.53663635253906,121.82831573486328
2023-03-17,183.77000427246094,95.81184387207031,35.06526565551758,29.624343872070312,70.29810333251953,67.04386901855469,120.26126861572266
2023-03-20,183.83999633789062,94.96893310546875,35.76725769042969,29.953962326049805,70.48767852783203,67.97341918945312,121.7854995727539
2023-03-21,180.3699951171875,94.15294647216797,37.00553512573242,30.7131404876709,71.0573501586914,67.91736602783203,122.52410888671875
2023-03-22,183.44000244140625,95.40834045410156,36.21837615966797,30.002012252807617,70.35015869140625,67.29145050048828,120.67277526855469
2023-03-23,185.74000549316406,95.40834045410156,35.716617584228516,29.800207138061523,71.49442291259766,67.02986907958984,120.44255065917969
2023-03-24,183.64999389648438,95.81184387207031,35.8547248840332,29.780982971191406,71.6810531616211,68.16960906982422,122.11164093017578
2023-03-27,181.9499969482422,93.5611343383789,36.61885452270508,30.194210052490234,71.1260986328125,68.53394317626953,122.61045837402344
2023-03-28,183.44000244140625,93.73149108886719,37.18505859375,30.184598922729492,70.7921371459961,68.65538024902344,121.87184143066406
2023-03-29,182.52999877929688,93.54319763183594,37.700618743896484,30.626657485961914,72.27528381347656,69.03842163085938,122.20758056640625
2023-03-30,184.17999267578125,93.97361755371094,37.866336822509766,30.559385299682617,73.11505889892578,69.23461151123047,122.86943817138672
2023-03-31,183.22000122070312,95.38141632080078,38.128726959228516,30.89573097229004,74.16110229492188,69.79513549804688,124.18362426757812
2023-04-03,184.5399932861328,95.82997131347656,39.854942321777344,30.953392028808594,74.04324340820312,70.15947723388672,125.57450866699219
2023-04-04,187.97999572753906,96.30645751953125,39.132232666015625,30.66509246826172,73.63563537597656,70.01934814453125,125.59368133544922
2023-04-05,187.8300018310547,97.31330108642578,39.7214469909668,30.626657485961914,72.79585266113281,70.34632873535156,127.76158142089844
2023-04-06,186.49000549316406,97.56501007080078,39.11842346191406,30.741971969604492,73.20836639404297,70.40237426757812,128.07815551757812
2023-04-10,185.11000061035156,95.99180603027344,39.43144226074219,30.809242248535156,73.16908264160156,70.40237426757812,127.99178314208984
2023-04-11,186.27999877929688,96.18955993652344,39.80430603027344,31.078319549560547,72.48153686523438,70.60791015625,128.42347717285156
2023-04-12,187.19000244140625,96.0907211303711,39.83192825317383,31.011049270629883,72.06900787353516,70.29025268554688,128.46180725097656
2023-04-13,189.72000122070312,95.33555603027344,40.080509185791016,31.289735794067383,73.40970611572266,70.6826400756836,130.1309051513672
2023-04-14,186.36000061035156,94.46358489990234,40.15415573120117,31.597251892089844,73.00211334228516,70.23421478271484,129.0853271484375
2023-04-17,185.52999877929688,93.3398666381836,39.680015563964844,31.962419509887695,73.26730346679688,70.6826400756836,128.97982788085938
2023-04-18,186.25,93.67247772216797,39.83653259277344,32.05852508544922,73.49321746826172,70.89750671386719,128.09730529785156
2023-04-19,185.36000061035156,93.58258056640625,39.698429107666016,32.135398864746094,73.28203582763672,70.85079193115234,128.49063110351562
2023-04-20,186.08999633789062,94.38264465332031,39.34859085083008,32.039302825927734,72.8007583618164,71.01895904541016,127.9630126953125
2023-04-21,184.25,93.85227966308594,39.11842346191406,31.923986434936523,72.56501770019531,71.53276824951172,128.82635498046875
2023-04-24,184.80999755859375,94.76023864746094,39.71685028076172,31.847105026245117,72.24581909179688,71.82237243652344,129.54576110839844
2023-04-25,185.75,96.15361022949219,38.97112274169922,31.299348831176758,70.7037582397461,71.72895812988281,128.16445922851562
2023-04-26,184.74000549316406,95.1288070678711,38.45095443725586,31.00143814086914,71.75470733642578,71.1684341430664,126.34190368652344
2023-04-27,184.75,94.18489837646484,38.58905029296875,31.501150131225586,73.27711486816406,71.9625015258789,127.00376892089844
2023-04-28,184.8000030517578,95.70413970947266,39.18747329711914,31.87593650817871,74.07270812988281,72.34553527832031,128.08773803710938
2023-05-01,183.97000122070312,92.944580078125,38.74555969238281,31.789453506469727,74.11688995361328,72.40157318115234,128.74960327148438
2023-05-02,187.52000427246094,95.26073455810547,37.06077575683594,31.068710327148438,73.42444610595703,72.20540618896484,128.1932373046875
2023-05-03,189.11000061035156,95.7924575805664,36.3610725402832,30.7131404876709,72.8056640625,71.6168441772461,128.02059936523438
2023-05-04,190.44000244140625,94.84614562988281,35.955989837646484,30.319137573242188,72.45698547363281,71.43934631347656,127.00376892089844
2023-05-05,187.4600067138672,94.53073120117188,36.931884765625,31.068710327148438,74.27406311035156,72.10263061523438,128.145263671875
2023-05-08,187.69000244140625,93.20592498779297,36.931884765625,31.116756439208984,74.23477172851562,71.88777160644531,127.86708068847656
2023-05-09,189.02000427246094,92.87247467041016,36.9456901550293,31.00143814086914,73.66510009765625,71.66355895996094,127.01338958740234
2023-05-10,188.75,93.77371215820312,36.526790618896484,30.828460693359375,74.56380462646484,71.55145263671875,127.3682861328125
2023-05-11,187.1300048828125,94.76505279541016,36.08948516845703,30.780412673950195,74.22986602783203,71.76632690429688,126.9749984741211
2023-05-12,186.80999755859375,93.97196960449219,36.14472579956055,30.65548324584961,74.13162994384766,72.04658508300781,126.80235290527344
2023-05-15,187.2100067138672,92.99861907958984,36.328857421875,30.90534019470215,74.74551391601562,71.86909484863281,126.58171081542969
2023-05-16,184.8699951171875,92.71925354003906,35.43582534790039,30.617048263549805,74.82408905029297,71.26185607910156,125.52657318115234
2023-05-17,184.22999572753906,92.4488754272461,36.11710739135742,31.23206901550293,75.82101440429688,71.22447204589844,125.68000793457031
2023-05-18,181.83999633789062,91.76394653320312,36.379493713378906,31.46271324157715,77.3729019165039,70.87882995605469,125.3730697631836
2023-05-19,183.63999938964844,91.11503601074219,36.660282135009766,31.32817268371582,77.33853149414062,70.92552947998047,125.95822143554688
2023-05-22,183.2100067138672,90.79061889648438,36.50837707519531,31.385831832885742,77.48585510253906,69.85118103027344,126.08291625976562
2023-05-23,183.42999267578125,91.05197143554688,36.899654388427734,31.020660400390625,76.34159088134766,69.33737182617188,124.70159912109375
2023-05-24,181.9499969482422,90.60133361816406,37.06077575683594,30.617048263549805,75.78173065185547,68.88895416259766,123.8478775024414
2023-05-25,180.1999969482422,90.37602233886719,36.402503967285156,30.60743522644043,78.68904876708984,68.36579895019531,122.58168029785156
2023-05-26,180.9199981689453,91.10604095458984,36.25980758666992,30.85729217529297,80.92356872558594,68.59933471679688,122.33226013183594
2023-05-30,182.0399932861328,92.01629638671875,35.886940002441406,30.847679138183594,81.35574340820312,67.81460571289062,121.57447052001953
2023-05-31,182.32000732421875,92.81840515136719,35.25629806518555,30.52094268798828,80.67801666259766,67.88933563232422,122.62005615234375
2023-06-01,183.75999450683594,93.18256378173828,35.693607330322266,30.847679138183594,81.49813842773438,67.83329010009766,123.4258041381836
2023-06-02,181.0500030517578,92.16144561767578,36.779972076416016,31.520368576049805,81.9646987915039,68.76750183105469,125.0085678100586
2023-06-05,182.13999938964844,91.9897689819336,36.53600311279297,31.357011795043945,81.49324035644531,68.51526641845703,125.45938873291016
2023-06-06,182.33999633789062,92.53195190429688,36.83060836791992,31.751005172729492,81.47358703613281,68.16960906982422,124.413818359375
2023-06-07,180.14999389648438,91.15840911865234,37.80649185180664,31.87593650817871,80.25566101074219,67.94539642333984,123.92460632324219
2023-06-08,182.52999877929688,92.2247085571289,37.645381927490234,31.847105026245117,81.12490844726562,68.4124984741211,124.7208023071289
2023-06-09,182.0399932861328,92.09820556640625,37.43824005126953,31.856718063354492,81.52761840820312,68.30039978027344,125.10446166992188
2023-06-12,181.8800048828125,92.36929321289062,37.07917785644531,31.847105026245117,83.30049133300781,68.28170776367188,125.55533599853516
2023-06-13,180.5399932861328,91.45661926269531,37.25410461425781,32.039302825927734,83.80632019042969,68.56197357177734,126.18842315673828
2023-06-14,180.63999938964844,92.18855285644531,36.872039794921875,31.91437339782715,84.67064666748047,68.98236083984375,124.89344024658203
2023-06-15,181.91000366210938,93.07410430908203,37.277122497558594,32.33721160888672,85.76089477539062,69.67369079589844,126.83114624023438
2023-06-16,181.6300048828125,92.7126693725586,37.221885681152344,32.26994323730469,85.05372619628906,69.75777435302734,126.821533203125
2023-06-20,179.75,93.35424041748047,36.38878631591797,32.02862548828125,84.47891998291016,69.22712707519531,126.678955078125
2023-06-21,179.49000549316406,93.58016967773438,36.67670440673828,31.990001678466797,83.2289047241211,69.47174835205078,126.69823455810547
2023-06-22,177.7100067138672,92.45061492919922,36.18445587158203,31.739030838012695,83.90804290771484,69.87630462646484,127.56509399414062
2023-06-23,178.1999969482422,93.37232208251953,35.92440414428711,31.6038875579834,82.99758911132812,69.41529083251953,127.14131164550781
2023-06-26,178.50999450683594,93.47171783447266,36.56990051269531,31.53631019592285,82.40213012695312,69.50938415527344,126.41893005371094
2023-06-27,177.69000244140625,93.22772979736328,36.653480529785156,31.787296295166016,84.02615356445312,69.71636962890625,126.12995147705078
2023-06-28,177.27999877929688,93.62531280517578,37.024986267089844,31.710071563720703,84.07535552978516,69.24594116210938,125.72543334960938
2023-06-29,177.08999633789062,91.9355239868164,37.452213287353516,32.260292053222656,84.22300720214844,69.18009185791016,126.54413604736328
2023-06-30,178.27000427246094,93.0198745727539,37.693695068359375,32.54022216796875,85.56159973144531,69.78221893310547,127.84446716308594
2023-07-03,178.47000122070312,92.49256134033203,37.78192901611328,32.723636627197266,85.3795166015625,70.32791137695312,126.79456329345703
2023-07-05,177.83999633789062,91.61366271972656,37.57295608520508,32.656063079833984,84.8529281616211,70.20560455322266,126.72714233398438
2023-07-06,177.30999755859375,90.3179702758789,36.727783203125,32.37612533569336,84.6265640258789,70.02684783935547,125.71578216552734
2023-07-07,178.63999938964844,89.77432250976562,37.51722717285156,32.42439651489258,84.25745391845703,69.1142349243164,124.25172424316406
2023-07-10,178.77999877929688,89.89210510253906,37.80978775024414,32.569190979003906,84.47891998291016,69.09542083740234,125.23420715332031
2023-07-11,179.4499969482422,90.35421752929688,38.64103317260742,32.95530700683594,84.66099548339844,69.19890594482422,125.26306915283203
2023-07-12,181.8800048828125,91.3599624633789,38.998600006103516,33.16767120361328,85.62065124511719,69.35884857177734,124.92595672607422
2023-07-13,182.00999450683594,92.32040405273438,38.85000228881836,33.283504486083984,86.73777770996094,69.65050506591797,124.97413635253906
2023-07-14,181.42999267578125,91.7767562866211,37.82372283935547,33.06148910522461,86.60983276367188,69.88572692871094,126.85236358642578
2023-07-17,181.55999755859375,91.82205200195312,37.74941635131836,33.38003921508789,87.71711730957031,69.67871856689453,126.2744369506836
2023-07-18,183.63999938964844,92.2388687133789,38.13020706176758,33.75650405883789,88.71121978759766,69.60346221923828,127.2087173461914
2023-07-19,183.6699981689453,93.28083038330078,38.35310745239258,33.901302337646484,88.48976135253906,70.3091049194336,127.7962417602539
2023-07-20,182.74000549316406,92.14826202392578,38.803558349609375,34.15227508544922,86.7230224609375,70.91123962402344,129.91529846191406
2023-07-21,182.17999267578125,92.17543029785156,39.14719772338867,34.036441802978516,86.6787338256836,71.15584564208984,131.22525024414062
2023-07-24,181.39999389648438,91.84017944335938,39.77876281738281,34.3646354675293,86.831298828125,71.42869567871094,130.93629455566406
2023-07-25,182.41000366210938,91.66802215576172,39.987728118896484,34.14262008666992,87.82538604736328,71.4098892211914,130.8784942626953
2023-07-26,183.3000030517578,91.75862121582031,40.00165557861328,34.345333099365234,86.64427947998047,71.49455261230469,130.7917938232422
2023-07-27,180.4199981689453,89.97367095947266,39.74625015258789,33.910953521728516,86.39330291748047,70.86418914794922,129.82859802246094
2023-07-28,181.86000061035156,90.43575286865234,39.86699295043945,33.978519439697266,87.56948852539062,71.5980453491211,130.21389770507812
2023-07-31,182.35000610351562,90.65323638916016,40.623931884765625,34.1040153503418,87.7712631225586,71.26876831054688,129.21217346191406
2023-08-01,180.4600067138672,89.1677017211914,40.43353271484375,34.1040153503418,87.91889953613281,70.88301086425781,128.53793334960938
2023-08-02,179.60000610351562,88.21369934082031,39.90414047241211,33.814422607421875,85.74368286132812,71.13704681396484,128.62461853027344
2023-08-03,179.5399932861328,86.17847442626953,40.30815124511719,33.8337287902832,85.3942642211914,70.93946075439453,127.97927856445312
2023-08-04,180.19000244140625,87.70489501953125,40.3638801574707,33.698585510253906,84.23284149169922,70.23382568359375,127.52657318115234
2023-08-07,179.77999877929688,86.84173583984375,40.410316467285156,34.17158126831055,84.46907043457031,70.8077392578125,129.00025939941406
2023-08-08,178.63999938964844,87.85027313232422,40.6099967956543,33.86267852783203,83.81945037841797,70.29969024658203,129.9923553466797
2023-08-09,177.7899932861328,88.30457305908203,41.12082290649414,33.61170959472656,82.73677825927734,70.40318298339844,129.9538116455078
2023-08-10,177.60000610351562,86.85082244873047,41.11617660522461,33.64067459106445,82.74661254882812,70.2620620727539,129.8671417236328
2023-08-11,177.60000610351562,86.65094757080078,41.74773025512695,33.70823287963867,82.1363754272461,70.37495422363281,130.6762237548828
2023-08-14,177.05999755859375,86.46013641357422,41.571266174316406,33.64067459106445,83.44544219970703,70.02684783935547,131.07113647460938
2023-08-15,176.58999633789062,85.93316650390625,40.70751953125,33.02287673950195,82.62358856201172,69.27417755126953,130.58953857421875
2023-08-16,175.57000732421875,85.26081085205078,40.354591369628906,32.974609375,81.83616638183594,69.1142349243164,129.59744262695312
2023-08-17,175.3000030517578,84.89737701416016,40.83754348754883,32.81050491333008,81.05862426757812,68.44623565673828,128.5668182373047
2023-08-18,175.3300018310547,85.19720458984375,41.241554260253906,32.80085754394531,81.18165588378906,68.70025634765625,128.61497497558594
2023-08-21,175.80999755859375,84.06148529052734,40.981502532958984,32.762237548828125,82.73184967041016,68.2392349243164,128.74981689453125
2023-08-22,176.10000610351562,84.70657348632812,40.66572570800781,32.45335006713867,82.63835144042969,67.85350799560547,128.29710388183594
2023-08-23,177.88999938964844,86.8053970336914,40.56355285644531,32.77190017700195,84.12950897216797,68.30511474609375,128.6824188232422
2023-08-24,177.85000610351562,86.23300170898438,40.28492736816406,32.656063079833984,82.19051361083984,67.75941467285156,127.56509399414062
2023-08-25,177.6199951171875,86.5146713256836,40.67500305175781,32.81050491333008,83.02713012695312,68.13574981689453,128.49942016601562
2023-08-28,178.1300048828125,86.6054916381836,40.94899368286133,32.99391555786133,83.70626831054688,68.44623565673828,128.79800415039062
2023-08-29,179.8699951171875,87.5050277709961,41.06044387817383,33.293155670166016,85.3844223022461,68.69084930419922,129.9538116455078
2023-08-30,180.32000732421875,87.41413879394531,41.264774322509766,33.312461853027344,86.02911376953125,68.80374908447266,129.85751342773438
2023-08-31,180.02000427246094,87.8048324584961,41.292625427246094,33.186973571777344,86.44744110107422,68.45565032958984,128.3067626953125
2023-09-01,180.11000061035156,86.43695068359375,42.13780212402344,33.48622131347656,86.71317291259766,67.87232971191406,128.6535186767578
2023-09-05,178.63999938964844,85.22492980957031,42.360713958740234,33.14836883544922,87.02322387695312,67.28898620605469,127.3243408203125
2023-09-06,177.8300018310547,85.43455505371094,42.37928771972656,33.129058837890625,86.10293579101562,67.21372985839844,126.63081359863281
2023-09-07,178.02000427246094,85.67147827148438,42.33749008178711,33.042179107666016,84.85784149169922,67.37367248535156,127.19910430908203
2023-09-08,178.0800018310547,85.99954986572266,42.74614715576172,33.1097526550293,85.03501892089844,67.45834350585938,127.19910430908203
2023-09-11,178.41000366210938,85.37985229492188,42.18424606323242,33.26420211791992,85.47793579101562,68.04167938232422,128.07559204101562
2023-09-12,177.49000549316406,85.8719711303711,43.17802047729492,33.48622131347656,83.92772674560547,67.45834350585938,127.91187286376953
2023-09-13,177.0800018310547,85.85372924804688,42.85294723510742,33.48622131347656,84.13933563232422,67.66532135009766,127.9311294555664
2023-09-14,177.1699981689453,85.23404693603516,43.35447692871094,33.79511260986328,84.74958038330078,68.3521499633789,128.33566284179688
2023-09-15,178.33999633789062,84.714599609375,42.727569580078125,33.621360778808594,83.12062072753906,67.78764343261719,127.3243408203125
2023-09-18,179.38999938964844,85.19760131835938,43.08964920043945,33.71347427368164,83.5201187133789,67.76396942138672,127.13086700439453
2023-09-19,179.22000122070312,84.56880950927734,42.68733596801758,33.6746940612793,83.47571563720703,67.60293579101562,127.23724365234375
2023-09-20,179.35000610351562,84.83307647705078,42.289703369140625,33.44198226928711,82.16387176513672,67.66924285888672,127.2469482421875
2023-09-21,178.0500030517578,82.65505981445312,41.70962905883789,32.88929748535156,80.91118621826172,66.79780578613281,126.13469696044922
2023-09-22,178.6199951171875,83.32032775878906,41.779788970947266,32.63720703125,81.08380889892578,66.43785095214844,125.87358856201172
2023-09-25,177.6999969482422,81.2698974609375,42.30373001098633,32.714778900146484,81.34518432617188,66.2010498046875,126.56028747558594
2023-09-26,176.27999877929688,80.98741149902344,42.060482025146484,32.278446197509766,79.88044738769531,65.70850372314453,125.48674011230469
2023-09-27,174.10000610351562,80.56819915771484,43.108360290527344,32.2299690246582,80.00373840332031,65.1685791015625,124.85809326171875
2023-09-28,173.22999572753906,80.81421661376953,43.15514373779297,32.46267318725586,80.57089233398438,65.36750793457031,125.45772552490234
2023-09-29,171.4499969482422,80.8233413696289,42.2850227355957,32.162086486816406,80.84707641601562,65.17807006835938,124.50992584228516
2023-10-02,169.64999389648438,79.47035217285156,41.442970275878906,31.89059829711914,81.71507263183594,64.73285675048828,124.3358383178711
2023-10-03,169.16000366210938,77.76082611083984,41.41490173339844,31.38640022277832,80.3292465209961,64.26872253417969,123.23329162597656
2023-10-04,169.13999938964844,78.85784149169922,40.114402770996094,31.619112014770508,81.33039855957031,64.78022766113281,123.75555419921875
2023-10-05,168.8300018310547,78.46475219726562,39.8664665222168,31.764549255371094,81.43889617919922,63.50148391723633,124.43254852294922
2023-10-06,169.6999969482422,77.51399230957031,40.105045318603516,32.036041259765625,82.96281433105469,63.1510124206543,125.7381820678711
2023-10-09,172.82000732421875,79.3332290649414,41.442970275878906,32.0554313659668,83.39188385009766,63.20784378051758,126.17340087890625
2023-10-10,172.52999877929688,79.2235107421875,41.49442672729492,32.28813934326172,83.5201187133789,63.85196304321289,126.77303314208984
2023-10-11,173.7899932861328,80.87821197509766,40.96112823486328,32.33662414550781,84.2944107055664,63.416236877441406,126.21209716796875
2023-10-12,173.25999450683594,78.68415832519531,41.00791549682617,32.132999420166016,84.37332153320312,62.724769592285156,125.12890625
2023-10-13,178.8300018310547,80.09197998046875,41.91077423095703,32.20087432861328,83.16502380371094,63.2741584777832,125.91229248046875
2023-10-16,177.9600067138672,78.80298614501953,42.19146728515625,32.54024124145508,83.96398162841797,63.92772674560547,126.86006927490234
2023-10-17,178.2899932861328,77.93452453613281,42.63119888305664,32.69538116455078,83.57435607910156,64.2024154663086,126.68599700927734
2023-10-18,180.8699951171875,77.24887084960938,43.01947784423828,32.132999420166016,82.71622467041016,64.43922424316406,125.58346557617188
2023-10-19,183.08999633789062,75.6673583984375,42.94462585449219,31.706377029418945,82.2427749633789,63.96561813354492,124.34551239013672
2023-10-20,183.58999633789062,76.09699249267578,42.22420883178711,31.22156524658203,80.85200500488281,63.71934127807617,123.85226440429688
2023-10-23,182.97000122070312,77.01116943359375,41.54121017456055,31.027645111083984,80.9457015991211,63.59620666503906,123.07855224609375
2023-10-24,182.9499969482422,78.02593231201172,40.95645523071289,31.2409610748291,81.50299835205078,64.13611602783203,123.45574951171875
2023-10-25,183.72000122070312,76.28897857666016,40.88160705566406,31.124601364135742,80.54131317138672,64.35397338867188,122.35319519042969
2023-10-26,184.00999450683594,77.45915222167969,40.56349563598633,31.056732177734375,79.00257873535156,63.937198638916016,121.14427185058594
2023-10-27,186.14999389648438,77.13003540039062,39.59046173095703,30.49435806274414,79.46123504638672,63.06576156616211,119.09391784667969
2023-10-30,185.10000610351562,76.78263854980469,39.72144317626953,31.037338256835938,80.31444549560547,64.0508804321289,119.76126861572266
2023-10-31,184.08999633789062,76.4078140258789,39.85243225097656,31.376705169677734,80.88652801513672,64.2781982421875,120.44792175292969
2023-11-01,183.50999450683594,78.06452941894531,39.75886917114258,31.580326080322266,82.44990539550781,64.2118911743164,120.69937896728516
2023-11-02,184.1199951171875,79.8441390991211,40.96112823486328,32.32692337036133,83.84561157226562,65.04544067382812,122.61431884765625
2023-11-03,184.7899932861328,80.3853530883789,40.549461364746094,32.7535514831543,84.70867156982422,65.12123107910156,123.22362518310547
2023-11-06,183.35000610351562,79.60562133789062,40.091007232666016,32.65659713745117,85.2659683227539,65.22541809082031,124.04568481445312
2023-11-07,182.58999633789062,80.77979278564453,39.202171325683594,32.608116149902344,86.19808197021484,65.38644409179688,124.13274383544922
2023-11-08,180.77000427246094,82.15577697753906,38.71098709106445,32.64689254760742,86.68631744384766,65.13070678710938,123.95864868164062
2023-11-09,181.49000549316406,80.26610565185547,38.59403610229492,32.51115036010742,86.28191375732422,64.865478515625,121.39571380615234
2023-11-10,179.50999450683594,80.71558380126953,39.01974105834961,32.879608154296875,88.53575897216797,65.32014465332031,122.1210708618164
2023-11-13,180.50999450683594,80.53211975097656,39.30042266845703,32.83113098144531,88.01791381835938,65.52853393554688,122.82709503173828
2023-11-14,182.1199951171875,82.35761260986328,39.65127182006836,33.45167922973633,89.778564453125,66.2010498046875,123.6588363647461
2023-11-15,181.63999938964844,81.2017822265625,39.57642364501953,33.63590621948242,89.89201354980469,66.73149871826172,123.75555419921875
2023-11-16,183.69000244140625,82.21083068847656,38.80454635620117,33.77165603637695,90.34078979492188,65.90741729736328,124.2874755859375
2023-11-17,183.6699981689453,82.59610748291016,39.618526458740234,33.94618225097656,90.15339660644531,65.8221664428711,124.03601837158203
2023-11-20,183.3699951171875,83.10062408447266,39.67466735839844,34.081932067871094,91.46031188964844,65.77479553222656,124.79039764404297
2023-11-21,185.35000610351562,83.06394958496094,39.585777282714844,34.062538146972656,90.7205581665039,65.97372436523438,125.54476928710938
2023-11-22,184.55999755859375,83.35748291015625,39.56707000732422,34.19828414916992,91.12495422363281,66.44733428955078,126.14440155029297
2023-11-24,185.52000427246094,82.37596130371094,39.73080062866211,34.30493927001953,90.94739532470703,66.69361114501953,126.82139587402344
2023-11-27,186.77000427246094,83.7519302368164,39.59046173095703,34.18858337402344,90.94247436523438,66.50416564941406,126.02832794189453
2023-11-28,189.25999450683594,83.91706085205078,39.59981918334961,34.17888641357422,91.11509704589844,66.8072738647461,125.3803482055664
2023-11-29,189.5399932861328,84.97200012207031,39.30509567260742,34.421295166015625,91.18412780761719,66.2673568725586,125.41901397705078
2023-11-30,188.75,83.99044799804688,39.56707000732422,34.809139251708984,91.31729125976562,66.93041229248047,126.99549102783203
2023-12-01,192.00999450683594,85.57232666015625,39.77289962768555,35.0709342956543,91.52442932128906,67.20510864257812,127.49840545654297
2023-12-04,187.86000061035156,85.23181915283203,39.59046173095703,35.03215026855469,90.40985107421875,67.29035949707031,127.74017333984375
2023-12-05,187.14999389648438,87.0631103515625,38.898109436035156,34.85762023925781,90.95233154296875,66.75990295410156,127.57576751708984
2023-12-06,187.83999633789062,88.22257995605469,38.318031311035156,34.68308639526367,90.18297576904297,66.58940887451172,127.6724853515625
2023-12-07,188.14999389648438,87.71646881103516,38.05604934692383,34.84791946411133,91.27783966064453,66.87357330322266,127.51774597167969
2023-12-08,185.63999938964844,86.99867248535156,38.46772384643555,35.03215026855469,92.05706787109375,66.40943908691406,127.73050689697266
2023-12-11,183.58999633789062,86.81464385986328,38.51451110839844,35.24546432495117,92.8609390258789,67.0440673828125,128.57192993164062
2023-12-12,183.49000549316406,87.07230377197266,37.98588180541992,35.49756622314453,93.4774169921875,67.26194763183594,129.12319946289062
2023-12-13,187.6300048828125,89.11520385742188,38.51451110839844,36.069637298583984,94.30103302001953,68.4838638305664,131.50238037109375
2023-12-14,188.72999572753906,91.433349609375,39.64659118652344,36.42839050292969,94.06924438476562,67.47979736328125,130.86402893066406
2023-12-15,187.0,91.53491973876953,39.43608093261719,36.2150764465332,94.5427017211914,67.47979736328125,129.75184631347656
2023-12-18,187.85000610351562,90.80558776855469,39.75818634033203,36.33591079711914,94.82543182373047,68.18224334716797,129.963623046875
2023-12-19,189.1300048828125,91.29489135742188,40.23521423339844,36.60874557495117,95.18624114990234,68.31584930419922,130.83792114257812
2023-12-20,188.10000610351562,91.91342163085938,39.862098693847656,35.95588684082031,93.7479019165039,66.98924255371094,128.94358825683594
2023-12-21,189.42999267578125,91.33181762695312,40.01795959472656,36.306671142578125,94.80070495605469,67.45689392089844,130.51734924316406
2023-12-22,190.27000427246094,90.91636657714844,40.13602828979492,36.38462829589844,94.92427062988281,67.9722671508789,131.16824340820312
2023-12-26,191.72000122070312,91.17485809326172,40.480804443359375,36.530792236328125,95.31969451904297,68.25859069824219,131.45968627929688
2023-12-27,192.58999633789062,92.79045104980469,40.301334381103516,36.64771270751953,95.31475067138672,68.57353973388672,132.013427734375
2023-12-28,191.47000122070312,92.11653137207031,39.68734359741211,36.75490951538086,95.42842102050781,68.60216522216797,132.35345458984375
2023-12-29,191.1699981689453,91.28564453125,39.59761047363281,36.63797378540039,95.13680267333984,68.74533081054688,132.48944091796875
2024-01-02,190.72000122070312,90.75942993164062,40.022674560546875,36.79387664794922,92.64569091796875,69.51838684082031,134.8209686279297
2024-01-03,189.1300048828125,91.13794708251953,40.67445755004883,36.4820671081543,91.7016372680664,68.97437286376953,134.59756469726562
2024-01-04,189.32000732421875,89.75312805175781,39.96128463745117,36.628231048583984,91.02943420410156,68.87895202636719,135.2678680419922
2024-01-05,189.35000610351562,88.8945541381836,39.99433898925781,36.78413772583008,91.00471496582031,68.72624206542969,135.15127563476562
2024-01-08,187.8699951171875,89.77161407470703,39.5314826965332,37.01799392700195,93.28823852539062,69.2320785522461,136.34619140625
2024-01-09,187.92999267578125,89.19923400878906,38.89860916137695,36.78413772583008,93.43651580810547,69.41341400146484,136.32675170898438
2024-01-10,187.5,88.78379821777344,38.51603698730469,36.84260177612305,94.23229217529297,69.27025604248047,136.94850158691406
2024-01-11,187.8699951171875,89.28229522705078,38.615230560302734,36.70618438720703,94.71173095703125,69.26069641113281,136.851318359375
2024-01-12,189.7100067138672,89.10689544677734,39.049739837646484,36.63797378540039,95.0181884765625,69.48023223876953,136.51133728027344
2024-01-16,187.91000366210938,87.53748321533203,38.11930847167969,36.38462829589844,95.25543975830078,69.09845733642578,135.6953125
2024-01-17,185.83999633789062,87.39899444580078,37.80287170410156,36.3164176940918,94.78587341308594,69.05072784423828,135.42327880859375
2024-01-18,187.3699951171875,86.5865707397461,37.74147033691406,36.3748893737793,96.70858764648438,68.96484375,135.40386962890625
2024-01-19,187.92999267578125,86.86353302001953,37.8642692565918,36.959529876708984,98.93772888183594,68.76441192626953,135.48158264160156
2024-01-22,187.22000122070312,87.38053131103516,38.00596237182617,37.13492965698242,99.37268829345703,68.43037414550781,136.0741729736328
2024-01-23,187.9499969482422,86.68812561035156,38.08625030517578,37.19338607788086,99.77305603027344,69.17481231689453,135.97703552246094
2024-01-24,186.39999389648438,86.18036651611328,38.62939453125,37.33955001831055,100.46007537841797,68.32539367675781,134.73355102539062
2024-01-25,187.13999938964844,86.74353790283203,39.4984245300293,37.52468490600586,100.88021850585938,68.98393249511719,134.52951049804688
2024-01-26,187.00999450683594,86.57735443115234,39.79125213623047,37.661109924316406,99.71867370605469,69.31796264648438,135.2969970703125
2024-01-29,188.3300018310547,87.57440185546875,39.73457717895508,37.758548736572266,100.63308715820312,69.71882629394531,136.24903869628906
2024-01-30,188.58999633789062,88.36836242675781,40.145477294921875,38.23601531982422,99.8027114868164,70.110107421875,136.55992126464844
2024-01-31,188.4499969482422,89.2361831665039,39.39452362060547,37.76829147338867,97.70700073242188,69.59474182128906,136.3753662109375
2024-02-01,190.41000366210938,90.98661041259766,39.389793395996094,37.826759338378906,98.93772888183594,71.01680755615234,138.14340209960938
2024-02-02,188.61000061035156,88.97683715820312,39.44647216796875,37.982666015625,99.96086883544922,70.78773498535156,137.93939208984375
2024-02-05,187.57000732421875,87.1800765991211,39.3472900390625,37.758548736572266,100.188232421875,70.34870910644531,138.36685180664062
2024-02-06,188.5500030517578,88.03215026855469,39.47481155395508,37.83650207519531,99.72856903076172,70.51095581054688,139.87265014648438
2024-02-07,188.5,87.60610961914062,39.55510711669922,38.11907958984375,101.04825592041016,70.44416046142578,140.2515106201172
2024-02-08,188.3300018310547,87.0967025756836,39.96128463745117,37.972923278808594,101.36459350585938,70.42507934570312,140.0086212158203
2024-02-09,187.60000610351562,86.92073059082031,39.3472900390625,38.08010482788086,102.72877502441406,69.77607727050781,139.9017791748047
2024-02-12,187.11000061035156,87.02263641357422,39.781803131103516,38.25550079345703,101.94782257080078,70.2723617553711,140.08633422851562
2024-02-13,184.52999877929688,85.53147888183594,39.38034439086914,37.73906326293945,100.21788787841797,69.51838684082031,138.78460693359375
2024-02-14,184.4199981689453,85.96678924560547,39.34257507324219,38.09959411621094,101.26573181152344,69.384765625,139.9892120361328
2024-02-15,185.66000366210938,86.41136932373047,40.438297271728516,38.7524528503418,101.05318450927734,69.83333587646484,141.0092315673828
2024-02-16,186.33999633789062,85.91122436523438,40.4146842956543,38.61603546142578,100.12398529052734,69.93831634521484,141.46583557128906
2024-02-20,187.47000122070312,85.98529815673828,40.046295166015625,38.50885009765625,99.10579681396484,70.6732177734375,140.98983764648438
2024-02-21,187.47999572753906,85.37403869628906,40.797245025634766,38.62577819824219,98.48299407958984,70.93090057373047,141.3007049560547
2024-02-22,187.55999755859375,85.79083251953125,40.86809539794922,39.07400894165039,101.70564270019531,71.1504135131836,142.96192932128906
2024-02-23,188.6199951171875,86.93926239013672,40.598880767822266,39.268890380859375,101.46839141845703,71.36991882324219,143.64195251464844
2024-02-26,188.1999969482422,86.679931640625,40.740577697753906,39.07400894165039,101.5672378540039,71.08361053466797,142.9036407470703
2024-02-27,188.0,86.06866455078125,40.56581497192383,39.18119430541992,101.65621185302734,71.09314727783203,142.5539093017578
2024-02-28,188.33999633789062,86.6151123046875,40.485530853271484,39.32736587524414,101.17676544189453,71.16950988769531,141.8447265625
2024-02-29,189.30999755859375,87.22637176513672,40.68389892578125,39.30786895751953,102.30369567871094,71.05496978759766,140.6886749267578
2024-03-01,192.88999938964844,87.76988983154297,41.15619659423828,39.259151458740234,104.17203521728516,71.06452178955078,142.16529846191406
2024-03-04,196.00999450683594,87.41680908203125,40.71696090698242,39.356590270996094,104.17203521728516,71.12178802490234,141.95156860351562
2024-03-05,197.19000244140625,88.66178894042969,41.019229888916016,39.3663330078125,101.61172485351562,71.29356384277344,140.89268493652344
2024-03-06,198.80999755859375,89.18207550048828,41.146751403808594,39.570960998535156,102.41738891601562,71.89483642578125,141.8544464111328
2024-03-07,199.94000244140625,89.09846496582031,41.496253967285156,39.51249694824219,104.03364562988281,72.30523681640625,142.5150604248047
2024-03-08,201.6300048828125,88.94050598144531,41.642662048339844,39.58070373535156,102.48658752441406,71.73260498046875,142.25274658203125
2024-03-11,202.0,88.89405822753906,42.07245635986328,39.64891052246094,102.2048568725586,72.12390899658203,142.175048828125
2024-03-12,199.7899932861328,88.15081787109375,42.0063362121582,39.81456756591797,104.30055236816406,72.49610900878906,142.8356170654297
2024-03-13,201.19000244140625,87.72341918945312,42.677005767822266,40.10689163208008,103.17362213134766,72.67744445800781,142.2819061279297
2024-03-14,200.35000610351562,86.37627410888672,43.116241455078125,39.785335540771484,103.19336700439453,72.11434936523438,141.7767333984375
2024-03-15,199.7100067138672,86.34840393066406,43.24375915527344,39.74635696411133,101.63644409179688,72.08572387695312,141.21327209472656
2024-03-18,200.02999877929688,86.08826446533203,43.39326477050781,39.97425079345703,102.135986328125,72.54913330078125,141.19668579101562
2024-03-19,199.8000030517578,86.32979583740234,43.88842010498047,40.16986846923828,102.66572570800781,72.8183364868164,142.13267517089844
2024-03-20,202.17999267578125,86.30193328857422,43.826534271240234,40.64912414550781,103.8143081665039,73.0394515991211,141.81092834472656
2024-03-21,201.97000122070312,86.48773956298828,44.08839416503906,40.98167037963867,103.88858032226562,73.07792663574219,141.99618530273438
2024-03-22,200.35000610351562,87.31465148925781,43.9931640625,40.51219177246094,103.92324829101562,72.72219848632812,141.80117797851562
2024-03-25,200.99000549316406,86.87798309326172,44.402626037597656,40.35569763183594,103.23507690429688,72.52029418945312,141.60618591308594
2024-03-26,201.63999938964844,87.1195297241211,44.05982208251953,40.492637634277344,102.80929565429688,72.55874633789062,142.12294006347656
2024-03-27,203.10000610351562,87.98356628417969,44.46928787231445,40.971893310546875,103.33409118652344,73.31826782226562,144.01438903808594
2024-03-28,205.72000122070312,87.90924835205078,44.95016860961914,41.19684982299805,103.11129760742188,73.41442108154297,144.0338897705078
2024-04-01,207.82000732421875,86.27053833007812,45.283447265625,40.971893310546875,103.39845275878906,72.82794189453125,142.80540466308594
2024-04-02,210.88999938964844,85.79512023925781,45.91667556762695,40.756710052490234,102.40332794189453,72.45298767089844,140.5824432373047
2024-04-03,212.74000549316406,85.77648162841797,46.23091506958008,40.73715591430664,102.67562866210938,71.65501403808594,140.42645263671875
2024-04-04,211.52000427246094,86.39171600341797,46.20234680175781,40.27745819091797,101.05175018310547,71.34733581542969,138.3985137939453
2024-04-05,215.13999938964844,85.18922424316406,46.697509765625,40.65890884399414,102.21024322509766,71.46272277832031,139.63671875
2024-04-08,216.47999572753906,85.17991638183594,46.402320861816406,40.834964752197266,102.0914306640625,71.35697174072266,139.18821716308594
2024-04-09,217.6699981689453,85.97222137451172,46.416595458984375,40.6002197265625,102.6063232421875,71.70307922363281,139.6854705810547
2024-04-10,215.61000061035156,84.09861755371094,46.55944061279297,39.99380874633789,101.34880828857422,71.4434814453125,138.04750061035156
2024-04-11,219.8000030517578,83.71642303466797,46.52610778808594,39.71016311645508,103.37369537353516,71.27043151855469,137.48202514648438
2024-04-12,216.88999938964844,84.16387176513672,45.76908493041992,39.182003021240234,101.70030975341797,70.54936981201172,135.43455505371094
2024-04-15,220.9499969482422,82.85885620117188,45.340579986572266,38.986385345458984,99.76947784423828,70.26094818115234,135.16156005859375
2024-04-16,221.22000122070312,82.30886840820312,44.945404052734375,38.72230529785156,99.88829803466797,70.28978729248047,135.21031188964844
2024-04-17,219.58999633789062,83.22238159179688,44.81684875488281,38.82011413574219,98.44760131835938,70.54936981201172,134.97633361816406
2024-04-18,220.33999633789062,82.80293273925781,44.67877197265625,38.95704650878906,97.3237533569336,70.87625122070312,134.96656799316406
2024-04-19,221.02999877929688,83.1012191772461,45.21678924560547,39.49498748779297,95.31865692138672,71.5684814453125,135.4735565185547
2024-04-22,215.57000732421875,82.96138763427734,45.51197814941406,39.97425079345703,96.17021179199219,72.2510986328125,135.9903106689453
2024-04-23,215.0399932861328,82.98934936523438,45.76432418823242,40.22855758666992,97.59605407714844,72.45298767089844,137.76475524902344
2024-04-24,214.63999938964844,82.40208435058594,45.79764938354492,40.21876907348633,98.04163360595703,73.0009994506836,137.3357696533203
2024-04-25,215.9199981689453,81.82417297363281,46.007137298583984,39.98402786254883,97.82874298095703,72.82794189453125,136.41928100585938
2024-04-26,216.6199951171875,82.25294494628906,45.58339309692383,39.92534255981445,98.93278503417969,72.67411041259766,136.45828247070312
2024-04-29,216.17999267578125,82.94275665283203,45.89287567138672,39.86665344238281,99.35855102539062,72.90485382080078,136.91651916503906
2024-04-30,211.8699951171875,82.23432159423828,44.52641677856445,39.475425720214844,97.17028045654297,72.58759307861328,136.8190155029297
2024-05-01,213.7899932861328,82.84046173095703,43.8170051574707,39.475425720214844,96.1751708984375,72.1260986328125,137.06277465820312
2024-05-02,213.1300048828125,83.19593811035156,44.0693473815918,39.57323455810547,97.56139373779297,72.73180389404297,136.96527099609375
2024-05-03,212.9600067138672,84.03778839111328,44.0741081237793,39.661258697509766,100.27941131591797,72.95293426513672,137.30653381347656
2024-05-06,215.1999969482422,84.36518859863281,44.42168045043945,40.16986846923828,101.45771026611328,72.99138641357422,137.86224365234375
2024-05-07,214.2100067138672,84.87965393066406,44.378822326660156,40.306793212890625,101.1259994506836,73.78936767578125,139.00299072265625
2024-05-08,213.5800018310547,84.36518859863281,44.32645034790039,40.45351028442383,101.41316223144531,73.5682373046875,138.52525329589844
2024-05-09,216.9499969482422,84.77677917480469,44.921592712402344,40.756710052490234,101.38345336914062,74.20277404785156,139.71473693847656
2024-05-10,218.7100067138672,84.29971313476562,44.674015045166016,40.913211822509766,101.75971984863281,74.62580871582031,139.99746704101562
2024-05-13,216.25999450683594,84.51486206054688,44.55498123168945,40.7469367980957,102.23994445800781,74.41429901123047,139.86097717285156
2024-05-14,218.08999633789062,84.99193572998047,44.612117767333984,40.952335357666016,103.14595031738281,74.27008819580078,140.4556884765625
2024-05-15,220.88999938964844,86.15182495117188,44.71210479736328,41.25553512573242,105.46790313720703,74.31815338134766,142.5421905517578
2024-05-16,220.02999877929688,86.0676498413086,44.588314056396484,41.25553512573242,105.10153198242188,75.375732421875,142.3764190673828
2024-05-17,223.66000366210938,85.48768615722656,45.21202850341797,41.55874252319336,104.86885833740234,75.19304656982422,142.6494140625
2024-05-20,224.55999755859375,85.2351303100586,44.91683578491211,40.991455078125,106.10161590576172,74.67388916015625,142.34718322753906
2024-05-21,224.22999572753906,85.67477416992188,44.69782257080078,41.25553512573242,106.27489471435547,75.11614227294922,142.59091186523438
2024-05-22,220.11000061035156,85.77765655517578,43.8408088684082,41.02079391479492,106.51252746582031,74.8180923461914,142.84442138671875
2024-05-23,215.72000122070312,85.22576904296875,43.44087219238281,40.45351028442383,105.64612579345703,73.93357849121094,141.28445434570312
2024-05-24,215.9199981689453,85.47834777832031,43.502769470214844,40.69803237915039,106.53728485107422,74.12586975097656,140.8066864013672
2024-05-28,218.19000244140625,84.2529525756836,43.950313568115234,40.24811553955078,106.9878158569336,73.54901123046875,139.10049438476562
2024-05-29,216.16000366210938,83.23334503173828,43.17424774169922,39.92534255981445,106.30953979492188,73.02022552490234,138.01824951171875
2024-05-30,216.57000732421875,84.03778839111328,43.29804229736328,40.140525817871094,103.88362121582031,73.21251678466797,138.08651733398438
2024-05-31,215.3000030517578,84.60841369628906,44.37405776977539,40.72737503051758,104.04700469970703,74.35659790039062,140.10470581054688
2024-06-03,217.22000122070312,85.97689056396484,43.21234130859375,40.47307205200195,104.30941009521484,74.3277587890625,141.08944702148438
2024-06-04,215.27000427246094,86.98121643066406,42.79811477661133,40.287235260009766,104.5272445678711,74.971923828125,141.49893188476562
2024-06-05,217.82000732421875,87.61946868896484,42.79335403442383,40.404605865478516,106.84918975830078,74.80847930908203,142.14244079589844
2024-06-06,219.42999267578125,87.48807525634766,43.017127990722656,40.38504409790039,106.49273681640625,75.03921508789062,142.61041259765625
2024-06-07,211.60000610351562,85.8830337524414,42.845726013183594,40.57087707519531,106.74027252197266,74.66426849365234,142.7664031982422
2024-06-10,213.5399932861328,85.31048583984375,43.169490814208984,40.41438674926758,107.01255798339844,74.60657501220703,143.29290771484375
2024-06-11,214.14999389648438,86.19278717041016,43.08378601074219,39.954689025878906,109.0028076171875,74.56813049316406,142.6981658935547
2024-06-12,214.72000122070312,86.8404312133789,42.6219482421875,39.915565490722656,111.41387176513672,73.75091552734375,142.3959197998047
2024-06-13,212.97000122070312,88.116943359375,42.23154067993164,39.8862190246582,112.29512786865234,73.84706115722656,142.27891540527344
2024-06-14,215.72999572753906,88.85843658447266,41.91730499267578,39.75906753540039,112.71593475341797,73.98165893554688,142.23016357421875
2024-06-17,214.61000061035156,87.97614288330078,42.02680969238281,40.11117935180664,114.42398834228516,74.6834945678711,142.08392333984375
2024-06-18,215.47000122070312,88.78334045410156,42.202972412109375,40.365482330322266,114.56755828857422,74.77963256835938,142.26918029785156
2024-06-20,218.16000366210938,88.1920166015625,42.979034423828125,40.58066177368164,113.28034210205078,74.6161880493164,142.73715209960938
2024-06-21,214.77999877929688,88.1920166015625,42.7314567565918,40.424163818359375,113.08230590820312,74.67388916015625,143.13690185546875
2024-06-24,215.6300048828125,88.54869842529297,43.808921813964844,40.839534759521484,110.30992126464844,75.47014617919922,143.97183227539062
2024-06-25,214.55999755859375,88.69889068603516,43.90970993041992,40.53512191772461,112.33340454101562,74.98579406738281,143.52159118652344
2024-06-26,212.5800018310547,87.43175506591797,43.477760314941406,40.27981948852539,112.20447540283203,74.830810546875,143.01260375976562
2024-06-27,214.99000549316406,87.77903747558594,43.57855987548828,40.2307243347168,112.25902557373047,74.51114654541016,142.77767944335938
2024-06-28,215.00999450683594,86.1458511352539,43.74653244018555,40.36819839477539,112.19950866699219,74.18179321289062,142.6602325439453
2024-07-01,215.57000732421875,84.6590576171875,43.77052688598633,40.456573486328125,113.0475845336914,73.65869903564453,141.8576202392578
2024-07-02,215.55999755859375,85.31819152832031,43.73693084716797,40.92791748046875,113.61297607421875,74.17210388183594,141.33885192871094
2024-07-03,217.99000549316406,86.43869018554688,43.92890930175781,40.800254821777344,115.14546966552734,74.04617309570312,140.26219177246094
2024-07-05,220.92999267578125,87.154296875,43.242591857910156,40.790435791015625,115.49760437011719,74.95673370361328,141.34864807128906
2024-07-08,218.19000244140625,87.34262084960938,42.9786262512207,40.68241882324219,116.28616333007812,74.84049987792969,141.19204711914062
2024-07-09,218.55999755859375,86.95655822753906,42.5994758605957,40.99665069580078,116.19194030761719,74.64675903320312,141.87721252441406
2024-07-10,219.36000061035156,87.2296371459961,42.88743591308594,41.15375900268555,117.87816619873047,74.97611236572266,143.21815490722656
2024-07-11,223.25,88.07706451416016,43.33378601074219,41.477806091308594,114.92725372314453,74.6951904296875,144.226318359375
2024-07-12,223.11000061035156,88.45370483398438,43.44416809082031,41.61528396606445,115.9538803100586,75.02454376220703,145.12681579589844
2024-07-15,223.8300018310547,87.43678283691406,44.1016845703125,42.224090576171875,116.16217803955078,74.58863830566406,144.6178436279297
2024-07-16,228.2899932861328,88.67028045654297,44.2984619140625,42.70524978637695,115.77532958984375,75.30545806884766,146.68310546875
2024-07-17,227.22999572753906,88.6891098022461,44.740013122558594,43.029296875,111.2720718383789,76.2741470336914,147.3486785888672
2024-07-18,225.77999877929688,88.01115417480469,44.821598052978516,42.50886154174805,111.28199768066406,75.8963623046875,144.00119018554688
2024-07-19,221.72999572753906,87.49327087402344,44.332061767578125,42.0767936706543,109.54119873046875,75.64449310302734,144.73529052734375
2024-07-22,221.8000030517578,87.23905181884766,44.05369186401367,42.312469482421875,112.1350326538086,75.69293975830078,145.56729125976562
2024-07-23,222.5800018310547,87.11662292480469,43.35298538208008,42.39102554321289,111.68867492675781,75.42170715332031,145.47918701171875
2024-07-24,221.8000030517578,86.17503356933594,43.3577766418457,41.81167221069336,107.06639862060547,75.35389709472656,146.69290161132812
2024-07-25,218.3300018310547,86.88123321533203,44.10649108886719,41.96878433227539,105.92074584960938,75.2667236328125,145.9587860107422
2024-07-26,220.6300048828125,87.55917358398438,44.245670318603516,42.62669372558594,107.26477813720703,76.03197479248047,146.78099060058594
2024-07-29,220.32000732421875,88.02996826171875,43.866512298583984,42.567771911621094,106.78866577148438,76.06102752685547,146.8690948486328
2024-07-30,222.52000427246094,88.36897277832031,44.548030853271484,43.05875015258789,104.10555267333984,75.54763793945312,146.99630737304688
2024-07-31,226.5500030517578,89.27288055419922,44.735206604003906,42.950740814208984,108.51457977294922,75.41201782226562,146.45799255371094
2024-08-01,225.77000427246094,90.04283905029297,43.54975509643555,42.34192657470703,104.46759033203125,76.1094741821289,147.95555114746094
2024-08-02,225.33999633789062,92.84872436523438,42.42669677734375,41.301055908203125,101.53155517578125,76.77787017822266,147.66192626953125
2024-08-05,222.47999572753906,93.33999633789062,41.49081802368164,40.103065490722656,98.1491470336914,75.2667236328125,143.71734619140625
2024-08-06,220.6999969482422,91.25212097167969,41.74518585205078,40.751155853271484,99.4832763671875,75.78980255126953,144.38291931152344
2024-08-07,220.5500030517578,90.60970306396484,41.91316223144531,40.800254821777344,97.87141418457031,75.86730194091797,142.9147186279297
2024-08-08,224.00999450683594,90.05229187011719,42.81544876098633,41.458168029785156,101.52659606933594,76.55506134033203,146.0762481689453
2024-08-09,224.55999755859375,90.94034576416016,42.91143798828125,41.634918212890625,101.98287200927734,76.67131042480469,146.80055236816406
2024-08-12,228.41000366210938,91.2710189819336,43.12261199951172,41.41888427734375,102.81607055664062,76.28382873535156,146.24266052246094
2024-08-13,228.05999755859375,91.90399169921875,42.70505905151367,41.7625732421875,105.97528839111328,76.63256072998047,148.0142822265625
2024-08-14,226.1999969482422,92.48028564453125,42.95463180541992,42.273189544677734,106.5555648803711,76.98128509521484,148.54281616210938
2024-08-15,226.91000366210938,91.73393249511719,43.468162536621094,42.66597366333008,109.62055206298828,77.7756118774414,149.4727020263672
2024-08-16,231.99000549316406,92.05513763427734,43.42017364501953,42.98019790649414,109.80404663085938,77.98872375488281,149.62930297851562
2024-08-19,231.61000061035156,92.48028564453125,43.71293640136719,43.21586227416992,111.61428833007812,78.25025939941406,150.53958129882812
2024-08-20,232.4600067138672,93.21715545654297,42.56107711791992,43.078392028808594,111.22248077392578,78.63774108886719,151.1464385986328
2024-08-21,232.14999389648438,93.27387237548828,42.63307189941406,43.0096549987793,111.87714385986328,79.1705093383789,151.4009246826172
2024-08-22,229.3699951171875,92.34799194335938,42.74345779418945,43.25514602661133,109.30313873291016,79.05426788330078,151.49880981445312
2024-08-23,232.02000427246094,92.95264434814453,43.38177490234375,43.628292083740234,111.07369995117188,79.27706146240234,152.15460205078125
2024-08-26,232.75999450683594,92.71646881103516,43.77052688598633,43.76576232910156,109.68006134033203,79.83889770507812,152.0762939453125
2024-08-27,233.38999938964844,92.55585479736328,43.362579345703125,43.99161148071289,110.34465026855469,80.03264617919922,152.31121826171875
2024-08-28,231.75,92.44247436523438,43.08421325683594,44.09962463378906,108.82206726074219,79.69359588623047,152.48739624023438
2024-08-29,232.9499969482422,92.14018249511719,43.64574432373047,44.492408752441406,107.84008026123047,79.29644012451172,152.81039428710938
2024-08-30,231.2899932861328,91.15764617919922,43.808921813964844,44.91465377807617,109.27338409423828,79.92607879638672,153.86749267578125
2024-09-03,230.2899932861328,92.6485366821289,42.719459533691406,44.580787658691406,104.25434875488281,80.48790740966797,153.57386779785156
2024-09-04,230.42999267578125,93.84278106689453,42.12913131713867,44.629886627197266,103.98652648925781,80.86570739746094,153.30960083007812
2024-09-05,232.35000610351562,94.37355041503906,41.80277633666992,44.13890838623047,103.82781982421875,80.55572509765625,151.2051544189453
2024-09-06,230.6300048828125,94.36408996582031,41.279640197753906,43.490814208984375,101.13479614257812,80.39105224609375,150.68638610839844
2024-09-09,231.60000610351562,94.77163696289062,41.57720184326172,44.13890838623047,102.79126739501953,81.01101684570312,151.74349975585938
2024-09-10,232.6199951171875,95.43512725830078,40.862091064453125,43.68720626831055,104.32872009277344,80.99163055419922,152.43844604492188
2024-09-11,232.25,95.35928344726562,40.482940673828125,43.480995178222656,107.88967895507812,80.23606872558594,151.98818969726562
2024-09-12,236.3300018310547,94.91383361816406,40.847694396972656,43.57919692993164,108.78239440917969,80.73008728027344,152.5363311767578
2024-09-13,238.67999267578125,95.16973114013672,41.078067779541016,43.70684051513672,109.32794952392578,81.3016128540039,152.8495635986328
2024-09-16,238.66000366210938,96.04171752929688,41.54840850830078,44.2763786315918,108.91133880615234,81.62128448486328,153.9066619873047
2024-09-17,237.33999633789062,95.57728576660156,42.10993576049805,44.51205062866211,108.69807434082031,80.8463363647461,152.3209991455078
2024-09-18,235.50999450683594,94.39250946044922,42.1915283203125,44.374568939208984,107.70616149902344,80.5363540649414,152.06651306152344
2024-09-19,239.1699981689453,94.07976531982422,42.695465087890625,44.86555099487305,110.90506744384766,80.06169891357422,152.61463928222656
2024-09-20,242.2100067138672,93.71955871582031,42.5994758605957,44.83609390258789,110.3644790649414,80.44918823242188,151.98818969726562
2024-09-23,242.67999267578125,93.52051544189453,43.125484466552734,44.78188705444336,110.34410858154297,80.91563415527344,151.69052124023438
2024-09-24,246.07000732421875,93.50157928466797,43.01902389526367,44.40739822387695,111.09931182861328,80.72087860107422,151.38595581054688
2024-09-25,245.72999572753906,92.72437286376953,42.17702865600586,44.14130401611328,111.41729736328125,80.51637268066406,149.9122772216797
2024-09-26,246.97999572753906,92.94236755371094,41.349552154541016,44.36797332763672,112.8929214477539,80.7013931274414,150.41334533691406
2024-09-27,245.02000427246094,93.4257583618164,42.19154739379883,44.496089935302734,111.83961486816406,80.84746551513672,150.33474731445312
2024-09-30,243.05999755859375,92.98027038574219,42.48672866821289,44.66362380981445,112.16751861572266,80.82798767089844,151.3172149658203
2024-10-01,245.61000061035156,93.6515884399414,43.45453643798828,44.42710494995117,109.43488311767578,80.55531311035156,150.52142333984375
2024-10-02,245.66000366210938,92.86237335205078,43.89972686767578,44.476383209228516,110.24474334716797,79.8736343383789,150.21682739257812
2024-10-03,245.49000549316406,91.98757934570312,44.673973083496094,44.2398567199707,110.70184326171875,79.07508850097656,148.86106872558594
2024-10-04,245.0,90.85603332519531,45.090126037597656,44.98884582519531,111.93400573730469,79.3380355834961,148.9789581298828
2024-10-07,244.1699981689453,90.17139434814453,45.249820709228516,44.43695831298828,111.16390228271484,78.54923248291016,148.32070922851562
2024-10-08,242.3699951171875,90.32353210449219,44.069091796875,44.69319152832031,113.24071502685547,78.93875885009766,149.12632751464844
2024-10-09,241.0500030517578,89.81005859375,44.33523941040039,45.107112884521484,114.50765991210938,79.41594696044922,150.6491241455078
2024-10-10,242.82000732421875,89.45824432373047,44.63526153564453,44.96913528442383,114.47785186767578,79.06536102294922,150.08914184570312
2024-10-11,245.47000122070312,89.09690856933594,44.91107940673828,45.836395263671875,114.67658996582031,79.50357818603516,151.18946838378906
2024-10-14,245.07000732421875,89.16348266601562,44.891727447509766,46.1221923828125,116.1720962524414,79.824951171875,152.02456665039062
2024-10-15,245.9199981689453,90.24746704101562,43.444854736328125,46.220741271972656,113.6183090209961,80.33133697509766,150.16773986816406
2024-10-16,247.14999389648438,90.6278076171875,43.65293502807617,46.79234313964844,113.97107696533203,80.27291107177734,150.59017944335938
2024-10-17,248.6300048828125,89.1920166015625,43.86101531982422,46.92045974731445,114.31886291503906,79.91259002685547,149.71578979492188
2024-10-18,251.27000427246094,89.2585678100586,43.715843200683594,46.93031311035156,114.72628021240234,80.08787536621094,150.44281005859375
2024-10-21,251.22000122070312,87.69914245605469,43.58518600463867,46.555824279785156,115.26287078857422,79.41594696044922,148.67440795898438
2024-10-22,253.92999267578125,87.78470611572266,43.68680953979492,46.467124938964844,115.14362335205078,79.86390686035156,148.45826721191406
2024-10-23,250.8699951171875,87.54700469970703,43.459373474121094,46.42770767211914,113.49410247802734,79.70809173583984,147.76072692871094
2024-10-24,252.8000030517578,88.1080093383789,43.45453643798828,46.467124938964844,113.82699584960938,79.60095977783203,146.78810119628906
2024-10-25,253.32000732421875,87.61353302001953,43.44001388549805,45.954654693603516,114.41822814941406,78.93875885009766,145.9824676513672
2024-10-28,253.3300018310547,87.37582397460938,43.16419219970703,46.52625274658203,114.38345336914062,79.0848388671875,146.1986083984375
2024-10-29,256.0899963378906,87.50894927978516,42.506080627441406,46.24045181274414,115.92366790771484,78.30577087402344,145.79580688476562
2024-10-30,257.5,87.76568603515625,42.602867126464844,46.44741439819336,114.08038330078125,78.17916870117188,145.52072143554688
2024-10-31,253.50999450683594,87.90830993652344,42.86901092529297,45.80682373046875,110.41864776611328,78.02336120605469,144.29266357421875
2024-11-01,252.47000122070312,86.6689682006836,42.59803009033203,45.96451187133789,111.24836730957031,78.05257415771484,145.14739990234375
2024-11-04,252.8300018310547,88.01421356201172,43.343238830566406,45.609718322753906,111.16390228271484,78.2668228149414,144.19442749023438
2024-11-05,253.39999389648438,88.48172760009766,43.633575439453125,46.03349685668945,112.72896575927734,78.76346588134766,145.25547790527344
2024-11-06,245.6999969482422,86.05836486816406,45.274009704589844,48.83236312866211,115.93858337402344,77.47801208496094,145.442138671875
2024-11-07,249.64999389648438,87.13648986816406,45.0659294128418,48.043949127197266,117.96073150634766,77.76042175292969,146.49334716796875
2024-11-08,247.9600067138672,88.24320220947266,45.3659553527832,48.477577209472656,117.83155822753906,78.70503997802734,147.54457092285156
2024-11-11,242.13999938964844,87.81387329101562,45.62242126464844,49.16743850708008,117.1806869506836,78.43238067626953,146.68002319335938
2024-11-12,240.0500030517578,86.49724578857422,45.38047409057617,49.019615173339844,117.32974243164062,78.52000427246094,144.6365203857422
2024-11-13,237.6300048828125,85.67671966552734,45.73372268676758,49.04917907714844,116.92232513427734,78.75373840332031,144.2533721923828
2024-11-14,237.00999450683594,86.17283630371094,45.907928466796875,48.92105484008789,116.52485656738281,78.55896759033203,141.98391723632812
2024-11-15,236.58999633789062,85.9438705444336,45.840179443359375,49.14773178100586,113.63322448730469,77.86753845214844,139.35093688964844
2024-11-18,241.08999633789062,86.09650421142578,46.449893951416016,49.29555892944336,114.00088500976562,78.41288757324219,139.4491729736328
2024-11-19,243.25,86.53539276123047,46.15471649169922,48.970333099365234,114.93495178222656,78.52000427246094,138.73199462890625
2024-11-20,244.6199951171875,86.25871276855469,46.619258880615234,48.822509765625,114.83558654785156,78.12074279785156,140.3726806640625
2024-11-21,246.66000366210938,86.19192504882812,46.9967041015625,49.443382263183594,116.00316619873047,78.96797180175781,141.50250244140625
2024-11-22,249.83999633789062,86.2396240234375,47.06929397583008,49.995269775390625,116.06278991699219,79.69834899902344,141.63023376464844
2024-11-25,242.47999572753906,88.47218322753906,46.14019775390625,50.320491790771484,116.05781555175781,80.13658142089844,142.83863830566406
2024-11-26,242.9499969482422,88.12870788574219,46.077293395996094,50.41904830932617,116.63912200927734,80.4676742553711,143.60494995117188
2024-11-27,243.49000549316406,88.73933410644531,46.028900146484375,50.51759338378906,115.05915832519531,80.63323211669922,144.3712615966797
2024-11-29,245.58999633789062,89.65525817871094,46.227298736572266,50.596439361572266,116.12738037109375,81.042236328125,144.82318115234375
2024-12-02,243.44000244140625,89.87067413330078,45.738555908203125,50.09383010864258,117.2303695678711,80.94486236572266,144.5677490234375
2024-12-03,243.92999267578125,89.09517669677734,45.73372268676758,49.719329833984375,117.6526870727539,80.52610778808594,144.24354553222656
2024-12-04,244.6699981689453,90.05256652832031,44.63042068481445,49.532081604003906,119.80402374267578,80.30213165283203,144.16494750976562
2024-12-05,242.86000061035156,90.2344741821289,44.804622650146484,49.679908752441406,119.1978759765625,80.62348937988281,142.55372619628906
2024-12-06,242.9499969482422,90.3685073852539,44.044898986816406,49.6700553894043,119.65994262695312,80.22420501708984,141.74810791015625
2024-12-09,245.36000061035156,89.53556823730469,43.972312927246094,48.990047454833984,118.87989807128906,80.09761810302734,142.16075134277344
2024-12-10,248.58999633789062,89.11432647705078,43.67229461669922,48.98019027709961,117.2303695678711,80.4774169921875,141.57125854492188
2024-12-11,250.9600067138672,88.27181243896484,43.744876861572266,49.07874298095703,118.92957305908203,79.86390686035156,139.6456756591797
2024-12-12,247.27999877929688,87.19952392578125,43.391624450683594,48.861934661865234,118.26380920410156,80.09761810302734,138.53549194335938
2024-12-13,244.2899932861328,86.30915069580078,43.17387390136719,48.822509765625,118.77059173583984,79.89311981201172,138.51585388183594
2024-12-16,244.8800048828125,86.56764221191406,42.22542190551758,48.73381423950195,119.95803833007812,79.47437286376953,136.86534118652344
2024-12-17,243.94000244140625,86.77828216552734,41.91088104248047,48.38888168334961,119.23265838623047,79.3380355834961,136.76710510253906
2024-12-18,239.25999450683594,85.69317626953125,40.67209243774414,46.94017028808594,115.3870849609375,78.13048553466797,134.9102783203125
2024-12-19,239.60000610351562,84.39567565917969,40.31884002685547,47.10770797729492,115.51129150390625,77.57540130615234,133.88848876953125
2024-12-20,242.10000610351562,84.87623596191406,40.71564483642578,47.80742263793945,117.23533630371094,77.84807586669922,135.57833862304688
2024-12-23,240.9600067138672,84.09771728515625,40.95474624633789,47.92223358154297,118.47749328613281,77.43791961669922,136.93234252929688
2024-12-24,241.44000244140625,84.45333099365234,41.30119705200195,48.48637390136719,119.70173645019531,77.94815063476562,137.49488830566406
2024-12-26,243.07000732421875,84.40528106689453,41.26704025268555,48.60513687133789,119.78135681152344,78.19346618652344,137.77122497558594
2024-12-27,241.39999389648438,83.71327209472656,41.26215744018555,48.24884033203125,118.18885040283203,77.810791015625,137.12973022460938
2024-12-30,240.6300048828125,84.38606262207031,41.25728225708008,47.783668518066406,116.68592834472656,76.89824676513672,135.44212341308594
2024-12-31,242.1300048828125,83.93433380126953,41.79892349243164,47.833160400390625,115.71549224853516,77.13373565673828,135.767822265625
